student_id,school,grade,task_id,task_name,script,label,json_path,raw_baseline_rmse_norm,raw_baseline_slope_mean,raw_baseline_slope_std,raw_rule_offset_mean,raw_rule_offset_std,raw_slant_mean_deg,raw_slant_circular_std_deg,raw_jerk_proxy,raw_tangent_variance_short_wavelength,raw_kappa_sign_changes_per_h,raw_tortuosity_median,raw_gap_mean,raw_gap_cv,raw_gap_fraction_below_0_3h,raw_gap_fraction_above_2h,raw_word_height_cv,raw_h_over_r,raw_word_width_per_char,raw_component_height_cv,raw_ascender_descender_ratio,raw_components_per_unit_width,raw_junctions_per_unit_width,raw_endpoints_per_unit_width,raw_words_written_ratio,raw_lines_used,repeat_0_fold,repeat_1_fold,repeat_2_fold,repeat_3_fold,repeat_4_fold,task_group,task_copy,task_dictated,task_own,z_raw_baseline_rmse_norm,z_raw_baseline_slope_mean,z_raw_baseline_slope_std,z_raw_rule_offset_mean,z_raw_rule_offset_std,z_raw_slant_mean_deg,z_raw_slant_circular_std_deg,z_raw_jerk_proxy,z_raw_tangent_variance_short_wavelength,z_raw_kappa_sign_changes_per_h,z_raw_tortuosity_median,z_raw_gap_mean,z_raw_gap_cv,z_raw_gap_fraction_below_0_3h,z_raw_gap_fraction_above_2h,z_raw_word_height_cv,z_raw_h_over_r,z_raw_word_width_per_char,z_raw_component_height_cv,z_raw_ascender_descender_ratio,z_raw_components_per_unit_width,z_raw_junctions_per_unit_width,z_raw_endpoints_per_unit_width,z_raw_words_written_ratio,z_raw_lines_used
G3_A_Roll01,school_a,3,sentence_02_copy_english,copy_english,latin,0.0,data/processed/school_a/G3_A_Roll01/sentence_02_copy_english.json,0.3610452167741299,-0.0242927411841772,0.0103741530055879,0.1176470588235294,0.1871701892357917,0.6331600564689733,22.387551462159703,18.117913215853417,0.4628084270817222,3.1612140323216384,1.0555187533963053,0.2896825396825397,34.1526414301368,0.25,0.75,0.8847934293760916,0.3705882352941176,37.35135135135136,0.7801398055324436,1.031746031746032,0.2344913151364764,3.517369727047146,2.559863523573201,0.3571428571428571,2.0,2,4,3,1,2,copy,1,0,0,-0.026946482518191525,-0.9106873016469255,-0.2735801154645496,1.5118307587432303,0.37725485594813285,1.1469603825877264,0.09333005792791772,0.3083288819996189,0.0,0.0,-2.0598843944737024,-0.06549897739468051,5.0,-0.6744907594765952,2.0234722784297854,2.7771200158940363,-0.5075398081058188,1.6862268986914892,0.6744907594765952,1.3739179091751699,0.07088624756043432,2.500681829864064,1.1242784675605937,1.3489815189531913,5.0
G3_A_Roll01,school_a,3,sentence_04_dictated_english,dictated_english,latin,0.0,data/processed/school_a/G3_A_Roll01/sentence_04_dictated_english.json,0.3687479590934576,-0.0491109229466553,,0.1617647058823529,0.1823529411764705,0.3167780237882211,23.429526701977323,17.4517048421555,0.4998305153667908,2.9384679782335703,1.0661270361026398,1.088888888888889,3.3748987675131974,0.3333333333333333,0.6666666666666666,0.4704278727547354,0.3529411764705882,26.473684210526315,0.8164249563596109,0.85,0.1587301587301587,1.7724867724867726,1.2433862433862437,0.2857142857142857,1.0,2,4,3,1,2,dictated,0,1,0,-1.4138973563187802,-1.4702412399276688,,1.6290437702178397,0.0,0.8504253497033091,1.0907627738399392,0.47217215351910946,0.4735373927165536,0.05701369973419556,-0.8780931215900529,0.7066541941573818,1.2172932061564081,-1.0277954430119551,2.023472278429784,0.15436664234998332,0.3656118135480608,-0.9197601265589936,0.8175139746825075,-0.5532932011331442,-0.1197452853848711,1.7181128958246656,0.1647211094771347,0.0,0.0
G3_A_Roll02,school_a,3,sentence_02_copy_english,copy_english,latin,0.0,data/processed/school_a/G3_A_Roll02/sentence_02_copy_english.json,0.057085838542889,0.0052870810400503,0.0036655449985212,-0.0058823529411764,0.0360485810016671,-7.6317086216643615,22.24639302533448,17.531773505112547,0.48805664144432,3.177811223392819,1.0781509098892892,1.3139534883720931,2.291471553976751,0.125,0.25,0.2854105375420791,0.5058823529411764,29.47297297297297,0.5613403394486453,0.3441860465116279,0.608375778155065,2.409168081494058,2.263157894736842,0.7142857142857143,2.0,1,0,3,1,2,copy,1,0,0,-0.730702856694407,0.3413665127733525,-0.6744907594765952,0.0,-1.608701657555637,-0.49301957139186714,0.0,-0.026098281305023938,0.48541561420853097,0.04322162166095381,0.7322283578904566,0.8940979039669679,0.3438465977783149,-1.3489815189531904,0.0,-1.0048851381523147,0.6767197441410927,0.8737721202310433,-0.42349895715674524,-0.4025898989676077,2.9406516922160733,0.9386805025566269,0.7259100292693247,4.721435316336169,5.0
G3_A_Roll02,school_a,3,sentence_04_dictated_english,dictated_english,latin,0.0,data/processed/school_a/G3_A_Roll02/sentence_04_dictated_english.json,0.0701417611345152,0.0056118753652605,,-0.0352941176470588,0.0476434276030978,-7.538160945925663,21.219672025665712,16.21759213939638,0.579351638377047,2.9962855963681387,1.0750931383367088,1.2857142857142856,4.210856209100166,0.2,0.8,0.2877162008731833,0.4941176470588235,30.18421052631579,0.4396491340629061,0.365079365079365,0.4353835521769178,1.190048375950242,1.0739460953697306,0.2857142857142857,1.0,1,0,3,1,2,dictated,0,1,0,-1.6259480012389043,0.02685384568462956,,0.0,-1.3732708129081914,-0.7098100494436234,-0.3976909422458301,0.15241668577791065,0.9215772429319133,0.16922354284899474,0.13174519674580906,0.7511226641271942,1.408832381946093,-2.158370430325106,3.1026574935923366,-1.1039292490856567,1.1976938719677857,-0.7232659177032086,-1.674221728401976,-1.0132416989458668,2.2142571427504403,0.16292150671559189,-0.42130460924102325,0.0,0.0
G3_A_Roll03,school_a,3,sentence_02_copy_english,copy_english,latin,0.0,data/processed/school_a/G3_A_Roll03/sentence_02_copy_english.json,0.8023032336375445,-0.0212457058601909,0.0300459653696716,-0.0777552400270453,0.2664687078524937,2.812379616932265,22.19317164531828,17.452975570890857,0.4603225378477813,2.902208201892745,1.0805010168190816,0.3595959595959595,10.370005657272635,0.2666666666666666,0.4,0.5557453944664676,0.3793103448275862,30.12162162162162,0.7363499946466507,0.7397504456327986,0.2252559726962457,2.4590443686006824,2.34641638225256,0.2857142857142857,2.0,3,1,0,2,1,copy,1,0,0,0.9946970799572467,-0.7817124832335262,0.902019793706072,-0.8796256686064896,1.4193520874311296,1.5793781902578656,-0.0351885058493945,-0.07105713519792427,-0.04779306100693426,-0.6744907594765952,1.0221593474595243,0.0,2.043776507221906,-0.5845586582130495,0.6070416835289357,0.7008823038879836,-0.4311932402698108,0.9406637657989706,0.4547426819035691,0.6194638254394229,0.0,1.0089807290310535,0.8376960906804564,0.6744907594765962,5.0
G3_A_Roll03,school_a,3,sentence_04_dictated_english,dictated_english,latin,0.0,data/processed/school_a/G3_A_Roll03/sentence_04_dictated_english.json,0.2709390637877029,-0.0231175050700513,,0.2919540229885057,0.1314572731539843,1.8131842688196464,21.96319243923251,22.59274347348629,0.415783917194622,3.3604887983706733,1.0748909406791958,1.8035714285714288,1.0058808225271336,0.25,0.75,0.3609175523465667,0.3218390804597701,20.76315789473684,1.106167043836381,1.0,0.1505376344086021,1.1290322580645162,1.1792114695340503,0.1428571428571428,1.0,3,1,0,2,1,dictated,0,1,0,-1.4833548540876706,-0.7591186482151556,,2.7052914214631483,-0.5188463200906438,1.1476582122379,0.10310928431308354,1.804202209251879,0.0,0.876052801423691,0.10897198525391047,0.8681213603179305,0.6744907594765952,-1.7344048100826743,2.6979630379063795,-0.5998073237704161,0.18229871638662734,-1.2221661075639962,2.733668518918533,-0.4110178065560499,-0.18886199283183946,0.0,-0.05723377199901771,-0.6744907594765956,0.0
G3_A_Roll04,school_a,3,sentence_02_copy_english,copy_english,latin,0.0,data/processed/school_a/G3_A_Roll04/sentence_02_copy_english.json,,,,,,-2.788432150061526,20.23175992739027,17.378050664565148,0.4853451303439336,3.029875323453305,1.065807299015794,,,,,,0.3809523809523809,,,,0.1408915795266923,1.5674188222344525,1.268024215740231,0.1428571428571428,1.0,0,4,4,1,4,copy,1,0,0,,,,,,0.46802126716669634,-1.332019735862058,-0.1138061989863194,0.4332848057749213,-0.34202606692901416,-0.7905939741657438,,,,,,-0.4168201322608176,,,,-0.647542340547298,-0.24775832425755853,-0.6101948877410858,-0.6744907594765952,0.0
G3_A_Roll04,school_a,3,sentence_04_dictated_english,dictated_english,latin,0.0,data/processed/school_a/G3_A_Roll04/sentence_04_dictated_english.json,0.8312640526380237,0.0368595540593411,,0.0192307692307692,0.2928401426515946,-0.5689572118358709,19.61072943014589,18.575558701794616,0.4747026683867201,3.3633633633633635,1.06826595747134,-1.4291666666666665,-4.777626180563717,0.5,0.4166666666666667,0.4849226147849501,0.4761904761904761,56.578947368421055,0.5908186410961207,0.15,0.2272727272727273,2.765151515151515,2.121212121212121,0.2857142857142857,1.0,0,4,4,1,4,dictated,0,1,0,-1.0854485947309616,0.8817214265245837,,0.45074575042766835,1.126341005626541,0.6744907594765953,-1.4813986678901678,0.7633598349668698,0.33196146457311765,0.8816316283843993,-0.6371896942553184,0.13775363731575963,-0.6506582366767513,0.3854232911294839,0.0,0.2541888056317157,1.0920326582002013,0.6744907594765952,-0.6744907594765953,-1.2172450424929175,0.45851807663592903,4.368665588168596,3.2007698085857617,0.0,0.0
G3_A_Roll05,school_a,3,sentence_02_copy_english,copy_english,latin,0.0,data/processed/school_a/G3_A_Roll05/sentence_02_copy_english.json,0.2959753601959182,0.0035982160585503,,0.041005291005291,0.1211292867428349,-5.1470794629874215,20.164908253463977,17.5775151216242,0.4844635233481748,3.082967413912641,1.0643915514409614,1.1805555555555558,0.6012016308109681,0.25,0.0,0.2847366851041993,0.4285714285714285,14.216216216216216,0.9211001944938904,0.8888888888888888,0.3564356435643564,1.4455445544554455,1.683168316831683,0.2142857142857142,1.0,4,1,0,2,2,copy,1,0,0,-0.17760255570837544,0.26988028726128793,,0.5738405235693309,-0.49061812393945886,0.0,-1.3762202154114638,0.0,0.4163352585637423,-0.2037661507069784,-0.9652537269402662,0.7691229249591058,-0.011829365296491944,-0.6744907594765952,-1.0117361392148927,-1.0091370336065377,0.0,-0.6995751265645679,1.3818647778072783,1.004805635068407,1.0068749138684794,-0.41953912678508143,-0.05280638161049887,0.0,0.0
G3_A_Roll05,school_a,3,sentence_04_dictated_english,dictated_english,latin,0.0,data/processed/school_a/G3_A_Roll05/sentence_04_dictated_english.json,,,,,,-1.8965760493779569,20.80871711057559,17.155146909626232,0.4891654179295079,2.982527427874847,1.0595685444966534,,,,,,0.4523809523809524,,,,0.2643478260869565,1.9165217391304348,1.3217391304347823,0.4285714285714285,1.0,4,1,0,2,2,dictated,0,1,0,,,,,,0.41078433032493583,-0.6744907594765952,0.3953347461929752,0.4134478406900291,0.14252230578685712,-1.6167659541441302,,,,,,0.9517013586651292,,,,0.7713043019472068,2.102706255717941,0.43571241516100123,0.6744907594765952,0.0
G3_A_Roll06,school_a,3,sentence_02_copy_english,copy_english,latin,0.0,data/processed/school_a/G3_A_Roll06/sentence_02_copy_english.json,0.664002938747936,-0.0117857524281284,,0.0864197530864197,0.1584629339875732,-7.190768754664291,21.930693915539862,26.113484764136665,0.4099631566863164,3.720298710115411,1.0707373138537986,-1.926136363636364,-2.8859268081197738,0.375,0.0,0.5367371933457162,0.2716049382716049,27.14864864864865,0.7742193161074601,0.4141414141414141,0.1121813031161473,1.4458923512747874,1.0220963172804531,0.6428571428571429,1.0,0,1,3,3,2,copy,1,0,0,0.6744907594765952,-0.38129186241076596,,1.1296513194371807,0.0,-0.4055248305856688,-0.2087315279738145,4.870272498670585,-1.0159894485450058,1.4559419311619564,-0.18238161478213305,-2.1414076146623633,-0.7456102537117862,0.0,-1.0117361392148927,0.5809437544444673,-1.373962658193065,0.6340770569459728,0.6447802824703187,-0.22184020514497313,-0.8679092380757402,-0.41904890995890604,-0.9403871838087433,4.046944556859574,0.0
G3_A_Roll06,school_a,3,sentence_04_dictated_english,dictated_english,latin,0.0,data/processed/school_a/G3_A_Roll06/sentence_04_dictated_english.json,3.309581434771869,-0.0487356296821287,,0.0462962962962962,0.1260529497324823,-3.964652344904496,17.22872872820545,11.273701855449447,0.3246606368946406,2.1468058968058967,1.0628950796227707,-17.666666666666668,-1.75497664948222,0.6666666666666666,0.0,0.6983166993189373,0.1851851851851851,43.8421052631579,0.9355375083964248,1.4333333333333331,0.0665926748057713,0.9822419533851277,0.5993340732519422,0.1428571428571428,1.0,0,1,3,3,2,dictated,0,1,0,0.6744907594765952,-1.4599740438171254,,0.6744907594765952,-0.5739396792855198,0.0,-3.085801814634561,-1.1285327337283684,-0.5134090077106972,-1.4794086023776054,-1.242103414062985,-3.530760653933775,0.041907881025779394,1.7986420252709225,-3.3724537973829745,1.7237878578469272,-0.6231276694506866,0.0,1.605242329401391,0.0,-0.8970685219537504,-0.3919504950216042,-2.06279781276885,-0.6744907594765956,0.0
G3_A_Roll07,school_a,3,sentence_02_copy_english,copy_english,latin,0.0,data/processed/school_a/G3_A_Roll07/sentence_02_copy_english.json,0.3726836706088622,-0.0109860200315355,,-0.0119047619047619,0.1630995828409824,-9.91003512409794,22.47708825699531,15.63228911140385,0.4202700071250866,2.8110944527736126,1.0713640946652256,-0.0461538461538461,-43.87226719078967,0.55,0.15,0.3705273920786244,0.4642857142857143,23.67567567567568,0.5895079619018018,0.1672771672771672,0.4588235294117647,1.4638655462184875,2.272268907563025,0.2857142857142857,1.0,1,0,0,3,0,copy,1,0,0,0.0,-0.3474408138791259,,-0.07370603472331028,0.060932272352422545,-0.9451029544584443,0.15252931258553282,-1.1098657959245473,-0.8178326179493889,-0.9117648846974766,-0.10505612010091499,-0.3801301293459004,-5.0,0.9442870632672336,-0.4046944556859571,-0.46781211364801306,0.31261509919561403,0.2759280379676986,-0.2821468764175209,-0.8596845700349796,1.792757307546951,-0.39371583590088705,0.7381428270259863,0.6744907594765962,0.0
G3_A_Roll07,school_a,3,sentence_04_dictated_english,dictated_english,latin,0.0,data/processed/school_a/G3_A_Roll07/sentence_04_dictated_english.json,2.359774744386124,0.0195041091068559,,-0.173469387755102,0.2559135878990334,-6.022482611177753,20.412663047196546,9.442125051239447,0.2460566565795188,1.7364359214218896,1.0675088861702262,-2.8051282051282054,-4.252967616422608,0.4615384615384615,0.4615384615384615,0.2887679217969003,0.1785714285714285,60.578947368421055,0.8813214953919287,2.0102564102564107,0.1853377265238879,1.0749588138385502,1.2355848434925865,0.2857142857142857,1.0,1,0,0,3,0,dictated,0,1,0,0.0,0.40691472532336503,,-1.1422658419255156,0.7499001847981884,-0.40874914996219797,-0.9412540669133237,-1.6030896331304565,-0.9562814701905854,-2.2758362665143297,-0.7224574716705826,-0.17311531221808804,-0.5304455751854993,0.05929589094299778,0.3631873320258584,-1.0966862738360628,-0.6621085859882068,0.8863143037750301,1.2466949723583671,0.5472130560657478,0.10473100627966699,-0.14438360406827636,0.13773918675571042,0.0,0.0
G3_A_Roll08,school_a,3,sentence_02_copy_english,copy_english,latin,0.0,data/processed/school_a/G3_A_Roll08/sentence_02_copy_english.json,0.130483500973146,-0.0027777166905613,,0.013143483023001,0.0613049521129,-8.054545339120454,22.12282921265657,15.421711720089608,0.5057043970123041,2.712177121771215,1.0722156528799347,0.7731707317073171,1.3566747205841303,0.4,0.2,0.4572059800971139,0.4939759036144578,18.5,0.3881479995932483,0.1352549889135255,0.0679933665008291,1.6998341625207296,1.722498618021006,0.1428571428571428,1.0,2,0,2,1,4,copy,1,0,0,-0.5607654358274943,0.0,,0.23285016588790083,-1.276796410503778,-0.5769221435245852,-0.08169697861774057,-1.2300125772171857,0.8247067809187306,-1.1693607295582806,0.0,0.38746101511095293,0.14714146835527317,0.13489815189531917,-0.20234722784297848,0.07911518624257279,0.5724999406955814,-0.25781155062638456,-1.2926208593466781,-0.9424230235785725,-1.2070755477572666,-0.061119964611554466,0.0,-0.6744907594765952,0.0
G3_A_Roll08,school_a,3,sentence_04_dictated_english,dictated_english,latin,0.0,data/processed/school_a/G3_A_Roll08/sentence_04_dictated_english.json,2.608759858339094,0.0292847232380424,,-0.1656626506024096,0.2476149442949102,-1.350262711029678,22.38415648554297,11.56512479161349,0.2590073942740803,2.3467741935483875,1.0682863018197706,-5.696969696969699,-3.536929566163028,0.4545454545454545,0.4545454545454545,0.4530515222556722,0.180722891566265,60.078947368421055,0.7094464874484709,2.6888888888888887,0.052128583840139,1.0295395308427455,0.8731537793223284,0.1428571428571428,1.0,2,0,2,1,4,dictated,0,1,0,0.17681298764099107,0.6744907594765952,,-1.0777291909065694,0.6653012225870869,0.5192991657429592,0.3866507795009554,-1.053025790922161,-0.8833141080960966,-1.0913190904024856,-0.6348983415503827,-0.8264647712388051,-0.3663829911855163,0.0,0.30658670885299694,0.03469946282085501,-0.6494280468735917,0.8598363607377257,0.1100320857907952,1.190897747200863,-1.0190956657887045,-0.26565939603978544,-1.115764940527412,-0.6744907594765956,0.0
G3_A_Roll09,school_a,3,sentence_02_copy_english,copy_english,latin,0.0,data/processed/school_a/G3_A_Roll09/sentence_02_copy_english.json,0.0893345488809557,0.0131571548999539,,-0.0389140271493212,0.0562956062221726,-0.0248646020903285,20.83598177945316,15.971311281716572,0.4978911207207048,3.5106621773288444,1.0610832873637135,0.2836879432624116,12.91510743277034,0.5,0.0833333333333333,0.3377723747343104,0.5529411764705883,19.39189189189189,0.5031772189390723,0.2389525368248772,0.3617372182517867,1.9637163276525564,1.8603628367234744,0.2142857142857142,1.0,3,0,4,3,4,copy,1,0,0,-0.6560374997923043,0.6744907594765952,,-0.40426243731961864,-1.3426264609931227,1.0163899777467322,-0.9325249431833464,-0.9164337171258609,0.6744907594765952,0.9100163665555241,-1.373391869725544,-0.07111506563494177,2.5793309253163232,0.6744907594765952,-0.6744907594765952,-0.6744907594765952,1.0886361101400188,-0.16583553797048525,-0.7153758494996089,-0.6744907594765952,1.047567366604853,0.31081982977754186,0.18510182538882183,0.0,0.0
G3_A_Roll09,school_a,3,sentence_04_dictated_english,dictated_english,latin,0.0,data/processed/school_a/G3_A_Roll09/sentence_04_dictated_english.json,3.1696039117801504,-0.0502944338108448,,-0.0642533936651583,0.160133694475797,1.200011039277475,22.718363228941374,11.546667632936463,0.2865470765180361,2.561550550026192,1.074916881528864,-2.0388888888888888,-6.163331358002592,0.5,0.4166666666666667,0.7785842130056202,0.1764705882352941,55.8421052631579,0.630445938580159,4.342857142857143,0.1445515196441808,1.178650852483321,1.000741289844329,0.2857142857142857,1.0,3,0,4,3,4,dictated,0,1,0,0.5750878528135641,-1.5026194872615786,,-0.23940023259228838,-0.2265099336300542,1.0258629211185608,0.6117566538757157,-1.0578079938706855,-0.7281493589014811,-0.6744907594765953,0.11189366329431234,0.0,-0.9681586432408438,0.3854232911294839,0.0,2.2765729188537764,-0.6744907594765952,0.6354706328953046,-0.41242311576252666,2.759690986876337,-0.23936419785158272,0.13248853653655177,-0.6744907594765952,0.0,0.0
G3_A_Roll10,school_a,3,sentence_02_copy_english,copy_english,latin,0.0,data/processed/school_a/G3_A_Roll10/sentence_02_copy_english.json,,,,,,-13.345248072129229,22.995399208810607,18.655346663192407,0.5210622816063197,3.403416557161629,1.0823548422352838,,,,,,0.4880952380952381,,,,0.1859410430839002,1.7431972789115646,1.4410430839002268,0.2142857142857142,1.0,0,2,2,1,0,copy,1,0,0,,,,,,-1.6267448040534283,0.49522219191722366,0.6149662586609534,1.1199734827965266,0.630732384116439,1.2508644461910334,,,,,,0.5210251653260226,,,,-0.3017633456862006,0.0,-0.3778930720521269,0.0,0.0
G3_A_Roll10,school_a,3,sentence_04_dictated_english,dictated_english,latin,0.0,data/processed/school_a/G3_A_Roll10/sentence_04_dictated_english.json,2.5617318463782657,0.0223236862662393,,-0.2518315018315018,0.1848017718150466,-12.7753389801021,20.433705772450285,13.026100249035215,0.2853637955502719,2.564862861378799,1.0805981240497764,-2.9166666666666665,-5.386330255174739,0.4166666666666667,0.5,0.2494455848146529,0.1785714285714285,54.60526315789474,0.7726665818920531,2.020512820512821,0.0932504440497335,1.0124333925399644,1.2921847246891651,0.2857142857142857,1.0,0,2,2,1,0,dictated,0,1,0,0.14341676099275477,0.4840521385959318,,-1.790068926663844,0.024964143604305954,-1.7500766373907044,-0.9270806812440103,-0.6744907594765952,-0.734816229381811,-0.6680623739910787,0.7517632792771114,-0.19831503139763115,-0.7901278686827589,-0.3211860759412353,0.6744907594765948,-1.3674907306990367,-0.6621085859882068,0.5699725632767096,0.5281262339694329,0.5569412881735832,-0.6721687028374798,-0.3113351604598351,0.3334955434743957,0.0,0.0
G3_A_Roll12,school_a,3,sentence_02_copy_english,copy_english,latin,1.0,data/processed/school_a/G3_A_Roll12/sentence_02_copy_english.json,0.066789226030312,-0.0222141643924502,0.0149520852221358,-0.0119047619047618,0.4399933002994364,1.3597766585853026,21.14735965973137,17.811857573019108,0.4636614107226989,2.9662180719582536,1.0737942520943184,-2.7346938775510203,-2.5479474265015045,0.6666666666666666,0.3333333333333333,0.786416526506456,0.5833333333333334,34.17567567567568,1.1313738783251752,0.7591836734693878,0.3312676056338028,3.8647887323943664,2.236056338028169,0.2857142857142857,2.0,3,2,2,2,4,copy,1,0,0,-0.7082366283611573,-0.8227053664980497,0.0,-0.07370603472330904,3.69971621702141,1.29114133791885,-0.7266504927612296,0.1337061451830258,0.01639924202354275,-0.507799276883365,0.1947506415802354,-2.8989115444054656,-0.6744907594765952,1.5738117721120553,0.3372453797382975,2.1563783184564747,1.3546654298476584,1.3587365505985134,2.4370700150857676,0.6696751258794107,0.8136966122622578,2.990366130245471,0.6895224323651526,0.6744907594765962,5.0
G3_A_Roll12,school_a,3,sentence_04_dictated_english,dictated_english,latin,1.0,data/processed/school_a/G3_A_Roll12/sentence_04_dictated_english.json,,,,,,1.9355412339611635,20.897310139415254,17.84290290185196,0.591542796697843,3.2378854625550666,1.1048213408156136,,,,,,0.8809523809523809,,,,0.8352144469525958,4.09255079006772,1.6704288939051917,0.4285714285714285,1.0,3,2,2,2,4,dictated,0,1,0,,,,,,1.1719621144174144,-0.6148186803986234,0.5735305774928933,0.9902649643980292,0.6381097397569057,3.47998696498863,,,,,,3.477664750296437,,,,5.0,5.0,1.64169087799554,0.6744907594765952,0.0
G3_A_Roll13,school_a,3,sentence_02_copy_english,copy_english,latin,1.0,data/processed/school_a/G3_A_Roll13/sentence_02_copy_english.json,0.6626657607798109,-0.0312815958860777,0.0645359483553677,0.1923076923076923,0.3213553030046817,-13.151820273387484,24.580483465425424,20.030441044683062,0.3963722735439247,4.22449632235369,1.079642697659705,2.845878136200717,2.6911154362295235,0.5555555555555556,0.4444444444444444,0.6353578209849774,0.3875,45.972972972972975,1.151903936801898,1.8621700879765395,0.3131313131313131,3.113916947250281,3.148709315375982,0.1428571428571428,4.0,4,3,1,3,3,copy,1,0,0,0.6713947947330426,-1.2065113306627773,2.9631629214897255,2.4255746239177105,2.140641335343715,-1.5883633457589805,1.5432361032193225,1.3995384431607993,-1.2772842392757693,2.768949556672711,0.9162691345124474,2.329294437089514,0.4279418779220816,0.9742644303550821,0.7869058860560275,1.2032233141524584,-0.3595073640749544,2.575328354365182,2.540094914976014,3.519555892252598,0.6744907594765952,1.932018374005309,1.9148855733133312,-0.6744907594765952,5.0
G3_A_Roll13,school_a,3,sentence_04_dictated_english,dictated_english,latin,1.0,data/processed/school_a/G3_A_Roll13/sentence_04_dictated_english.json,2.966002254426615,0.0888060347200918,,-0.0999999999999999,0.1161895003862225,-13.58319967201773,21.944957401476884,11.662064998264857,0.2960707652778047,2.4345067539909944,1.0739234056365108,-10.946666666666664,-1.9378802505873487,0.4,0.2,0.5117261735144257,0.1875,31.81578947368421,0.927457285084215,2.1444444444444444,0.5212355212355213,0.2548262548262548,0.4401544401544401,0.8571428571428571,1.0,4,3,1,3,3,dictated,0,1,0,0.4305032358708187,2.302862583612125,,-0.5349098946983946,-0.6744907594765952,-1.9105429190468697,0.09082702430690574,-1.027908829520309,-0.6744907594765952,-0.9210516674102077,0.0,-2.012521021157985,0.0,-0.4625079493553792,-1.7536759746391468,0.43877913572851124,-0.6094843486625541,-0.6368642088446366,1.5518052994104545,0.6744907594765952,2.9385522679484626,-2.334251410326331,-2.6133365132081656,2.6979630379063817,0.0
G3_A_Roll14,school_a,3,sentence_02_copy_english,copy_english,latin,0.0,data/processed/school_a/G3_A_Roll14/sentence_02_copy_english.json,,,,,,-0.5161292078860047,23.166448935553102,18.72176424824949,0.4430697842133298,2.968337730870712,1.0745367823617071,,,,,,0.4578313253012048,,,,0.1676778819635962,2.22173193601765,1.257584114726972,0.2857142857142857,1.0,2,3,0,2,3,copy,1,0,0,,,,,,0.9189094082446213,0.6083155447799918,0.6528613955321769,-0.3794900230963383,-0.5022793611836762,0.2863560627973886,,,,,,0.2561183945217077,,,,-0.44194298372219193,0.6744907594765952,-0.6242121706371542,0.6744907594765962,0.0
G3_A_Roll14,school_a,3,sentence_04_dictated_english,dictated_english,latin,0.0,data/processed/school_a/G3_A_Roll14/sentence_04_dictated_english.json,1.4072315294596018,0.049766961704953,,0.1499330655957161,0.3437490606810223,-1.502337021906934,23.370119760718104,16.343206847027393,0.4878430067515759,2.9090909090909087,1.0740422514375654,-5.024305555555555,-2.503013007717441,0.375,0.5,0.5593706316209556,0.4337349397590361,76.76315789473684,0.6023266794783315,0.3809523809523809,0.2289752650176678,2.086219081272085,1.1957597173144876,0.4285714285714285,1.0,2,3,0,2,3,dictated,0,1,0,-0.6764340607130667,1.2348396359424765,,1.5312340931113115,1.6453224004221627,0.48909247361633496,1.0507490646008504,0.18496313757597468,0.4059970793871817,0.0,0.013385419967911759,-0.6744907594765952,-0.12948633163305448,-0.6744907594765952,0.6744907594765948,0.7668962465170805,0.8418033530051322,1.7433635126140916,-0.5983845222593881,-0.9981861016361215,0.47288163524323695,2.555821721358157,0.0,0.6744907594765952,0.0
G3_A_Roll15,school_a,3,sentence_02_copy_english,copy_english,latin,1.0,data/processed/school_a/G3_A_Roll15/sentence_02_copy_english.json,1.226840840650228,-0.0006211414097676,,-0.1512605042016806,0.1743911093526718,-7.161599111931412,25.32451138708914,20.543260435681127,0.4316299714659689,3.52124891587164,1.0714189350537733,-0.5178571428571429,-7.383312177102478,0.45,0.15,0.444667581235514,0.3294117647058823,21.0,0.5998909464017562,0.3639455782312925,0.3410672853828306,1.6728538283062646,1.6078886310904872,0.1428571428571428,1.0,1,2,1,1,1,copy,1,0,0,1.9776279200953637,0.09128345281908638,,-1.779229396344075,0.2093192627062377,-0.39973676168709893,2.035166805985898,1.6921320536539757,-0.5994288928889283,0.937585851413397,-0.09829050109081595,-0.8220493432253954,-1.691975003216104,0.4046944556859572,-0.4046944556859571,0.0,-0.8679666283548789,0.0,-0.23004249786045852,-0.35153549914929705,0.8889144538526781,-0.09914852919932805,-0.15387979555748368,-0.6744907594765952,0.0
G3_A_Roll15,school_a,3,sentence_04_dictated_english,dictated_english,latin,1.0,data/processed/school_a/G3_A_Roll15/sentence_04_dictated_english.json,2.9790472004018707,0.0,,-0.0654411764705882,0.2504148806615681,-2.0835323771389693,22.223336316709773,11.852662636326349,0.280577284642369,2.31219512195122,1.0767780781750589,-6.2844444444444445,-2.782914379636351,0.4666666666666667,0.4,0.3891898603118836,0.1764705882352941,69.07894736842105,0.7635679185594983,1.75,0.1108126259234385,0.8764271323035594,0.7958361316319678,0.2857142857142857,1.0,1,2,1,1,1,dictated,0,1,0,0.43976690563356585,-0.12667468884886127,,-0.2492193827572068,0.6938446475341093,0.3736489837879438,0.27832991094463794,-0.978525465446294,-0.7617845058478567,-1.1584286034568416,0.3215173818533092,-0.9591920695827197,-0.1936188764405673,0.10277954430119622,-0.13489815189531895,-0.4051020343501333,-0.6744907594765952,1.3364393354092041,0.4679539433540897,0.30035916632942145,-0.5240043350489826,-0.6744907594765952,-1.3831757672278535,0.0,0.0
G3_A_Roll16,school_a,3,sentence_02_copy_english,copy_english,latin,0.0,data/processed/school_a/G3_A_Roll16/sentence_02_copy_english.json,0.865305817964201,0.0385525499938838,,0.1439842209072978,0.1077291481733331,-6.015655565584043,20.885079000438875,14.60068621684279,0.517143700866017,3.39913336543091,1.0641119415371438,1.0145454545454544,2.13447556088526,0.4,0.6,0.3501254962475094,0.650887573964497,7.486486486486487,0.4497785945417516,0.1818181818181818,0.2502844141069397,1.2514220705346986,1.2201365187713311,0.2142857142857142,1.0,4,4,2,1,3,copy,1,0,0,1.140566802969142,1.7494262697387881,,1.83416153946523,-0.6667153266156406,-0.17234967090679798,-0.9000632173258255,-1.6984558937509595,1.0446358668541669,0.6195782983622591,-0.999748998231733,0.6135949609885991,0.3108106309919468,0.13489815189531917,1.4164305949008498,-0.5965446421149112,1.9459827476555338,-1.3935759493318083,-0.9833433245581134,-0.8221137014196059,0.19210682282464045,-0.6931532102518955,-0.6744907594765952,0.0,0.0
G3_A_Roll16,school_a,3,sentence_04_dictated_english,dictated_english,latin,0.0,data/processed/school_a/G3_A_Roll16/sentence_04_dictated_english.json,0.5772737539568626,-0.0109503376726531,,-0.0304311073541842,0.3549379988939145,-4.617836282385722,20.458360696752365,16.60382221559414,0.5056052968750032,3.4942139429861707,1.0679347706287128,0.7675438596491232,16.83868316146618,0.5,0.3333333333333333,0.6337130326922407,0.4497041420118343,31.42105263157895,0.5993261795930066,0.4736842105263157,0.1729237770193401,1.6427758816837317,1.124004550625711,0.2857142857142857,1.0,4,4,2,1,3,dictated,0,1,0,-1.2658159380980292,-0.42625177959048133,,0.04020148136594455,1.7593859276935964,-0.12974266322651104,-0.910474288936578,0.25248791784142044,0.5060738074957088,1.135580571365451,-0.6744907594765952,0.6340531883259374,4.302189682383883,0.3854232911294839,-0.6744907594765952,1.2788763344016767,0.9359244670014225,-0.6577678480846136,-0.6182277612596799,-0.910229717352872,0.0,1.3717668072939033,-0.2481724291602568,0.0,0.0
G3_A_Roll17,school_a,3,sentence_02_copy_english,copy_english,latin,0.0,data/processed/school_a/G3_A_Roll17/sentence_02_copy_english.json,0.3366722283019642,0.0028904259434733,,0.035987404408457,0.1071374756413949,-0.1990377192266924,20.70635597697921,19.676491627971583,0.418809661161091,3.4006946637196087,1.0722202330097796,0.9888888888888888,1.2231765829379295,0.25,0.25,0.3190204678409261,0.3508771929824561,18.905405405405407,0.4304788679647724,0.4487179487179488,0.0498338870431893,1.744186046511628,2.009966777408638,0.0714285714285714,1.0,1,3,0,0,1,copy,1,0,0,-0.08337720064514113,0.23992096882206876,,0.5124284663709291,-0.6744907594765952,0.9818291841334585,-1.0182299419488532,1.1975894927398576,-0.8459088503074286,0.623644157678129,0.0005650473012378346,0.5895583909560415,0.11905005051410714,-0.6744907594765952,0.0,-0.7928121354871347,-0.6800749526360703,-0.21600427214643014,-1.0801941153513708,-0.1325018419870425,-1.346459372962856,0.001393659998516437,0.38596585498846864,-1.3489815189531904,0.0
G3_A_Roll17,school_a,3,sentence_04_dictated_english,dictated_english,latin,0.0,data/processed/school_a/G3_A_Roll17/sentence_04_dictated_english.json,2.4466091966578905,0.0050819870259537,,-0.2185672514619883,0.1691379991504915,-4.679708680518566,19.747964758618007,13.570594904217597,0.2864670735660426,2.7059903603396838,1.0548059586096428,0.071111111111111,81.07185139914915,0.4,0.3333333333333333,0.3728670254563065,0.175438596491228,32.78947368421053,0.6698906348083081,2.235897435897436,0.0267141585040071,1.0017809439002672,1.402493321460374,0.1428571428571428,1.0,1,3,0,0,1,dictated,0,1,0,0.06166416414452841,0.012357269245359,,-1.5150803782452822,-0.13471724228791193,-0.14203244754809322,-1.3889634336495575,-0.5334135768488042,-0.7286001134843022,-0.39416844635249326,-2.15316868495331,0.47670917041025507,5.0,-0.4625079493553792,-0.6744907594765952,-0.5175138787815609,-0.6805732306638741,-0.5853018987193596,-0.151563070948922,0.7612341624381286,-1.2335059417848702,-0.3397786773981021,0.7150088711028586,-0.6744907594765956,0.0
G3_A_Roll19,school_a,3,sentence_02_copy_english,copy_english,latin,1.0,data/processed/school_a/G3_A_Roll19/sentence_02_copy_english.json,1.933768282210908,0.0007848451415733,,-0.0609939759036144,0.1519836260799489,-4.121638028313174,23.461323213215405,18.759673337333684,0.3797401372008198,3.114857395533938,1.0775717462648426,-0.992982456140351,-12.20910113400759,0.2666666666666666,0.4666666666666667,0.4628100447950983,0.2289156626506024,27.54054054054054,0.5395727864772801,1.0,0.1821771009588268,1.350253807106599,1.6931754089114497,0.2857142857142857,1.0,0,4,2,4,1,copy,1,0,0,3.614375224861626,0.15079600875284535,,-0.6744907594765952,-0.085147477534833,0.20347611829516238,0.8032782691813021,0.6744907594765952,-1.5970493744509608,-0.12071976565910106,0.6607773610743136,-1.2671745022137035,-2.707444255386336,-0.5845586582130495,0.8768379873195737,0.11447589116115042,-1.747631397912825,0.6744907594765952,-0.5327339098127847,1.2918929593736663,-0.3306536369783592,-0.5538506705698136,-0.039370473234617655,0.6744907594765962,0.0
G3_A_Roll19,school_a,3,sentence_04_dictated_english,dictated_english,latin,1.0,data/processed/school_a/G3_A_Roll19/sentence_04_dictated_english.json,2.8633098901233,0.0033004436985585,,-0.1199082042455536,0.2368466386578484,-0.0461220866600452,23.03505227093698,13.1260924405118,0.2854366538048206,2.748194945848376,1.076042575785915,-3.2166666666666663,-2.8645099109475485,0.65,0.15,0.3778894654566893,0.180722891566265,54.76315789473684,0.5545325426562507,1.6952380952380952,0.0679963735267452,1.2239347234814144,1.387126019945603,0.4285714285714285,1.0,0,4,2,4,1,dictated,0,1,0,0.3575778169487226,-0.03638182748442155,,-0.6994868241734816,0.555525755037817,0.7783420908952089,0.8250634321244824,-0.6485830365558439,-0.7344057296275416,-0.3122596775126366,0.23867887785288044,-0.26609358643226455,-0.21231449422919396,1.657320151856779,-2.158370430325104,-0.482925417341831,-0.6494280468735917,0.5783340189727003,-0.9144620146837873,0.2484173556107997,-0.8852261361355045,0.2534027596724983,0.6618595200171012,0.6744907594765952,0.0
G3_A_Roll20,school_a,3,sentence_02_copy_english,copy_english,latin,0.0,data/processed/school_a/G3_A_Roll20/sentence_02_copy_english.json,0.9078219261346474,0.0527406889434027,,-0.0127946127946128,0.2928038742305364,-0.628094764226152,23.819175506279365,16.783318208967724,0.4494425023664095,2.836573074154067,1.0692749827928587,-0.3534482758620692,-8.375605088689568,0.5,0.25,0.5162530469813735,0.3515151515151515,7.797297297297297,0.7544636875520873,0.5,0.2246610716591349,0.4118786313750807,0.486765655261459,0.1428571428571428,1.0,3,0,1,2,0,copy,1,0,0,1.2390042399195307,2.349981383174193,,-0.0845965904764139,1.765434264651299,0.896692325906722,1.0398803171527626,-0.453136028386978,-0.25696979841710127,-0.8454146613960858,-0.36278833849377373,-0.6680215088535232,-1.900778776000521,0.6744907594765952,0.0,0.4516922389580392,-0.6744907594765952,-1.3615237024971767,0.5456416630409655,0.0,-0.004566187173189605,-1.8764829513344294,-1.6591428091546845,-0.6744907594765952,0.0
G3_A_Roll20,school_a,3,sentence_04_dictated_english,dictated_english,latin,0.0,data/processed/school_a/G3_A_Roll20/sentence_04_dictated_english.json,0.2816568216101039,0.0046302960417947,,0.0209366391184573,0.0912061263051022,-4.62177606703905,21.810109725508894,20.50906400721115,0.4470988912843474,3.247232472324724,1.0675455236773823,1.875,1.359859590912196,0.1,0.3,0.3186031626175018,0.2909090909090909,19.5,0.6111111111111112,0.4583333333333333,0.1963993453355155,0.5695581014729951,1.0016366612111294,0.4285714285714285,1.0,3,0,1,2,0,dictated,0,1,0,-1.4757438015580433,0.0,,0.46484781733118735,-0.9291790700752549,-0.130525227101907,0.0,1.2643261502242424,0.17643559056439484,0.6562499975828967,-0.7183310455325946,0.8842591115166527,0.7555963255862892,-3.0063016708099695,-0.9442870632672331,-0.891217402811265,0.0,-1.2890577531319227,-0.5402903436115212,-0.9247900647511126,0.19805299609438648,-1.4938736799190802,-0.6713940279469599,0.6744907594765952,0.0
G3_A_Roll21,school_a,3,sentence_02_copy_english,copy_english,latin,0.0,data/processed/school_a/G3_A_Roll21/sentence_02_copy_english.json,0.2897684369582666,-0.0257962682574635,,0.1171717171717171,0.2013240530824773,-8.54625366518492,21.78128450552065,19.05573087716653,0.4954109278752195,3.610038610038609,1.0786315320903697,1.9609756097560973,0.6574180256382903,0.2,0.6,0.3031865369657111,0.4969696969696969,18.283783783783782,0.6457321550633304,0.6544715447154471,0.1607843137254901,2.4347338935574228,2.0672268907563023,0.2142857142857142,1.0,3,1,0,0,1,copy,1,0,0,-0.1919734292702915,-0.9743285498235422,,1.506013228166055,0.5632570989498291,-0.6744907594765952,-0.3075169013860655,0.8434089907564774,0.6268072157551702,1.168807782414734,0.7915223706869009,1.500266038137364,0.0,-0.9442870632672332,1.4164305949008498,-0.8927215740025412,0.5987052808837199,-0.2801087658156936,0.0,0.3991214020829212,-0.4948548478857183,0.9747153095224097,0.4628454949877179,0.0,0.0
G3_A_Roll21,school_a,3,sentence_04_dictated_english,dictated_english,latin,0.0,data/processed/school_a/G3_A_Roll21/sentence_04_dictated_english.json,2.9354428538756987,0.034277262819338,,-0.0452214452214452,0.2963466499089301,-14.013583405370191,21.989556204298367,13.788388478442716,0.2854291238537559,2.8770178419711128,1.080771191140928,-4.355555555555555,-3.885915814023756,0.5833333333333334,0.3333333333333333,0.5459528328797286,0.1818181818181818,53.078947368421055,0.6928085151500731,1.9272727272727277,0.0929752066115702,0.7541322314049587,0.640495867768595,0.7142857142857143,1.0,3,1,0,0,1,dictated,0,1,0,0.40880194286522215,0.8110756327369053,,-0.08206712518788689,1.1620874346946473,-1.9960305260903632,0.12086667103309247,-0.47698381476817403,-0.7344481550614318,-0.06224597183070369,0.7712555598384047,-0.5234010638785581,-0.44634464348001823,1.0920326582002038,-0.6744907594765952,0.6744907594765953,-0.6429724996879693,0.48914515821546467,0.0,0.4685028144659878,-0.6744907594765952,-1.001035125267772,-1.9204356247176468,2.0234722784297867,0.0
G3_A_Roll22,school_a,3,sentence_02_copy_english,copy_english,latin,0.0,data/processed/school_a/G3_A_Roll22/sentence_02_copy_english.json,0.6787022856194898,-0.0566566936118609,,-0.0633019674935842,0.0370511682253339,-3.9444010295173855,22.83162770181342,16.438768795475696,0.5004472491251908,3.430890835291604,1.0762289062424613,1.0795454545454548,0.5221307294298607,0.0,0.0,0.3604716459624753,0.5269461077844312,19.864864864864863,0.8241206852989211,1.542207792207792,0.3435582822085889,3.4355828220858897,2.9447852760736195,0.1428571428571428,1.0,0,0,0,4,2,copy,1,0,0,0.7085241198462603,-2.280587694544099,,-0.7027374144779427,-1.5955262113010416,0.2386448712963591,0.3869409968377194,-0.6497217243582903,0.7236342205404206,0.7022796025372448,0.4951121602332728,0.6744907594765952,-0.028467902499617732,-2.023472278429786,-1.0117361392148927,-0.5312621789688455,0.8610954828142651,-0.11706037974387208,0.8951976678453061,2.6928418179152387,0.9080342015832831,2.3854038435711535,1.6410892810571642,-0.6744907594765952,0.0
G3_A_Roll22,school_a,3,sentence_04_dictated_english,dictated_english,latin,0.0,data/processed/school_a/G3_A_Roll22/sentence_04_dictated_english.json,0.8139305715243765,-0.0696308698475702,,0.1847733105218135,0.1352475585036923,-5.3498036652311125,21.5291614566264,15.62933208755199,0.5167985443406752,3.466776723070573,1.07355015336912,1.0510204081632653,2.803274279619349,0.3333333333333333,0.6666666666666666,0.448012964227674,0.5868263473053892,38.05263157894737,0.9940922059222854,0.8454810495626822,0.3294117647058823,2.2784313725490195,1.9490196078431368,0.5714285714285714,1.0,0,0,0,4,2,dictated,0,1,0,-1.0977577024252536,-2.031621735992245,,1.8192510564382627,-0.48020696860555045,-0.2751341711859817,-0.1892334818794411,0.0,0.5691390752899818,1.0823316441081947,-0.042038829379466784,0.6980986244742498,1.086319453396295,-1.0277954430119551,2.023472278429784,0.0,1.7441110320877247,-0.3065867088529979,1.9924827566642729,-0.5575794375101023,1.320220000499245,3.069055227343309,2.6052247586893773,1.3489815189531909,0.0
G3_A_Roll23,school_a,3,sentence_02_copy_english,copy_english,latin,0.0,data/processed/school_a/G3_A_Roll23/sentence_02_copy_english.json,,,,,,-7.362618151331381,23.266536625098528,12.222308784246442,0.274711425991959,2.5783676927421637,1.0667484021721614,,,,,,0.1785714285714285,,,,0.1712887438825448,0.0407830342577487,0.2365415986949429,0.2142857142857142,1.0,0,3,4,1,3,copy,1,0,0,,,,,,-0.43962453338955737,0.6744907594765952,-3.0554600405022736,-3.6163041078274403,-1.5178209293208964,-0.6744907594765952,,,,,,-2.1883056943692925,,,,-0.41422766579547066,-2.3995392178371944,-1.9951032930465697,0.0,0.0
G3_A_Roll23,school_a,3,sentence_04_dictated_english,dictated_english,latin,0.0,data/processed/school_a/G3_A_Roll23/sentence_04_dictated_english.json,0.0299777174106633,0.0016552901297527,,-0.0218253968253968,0.0142073367009489,-8.099015873716954,25.295844585781342,18.747621920278256,0.4501194606812063,3.3567909922589725,1.0805021710371945,0.4285714285714286,2.9541684297126847,0.7272727272727273,0.0909090909090909,0.2399384232776941,0.4166666666666667,20.657894736842103,0.3417492472291818,0.4392857142857143,0.45297670405522,0.90595340811044,1.81190681622088,0.5714285714285714,1.0,0,3,4,1,3,dictated,0,1,0,-1.6544698853540283,-0.08138960118959762,,0.11134307692675836,-1.7141287561644156,-0.8212132971963992,2.3478263352239668,0.8079409779891299,0.1934541563102435,0.8688762649794336,0.7409562389004359,0.5574696497425273,1.1208931526093735,2.312539746776901,-2.6366456961357803,-1.4329645024508788,0.7412044093625203,-1.2277404113613235,-2.3216641302645407,-0.942856781522807,2.362682790782164,-0.5956515034104126,2.131006439144146,1.3489815189531909,0.0
G4_A_Roll01,school_a,4,sentence_02_copy_english,copy_english,latin,0.0,data/processed/school_a/G4_A_Roll01/sentence_02_copy_english.json,0.4911970667708007,0.0250137285345031,0.0626789099742048,0.0213903743315508,0.2791394676559935,-7.670332195390924,21.909675173494104,17.561782483005256,0.545678482956656,4.15022966765739,1.076271070371806,1.691326530612245,0.554769327016738,0.125,0.5,0.2777435093480624,0.5764705882352941,48.2972972972973,1.3018393082016644,0.87569573283859,1.015686274509804,6.066666666666666,4.090196078431372,0.7857142857142857,3.0,1,3,4,3,3,copy,1,0,0,0.0,1.2718324652971307,0.7099987738111332,0.4292995986138336,1.0589396134250055,-0.3033937857957466,-0.5767911490521698,-0.39634304339944826,0.8400286223513098,1.1266531504791077,0.22453359180802943,1.2181911378873944,0.3681361905861901,-1.7424344619812047,1.481145248850632,-1.4450122538616783,0.6614573853095566,-0.5241172784677443,2.319579799660601,1.5226967313976347,1.2098053938778979,1.7578995392468457,0.2962344000174342,1.7536759746391473,0.0
G4_A_Roll01,school_a,4,sentence_04_dictated_english,dictated_english,latin,0.0,data/processed/school_a/G4_A_Roll01/sentence_04_dictated_english.json,0.5381038404318614,0.0020963903921539,,0.1490196078431372,0.240721713776044,-9.13578493811701,22.496438034359453,18.162525602087424,0.5410561588343626,3.312522952625781,1.082989959240685,2.113636363636364,0.5391912941669212,0.2,0.8,0.2807986397989622,0.5176470588235295,33.94736842105263,0.7823952809853499,0.8901515151515151,0.6825484764542936,1.243213296398892,2.023268698060942,0.7142857142857143,1.0,1,3,4,3,3,dictated,0,1,0,0.6315949593275137,0.5450990269373408,,2.5301403215288856,0.8848787715026696,-0.9990087431386058,0.31167773221633616,0.5851094465914054,0.6437953111749308,0.51885495116709,0.871051969432478,3.5316811901218954,-0.7792604325965712,-0.7670201777441428,2.084789620200385,-0.23287568386425445,-0.00410979874506868,-0.2374482775708424,0.7428360369559913,3.9621144160418784,0.5521950209939435,-0.10064118246016726,0.5144615347162171,0.0,0.0
G4_A_Roll01,school_a,4,sentence_06_own_english,own_english,latin,0.0,data/processed/school_a/G4_A_Roll01/sentence_06_own_english.json,1.7286852459282078,0.0261058738216098,,-0.0294117647058823,0.2402420924313192,-6.839168569257301,19.892883430970315,13.13526067730923,0.2762488214124952,2.567856379568284,1.0782357985993676,13.133333333333333,0.145092445969101,0.0,1.0,0.241307203926171,0.1764705882352941,,0.4332335709308736,4.333333333333333,0.0968523002421307,0.2784503631961259,0.5690072639225182,,1.0,1,3,4,3,3,own,0,0,1,5.0,2.558712450383924,,-1.0485678781858714,1.0415617123656173,-0.7190565784952365,-1.2767813964077361,-2.420091652581519,-2.653032570987968,-0.8106266120781236,0.6704837483264975,5.0,-0.8416357951542753,-2.03485608871631,4.041614954721476,-0.4919713492586226,-3.571252721811178,,-0.36752897696861914,5.0,-0.9443245797728606,-1.3997012617701885,-1.5688703677406803,,0.0
G4_A_Roll02,school_a,4,sentence_02_copy_english,copy_english,latin,0.0,data/processed/school_a/G4_A_Roll02/sentence_02_copy_english.json,0.5217506917142809,-0.0250249313244337,0.0444755356483242,0.0534930139720558,0.2464862392670756,1.7985871614075697,23.84485139621332,18.57379284809136,0.5260468178060071,3.9312344656172313,1.0782703641148663,0.8037904124860648,6.792921562121812,0.4230769230769231,0.3846153846153846,0.6374087326479431,0.4131736526946107,68.89189189189189,0.8435062939354216,0.4739130434782608,1.0243697478991596,3.4016806722689075,2.5899159663865547,2.142857142857143,4.0,0,4,2,1,4,copy,1,0,0,0.11187123125205714,-1.0962969896310548,0.2816328205734587,0.8076407282237075,0.556142952552993,1.0593870069034392,0.9356175474606538,0.02942369867637733,0.5426409271855615,0.5304382817984573,0.4499234513513789,0.5850112697503607,1.2125894074009569,0.0,0.8932445193068426,1.1051138239314824,-0.46572836635086823,0.5883544936559912,0.36955097392290115,0.0,1.2319211633801674,-0.09803724060531413,-0.7285654706745616,5.0,0.6744907594765952
G4_A_Roll02,school_a,4,sentence_04_dictated_english,dictated_english,latin,0.0,data/processed/school_a/G4_A_Roll02/sentence_04_dictated_english.json,0.5487879923456723,-0.0022722931592496,,0.0107784431137724,0.14968691126476,-7.225435499804382,20.211086197877915,16.476763276188546,0.5032348283461551,2.8733233979135613,1.0711807927002404,0.9242424242424242,4.323371693806029,0.2857142857142857,0.3571428571428571,0.4810157354107065,0.3952095808383233,27.05263157894737,0.5634372630228871,0.4646464646464646,0.6,1.1111111111111112,1.6444444444444444,2.142857142857143,1.0,0,4,2,1,4,dictated,0,1,0,0.6735893292670859,-0.016956801870885354,,-0.10158162348312683,-0.21913964928901158,-0.6937413128021953,-1.4412597472194941,-0.23855680617916283,-0.03782502750135899,-0.6022229186841317,-0.3513867720737249,0.9684813844547994,0.020462548815725894,-0.4163823822039633,0.5233873101133318,1.0688157635666602,-0.7802295844670794,-1.1390634764630252,-0.3359788236908933,0.9104770903700559,0.3146115680133491,-0.2922243027378761,-0.021133891235259352,3.3724537973829753,0.0
G4_A_Roll02,school_a,4,sentence_06_own_english,own_english,latin,0.0,data/processed/school_a/G4_A_Roll02/sentence_06_own_english.json,0.1109634884109627,-0.0586945274099856,,0.1526946107784431,0.1782715621670784,-1.9972323950084816,18.25265599122718,18.54353977391317,0.5683782631438643,3.02803738317757,1.065102969142047,1.6000000000000003,0.2816836933956241,0.0,0.0,0.0536982899514868,0.4790419161676646,,0.4808120679591406,0.7,0.4134366925064599,1.0852713178294573,2.222222222222222,,1.0,0,4,2,1,4,own,0,0,1,-1.5098573652469693,-5.0,,1.012023898844059,-0.04798132282743939,0.11004638412873168,-2.065107262614145,0.49271037893342684,1.3642578443596012,0.20627397625037697,-1.1810852576908049,0.7468803806345929,-0.763654138491905,-2.03485608871631,-1.4301099070552914,-2.3678894595038225,0.5561517169822469,,-0.1250206502852317,1.5681545208942713,0.6670475333202657,0.4703546235246841,1.6343189447819177,,0.0
G4_A_Roll03,school_a,4,sentence_02_copy_english,copy_english,latin,0.0,data/processed/school_a/G4_A_Roll03/sentence_02_copy_english.json,0.2129976377129663,-0.0384158093637999,0.0884053207445268,-0.054561717352415,0.2329640167173997,-1.7843033672869495,21.114009696630323,16.416863224122512,0.5979635656176806,4.248120300751878,1.0950486307708445,-1.529320987654321,-2.164729579968953,0.5555555555555556,0.1111111111111111,0.4815454544683533,0.8372093023255814,81.47297297297297,0.7566473667403156,0.2959401709401709,2.654748603351955,6.71731843575419,6.556424581005587,0.2142857142857142,4.0,4,2,2,4,0,copy,1,0,0,-1.018619319962572,-1.7300336404880328,1.3153985351809165,-0.465823060635887,0.3479268379144553,0.5437321353321605,-1.198631874768037,-0.8780263933055524,1.632062314083202,1.3931605917918768,2.3414169740505715,-1.0794609004739006,0.0,0.7744153164360911,-0.5002979507228799,0.0,2.461252111742812,1.2679550316134702,0.0,-0.6744907594765952,5.0,2.211023327388291,1.9808469135368223,-0.4046944556859573,0.6744907594765952
G4_A_Roll03,school_a,4,sentence_04_dictated_english,dictated_english,latin,0.0,data/processed/school_a/G4_A_Roll03/sentence_04_dictated_english.json,0.0762284417737926,0.0078680062780231,,-0.0087209302325581,0.0650193076398356,-1.8492348118241613,21.949532344674516,16.7780429052695,0.548972968113179,3.324840764331211,1.0856818806637332,0.0072463768115942,473.1429865424198,0.5333333333333333,0.0,0.2395948517188294,0.5348837209302325,45.578947368421055,0.6535690699310598,0.311141304347826,1.0413129598189022,1.0152801358234296,1.7702320316921336,2.2857142857142856,1.0,4,2,2,4,0,dictated,0,1,0,-1.1838197327981046,1.2876500293446371,,-0.47279470498445547,-1.2459402954992191,0.16535751805996465,-0.10781631060964814,-0.09135108250818376,0.7864729523950063,0.5502967546930525,1.1497091486122508,-1.0076881694020798,5.0,0.5965712493565554,-0.7358081012471944,-0.500757996220196,0.10515179926361842,1.2835972106365816,0.10810417274069585,-0.1904312920205819,1.5847580485109614,-0.43120457187478844,0.1567091473985286,3.7096991771212724,0.0
G4_A_Roll03,school_a,4,sentence_06_own_english,own_english,latin,0.0,data/processed/school_a/G4_A_Roll03/sentence_06_own_english.json,0.2552908193360811,0.0004539085346547,,0.0647840531561461,0.1355797902455852,-0.6065189108670294,21.993038585771338,17.086450765616764,0.626416954146664,3.4669555796316365,1.0775238694396658,0.8115942028985507,1.692184540884405,0.5,0.1666666666666666,0.2710065640018159,0.5348837209302325,,0.0772415848446108,0.3633540372670807,0.8292220113851992,0.9601518026565464,1.3092979127134723,,1.0,4,2,2,4,0,own,0,0,1,-0.8958704175061534,0.18265631876601823,,0.017287873436683213,-0.7985723305011942,0.3481834905191651,-0.26740514073697147,-0.29205160314123524,2.162391287202619,1.1761883549438172,0.5701104075420468,-0.012583021243382668,0.04161848975626636,0.15652739143971633,-0.5181557634258305,-0.19500482326448235,1.3178951195123598,,-2.1820255720835293,-0.043628322748636685,2.7833390633061654,0.1803516378924157,-0.1345190255495677,,0.0
G4_A_Roll04,school_a,4,sentence_02_copy_english,copy_english,latin,0.0,data/processed/school_a/G4_A_Roll04/sentence_02_copy_english.json,0.5970323852167013,0.0123918769820434,0.0259856662723463,-0.0098765432098765,0.1665649374980631,-0.453553025983641,19.94327073949897,17.121144575331556,0.5548030704310554,3.745228049025518,1.058608864223186,-0.2198581560283688,-17.217900435692833,0.4074074074074074,0.2222222222222222,0.6124437682504587,0.5802469135802469,65.95945945945945,0.6105099963428102,0.3070921985815602,0.6770083102493074,3.5412742382271465,5.390027700831025,0.1428571428571428,3.0,0,2,1,4,1,copy,1,0,0,0.3875130170773065,0.6744907594765952,-0.15347499947614657,0.06080775387728355,-0.6744907594765952,0.7352556805933167,-2.113605797723643,-0.5817254988146923,0.9782512345203137,0.024035446444784808,-1.7666106194320075,-0.14527299969329138,-2.037734584424456,-0.09159751054620441,0.0658286777266949,0.928105309855265,0.6875241336436337,0.4299513607486088,-0.6217577087455984,-0.6322262306960372,0.34723307319057306,-0.000822158110608151,1.1841134486445475,-0.6744907594765952,0.0
G4_A_Roll04,school_a,4,sentence_04_dictated_english,dictated_english,latin,0.0,data/processed/school_a/G4_A_Roll04/sentence_04_dictated_english.json,0.346135521208406,-0.0015804122873788,,-0.0169753086419753,0.1265742993635696,4.588497617763385,22.0876594172757,17.920822704068673,0.5189154803983698,3.074817518248175,1.0791516628036697,0.5082458770614693,6.100854313784441,0.1739130434782608,0.217391304347826,0.2619442103399336,0.3580246913580246,36.36842105263158,0.7947600225213284,0.5287356321839081,0.5134209023415192,0.9605939463163906,1.2918332381496287,3.4285714285714284,1.0,0,2,1,4,1,dictated,0,1,0,-0.12294210446384331,0.07205758250835605,,-0.6299347930691026,-0.49943628955865327,1.1940855594121331,-0.0018684567071432902,0.46701301197762485,0.2447734751036237,-0.08789953928023722,0.47372653161067124,0.07198928576819057,0.3961036520763533,-0.8737360285607194,0.030658670885299596,-0.35545587362287256,-1.01594114052374,0.07914942585694777,0.8037576101470592,1.3701118129106196,0.0654275508009265,-0.5105140155379109,-0.5196683631646227,5.0,0.0
G4_A_Roll04,school_a,4,sentence_06_own_english,own_english,latin,0.0,data/processed/school_a/G4_A_Roll04/sentence_06_own_english.json,0.4653157351152643,-0.0044720989577406,,0.0617283950617283,0.1509003613886174,-2.3885467247386,24.07739977500972,22.78565717093585,0.4756434736955265,4.011019283746557,1.070991490707322,0.125925925925926,24.556113114102292,0.4,0.2,0.2829406327519076,0.3333333333333333,,0.5298684836246847,0.4343434343434343,0.3218116805721097,0.8045292014302742,1.4481525625744935,,1.0,0,2,1,4,1,own,0,0,1,-0.0023975308240925222,-0.27362335321115067,,-0.017287873436683292,-0.5292116922608179,0.04304015801985749,0.7343802215727162,2.777438654094304,0.08899240513469078,2.37845158715752,-0.3508754345174861,-0.673080399755723,5.0,-0.28174930459148884,-0.33576493469993784,-0.07567501519241333,-1.4314730049978228,,0.125020650285232,0.2962524569267054,0.20068850646854225,-0.1803516378924157,0.1345190255495677,,0.0
G4_A_Roll05,school_a,4,sentence_02_copy_english,copy_english,latin,0.0,data/processed/school_a/G4_A_Roll05/sentence_02_copy_english.json,1.058624088813962,-0.0060968520688368,0.0200945317657913,0.0877922077922078,0.2290594265380179,-5.434457524490815,22.48433330735379,21.38068334613286,0.4472263449954369,3.897247706422017,1.0801689138280348,-1.5166981726528046,-4.570766593413753,0.5869565217391305,0.217391304347826,0.7789124240754839,0.448051948051948,112.47297297297295,0.8231516875104844,0.6525109538254129,0.7167851284855112,4.527063969382176,4.564789502460361,0.2142857142857142,4.0,3,0,1,4,2,copy,1,0,0,2.07761794939498,-0.20050677189226623,-0.29210651929079556,1.2118690371709584,0.287803689266369,0.018396583471427638,-0.12767548249546878,1.2103213099503862,-0.651360629031655,0.43790926298123345,0.6639559589168194,-1.07045561925216,-0.32570312797834955,0.95797238302473,0.04121447648975648,2.1084141994935033,-0.224974812471715,2.9425024366343684,0.2829500352392292,0.6768595599601954,0.4485398779910476,0.6856968041268059,0.620416048278629,-0.4046944556859573,0.6744907594765952
G4_A_Roll05,school_a,4,sentence_04_dictated_english,dictated_english,latin,0.0,data/processed/school_a/G4_A_Roll05/sentence_04_dictated_english.json,0.0793322908189166,-0.0067641246473927,,0.0487012987012987,0.0803202394600842,-3.163585100224863,20.549057747539734,16.754606198511127,0.539020110623054,3.103168155970755,1.073984194385449,1.0517241379310345,0.6709305550715123,0.3333333333333333,0.0,0.1868370462707395,0.7532467532467533,41.36842105263158,0.4058846046753414,0.3362068965517241,0.283695652173913,3.309782608695652,2.584782608695652,0.5714285714285714,1.0,3,0,1,4,2,dictated,0,1,0,-1.1716199638235514,-0.5948563087198252,,0.6203626068233661,-1.0603792779670709,-0.04467124791093468,-1.1820248290209379,-0.10280229608460528,0.6071014177174766,-0.01553318051245683,-0.06118959208936695,1.2432104653169875,-0.7514195520429591,-0.22158360690386358,-0.7358081012471944,-0.8437575983629335,1.4893347523916138,0.7329925090230348,-1.1122470359328067,-0.010665865808382025,-0.5957465921509498,2.896431093501598,1.3083502028069756,-0.33724537973829766,0.0
G4_A_Roll05,school_a,4,sentence_06_own_english,own_english,latin,0.0,data/processed/school_a/G4_A_Roll05/sentence_06_own_english.json,,,,,,5.788731306384478,21.041258828195613,18.178416747637566,0.4800635947517702,2.943143812709029,1.0704862500853063,,,,,,0.5324675324675324,,,,0.2140992167101827,1.552219321148825,1.7663185378590078,,1.0,3,0,1,4,2,own,0,0,1,,,,,,1.4432662654728035,-0.7248493851437778,0.29606167170300746,0.14977679526217494,0.018677528162174595,-0.4221082087909364,,,,,,1.2849356614762737,,,,-0.34755349389748935,1.552650338229959,0.750982024824541,,0.0
G4_A_Roll06,school_a,4,sentence_02_copy_english,copy_english,latin,0.0,data/processed/school_a/G4_A_Roll06/sentence_02_copy_english.json,0.5275120748500118,-0.052057743078502,0.082477191406299,0.0601503759398496,0.0775859182715403,-0.9058706843892304,22.072843823233825,18.220949256048897,0.5683986081423105,3.737131091283458,1.06415274455584,-0.3593004769475358,-12.077921973309769,0.4117647058823529,0.0588235294117647,0.5747236799433886,0.4805194805194805,49.94594594594594,1.0174721011215146,0.3428165007112376,0.373109243697479,3.4823529411764707,3.461624649859944,1.3571428571428572,2.0,0,3,2,3,1,copy,1,0,0,0.13296637221491672,-2.3756517514253934,1.1758964445561153,0.8861001283017909,-2.0445958290857584,0.6701574583097741,-0.4492690753684365,-0.11902247522567547,1.1842014477835803,0.0019914630518983807,-1.1416227136581674,-0.24475297416320665,-1.3419401915765086,-0.06612654504672512,-0.766710481757974,0.6606594334761677,-0.0008619724615775168,-0.43506113922949297,1.109707864538131,-0.49683643037655056,-0.4267615492900894,-0.04185584554567328,-0.13312536656823373,3.9120464049642516,-0.6744907594765952
G4_A_Roll06,school_a,4,sentence_04_dictated_english,dictated_english,latin,0.0,data/processed/school_a/G4_A_Roll06/sentence_04_dictated_english.json,0.3259030989628074,0.005574255101683,,0.0439560439560439,0.1257505114815302,-2.4016682227597657,20.1737437442101,16.28440404710341,0.4783112066501918,3.05673991472614,1.0573444807474743,0.1666666666666666,10.870700125204507,0.75,0.1666666666666666,0.3926233433650812,0.5844155844155844,38.81578947368421,0.6780934340370985,0.2547008547008547,0.226890756302521,1.8907563025210088,2.092436974789916,1.8571428571428568,1.0,0,3,2,3,1,dictated,0,1,0,-0.20246622873775968,0.9925459772135325,,0.5300263377951963,-0.5094267214759819,0.07708051260422653,-1.4699025958012633,-0.3325438427692143,-0.4870013849205964,-0.13404348690280976,-1.783667679680398,-0.6641299567344328,1.404130466429496,1.4829056769720093,-0.14818357594561565,0.49414145619946387,0.41912967521519695,0.39918840866982175,0.22893668982187151,-0.5952109359189669,-0.7592372328873781,0.8384675034152795,0.6122541450977275,2.6979630379063795,0.0
G4_A_Roll06,school_a,4,sentence_06_own_english,own_english,latin,0.0,data/processed/school_a/G4_A_Roll06/sentence_06_own_english.json,0.4515930811628943,0.005651939390307,,0.0927643784786641,0.1837296816214775,0.8413936095691122,20.923086807638263,16.04176907215815,0.5559360410327873,2.6323529411764697,1.072961084843038,0.837719298245614,1.808880444801089,0.5,0.3333333333333333,0.4250546679264382,0.4935064935064935,,0.5984343514318141,0.206766917293233,0.3449319213313161,1.1497730711043872,1.264750378214826,,1.0,0,3,2,3,1,own,0,0,1,-0.06077545800609332,0.6641326091301146,,0.3338941873280143,0.0479813228274389,0.5961150032678194,-0.7816452039491397,-0.8546984090177119,1.1931555434884047,-0.6681031464632425,-0.07318664947867028,0.012583021243382668,0.10824164522624674,0.15652739143971633,0.3937983802036309,1.3453357814475548,0.7534644006443858,,0.47450192666145924,-0.7933311602947167,0.31836743227066555,0.6198572890552769,-0.22083217296510624,,0.0
G4_A_Roll07,school_a,4,sentence_02_copy_english,copy_english,latin,0.0,data/processed/school_a/G4_A_Roll07/sentence_02_copy_english.json,1.0122049916500393,0.0374852141643114,0.0441427629862572,-0.1452494873547505,0.243804876518136,-4.887557888622029,23.635930445434585,21.269146604682877,0.4952699463394001,3.735668125912027,1.0676596354315104,-0.3719966859983429,-12.454347196502397,0.5588235294117647,0.1764705882352941,0.7369680132347626,0.461038961038961,85.51351351351352,0.6759947399273185,0.3172720533728688,0.5369747899159664,3.997478991596639,2.9434173669467785,2.7142857142857144,4.0,2,2,2,4,3,copy,1,0,0,1.907655741540981,1.8620579539477407,0.27380193844985695,-1.534610977414942,0.5148551441716634,0.09710718298255852,0.7723384315166327,1.1633962618804767,0.07642154132953005,-0.0019914630518983807,-0.74627428392154,-0.25381061565908475,-1.3928965450983746,0.7935185405607005,-0.16728228692901237,1.8110167060099318,-0.13532967646765978,1.486215569582629,-0.343145578130773,-0.5936460926579682,-0.00941557642466997,0.31688577082474134,-0.48709843616871806,5.0,0.6744907594765952
G4_A_Roll07,school_a,4,sentence_04_dictated_english,dictated_english,latin,0.0,data/processed/school_a/G4_A_Roll07/sentence_04_dictated_english.json,0.7775261785015866,-0.0007420701748723,,0.1004329004329004,0.2501218490453098,2.701661642986045,22.28099060022397,19.43171192805347,0.5272976256021245,3.230154767848228,1.0682637828810884,0.0995670995670995,57.45306548103883,0.5,0.4285714285714285,0.4864498075334234,0.4285714285714285,40.60526315789474,0.435309266340757,0.2949494949494949,0.3361629881154499,1.3820033955857385,1.5500848896434634,0.2857142857142857,1.0,2,2,2,4,3,dictated,0,1,0,1.5726514248107994,0.17991503323130945,,1.6051864239129112,0.9988782772841717,0.892575501652578,0.14642270403397276,1.2052359787338771,0.3958374535217949,0.3086062199395813,-0.6533442218287786,-0.8087326755254791,5.0,0.4602121066464856,0.775226392385437,1.1041448406629537,-0.5687519344861109,0.6331954068555794,-0.9672705579323568,-0.3065557184438694,-0.44473991853190187,0.10064118246016726,-0.15454284133217103,-1.0117361392148927,0.0
G4_A_Roll07,school_a,4,sentence_06_own_english,own_english,latin,0.0,data/processed/school_a/G4_A_Roll07/sentence_06_own_english.json,0.6171285332489957,-0.0091664389509287,,0.0692640692640692,0.267266022758396,2.271678105894921,22.3840576482364,18.135235690272665,0.515308523119817,2.6334519572953736,1.0756818452200811,0.7214076246334309,2.0616946838133745,0.6363636363636364,0.2727272727272727,0.3327515021034969,0.4025974025974026,,0.3420588661439408,0.1801075268817204,0.4163614163614164,0.5677655677655677,1.249084249084249,,1.0,2,2,2,4,3,own,0,0,1,0.6434335529813945,-0.7084444361160904,,0.06798068596670111,1.5166865006458146,0.8410280030726613,-0.07947361755183245,0.2728051293965227,0.6344561623379728,-0.6656745583009097,0.3104074269771813,-0.09945884811423537,0.25257646577629533,0.7541774314822689,0.06217869161109957,0.4223882693502006,-0.4866352079633537,,-0.8322478410511625,-0.9209701426203243,0.6819339856329246,-0.7291242298979136,-0.251186106764056,,0.0
G4_A_Roll08,school_a,4,sentence_02_copy_english,copy_english,latin,0.0,data/processed/school_a/G4_A_Roll08/sentence_02_copy_english.json,0.9616387811685584,-0.067412670117528,0.117562725855089,-0.1504807692307692,0.2783877948632239,-5.6901050450088295,23.688050628782644,20.83271092237365,0.4330882152939895,3.823779554345977,1.0750140741134606,-0.4189342403628119,-8.757032473830115,0.5102040816326531,0.1632653061224489,0.5176400244360999,0.45,61.45945945945946,0.4564727843461785,0.2425213675213675,0.7260504201680672,3.549579831932773,3.448739495798319,3.7142857142857135,3.0,2,3,2,3,4,copy,1,0,0,1.7225089958838486,-3.102338978899101,2.0015372372986517,-1.5962635117997885,1.0473653039640407,-0.018396583471427638,0.8130721991363502,0.9797817407321389,-0.8655302256299797,0.23789207432066317,0.08282644592296212,-0.2872964804889193,-0.8923942820136366,0.5093093489925313,-0.2345650434914471,0.2559205010063898,-0.2115280420711062,0.18687189872944646,-1.2771261728973293,-0.8769400922004257,0.4721374691892756,0.004961983670693841,-0.14192685910965144,5.0,0.0
G4_A_Roll08,school_a,4,sentence_04_dictated_english,dictated_english,latin,0.0,data/processed/school_a/G4_A_Roll08/sentence_04_dictated_english.json,0.4104666238832526,-0.0048777455619024,,0.0,0.2030528718092901,-6.984497357846424,23.043021279166183,16.450897643076516,0.4680796641766599,3.1153388822829973,1.0761360948744385,0.5087209302325582,7.802521553000287,0.375,0.25,0.4215028602676128,0.5375,34.73684210526316,0.8485833949786958,0.3529411764705882,0.8672268907563025,1.4212885154061623,2.2885154061624653,2.4285714285714284,1.0,2,3,2,3,4,dictated,0,1,0,0.12991316623442845,-0.3521629783683663,,-0.3067727858341558,0.4280524339486092,-0.655240206150995,0.730924449574513,-0.2511947971780209,-0.6713954122053871,0.015533180512455697,0.161566731703487,0.0730130476653102,0.7557224477466422,-0.051134678516276226,0.14562868670517407,0.6818987505658738,0.12173614896136584,-0.1342098960183022,1.0689475063539873,0.10934905095472705,1.083719492982789,0.15761500026101957,0.8894769204831533,4.04694455685957,0.0
G4_A_Roll08,school_a,4,sentence_06_own_english,own_english,latin,0.0,data/processed/school_a/G4_A_Roll08/sentence_06_own_english.json,0.5652603557027258,0.0106848187620737,,0.0829545454545454,0.2021194516301504,-3.3879211950795765,24.169810509880197,19.25278077985613,0.3886564075825812,3.1733333333333325,1.0777829574521256,0.434375,11.48034793145346,0.5,0.3,0.3933369426411549,0.4,,0.6203237377806765,0.3948863636363636,0.2726304579339723,1.4994675186368478,1.2949946751863686,,1.0,2,3,2,3,4,own,0,0,1,0.42277968366653884,1.1303114674439763,,0.22289279481896648,0.3713034849312137,-0.12808649551539064,0.7787946551130719,0.8746948523755612,-1.1072317922061692,0.5273466325232353,0.6066386618120158,-0.375954498394213,5.0,0.15652739143971633,0.21140755147773874,1.0281874433548672,-0.5220666253521462,,0.5860724635036599,0.10734114752087624,-0.04963732317864557,1.4303817999862192,-0.1622322865210336,,0.0
G4_A_Roll09,school_a,4,sentence_02_copy_english,copy_english,latin,1.0,data/processed/school_a/G4_A_Roll09/sentence_02_copy_english.json,0.3033743743026812,-0.0071810738599203,0.0269284052080071,-0.0617760617760617,0.2652186045109694,-10.278909463046894,21.402667032227697,17.338295161204105,0.4851802073618568,3.49527368652451,1.0723575735193491,1.038277511961723,2.953507056530926,0.2727272727272727,0.3636363636363636,0.7449953772217812,0.5135135135135135,64.66216216216216,0.9928615718274194,0.6616541353383459,0.2112284602556976,5.175097276264591,4.287937743190661,0.2857142857142857,3.0,1,2,2,4,2,copy,1,0,0,-0.6877074619575945,-0.251818648876543,-0.13129025198927788,-0.550846698853889,0.844585203428906,-0.6788240606434164,-0.9730359525236811,-0.4903672472824113,-0.07642154132953005,-0.6564657975384776,-0.21665345684864523,0.75229743162431,0.6928512208773813,-0.8788818987119273,0.7863534775716081,1.8679329406445098,0.22688512981899403,0.3598743987250667,1.004999628285549,0.7115108602102979,-0.8390525684384719,1.1369970553628679,0.4313062648304271,-0.13489815189531895,0.0
G4_A_Roll09,school_a,4,sentence_04_dictated_english,dictated_english,latin,1.0,data/processed/school_a/G4_A_Roll09/sentence_04_dictated_english.json,1.888235796466179,-0.0150533863983028,,-0.2139639639639639,0.176073700176488,-10.389993609421252,24.519053057292695,14.122575387150162,0.3219015727064276,2.585774058577406,1.0812953949172646,-0.3600000000000001,-8.716106214622535,0.4,0.4,0.1688552952283214,0.2027027027027027,12.31578947368421,0.2963114130686484,1.8333333333333333,0.246189917936694,0.6154747948417351,0.6506447831184056,0.2857142857142857,1.0,1,2,2,4,2,dictated,0,1,0,5.0,-1.661316680316053,,-4.380043294716901,0.10086435160370692,-1.1994270804941365,1.8630877267615156,-1.3888168915373738,-3.305833675715441,-1.3362063605191976,0.6956372971244117,-1.7991213611291872,-2.7352121410015924,0.051134678516276226,0.6744907594765952,-0.9606641565678192,-2.0005127809788843,-3.0661799321104395,-1.6521185077967606,5.0,-0.7036921561321917,-1.011028096838469,-1.426203782713752,-1.0117361392148927,0.0
G4_A_Roll09,school_a,4,sentence_06_own_english,own_english,latin,1.0,data/processed/school_a/G4_A_Roll09/sentence_06_own_english.json,0.3000291180021213,0.0022771862358483,,0.0527027027027027,0.1202711138074815,-9.28844523680028,23.610331010642305,20.20830008613235,0.4681299737482793,2.926239419588876,1.082080389410105,-0.1241830065359478,-18.74376627677124,0.6666666666666666,0.1111111111111111,0.5247639746409168,0.4594594594594595,,0.6372475740146131,0.2764705882352941,0.156441717791411,2.920245398773006,2.398773006134969,,1.0,1,2,2,4,2,own,0,0,1,-0.7055479659717959,0.3515404612908145,,-0.11941646397914267,-1.0677238404211373,-1.1384554446235553,0.5098977020597144,1.3893203971668464,-0.014331351433285039,-0.018677528162173617,1.2125242285683455,-0.9140078274660516,-5.0,0.886988551491725,-0.8221404779689839,2.3423379508163498,0.28902555108859174,,0.672333515501946,-0.45960613935193984,-0.6410224334238365,4.72347182347584,1.9763952012951231,,0.0
G4_A_Roll11,school_a,4,sentence_02_copy_english,copy_english,latin,1.0,data/processed/school_a/G4_A_Roll11/sentence_02_copy_english.json,,,,,,-15.515673775536207,23.51546610905552,17.428644392590453,0.5362776201658591,4.2163998059194565,1.0843915875421275,,,,,,0.6790123456790124,,,,1.4930747922437673,2.590027700831025,1.889196675900277,0.2857142857142857,1.0,3,4,2,2,3,copy,1,0,0,,,,,,-1.432506878295579,0.6781912898659679,-0.45235607741346695,0.6976208899215354,1.3068014821638532,1.1399979805658558,,,,,,1.3692698593041,,,,2.425656925613637,-0.6632847148263845,-1.207207447273844,-0.13489815189531895,-1.3489815189531904
G4_A_Roll11,school_a,4,sentence_04_dictated_english,dictated_english,latin,1.0,data/processed/school_a/G4_A_Roll11/sentence_04_dictated_english.json,1.3435898775502453,0.2334801762114537,,-0.0987654320987654,0.1843603027539269,-13.425049139234364,22.09253133200985,12.874425311866077,0.2847305722869749,2.751048767697955,1.0814546642726697,-44.4,-0.1359004023902073,1.0,0.0,0.7531609801286204,0.1851851851851851,41.23684210526316,0.6917641796286618,2.955555555555556,0.1929260450160771,0.4823151125401929,0.4340836012861736,0.7142857142857143,1.0,3,4,2,2,3,dictated,0,1,0,3.7975812628528605,5.0,,-2.1869881006556646,0.2013595648507328,-1.6844187704609326,0.0018684567071432902,-1.9986650769014442,-3.9757336916004884,-0.914334760575177,0.7121242379864208,-5.0,-0.9219297261505573,2.5055992472975332,-0.7358081012471944,2.838140887507387,-2.111554695315931,0.715786112097611,0.2962929969237638,5.0,-0.8569913494202287,-1.2041448675788058,-1.7323858112419754,0.0,0.0
G4_A_Roll11,school_a,4,sentence_06_own_english,own_english,latin,1.0,data/processed/school_a/G4_A_Roll11/sentence_06_own_english.json,0.8352845839323246,-0.0013850031517916,,-0.1888162672476397,0.1996779865522589,-6.318642504416178,20.269033982255927,17.716176828768692,0.4637759018189644,3.242811501597444,1.068991838124645,0.3009523809523809,5.024970836384705,0.6,0.1333333333333333,0.3434065103138726,0.4320987654320987,,0.0401586938046316,0.8571428571428571,0.0727650727650727,5.675675675675676,5.53014553014553,,2.0,3,4,2,2,3,own,0,0,1,1.5714973287865657,0.01232405224347923,,-2.852280715177481,0.328378545287463,-0.6299249404579539,-1.0959959748367585,0.047107549573100295,-0.07420745062309311,0.6808783724899479,-0.6328020944896897,-0.5044791699807352,1.9443479949140863,0.5948040874709215,-0.7005465921517225,0.528928638052256,-0.08420429441163703,,-2.3710376345987645,2.320518099199909,-1.0669253383278015,5.0,5.0,,5.0
G4_A_Roll12,school_a,4,sentence_02_copy_english,copy_english,latin,0.0,data/processed/school_a/G4_A_Roll12/sentence_02_copy_english.json,0.6124044328753252,0.1211802382364206,0.1815475217923255,-0.0557692307692307,0.2757383735373545,1.9376039241191925,22.23700188326385,15.710936993989169,0.5514102923764231,3.775656324582339,1.0682029348979645,0.6451612903225806,2.817874494484569,0.2,0.0,0.4169966881018927,0.775,49.94594594594594,0.5850282919316278,0.533498759305211,1.0420168067226891,5.870028011204482,5.244817927170868,0.9285714285714286,3.0,2,4,4,4,0,copy,1,0,0,0.4437973336393097,5.0,3.5072420376116273,-0.4800540396224469,1.0065693318162345,1.0793945037410375,-0.32097374253139765,-1.1750193110847793,0.9268561827947772,0.10687648655105116,-0.685025560036371,0.4718431804716675,0.6744907594765952,-1.3040154683214176,-1.0664245791724547,-0.4576686366567145,2.0318414864303658,-0.43506113922949297,-0.7301724565033689,0.22582101501718857,1.276866114304136,1.6209573887889719,1.0849246664461887,2.2932685822204233,0.0
G4_A_Roll12,school_a,4,sentence_04_dictated_english,dictated_english,latin,0.0,data/processed/school_a/G4_A_Roll12/sentence_04_dictated_english.json,0.2620898190996655,-0.0186674536192459,,-0.0854166666666666,0.2836609625356768,5.73395825989626,22.350002112846536,16.35851339050554,0.5591606553741149,2.891986062717768,1.0702573832460551,0.4870967741935484,3.863714872858088,0.2,0.0,0.4502360931896548,0.775,42.21052631578947,0.6426301576386966,0.3521505376344085,0.9617728531855956,1.957894736842105,2.713573407202216,0.8571428571428571,1.0,2,4,4,4,0,dictated,0,1,0,-0.45328618180920444,-2.1262868534436605,,-1.9328652495118195,1.4056216115798463,1.3771263265946312,0.19935672717104108,-0.2963338953540176,0.9700766160284783,-0.5545855741559558,-0.44697450785534026,0.026411975706638714,-0.07667820147991103,-0.7670201777441428,-0.7358081012471944,0.8687049942454397,1.6272265604124214,0.8431134493457436,0.05420771692633315,0.10367874696950317,1.355833009599444,0.9358359966750605,1.4904392900980596,0.33724537973829743,0.0
G4_A_Roll12,school_a,4,sentence_06_own_english,own_english,latin,0.0,data/processed/school_a/G4_A_Roll12/sentence_06_own_english.json,0.4304920511531846,0.0574826560951436,,0.190625,0.2294411235299083,4.197869451178661,22.95074041352029,16.802854251403442,0.5092047176391192,2.606232294617564,1.0749879599561671,0.9473684210526316,0.594037590086868,0.0,0.0,0.2309982863158149,0.7125,,0.7372435784482647,0.381578947368421,0.6627906976744187,1.6569767441860466,1.877906976744186,,1.0,2,4,4,4,0,own,0,0,1,-0.15054194178158053,5.0,,1.4412183623636095,0.8516630558640502,1.1708569998795342,0.19288536814872673,-0.4447915945462341,0.5505181685862116,-0.7258241315646274,0.2125780557384382,0.11820692219148547,-0.5853273804612854,-2.03485608871631,-1.4301099070552914,-0.5950511274662947,3.7407757792369596,,1.18201467873462,0.043628322748636685,1.936225989471847,1.795457908303682,0.967190384810409,,0.0
G4_A_Roll13,school_a,4,sentence_02_copy_english,copy_english,latin,0.0,data/processed/school_a/G4_A_Roll13/sentence_02_copy_english.json,0.3599548659987373,0.026028184571124,0.1651933348085304,0.0743589743589743,0.227645846238869,-1.0601629900835088,22.40443494277828,18.87546179005073,0.4992094882826757,3.5708390646492414,1.0649777628590795,-1.242753623188406,-2.9775742999707417,0.5,0.1666666666666666,0.8638524875986429,0.5897435897435898,58.0,0.908619741359605,0.9739130434782608,0.3313019390581717,4.45983379501385,5.581163434903047,0.2857142857142857,4.0,3,2,4,1,2,copy,1,0,0,-0.48053959619391906,1.3198426084109576,3.122391582342991,1.0535535600526806,0.26603728241001834,0.647951482871778,-0.19011888170763744,0.1563399902823163,0.13609917384461023,-0.45073890683162754,-1.0486144900625751,-0.8750199967865209,-0.1100340794368009,0.44966050631773025,-0.21723463649809274,2.7106627823630585,0.7530766072648324,0.0,0.6465833836950583,1.8949257542950544,-0.533239760422456,0.6388766881530829,1.3146729848198668,-0.13489815189531895,0.6744907594765952
G4_A_Roll13,school_a,4,sentence_04_dictated_english,dictated_english,latin,0.0,data/processed/school_a/G4_A_Roll13/sentence_04_dictated_english.json,0.4086930555914873,0.0051560488597141,,0.1089743589743589,0.2579122673945228,-2.604483899934124,21.691166274861235,16.83645344421156,0.5388335569739922,3.4018077239112565,1.0675832394376643,0.2666666666666666,11.544075029319089,0.2,0.0,0.3344150939725931,0.7307692307692307,44.18421052631579,0.5724032788775802,0.3391812865497076,0.631578947368421,2.3684210526315788,2.1157894736842104,0.7142857142857143,1.0,3,2,4,1,2,dictated,0,1,0,0.12294210446384353,0.9387413806624528,,1.7677917081636143,1.093356049805714,0.04467124791093468,-0.30599129616789184,-0.06281159684429469,0.6037393265426441,0.7467586002690586,-0.7237914178836721,-0.4486252596974542,1.5464369447300785,-0.7670201777441428,-0.7358081012471944,0.11570633719715324,1.3468518279154633,1.1012094032270936,-0.29180290707067263,0.010665865808382025,0.4054991976770664,1.5312077716666916,0.6452707523316005,0.0,0.0
G4_A_Roll13,school_a,4,sentence_06_own_english,own_english,latin,0.0,data/processed/school_a/G4_A_Roll13/sentence_06_own_english.json,0.4664428901009694,0.0688073394495412,,0.1623931623931624,0.1496946998986068,0.0217334394874827,22.714770653687975,18.0001244498029,0.5701560995911243,4.031690140845072,1.061170493389472,1.526315789473684,0.032510656606278,0.0,0.0,0.1385099596536652,0.7307692307692307,,0.9961199377957176,0.4385964912280702,0.434640522875817,1.9248366013071896,1.9869281045751637,,1.0,3,2,4,1,2,own,0,0,1,0.0023975308240922863,5.0,,1.1217661066785736,-0.5504091884519962,0.45576150605036064,0.07947361755183416,0.20003664080872727,1.388706202858848,2.424129715067774,-1.7355164443627678,0.6759011191974675,-0.9059101510148121,-2.03485608871631,-1.4301099070552914,-1.5198500791579643,3.989988104428322,,2.5015114397596667,0.31661510754055505,0.7749721871655237,2.4163055689488897,1.1784244471168062,,0.0
G4_A_Roll14,school_a,4,sentence_02_copy_english,copy_english,latin,1.0,data/processed/school_a/G4_A_Roll14/sentence_02_copy_english.json,0.3077859093108233,0.0027189290797734,0.0038451463797462,0.1806674338319907,0.2136273059140786,0.7183593205115867,23.12856472229623,19.78630011264283,0.5948338529964702,3.774250440917108,1.0996828485649917,1.0062893081761004,0.3929679734087755,0.0,0.0,0.3668907787576773,0.6708860759493671,40.7027027027027,0.765147110227803,0.6020583190394511,2.4958448753462603,4.815512465373962,4.844875346260388,0.2142857142857142,2.0,2,4,1,4,0,copy,1,0,0,-0.6715547516331941,0.21670885828404587,-0.6744907594765952,2.3064369084162983,0.05017883246892681,0.9039190281572679,0.3758141651587434,0.5395422563330731,1.5846522744451654,0.10304896550475817,2.8638543104057868,0.7294766289084914,0.3462332827394844,-2.4731327847475164,-1.0664245791724547,-0.8129334156583995,1.3131768565598845,-0.9343594936472323,0.03616310476458178,0.4856515659042721,4.979592548753994,0.8865767239198443,0.8117349454662446,-0.4046944556859573,-0.6744907594765952
G4_A_Roll14,school_a,4,sentence_04_dictated_english,dictated_english,latin,1.0,data/processed/school_a/G4_A_Roll14/sentence_04_dictated_english.json,0.279578549144557,0.0211389128559102,,0.0962025316455696,0.1436583388264416,-0.3007824014224929,22.230203459972728,17.445483269438654,0.2933879874504942,2.7988614800759017,1.0957773290663606,0.4351851851851852,6.166004923731484,0.25,0.25,0.2742798229993176,0.6835443037974683,36.26315789473684,0.7546523437310191,0.2444444444444444,1.0426098535286286,2.44474034620506,2.157123834886818,0.7142857142857143,1.0,2,4,1,4,0,dictated,0,1,0,-0.3845462195545379,2.9950271620450755,,1.5246521315774282,-0.2922507544859009,0.41279501763023013,0.10746735361544461,0.23476138023765086,-3.819708766521261,-0.7922905253992109,2.1947504898434276,-0.08545993691291598,0.4098721394435644,-0.5624814636790381,0.14562868670517407,-0.27525712012243087,1.047497407968244,0.0653843083166087,0.6061454819971992,-0.6687678639242043,1.5884906490257173,1.641890939915162,0.7037107666215898,0.0,0.0
G4_A_Roll14,school_a,4,sentence_06_own_english,own_english,latin,1.0,data/processed/school_a/G4_A_Roll14/sentence_06_own_english.json,0.2938656971808861,0.0774550484094052,,0.130801687763713,0.1916931087189965,5.858794561574521,23.74335016264051,17.339702723092373,0.540805950794009,3.577981651376146,1.0821776330265234,-1.1111111111111112,-3.7476659402887016,0.5,0.0,0.2104417123236605,0.6835443037974683,,0.6397695063745794,0.3024691358024691,1.6322418136020151,2.856423173803526,2.856423173803526,,1.0,2,4,1,4,0,own,0,0,1,-0.7317679474085466,5.0,,0.7642984855007733,0.1879913645904049,1.4552634604705577,0.5738293469524793,-0.1556546452469391,0.9850903579345273,1.4215319844967083,1.2262343941330824,-1.8647057782742291,-3.064060391649858,0.15652739143971633,-1.4301099070552914,-0.8005981274435,3.3457883564319935,,0.6851878432933592,-0.3351311193985545,5.0,4.575544173937995,2.863116022801472,,0.0
G4_A_Roll15,school_a,4,sentence_02_copy_english,copy_english,latin,0.0,data/processed/school_a/G4_A_Roll15/sentence_02_copy_english.json,0.4313707671330349,0.046309730639802,0.1276031971370632,-0.0150361445783131,0.3283622748118618,1.58877392795978,22.96579801119564,16.62009687244522,0.4397454257145104,3.058548009367679,1.074381280816716,0.9292149292149292,1.1146392413108903,0.1428571428571428,0.0476190476190476,0.5179326935689897,0.6686746987951807,59.87837837837838,0.9410618986894508,0.4972972972972972,1.0146814404432134,3.7204986149584487,6.057340720221607,0.3571428571428571,4.0,0,2,0,4,3,copy,1,0,0,-0.21905229949350222,2.2796869921757916,2.2378118957581794,0.0,1.8168757899629773,1.0291903779299896,0.2486062207445579,-0.792523189670695,-0.7646843499490426,-1.8454523133607732,0.011488658382578187,0.6744907594765952,0.4439252916380886,-1.6380489873003032,-0.8237988812654942,0.2579956062420305,1.2979124377176503,0.10146560126325416,0.7846121531556142,0.08862284961332917,1.2072462015353511,0.12399242377497952,1.6399365249435982,0.13489815189531895,0.6744907594765952
G4_A_Roll15,school_a,4,sentence_04_dictated_english,dictated_english,latin,0.0,data/processed/school_a/G4_A_Roll15/sentence_04_dictated_english.json,0.2247989212190233,-0.0464647232287489,0.065711041762009,0.0791738382099827,0.2804803701754618,0.3665536822419576,21.40876380118688,13.832812288961115,0.550394819586569,2.637844611528823,1.0667168700781715,0.4235294117647058,5.799247134046239,0.4,0.2,0.6782272038075333,0.7168674698795181,53.76315789473684,0.7017931034948104,0.2929171668667467,0.7,2.0,2.566666666666667,1.0,2.0,0,2,0,4,3,dictated,0,1,0,-0.5998591408621541,-5.0,0.4236053012258344,1.2004738284138943,1.3670491924847272,0.5194330846484552,-0.5226029672842784,-1.5303956192202934,0.8120977220773332,-1.2032937836314554,-0.8134745861132593,-0.1105786761100367,0.3323640393933553,0.051134678516276226,-0.030658670885299596,2.3509664258919383,1.2587298585607363,2.3538350993979136,0.34570590357946873,-0.3211311699642784,0.6024223952817872,0.9968997684690744,1.2827372289941925,0.6744907594765951,5.0
G4_A_Roll15,school_a,4,sentence_06_own_english,own_english,latin,0.0,data/processed/school_a/G4_A_Roll15/sentence_06_own_english.json,0.1042292871117231,-0.0017048505586614,0.0453962374436745,0.0688468158347676,0.1353683465021858,-0.3775757839198395,22.330446010193075,14.067532177230309,0.4539074543997509,2.652152399802078,1.0549793829170733,2.71,1.0049128038448818,0.0,0.4,0.3711237768037457,0.4819277108433735,,0.4378439622916909,0.7050000000000001,0.1833180568285976,0.6599450045829515,1.53987167736022,,2.0,0,2,0,4,3,own,0,0,1,-1.5385055199290343,-0.01730234806439694,0.024618488597713102,0.06325933020378646,-0.8022898565086957,0.38738628419369314,-0.10524043499141093,-1.917986958946388,-0.2099158509698932,-0.6243506208981894,-2.608387618147222,1.816132254712426,-0.35075356658941764,-2.03485608871631,0.7585800376554156,0.8060760351202948,0.5955171183088045,,-0.34402974172369116,1.5920933620221784,-0.5042254709557714,-0.5154700141346956,0.3122295445360597,,5.0
G4_A_Roll16,school_a,4,sentence_02_copy_english,copy_english,latin,0.0,data/processed/school_a/G4_A_Roll16/sentence_02_copy_english.json,1.014550822620044,-0.0170664185361222,0.0325075731699716,-0.1418439716312056,0.2027285421831894,-1.816708347438548,21.63549961861592,16.45455794614473,0.4757347844912996,2.894280762564992,1.0665106628969483,0.6418604651162788,9.501917449793613,0.3720930232558139,0.3488372093023256,0.3864164834996747,0.326797385620915,58.91891891891892,0.7056727663826405,0.4,0.3041362530413625,3.117396593673966,3.421532846715328,0.1428571428571428,4.0,3,4,0,0,4,copy,1,0,0,1.9162449351115993,-0.7196524391064446,0.0,-1.4944757523936174,-0.11764108249494526,0.5390683629549368,-0.7910690472098512,-0.8621677029773275,-0.21950428626153692,-2.292670216166865,-0.8758034034333713,0.4694883286226158,1.5793038134407598,-0.29803080069896104,0.7109497194483035,-0.6744907594765952,-1.0619557064703573,0.04963784810000923,-0.2168771111482354,-0.2801194593305729,-0.6024275178301365,-0.29601699678409504,-0.16051096899577835,-0.6744907594765952,0.6744907594765952
G4_A_Roll16,school_a,4,sentence_04_dictated_english,dictated_english,latin,0.0,data/processed/school_a/G4_A_Roll16/sentence_04_dictated_english.json,,,,,,-1.50209007579508,20.10388443324266,9.533710325049007,0.2998965956066622,1.9000266951414844,1.063580357399916,,,,,,0.196078431372549,,,,0.1588235294117647,0.1676470588235294,0.1323529411764706,0.5714285714285714,1.0,3,4,0,0,4,dictated,0,1,0,,,,,,0.22083008208260332,-1.5234869072090529,-3.6309439293184798,-3.702409886803063,-3.086609304257531,-1.1381541134950812,,,,,,-2.042503420854238,,,,-0.9551420817003485,-1.6604968003755474,-2.158983527415866,-0.33724537973829766,0.0
G4_A_Roll16,school_a,4,sentence_06_own_english,own_english,latin,0.0,data/processed/school_a/G4_A_Roll16/sentence_06_own_english.json,0.5857238888760716,0.0058755931243996,,-0.0612745098039215,0.12878767074252,-2.8912531615897983,21.239435227229983,17.239994721233057,0.4894672844036599,2.821576763485476,1.0604149862964796,1.8571428571428568,1.2905078762417486,0.4285714285714285,0.4285714285714285,0.1438043375221093,0.4052287581699346,,0.4437841360338987,0.3588709677419355,0.543859649122807,0.7614035087719297,1.631578947368421,,1.0,3,4,0,0,4,own,0,0,1,0.5098341742648186,0.6848489098230758,,-1.409105011320299,-0.9179888736098119,-0.04304015801985757,-0.6296018739480729,-0.20935558508129104,0.27909396399239217,-0.24995938406845494,-1.8420337429964646,0.9945835174866,-0.18770375703190798,-0.15652739143971633,0.9149150337061799,-1.4669111269755757,-0.4507406347917021,,-0.31375258535249345,-0.06509222057419892,1.3308828970777604,-0.2803087038312968,0.48991711365472745,,0.0
G4_A_Roll17,school_a,4,sentence_02_copy_english,copy_english,latin,1.0,data/processed/school_a/G4_A_Roll17/sentence_02_copy_english.json,0.269896577103953,-4.818477602001688e-05,,-0.0280289330922242,0.1588151570595676,0.6794704502559795,24.04236513374365,18.433917723536133,0.4677008452412769,4.055496264674493,1.0783474306332066,-0.0615384615384615,-31.712448630595315,0.5384615384615384,0.0769230769230769,0.2475527341181983,0.569620253164557,21.364864864864863,0.722509254996506,0.3158730158730159,0.1916058394160584,1.7518248175182485,1.916058394160584,0.2142857142857142,1.0,2,1,3,2,0,copy,1,0,0,-0.8102854669948522,0.08575243687872793,,-0.15312467567100013,-0.7938224127072206,0.8983220847852599,1.0899815225935634,-0.029423698676378826,-0.3412053573796389,0.8687412743606443,0.4586115252297177,-0.03232566016162486,-3.9998489074096986,0.6744907594765952,-0.6744907594765952,-1.6590732145408693,0.6141717454396596,-1.9789442088106615,-0.1452443962895792,-0.5989482370373598,-0.8890290398412478,-1.247021951490497,-1.1888589500974014,-0.4046944556859573,-1.3489815189531904
G4_A_Roll17,school_a,4,sentence_04_dictated_english,dictated_english,latin,1.0,data/processed/school_a/G4_A_Roll17/sentence_04_dictated_english.json,0.1516714930661793,-0.01960137618404,,-0.0797468354430379,0.1272905641195117,-1.9319809928460925,22.8958730336438,19.69007046725969,0.5074324521102366,3.781902552204176,1.0688773289475542,0.7463768115942028,0.8553888440148592,0.1111111111111111,0.0,0.2138364779874214,0.5822784810126582,16.94736842105263,0.0206572093929522,0.2021739130434782,0.4679552390640895,1.4506612410986774,1.4506612410986774,0.5714285714285714,1.0,2,1,3,2,0,dictated,0,1,0,-0.8872886247700309,-2.246441269533014,,-1.824927651583231,-0.49074983709311487,0.1521349559757065,0.6180570693786773,1.3314703871020888,0.03782502750135899,1.7169688290187197,-0.5898323322489502,0.5851726347842838,-0.7124373902004495,-1.130644558304329,-0.7358081012471944,-0.6682234900305866,0.4055827755041032,-2.4605147603355384,-3.0102777297902,-0.9719236813370935,-0.06542755080092634,0.2002132239540972,-0.2951115902536775,-0.33724537973829766,0.0
G4_A_Roll17,school_a,0,sentence_05_custom,own_english,latin,1.0,data/processed/school_a/G4_A_Roll17/sentence_05_custom.json,,,,,,1.25041057677361,21.264356164714314,12.780447673773368,0.5883329750852392,2.9426433915211976,1.0583047666658223,,,,,,,,,,0.7374005305039788,,,,1.0,2,1,3,2,0,own,0,0,1,,,,,,0.1847250184024139,-0.13305409418801714,-1.683803896566968,1.5988862265967094,-0.3024590893726837,-1.856664541230136,,,,,,,,,,2.9176376871212835,,,,0.0
G4_A_Roll18,school_a,4,sentence_02_copy_english,copy_english,latin,0.0,data/processed/school_a/G4_A_Roll18/sentence_02_copy_english.json,0.8518461978444637,0.000766047221097,0.001973484211223,-0.07226738934056,0.1912109784682926,-6.126786990311799,23.094817552321462,18.761725490143807,0.4675045162610672,3.175745118191161,1.0708546283571172,1.3935185185185184,1.3767788192003496,0.25,0.375,0.4564299685194868,0.3292682926829268,37.78378378378378,0.5420350603525712,0.6323731138545954,0.3490725126475548,1.957841483979764,3.0050590219224285,1.9285714285714288,3.0,4,2,3,1,4,copy,1,0,0,1.320506565680177,0.12428677774544152,-0.7185351401834424,-0.6744907594765952,-0.2949893222541768,-0.08124449094147404,0.34943955764066664,0.10848955758145266,-0.3441794210910342,-1.5263829538679994,-0.38608758837264723,1.005731009249734,0.4794108972245464,-1.011736139214893,0.8442527918448604,-0.1780757535772388,-1.0448998368990454,-1.0920326582002027,-0.9130919457856217,0.6005401367670464,-0.4879802321434059,-1.103548811536954,-0.4449927256809691,5.0,0.0
G4_A_Roll18,school_a,4,sentence_04_dictated_english,dictated_english,latin,0.0,data/processed/school_a/G4_A_Roll18/sentence_04_dictated_english.json,0.7455809368831212,0.0006554866729829,,0.0193687230989956,0.191809673282139,-1.92514611245584,23.23704082319748,22.490983783161912,0.4316055039006667,3.607004775983625,1.0661211847571477,0.9739583333333331,2.2596376753499965,0.5,0.25,0.2779900917820441,0.2926829268292683,35.26315789473684,0.6939966891350025,0.7107843137254902,0.2064220183486238,1.1697247706422018,1.2522935779816513,2.4285714285714284,1.0,4,2,3,1,4,dictated,0,1,0,1.4470897232216697,0.35971862009800115,,0.06195308338343938,0.2917013029506138,0.15322714692859943,0.8797436051401272,2.700001252812489,-1.3287368954196654,1.2705338900408643,-0.8751376011678905,1.0756215037203425,-0.4156729806212525,0.4602121066464856,0.14562868670517407,-0.2511351782503417,-1.4301365087988362,-0.0653843083166087,0.30729266002990624,2.6757286346668656,-0.8181484769238982,-0.2072189884094362,-0.5755709642453953,4.04694455685957,0.0
G4_A_Roll18,school_a,4,sentence_06_own_english,own_english,latin,0.0,data/processed/school_a/G4_A_Roll18/sentence_06_own_english.json,1.3363823493583964,-0.001651104744374,,-0.1036585365853658,0.1561304704776873,-5.724776016820735,24.046188878154915,22.62888421612761,0.2735054937194255,3.691550451189499,1.0733481623731485,0.606060606060606,6.16330764371787,0.3636363636363636,0.2727272727272727,0.2537615758289624,0.2195121951219512,,0.9411548633311492,1.273148148148148,0.1323529411764706,0.75,1.0588235294117647,,1.0,4,2,3,1,4,own,0,0,1,3.7032313915007498,-0.01232405224347925,,-1.8886938056773521,-0.43725784085760966,-0.5282349456812551,0.7193796450051175,2.693003555036863,-2.6907581216281553,1.6724944936836685,-0.018613432030942834,-0.21057147494151796,2.5942387584005653,-0.44112264860283645,0.06217869161109957,-0.36743898398237557,-2.9841180434172694,,2.221353614965179,4.312255013148755,-0.7636310768829107,-0.30673984517621933,-0.6198260714511389,,0.0
G4_A_Roll19,school_a,4,sentence_02_copy_english,copy_english,latin,0.0,data/processed/school_a/G4_A_Roll19/sentence_02_copy_english.json,0.3963717825858073,0.0049552713240109,0.0111515034899643,0.0790123456790123,0.1540474374154362,-14.27922169333622,22.81106318998289,21.294416687777883,0.4440511890540956,3.4233365477338484,1.0739717760412009,1.5041152263374489,1.4666249769545774,0.4074074074074074,0.3333333333333333,0.4559751500738996,0.4444444444444444,38.45945945945946,0.5981156677185402,0.2259259259259259,0.3428571428571428,2.3394957983193274,3.8319327731092434,2.142857142857143,3.0,1,4,2,3,2,copy,1,0,0,-0.34720008886752785,0.3225459841145288,-0.5025558988192688,1.1083952111266315,-0.867236088331918,-1.254554877098605,0.127675482495466,1.1740277349587493,-0.699459060822405,-0.8523147995155669,-0.034676755857343484,1.0846321462772919,0.4915732930870652,-0.09159751054620441,0.6319553061762697,-0.1813005423630765,-0.24987623913950768,-1.0555342404796075,-0.6744907594765952,-0.9398343515666291,-0.5038100365883209,-0.8377589422239174,0.1198218756003281,5.0,0.0
G4_A_Roll19,school_a,4,sentence_04_dictated_english,dictated_english,latin,0.0,data/processed/school_a/G4_A_Roll19/sentence_04_dictated_english.json,0.5237666667426962,-0.0017887179574696,,0.0493827160493827,0.3026076780217981,-13.556476794411086,22.052617449827142,19.10661737543128,0.489437166333553,3.125884016973125,1.0747156233266135,0.4476190476190474,8.035736022159774,0.2,0.4,0.3869688591594725,0.5185185185185185,37.21052631578947,0.4501267269643167,0.4325396825396825,0.2358225715889949,1.580011229646266,1.674340258281864,0.8571428571428571,1.0,1,4,2,3,2,dictated,0,1,0,0.5752422810197086,0.045257880797133665,,0.6333348715765986,1.6353966243567912,-1.7054204687713608,-0.028746759256966545,1.0463942441425764,-0.2864880685041906,0.04245014117159972,0.014525071708136399,-0.05866437934482646,0.8050084095370733,-0.7670201777441428,0.6744907594765952,0.4573793919632154,0.0014143032118662474,0.1892703661796566,-0.894264340272464,0.680213655028986,-0.7335305014212887,0.38780493078201705,0.021133891235259668,0.33724537973829743,0.0
G4_A_Roll19,school_a,4,sentence_06_own_english,own_english,latin,0.0,data/processed/school_a/G4_A_Roll19/sentence_06_own_english.json,0.1839222721046283,-0.0085305352829066,,-0.0033670033670033,0.1044784273423911,-9.687020368071032,23.76108484047888,16.710962002893957,0.4425643805780178,2.922476296709425,1.068667727319326,1.225,1.8142935726338425,0.5,0.3,0.2975659327387676,0.4444444444444444,,0.34355204870743,0.1792929292929293,0.1832993890020366,0.6598778004073319,1.1731160896130346,,1.0,1,4,2,3,2,own,0,0,1,-1.1994813566017488,-0.6495427967048366,,-0.7538630887084677,-1.3453850363421256,-1.2067049651195756,0.5823529851565893,-0.4942831099354786,-0.36590294174224774,-0.026993216641385615,-0.6784977706266929,0.38564663939208155,0.11133206781244055,0.15652739143971633,0.21140755147773874,0.07056465184612438,0.08420429441163703,,-0.8246370666988445,-0.9248702470725735,-0.5043204876902266,-0.51562578049576,-0.39837833684191415,,0.0
G4_A_Roll20,school_a,4,sentence_02_copy_english,copy_english,latin,0.0,data/processed/school_a/G4_A_Roll20/sentence_02_copy_english.json,2.284085834964372,-0.425586882846579,1.007311421787658,-0.0360725308641975,0.2050936219863999,-13.089648974663552,27.38542337460189,17.419712818022777,0.3030091661895928,3.637852932050884,1.0817596851831053,-3.269396551724138,-5.967219320156422,0.5344827586206896,0.2241379310344827,0.4979476087492467,0.1975308641975308,139.67567567567568,0.8426706352376646,1.4627659574468086,0.4432132963988919,2.1362880886426594,2.9961218836565098,0.1428571428571428,6.0,1,0,4,0,0,copy,1,0,0,5.0,-5.0,5.0,-0.24792136221312802,-0.08122342070706308,-1.083349822810955,3.702699835822071,-0.4561137142287411,-2.8360155770078372,-0.26829352090337266,0.8432911534220936,-2.320853553352465,-0.5147397132978704,0.651232457425678,0.07558948166548048,0.11629581803859355,-1.9542405532906735,4.411928734065524,0.3659955709770465,3.7476057077774256,-0.24821490082336647,-0.9792758819494018,-0.4510974377715579,-0.6744907594765952,2.023472278429786
G4_A_Roll20,school_a,4,sentence_04_dictated_english,dictated_english,latin,0.0,data/processed/school_a/G4_A_Roll20/sentence_04_dictated_english.json,0.5066428382174808,-0.0080020718309806,,0.0109739368998628,0.2415658891811893,-10.413940488586558,23.940712547364875,20.86068817631092,0.4518635594483302,4.255492270138323,1.0823311570865837,0.157051282051282,6.074721649013116,0.75,0.125,0.3531141302500575,0.4814814814814814,16.026315789473685,1.183108501481042,0.2222222222222222,1.5753275109170306,0.638646288209607,0.7663755458515285,0.2857142857142857,1.0,1,0,4,0,0,dictated,0,1,0,0.5079365748044924,-0.7541252102333652,,-0.09785997307621075,0.8951164517299008,-1.203253711434404,1.4194821779155602,1.9034361304502594,-0.9636439041081408,2.925829235338896,0.8028553466307662,-0.6848515622187578,0.3905809522111024,1.4829056769720093,-0.2950897072710102,0.23727625370805902,-0.2333600299578893,-2.5809595388135014,2.7171660073822634,-0.8281412079355515,3.121709745760321,-0.9774233007388412,-1.2625794461777742,-1.0117361392148927,0.0
G4_A_Roll20,school_a,4,sentence_06_own_english,own_english,latin,0.0,data/processed/school_a/G4_A_Roll20/sentence_06_own_english.json,0.6018049248767963,-0.0114052445589493,,0.0106621773288439,0.1940947259419201,-15.364903911731046,24.577931903632525,22.68942805922772,0.4172132456332291,4.546820230345519,1.0805021710371912,0.0571428571428571,29.11700534052224,0.8095238095238095,0.1428571428571428,0.4348901503592164,0.4320987654320987,,0.638094047432172,0.3233766233766234,0.2132963988919667,1.0083102493074794,1.2022160664819943,,1.0,1,0,4,0,0,own,0,0,1,0.578244960685568,-0.9158175450740642,,-0.5951184302447226,0.23021571392675388,-2.178950343428951,0.9749458981977231,2.7256113820420302,-0.7145253566152175,3.5624559105651388,0.9900146594377254,-0.7393384404774536,5.0,1.5130981172505897,-0.6484349268014679,1.4436816394761176,-0.08420429441163703,,0.6766480034512444,-0.23503091471428209,-0.3516397289608005,0.2919736601875166,-0.34199562966076585,,0.0
G4_A_Roll22,school_a,4,sentence_02_copy_english,copy_english,latin,1.0,data/processed/school_a/G4_A_Roll22/sentence_02_copy_english.json,0.8705613134205508,-0.0029783909275478,0.00605999767237,0.0306725794530672,0.210368531533884,-13.90897686030574,21.789400286778143,19.774365744258496,0.5141767906989559,3.4820322180916974,1.0817081151316137,-0.0162271805273832,-175.70536315906173,0.4137931034482758,0.1724137931034483,0.4924411490953608,0.5182926829268293,68.01351351351352,1.4169878571144872,0.8745098039215686,0.2119113573407202,6.969529085872576,7.134349030470914,0.1428571428571428,4.0,0,1,1,1,1,copy,1,0,0,1.3890314306150064,-0.05292248998795145,-0.6223703740876302,0.5386937172991414,0.0,-1.201268696486264,-0.6707902290872225,0.5345213026738695,0.36282938415889965,-0.6925157214147127,0.8374774170951144,0.0,-5.0,-0.05426937145214019,-0.18795222468173506,0.07725349353789442,0.2598741853063138,0.5409065506192181,2.809492118068099,1.5182022369023804,-0.8373133111333658,2.3866666601521906,2.3756111287836603,-0.6744907594765952,0.6744907594765952
G4_A_Roll22,school_a,4,sentence_04_dictated_english,dictated_english,latin,1.0,data/processed/school_a/G4_A_Roll22/sentence_04_dictated_english.json,,,,,,-18.874177319793567,22.420204060166707,13.688074792633136,0.2699821326536603,2.610708534621578,1.0800666280927802,,,,,,0.1829268292682926,,,,0.2814569536423841,0.0745033112582781,0.1655629139072847,0.4285714285714285,1.0,0,1,1,1,1,dictated,0,1,0,,,,,,-2.5551711699393804,0.25320385154921454,-1.6011145986424327,-4.241531755498349,-1.2725599178269391,0.5684401604439538,,,,,,-2.1258702034360377,,,,-0.6021898089145895,-1.7955798783279355,-2.112030067280222,-0.6744907594765953,0.0
G4_A_Roll22,school_a,4,sentence_06_own_english,own_english,latin,1.0,data/processed/school_a/G4_A_Roll22/sentence_06_own_english.json,,,,,,-9.226495560048695,21.60676290467098,14.633924123674587,0.2503090445429343,2.850474683544304,1.0802011299959482,,,,,,0.1829268292682926,,,,0.0970088924818108,0.036378334680679,0.0485044462409054,,1.0,0,1,1,1,1,own,0,0,1,,,,,,-1.1278475682121516,-0.45305690068167614,-1.6129384245109957,-3.009749841170433,-0.18610122460769982,0.9475715390640023,,,,,,-3.4831825200520923,,,,-0.9435275462667468,-1.9607776926572729,-2.5773714427916774,,0.0
G4_A_Roll23,school_a,4,sentence_02_copy_english,copy_english,latin,1.0,data/processed/school_a/G4_A_Roll23/sentence_02_copy_english.json,0.3098165100226553,-0.0005482150299108,,0.0307692307692307,0.1046263700672986,-7.371340455332657,22.82876274930674,20.32755584370418,0.4286814462530641,3.436518618214446,1.0741774632814731,1.2444444444444442,1.3432894699898192,0.5,0.4166666666666667,0.3425717049262795,0.3529411764705882,17.66216216216216,0.2673174013268298,0.3692307692307692,0.2297592997811816,0.8041575492341357,1.1980306345733045,0.3571428571428571,1.0,1,3,0,1,2,copy,1,0,0,-0.6641197647131748,0.062088006697500794,,0.539832787747711,-1.6282250889725955,-0.2603624550626819,0.14150831442651535,0.767256020138498,-0.932285586326689,-0.8164265866811723,-0.011488658382553155,0.8993796161772403,0.47487747328681057,0.44966050631773025,1.056550277513451,-0.9853623866782545,-0.8814936026190573,-2.178955537919522,-2.0819088046300673,-0.39673027497949953,-0.7918567336321461,-1.9069918507574426,-1.6793238634630772,0.13489815189531895,-1.3489815189531904
G4_A_Roll23,school_a,4,sentence_04_dictated_english,dictated_english,latin,1.0,data/processed/school_a/G4_A_Roll23/sentence_04_dictated_english.json,0.9221557854538548,-0.002008693361433,,0.188235294117647,0.1594396184333813,-9.371693900923791,21.06959820510772,18.2180412334934,0.5427135357059274,3.312209547950993,1.075993343486092,0.4625850340136054,4.1297196969148535,0.5,0.1666666666666666,0.4501363037871901,0.5764705882352941,13.263157894736842,0.1821335648510804,0.1166180758017492,0.6901408450704225,1.1920614596670935,0.8783610755441742,0.2857142857142857,1.0,1,3,0,1,2,dictated,0,1,0,2.1411223027582933,0.016956801870885354,,3.2766964024138967,-0.10086435160370726,-1.0367062038361434,-0.7827537570277439,0.6122344756585776,0.6736647464890178,0.5180549707448817,0.14678966619925127,-0.026411975706638835,-0.020462548815725706,0.4602121066464856,-0.14818357594561565,0.8680562234132805,0.3687670833480713,-2.9422938742473916,-2.2146773058715294,-1.5855130759778149,0.5740466799172933,-0.17482487947975267,-1.104250255521323,-1.0117361392148927,0.0
G4_A_Roll24,school_a,4,sentence_02_copy_english,copy_english,latin,0.0,data/processed/school_a/G4_A_Roll24/sentence_02_copy_english.json,0.3069840437956733,-0.0018601368262426,0.0098004053954487,0.0753012048192771,0.1167126717261614,-7.320604907130242,22.04862162792088,21.771130880454887,0.4624371152867608,3.9493162714841294,1.0692749827928645,-4.33448275862069,-3.2346771290473377,0.5,0.4,0.3930675219755746,0.3493975903614458,38.608108108108105,0.5851703732064271,0.824712643678161,0.5443686006825939,2.7218430034129693,2.193970420932878,0.8571428571428571,2.0,3,2,3,1,1,copy,1,0,0,-0.6744907594765953,0.0,-0.5343502470985283,1.0646580841882598,-1.442119383160348,-0.2530605203865066,-0.4681995781360105,1.374587981888756,-0.4209422776630782,0.5796660338679512,-0.5641685197470413,-3.080699975671759,-0.14483786473785834,0.44966050631773025,0.9716312832460148,-0.6273330540243328,-0.9059538275386609,-1.0475045885810768,-0.7295679559048254,1.3294783940303987,0.009415576424670252,-0.571486533251154,-0.9990249272282843,2.023472278429785,-0.6744907594765952
G4_A_Roll24,school_a,4,sentence_04_dictated_english,dictated_english,latin,0.0,data/processed/school_a/G4_A_Roll24/sentence_04_dictated_english.json,0.12908506361684,-0.0045616084856817,,-0.019578313253012,0.0882865626192598,-6.46002022720337,19.708391122118133,19.42486894642814,0.5217074644174514,4.2164048865619534,1.0699214372039634,1.2358803986710964,2.2356715222400507,0.5714285714285714,0.4285714285714285,0.2119085026774927,0.5180722891566265,33.6578947368421,0.6206259849313555,0.3662790697674418,0.388481084133258,1.990965556182948,1.5296442687747036,0.8571428571428571,1.0,3,2,3,1,1,dictated,0,1,0,-0.9760652428452118,-0.3114901568418104,,-0.6794886605531024,-0.9637682317397878,-0.5714305204826825,-1.826842844299117,1.2018924866255767,0.2950909300450512,2.826056819252167,-0.4817503284437053,1.6400758570994864,-0.42073782462813375,0.752410269596635,0.775226392385437,-0.6807580289226038,-0.0014143032118655436,-0.2753023508067739,-0.054207716926332604,0.20500576051010114,-0.29416277357195264,0.9837974346002298,-0.18344253013614906,0.33724537973829743,0.0
G4_A_Roll24,school_a,4,sentence_06_own_english,own_english,latin,0.0,data/processed/school_a/G4_A_Roll24/sentence_06_own_english.json,0.5167636874377312,-0.0100795646836043,,0.0819277108433734,0.1861436035378228,-5.347125628191911,23.194855873197195,22.17701426412813,0.4702142690123047,3.795771015987623,1.0736122054929924,3.442307692307692,1.4732370729564814,0.25,0.5,0.2942983399436092,0.3132530120481928,,0.3738150432829725,0.8076923076923077,0.2921348314606741,0.6491885143570537,1.1036204744069913,,1.0,3,2,3,1,1,own,0,0,1,0.21646864657632994,-0.793024232314602,,0.21127383337116762,0.0904220087508828,-0.46356844765645877,0.310212103783822,2.4496345109002275,0.014331351433285802,1.9027994233263625,0.018613432030911526,2.521556914533699,-0.08338136633067128,-0.9391643486382968,1.3057525238330923,0.037891702722974194,-1.7053905892284476,,-0.6703861207182888,2.0837603298030305,0.04963732317864528,-0.5404014908601588,-0.5330296783251343,,0.0
G4_A_Roll25,school_a,4,sentence_02_copy_english,copy_english,latin,0.0,data/processed/school_a/G4_A_Roll25/sentence_02_copy_english.json,0.2093482070430363,-0.0019767619371716,0.0107154604605936,-0.0182501341921631,0.1115746808965212,-13.391624496104628,20.10730766150301,14.433178329478066,0.5171967236365254,3.228540185893931,1.0725685835327987,0.5235880398671096,5.751897085291098,0.5813953488372093,0.2093023255813953,0.3569488008945618,0.4320987654320987,36.9054054054054,0.8415443610398405,0.2633540372670807,0.5294117647058824,3.294117647058824,3.901960784313725,3.2857142857142856,3.0,3,4,3,2,4,copy,1,0,0,-1.0319816068653311,-0.005519399623287592,-0.512816962761873,-0.03787802108098805,-1.521234520014959,-1.1268105837466527,-1.9854051385405211,-1.7125900341887488,0.4085764407110135,-1.3826482781118568,-0.19286529792566418,0.3851112344468615,1.071666833678644,0.925464065328352,0.0,-0.8834247931148017,-0.33509445484706635,-1.1394806012369763,0.361203712038066,-0.7979873673366751,-0.028677698249227727,-0.17294576735150152,0.16765607419498793,5.0,0.0
G4_A_Roll25,school_a,4,sentence_04_dictated_english,dictated_english,latin,0.0,data/processed/school_a/G4_A_Roll25/sentence_04_dictated_english.json,0.2055819030970793,-0.0037940520746821,,0.0128600823045267,0.0985289147796826,-12.19282051092882,18.30878638067197,17.093561036597414,0.4678620781483456,3.343688223665631,1.0744349892383942,0.535840188014101,2.587592159583198,0.4782608695652174,0.1739130434782608,0.2988208111289753,0.4567901234567901,31.973684210526315,0.6026318837215383,0.3277027027027027,0.2664819944598338,1.004432132963989,1.7013850415512466,0.2857142857142857,1.0,3,4,3,2,4,dictated,0,1,0,-0.6753921896861044,-0.21273968666805493,,-0.06195308338343931,-0.8395547974772086,-1.487512770225684,-2.9003841557561243,0.06281159684429295,-0.6753167724641727,0.5984057960981247,-0.014525071708136399,0.13145632198610147,-0.346365307571754,0.3712822309660053,-0.12263468354119918,-0.11570633719715288,-0.3898762520710591,-0.49554423145219245,-0.14286536906338648,-0.07165624734114928,-0.6452893628209986,-0.44693704618674357,0.05937078361120097,-1.0117361392148927,0.0
G4_A_Roll25,school_a,4,sentence_06_own_english,own_english,latin,0.0,data/processed/school_a/G4_A_Roll25/sentence_06_own_english.json,0.197244871360196,-0.0061221162396567,,0.0161443494776828,0.095281214121047,-10.680941291105086,20.563275032234355,14.875353569093766,0.444567483755146,2.75726243229936,1.063427542740345,1.5303030303030305,1.5463881658104826,0.1666666666666666,0.25,0.2867193084734353,0.4074074074074074,,0.5680598813654726,0.2564102564102563,0.188034188034188,0.4700854700854701,0.9715099715099714,,1.0,3,4,3,2,4,own,0,0,1,-1.1428053133293623,-0.4264589600005449,,-0.5330859021681189,-1.5070870512478025,-1.3768977872150319,-0.9545778855051638,-1.4829088593714859,-0.33835677198018327,-0.39208015982443073,-1.417299974963736,0.6797419883228534,-0.04161848975626636,-1.3043949286643015,-0.06217869161109957,-0.037891702722974194,-0.4210214720581829,,0.31968278840018016,-0.5556503586584738,-0.48022099539706614,-0.9555279202009993,-0.789000596581854,,0.0
G4_A_Roll26,school_a,4,sentence_02_copy_english,copy_english,latin,0.0,data/processed/school_a/G4_A_Roll26/sentence_02_copy_english.json,0.364426390778487,-0.0051535007365997,0.0004833118971219,-0.0750377073906485,0.1880288642569747,-6.008715962249743,24.825629296984424,20.872776205673222,0.4821051377394448,3.165767959645156,1.1075423193534748,-0.0583333333333333,-44.7167758909668,0.5625,0.15625,0.4227375621959601,0.4807692307692308,45.51351351351352,0.5706161525925698,0.2207843137254902,0.8337965536409115,3.543635352973874,3.4811006114508056,0.2857142857142857,2.0,1,1,1,3,4,copy,1,0,0,-0.4641672350220435,-0.15586172978853693,-0.7536022146934004,-0.7071399519475673,-0.3439877361600747,-0.06425153502389191,1.702130182878166,0.9966377589403641,-0.12300382869363002,-1.5535457876510954,3.749889703278896,-0.03003907980411783,-5.0,0.8150096677008861,-0.27030900791524004,-0.4169642488310338,0.0008619724615775168,-0.6744907594765952,-0.7914905075207145,-0.9593202983210355,0.7465540011230539,0.0008221581106084602,-0.1198218756003278,-0.13489815189531895,-0.6744907594765952
G4_A_Roll26,school_a,4,sentence_04_dictated_english,dictated_english,latin,0.0,data/processed/school_a/G4_A_Roll26/sentence_04_dictated_english.json,0.1624902302608472,-0.0172843832962916,,0.0512820512820512,0.1396592704134033,0.0241291490906823,24.54535657944356,18.47287575526205,0.5987007324862436,2.3751891074130125,1.1135103261056432,1.5531914893617025,1.2145054370230104,0.1666666666666666,0.5,0.1377359712978081,0.6025641025641025,34.13157894736842,0.4751036124390688,0.1793313069908814,0.8162464985994398,1.4218487394957984,2.343417366946779,1.0,1.0,1,1,1,3,4,dictated,0,1,0,-0.844765263468456,-1.9483470398770764,,0.669492858400088,-0.3407491866481849,0.46471479320772013,1.8832633640893808,0.7367470432946127,1.6826724027065545,-1.873734520420889,4.030400999944322,2.3238961617570095,-0.6365441287527409,-0.9033793204542129,1.0270654746575425,-1.162983332592293,0.5341714438663108,-0.21335932187524995,-0.7712022324146132,-1.1357462944012222,0.9369924045714283,0.15842747341514193,0.9670992975910723,0.6744907594765951,0.0
G4_A_Roll26,school_a,4,sentence_06_own_english,own_english,latin,0.0,data/processed/school_a/G4_A_Roll26/sentence_06_own_english.json,0.4817302263719722,-0.0017383084972455,,-0.0102564102564102,0.2349883386938241,4.88667209491925,25.90777526438894,17.541245080649908,0.4170754218027372,2.046070460704607,1.089917096658186,0.8024691358024691,2.293412549948298,0.5555555555555556,0.3333333333333333,0.3659087370228812,0.4615384615384615,,0.3301981951439133,0.0916666666666666,0.5136741973840666,0.727705112960761,1.7550535077288942,,1.0,1,1,1,3,4,own,0,0,1,0.06743181695656679,-0.020401445511112785,,-0.8318189271417419,0.9491921494637112,1.2888032701393117,1.6140950148905375,-0.04710754957309838,-0.716420675176606,-1.9636607523672052,2.3174045056581782,-0.021373106913266573,0.384867102401391,0.400014444790386,0.3937983802036309,0.7539303914868958,0.3173854173977077,,-0.8927018624518385,-1.3444044830010389,1.1772429946017304,-0.3584151077983471,0.7291554475020514,,0.0
G5_A_Roll01,school_a,5,sentence_02_copy_english,copy_english,latin,0.0,data/processed/school_a/G5_A_Roll01/sentence_02_copy_english.json,0.3967971651583643,-0.0124653774395313,,0.0417582417582417,0.1572235249800388,6.105183825669641,24.130980599750973,17.333998967225266,0.5156135749092394,3.123605533244086,1.0637405862213123,1.6987179487179485,2.3343539784058778,0.25,0.75,0.3439442118193326,0.4285714285714285,18.54054054054054,0.5831122005184273,0.4461538461538462,0.7362349239643419,1.1657052962768746,1.2884111169375982,0.1428571428571428,1.0,0,2,0,1,3,copy,1,0,0,-0.5241561728720298,-1.2990308612399923,,0.19271094362492663,-0.6778450034306948,0.7804863653723535,0.7925296581632635,-0.6564996167633158,0.03282163980067717,-0.5097476042253678,-1.913236006059205,1.9244606688904329,0.17006912233618632,-0.4915780111439589,1.4540652242339642,-0.2741402862180279,-0.36239464898327856,-0.9715026179594187,0.4169539314879802,-0.215899836642651,2.886432534053546,-1.440392324562784,-1.0332738250483646,-0.6744907594765952,-1.3489815189531904
G5_A_Roll01,school_a,5,sentence_04_dictated_english,dictated_english,latin,0.0,data/processed/school_a/G5_A_Roll01/sentence_04_dictated_english.json,0.6808983392550496,0.0159363871266287,0.0225374548097063,-0.0164835164835164,0.2765970203576799,7.761238577275537,25.606188959540237,17.93144942346414,0.4873055085822575,2.989010989010989,1.0811736996164505,2.351724137931035,0.3090167122085714,0.0,0.6,0.3929535838701412,0.478021978021978,53.63157894736842,0.4823538772891786,0.5268199233716476,1.1047619047619046,1.4269841269841268,2.6928571428571426,0.2857142857142857,2.0,0,2,0,1,3,dictated,0,1,0,0.38455642045313065,0.4614993405351643,1.0641190678270551,-0.8005118454556224,1.4687739381272455,1.2091158120599506,1.5792554644825483,-0.4470229057830364,0.6566768944648951,-0.06087844263582657,2.101077026750607,1.1335744764910123,-0.1444132625888465,-0.6744907594765952,1.0252259544044247,0.02390631534621196,0.24555101543403912,1.6316438314506072,-0.6744907594765952,-0.19859185745834085,2.1262576695749273,0.020859284663815324,0.9762140057063601,-0.6744907594765952,5.0
G5_A_Roll01,school_a,5,sentence_06_own_english,own_english,latin,0.0,data/processed/school_a/G5_A_Roll01/sentence_06_own_english.json,0.5261463175958521,-0.0095758493344365,,0.1934065934065934,0.1849617368564482,9.797412335279342,24.300208340542877,18.98170889737416,0.4996685780568607,2.949117341640705,1.0733334059660418,4.484848484848484,0.3577041747043572,0.0,1.0,0.3410690863485115,0.3626373626373626,,0.5736758275892937,0.8545454545454545,0.5152749490835031,0.9633401221995928,1.0977596741344195,,1.0,0,2,0,1,3,own,0,0,1,0.35344471962427965,-4.279431725725466,,3.06409634038703,0.2709734269114266,1.0901940707037163,1.8962399815754252,-0.27793638086753497,0.5382032180850511,-0.6173937721650535,0.6298580226768202,2.781032850318492,-0.4871092973234209,-1.199094683513947,1.686226898691488,0.08726897071380912,-0.08871724310638733,,0.058471614427599454,0.7691527330387834,1.586989556189771,-0.5388669577686391,-0.5081920562133048,,0.0
G5_A_Roll02,school_a,5,sentence_02_copy_english,copy_english,latin,0.0,data/processed/school_a/G5_A_Roll02/sentence_02_copy_english.json,0.9040685006574436,0.0053916553452801,,-0.1851851851851851,0.2005441074364012,-6.398345798713638,19.82582006825847,20.106534222280427,0.547873808354288,3.3037626185377795,1.066804193588354,0.740625,3.8057347573711993,0.125,0.125,0.4132969369400001,0.4761904761904761,19.094594594594597,0.7324213960281362,1.2472222222222222,0.1428571428571428,1.8571428571428568,2.261904761904762,0.2142857142857142,1.0,2,1,0,4,1,copy,1,0,0,0.5473985558046488,0.6527021998634824,,-2.078524120992217,-0.10743155204590245,-0.8451027909398907,-1.9737976598342988,0.22357975022224744,0.5042784962056677,-0.05317282570006699,-1.3461235408925951,0.7250621499050955,0.2835429862579793,-1.074612396454236,-0.727032612116982,0.14268800408987348,0.01976698085363335,-0.9369565578238278,1.2484785975987684,1.2206705613176556,-0.7358195863014823,-0.44927816775382606,-0.11689129551585414,0.0,-1.3489815189531904
G5_A_Roll02,school_a,5,sentence_04_dictated_english,dictated_english,latin,0.0,data/processed/school_a/G5_A_Roll02/sentence_04_dictated_english.json,0.0,-0.0161812297734627,0.0228837146015063,-0.3452380952380952,0.0486009869599836,-5.100367504807952,21.518877938875583,21.79356780907316,0.451500106690836,3.237317282889081,1.0756371787914276,0.2058823529411765,13.738074605910064,0.5,0.5,0.0525252525252525,0.4047619047619047,63.05263157894737,0.9542877610330992,2.5955882352941178,0.346742209631728,2.388668555240793,2.311614730878187,0.2857142857142857,2.0,2,1,0,4,1,dictated,0,1,0,-1.5045956829801523,-0.7936062709867551,1.0914642190786554,-3.251070975458921,-2.731026825827593,-0.7574795555900647,-0.6555213629635008,0.7654259077566282,0.03654629704282788,0.7466630255455502,0.47052453367255515,-1.3614918694095854,5.0,3.0352084176446787,0.6744907594765953,-2.689804789025397,-0.3472177516488354,2.329527334030437,2.0121874171762855,5.0,-0.42829817542211746,1.351157287277662,0.5900642826920863,-0.6744907594765952,5.0
G5_A_Roll02,school_a,5,sentence_06_own_english,own_english,latin,0.0,data/processed/school_a/G5_A_Roll02/sentence_06_own_english.json,0.4165222554862359,0.0058301472642745,,0.0527210884353741,0.1565611441524704,-7.117700827288611,21.447007449050258,21.89718644288266,0.4032545813157988,3.1782945736434107,1.0737589372941214,1.1764705882352942,0.5794393842327255,0.1666666666666666,0.0,0.1088986177821764,0.4047619047619047,,0.6333295691724767,0.6638655462184875,0.543233082706767,1.3421052631578947,1.9172932330827068,,1.0,2,1,0,4,1,own,0,0,1,0.0,1.8262271202830476,,-0.107072950010205,-0.19429612291564607,-1.1657314039863838,-0.43593255997112584,0.18603012088192916,-0.4327052511578234,-0.03313669592504545,0.7191234962763702,-0.6692325040873374,-0.14726507484075438,-0.19984911391899163,-1.686226898691488,-1.1887879976372886,0.25333131846563756,,0.4964147070940577,0.3489056913628972,1.773355672104251,0.09499995271876675,1.46275538180729,,0.0
G5_A_Roll03,school_a,5,sentence_02_copy_english,copy_english,latin,0.0,data/processed/school_a/G5_A_Roll03/sentence_02_copy_english.json,0.5283878260367145,-0.0371517027863777,,-0.2325581395348837,0.1065715277896707,-2.768998100708278,25.158214061983458,18.697836863698274,0.5111218223866733,3.663253697383391,1.0728814560066675,-1.803921568627451,-3.4586744731950696,0.5,0.5,0.8217791605611817,0.5930232558139535,24.486486486486488,1.081074743091879,0.5751633986928105,0.3375620518477661,2.2785438499724213,2.4754550468836185,0.2142857142857142,1.0,1,4,1,0,2,copy,1,0,0,-0.24618542024679818,-3.9971900636791617,,-2.5526295686920277,-1.3447931121269407,-0.3732497670658164,1.4525895950106813,-0.22357975022224744,-0.032821639800675546,0.8578907577176113,-0.2211454158915404,-2.4603546616734215,-0.2766930833481209,0.6744907594765952,0.5816260896935856,2.597774615278372,0.9573960959186161,-0.6007644116262495,3.190179890783593,0.01545532574833314,0.4527491331386625,0.15476262106829558,0.08413081833463118,0.0,-1.3489815189531904
G5_A_Roll03,school_a,5,sentence_04_dictated_english,dictated_english,latin,0.0,data/processed/school_a/G5_A_Roll03/sentence_04_dictated_english.json,0.2091024997809516,0.0451904309029844,0.0311642603912526,0.1162790697674418,0.1812611310246499,1.5111792229711167,24.165229252313384,18.14213131265485,0.5238396726893491,3.6738782051282057,1.0805243627493288,1.5637480798771122,0.1547205849288579,0.0,0.0,0.3612981920757245,0.5406976744186046,59.18421052631579,0.4586291594798012,0.4910394265232976,0.4949579831932773,2.3705882352941177,3.230252100840336,1.2857142857142858,2.0,1,4,1,0,2,dictated,0,1,0,-0.9244409013918629,1.6047010487324942,1.7454032048596078,0.18910955873175528,-0.2873607405615062,0.2534546220601392,0.7913968095592535,-0.380882777211268,1.289429267493686,2.1664459983794226,1.909841794193105,0.217359423928295,-0.5277292250469879,-0.6744907594765952,-1.0791852151625525,-0.22843339999526274,0.7526784809936028,2.0429662310158143,-0.8095534955531788,-0.33335987537498407,0.07119474422740668,1.3261467819549513,1.5205262533844388,4.046944556859573,5.0
G5_A_Roll03,school_a,5,sentence_06_own_english,own_english,latin,0.0,data/processed/school_a/G5_A_Roll03/sentence_06_own_english.json,0.3972776010110836,-0.0156915024437363,,0.0674418604651162,0.2256832663769131,5.123545535796591,22.43600198815941,17.942083457849215,0.5224026814724472,3.142076502732241,1.060239368480726,1.9615384615384608,0.203210872616314,0.0,0.75,0.5683660271589096,0.4534883720930232,,0.3032124049607669,0.4717948717948718,0.3181818181818182,0.6818181818181818,1.318181818181818,,1.0,1,4,1,0,2,own,0,0,1,-0.06204770535172199,-5.0,,0.2247455994644313,0.9380893531788,0.4668523834843617,0.37245983704765984,-0.4433814480227368,0.7671402427176546,-0.12546988292052955,-2.116932590206496,0.14950482543233104,-0.723894678583196,-1.199094683513947,0.843113449345744,1.3365400214078595,0.6489870863507705,,-1.9271136081510272,-0.07440651508523935,0.27318650429337715,-1.009996487092537,0.02191492397033355,,0.0
G5_A_Roll04,school_a,5,sentence_02_copy_english,copy_english,latin,0.0,data/processed/school_a/G5_A_Roll04/sentence_02_copy_english.json,0.3282097210304737,-0.0044544163962828,,0.1057471264367816,0.1477358070166402,9.10037839139664,24.48139641530067,16.78178194173259,0.5872545118669772,3.5725269092772947,1.0791664522874371,1.9090909090909087,0.1240991727866023,0.0,0.25,0.3326091670785568,0.5057471264367817,19.16216216216216,0.3499507078391821,0.6363636363636364,0.3206278026905829,1.7757847533632287,1.3811659192825112,0.1428571428571428,1.0,0,3,0,4,0,copy,1,0,0,-0.6690395812963995,-0.4234510430397977,,0.833107541953689,-0.8027722699262274,1.1698928732432319,1.017693118648083,-0.8317885727281252,1.0797951834216752,0.6279605103541844,0.9422868739948387,2.1878182245884763,-0.00038719776179553083,-1.6576467817645129,-0.29081304484679277,-0.34226691443112944,0.25697075109723494,-0.9327436236609511,-0.8815563959445674,0.12520681814595494,0.34937465254761113,-0.5658977629145681,-0.945960589015903,-0.6744907594765952,-1.3489815189531904
G5_A_Roll04,school_a,5,sentence_04_dictated_english,dictated_english,latin,0.0,data/processed/school_a/G5_A_Roll04/sentence_04_dictated_english.json,0.648777849780466,0.0018270212504616,0.0116920014639182,0.1063218390804597,0.2744269969911787,11.074104418223008,23.865372162996252,19.792093539532992,0.4282575311634463,3.0040816326530604,1.0801483619192136,1.886567164179104,0.2621048005170716,0.0,0.4,0.4788374431960215,0.3850574712643678,55.44736842105263,0.5147844830773051,0.8358208955223879,0.578229398663697,2.2196547884187083,2.3688752783964366,0.2857142857142857,2.0,0,3,0,4,0,dictated,0,1,0,0.2954381383897541,-0.08987233630125802,0.20762181011469832,0.11488767971802252,1.4288010243154747,1.715667371396611,0.6274470461663081,0.13709584090097993,-0.3660028013065186,-0.011865711210131571,1.799106350343078,0.5927156308446191,-0.2609559451422461,-0.6744907594765952,0.32375556454876575,0.7085261347901259,-0.5066521096918152,1.7661521042942059,-0.4898661672871722,0.9652670103368796,0.3518226520215531,1.1173605554066393,0.6480618817762048,-0.6744907594765952,5.0
G5_A_Roll04,school_a,5,sentence_06_own_english,own_english,latin,0.0,data/processed/school_a/G5_A_Roll04/sentence_06_own_english.json,0.2073228735069976,-0.0456217791502359,,0.1264367816091954,0.2095929026300053,9.497105259316957,25.011734892941195,24.731229814153437,0.4710974917520622,3.258559622195988,1.0814332673219236,2.5390625,0.4060139619250876,0.0,0.5,0.2266696359257898,0.367816091954023,,0.3161625317138458,0.88125,0.2285714285714285,1.2285714285714286,1.542857142857143,,1.0,0,3,0,4,0,own,0,0,1,-0.6744907594765952,-5.0,,1.5545406075555834,0.6744907594765952,1.0501428823739547,2.477833339769192,0.6370372606215091,0.25048659387644434,0.17148844149278245,2.328999571869972,0.7517973214861339,-0.41306691988028543,-1.199094683513947,0.0,-0.5414940963070981,-0.046666295506827965,,-1.8320413057245717,0.828007943978618,-0.3241473693588799,-0.09499995271876675,0.5622506438688025,,0.0
G5_A_Roll05,school_a,5,sentence_02_copy_english,copy_english,latin,1.0,data/processed/school_a/G5_A_Roll05/sentence_02_copy_english.json,0.0429393485657994,-0.0009426149990436,0.0057605362886016,0.0137931034482758,0.0370678517163151,1.267414410919566,23.7635790963204,16.536558564620897,0.5476429795265106,2.5475943232952587,1.075442142082643,2.204081632653061,0.1679112845835436,0.0,0.625,0.0785687834104612,0.5632183908045977,21.62162162162162,0.3549935248138907,0.1489795918367347,1.084870848708487,2.621771217712177,2.832718327183272,0.7142857142857143,2.0,2,3,4,0,3,copy,1,0,0,-1.2716417690686157,-0.03961913918335223,-0.26080339028026445,-0.08716234273509683,-2.259966212416378,0.15152592479238822,0.5564518607899268,-0.9096292545030542,0.500905122181672,-1.9695413735447633,0.25286995849584293,2.5571053980598015,0.002991621428481299,-1.6576467817645129,1.0178456569637748,-1.8691170650098479,0.7182003043486798,-0.7793928201322311,-0.8534722134075332,-0.7488277982770405,5.0,0.6467484812884073,0.42043484065942166,4.721435316336169,0.0
G5_A_Roll05,school_a,5,sentence_04_dictated_english,dictated_english,latin,1.0,data/processed/school_a/G5_A_Roll05/sentence_04_dictated_english.json,0.3136029684094377,-0.1252130769243891,0.1639880985175766,0.1160919540229885,0.215000231291459,-0.730140035387533,24.57446245571499,17.608287104656252,0.623409452174975,2.589090909090909,1.0737431808185938,1.6761904761904762,0.4301257391415997,0.0,0.1428571428571428,0.3899545958685056,0.6896551724137931,47.94736842105263,0.7027787906965952,0.2666666666666667,1.1608222490931075,3.80894800483676,3.73639661426844,1.1428571428571428,3.0,2,3,4,0,3,dictated,0,1,0,-0.6345044031838388,-5.0,5.0,0.18771478516639692,0.3341303308578331,-0.08925281609200655,1.0151490210644856,-0.548474423033087,3.0139251138145253,-1.361498106559573,-0.08727398530551649,0.34810123390531433,0.15645639655072083,-0.6744907594765952,-0.5781349366942249,0.0,1.9579373417225845,1.210574455592386,0.5803689249864319,-1.1784647448944103,2.315183209641835,3.315829750963165,2.0331858041697943,3.3724537973829776,5.0
G5_A_Roll05,school_a,5,sentence_06_own_english,own_english,latin,1.0,data/processed/school_a/G5_A_Roll05/sentence_06_own_english.json,0.1194296821239373,-0.1382698948618947,0.1945847186937429,0.057471264367816,0.0905058376323196,-0.9585910207729924,19.75518242862931,14.567612374081651,0.5943697711920912,2.743484224965706,1.0599700394956402,0.932,0.6013563233994753,0.2,0.0,0.0787371058906269,0.5747126436781609,,0.6578783692602618,0.1771428571428571,0.9129213483146068,2.879213483146067,3.230337078651685,,2.0,2,3,4,0,3,own,0,0,1,-0.9578718328234829,-5.0,5.0,0.0,-1.276439831980398,-0.34430664729721133,-1.8188102498988947,-0.980391772935834,1.4918634082059874,-1.1416282368052262,-2.1734308497266035,-0.9241877803944767,-0.11367390469611803,0.0,-1.686226898691488,-1.3545619122220354,1.6333203427389806,,0.6766377265789915,-0.7238018214277314,4.237660589195161,2.6673645478966566,4.620576529185328,,5.0
G5_A_Roll06,school_a,5,sentence_02_copy_english,copy_english,latin,0.0,data/processed/school_a/G5_A_Roll06/sentence_02_copy_english.json,0.9668142069889656,0.004536725025841,0.0064339515755127,-0.0354957160342717,0.24594767789911,-8.127542262214781,20.699228372289653,20.56098438308017,0.4614291211913655,3.192771084337352,1.0673568242060396,-0.0021786492374725,-2965.132564490485,0.2352941176470588,0.2941176470588235,0.4797382718981356,0.313953488372093,33.770270270270274,0.5196926799709937,1.2361111111111112,0.096085409252669,3.346975088967972,2.3701067615658364,0.1428571428571428,2.0,4,0,3,3,1,copy,1,0,0,0.6799419376567909,0.5592602607968589,-0.20762181011469832,-0.5804416441455443,0.4904091477857466,-1.069916351961832,-1.4125797369407793,0.36783479950030235,-0.7590397166698041,-0.33446032023924305,-1.2438246251458305,-0.2048242436692344,-5.0,-0.5601702917686975,-0.13685319757496142,0.5420180665811178,-1.2822488045209612,-0.02190725764696019,0.06376138049950547,1.200744804930903,-1.0213358570748206,1.6862636364588581,-0.01503708962297862,-0.6744907594765952,0.0
G5_A_Roll06,school_a,5,sentence_04_dictated_english,dictated_english,latin,0.0,data/processed/school_a/G5_A_Roll06/sentence_04_dictated_english.json,,,,,,-4.476575675372228,22.785507209345017,16.644152935776884,0.5376972697503084,2.5235404896421847,1.0738896960634956,,,,,,0.4069767441860465,,,,0.2981260647359455,0.2385008517887563,0.1987507098239636,0.8571428571428571,1.0,4,0,3,3,1,dictated,0,1,0,,,,,,-0.6620990786638503,0.0370204397764541,-0.8511485548014499,1.5294355092978282,-1.5746811118502748,-0.044123998987594344,,,,,,-0.32929683543470156,,,,-0.5921364739552666,-1.6231695471209056,-1.549996295200672,2.0234722784297867,0.0
G5_A_Roll06,school_a,5,sentence_06_own_english,own_english,latin,0.0,data/processed/school_a/G5_A_Roll06/sentence_06_own_english.json,0.7717616368979822,0.0,,-0.0077519379844961,0.2062656541961251,-6.354075714058619,22.34015129295551,28.12672348521851,0.3811942549382383,3.8377926421404673,1.068810331875253,1.1714285714285713,8.597277475192852,0.2,0.6,0.4002839900961225,0.2441860465116279,,0.2910388850613559,0.4682539682539682,0.2793791574279379,0.8148558758314857,1.14079822616408,,1.0,4,0,3,3,1,own,0,0,1,1.1453460230020371,-0.48435953924070446,,-1.4701856908665165,0.6199824822328797,-1.0638886714257272,0.2941126165244876,1.1773931013665406,-0.6548572045900524,1.6481665029960124,-0.3189660102379239,-0.6744907594765952,5.0,0.0,0.3372453797382975,0.4127263427214348,-1.0505342802467332,,-2.0164845145165664,-0.08221045337627718,0.014531857695987725,-0.7873566954020302,-0.4046859545622214,,0.0
G5_A_Roll07,school_a,5,sentence_02_copy_english,copy_english,latin,1.0,data/processed/school_a/G5_A_Roll07/sentence_02_copy_english.json,0.2827443516411195,0.0136150331651297,,0.0862068965517241,0.1241014359782672,5.941652922081383,22.65669791952209,18.60533510722032,0.5227912538244777,2.850924918389554,1.073569877506131,1.7038327526132402,0.1341405219514988,0.0,0.0,0.1795644701153588,0.4712643678160919,17.10810810810811,0.4588553644228579,0.5579268292682927,0.3445378151260504,1.9983193277310924,1.5389355742296915,0.5714285714285714,1.0,1,1,0,4,4,copy,1,0,0,-0.765080157908643,1.55149868852743,,0.6375501914573218,-1.1139722213324015,0.7592256436736893,-0.1547865738179739,-0.25294236595012254,0.13771753100452666,-1.200806138683735,-0.09370989075391112,1.9308636887906654,0.00038719776179553186,-1.6576467817645129,-1.1632521793871713,-1.2621061747466542,-0.01976698085363335,-1.0608168222124095,-0.2750504945865857,-0.01545532574833314,0.4953324150382845,-0.24691427182505943,-0.7974466708907927,3.372453797382978,-1.3489815189531904
G5_A_Roll07,school_a,5,sentence_04_dictated_english,dictated_english,latin,1.0,data/processed/school_a/G5_A_Roll07/sentence_04_dictated_english.json,0.5422944504731263,-0.0131331146742857,,-0.0057471264367816,0.3246074398887181,6.626967534010224,20.42718533450504,18.500209450967745,0.5695938865340963,2.804624962941002,1.0726236061702892,1.0476190476190477,1.6919840180555406,0.0909090909090909,0.1818181818181818,0.4581165839231309,0.4827586206896552,33.44736842105263,0.4726963623484256,0.4543650793650793,0.5596890616324265,2.238756246529706,1.9589117157134923,0.4285714285714285,1.0,1,1,0,4,4,dictated,0,1,0,0.0,-0.6744907594765952,,-0.7204820592486186,2.3531498354593428,1.0356808487195273,-1.2524148517650429,-0.2684700102775327,2.0818680188352268,-0.6605384829801534,-0.4169982456621979,-0.3827669169498266,3.2912753268458403,0.0,-0.4414848607483171,0.5433506169981082,0.28387658227129436,0.13645766810220128,-0.7294701443560656,-0.4714945998828096,0.2893409953631285,1.143783601080922,0.2328213125168165,0.0,0.0
G5_A_Roll07,school_a,5,sentence_06_own_english,own_english,latin,1.0,data/processed/school_a/G5_A_Roll07/sentence_06_own_english.json,0.45336017423167,0.0014025883416307,,0.0781609195402298,0.168421204740876,8.83906790707451,20.87347750677749,22.17560532858792,0.4784696682380009,3.196480938416422,1.069847586942355,1.818181818181818,0.858184992575308,0.25,0.5,0.3408391203065186,0.3793103448275862,,0.5665129024149864,0.503030303030303,0.3296337402885682,1.611542730299667,1.6847946725860157,,1.0,1,1,0,4,4,own,0,0,1,0.11877107645858562,0.07151010934161514,,0.46636218226667464,0.0,0.9623821200335393,-0.9047291270518234,0.2303374545537868,0.3247259038199417,0.013227038451449924,-0.10137670787979827,0.0,0.2799565862528273,0.2997736708784867,0.0,0.08600502973035298,0.046666295506827965,,0.0058855817644128065,-0.005565504580599172,0.349523868995514,0.5459060060968653,0.9036050734996045,,0.0
G5_A_Roll08,school_a,5,sentence_02_copy_english,copy_english,latin,0.0,data/processed/school_a/G5_A_Roll08/sentence_02_copy_english.json,0.9776049259707962,-0.0003051443129184,0.0015687009271182,0.0312117503059975,0.2583865426566181,10.287723831610764,19.97938394493911,23.190984674553928,0.4916945285443567,3.664582884242294,1.0718195840317764,0.5084033613445378,8.290280438192061,0.2941176470588235,0.5294117647058824,0.5151788720599502,0.3255813953488372,34.472972972972975,0.8295292787977677,1.729591836734694,0.611764705882353,2.5725490196078438,2.8705882352941177,0.2142857142857142,2.0,1,3,1,0,4,copy,1,0,0,0.7027361409591037,0.03005495665261,-0.5918449223787389,0.08716234273509683,0.6541949367876849,1.32426015435439,-1.8751235351386537,1.2026696271086603,-0.3167356077189819,0.8612593357268131,-0.4177113465817195,0.43435310142246814,0.6293941307145324,-0.28580116926974364,0.6842659878748067,0.7550254826160613,-1.1889302670026458,0.021907257646959746,1.789286546640948,2.0857127097609154,2.126608816813475,0.576192844551867,0.4560830674015193,0.0,0.0
G5_A_Roll08,school_a,5,sentence_04_dictated_english,dictated_english,latin,0.0,data/processed/school_a/G5_A_Roll08/sentence_04_dictated_english.json,0.4893157613359851,0.0540691546154918,,0.1813953488372093,0.1666080661356473,10.258265911985776,21.44948951272841,22.333865170263717,0.4572061969904233,3.011378671606244,1.075449581007614,2.020833333333333,0.2363235345796627,0.0,0.75,0.3177370180959788,0.4186046511627907,22.5,0.7592201620289918,0.85,0.6984126984126984,1.3968253968253967,1.037037037037037,0.5714285714285714,1.0,1,3,1,0,4,dictated,0,1,0,-0.14698934664764804,1.951667512321175,,0.6744907594765952,-0.5572775114720251,1.5909221244284544,-0.6934601559896897,0.9350434153335748,0.13537275895932196,0.011865711210130128,0.41527539007484915,0.7488329188912293,-0.32500402554722,-0.6744907594765952,1.5513287467961692,-0.5756795915248925,-0.23521202531050098,-0.6744907594765952,0.9016846978996431,1.018672915078219,0.7568450449979239,-0.020859284663815324,-0.7009196371769856,0.6744907594765956,0.0
G5_A_Roll08,school_a,5,sentence_06_own_english,own_english,latin,0.0,data/processed/school_a/G5_A_Roll08/sentence_06_own_english.json,0.7280908883486938,0.0027144551541655,,0.0736434108527131,0.1918663377066943,10.039347608965883,19.295562608196256,29.06592930546689,0.3652254450635699,4.314789687924015,1.070814118870118,1.4260869565217391,1.2975059588556477,0.4,0.6,0.3251910508654185,0.2674418604651162,,0.4097282345755868,0.8115942028985508,0.1528239202657807,1.03156146179402,1.681063122923588,,1.0,1,3,1,0,4,own,0,0,1,1.004544859646573,0.5914252707800036,,0.3645337471205921,0.3840872820627554,1.1224603607302817,-2.1944980354875807,1.326857479685865,-0.815666353418146,2.8642074548359675,0.10137670787975168,-0.4089107590191614,0.9532853396043542,1.199094683513947,0.3372453797382975,0.0,-0.861698572847011,,-1.1451363071228844,0.6744907594765952,-0.8290726659951654,-0.4246979250835737,0.8946308366709786,,0.0
G5_A_Roll09,school_a,5,sentence_02_copy_english,copy_english,latin,0.0,data/processed/school_a/G5_A_Roll09/sentence_02_copy_english.json,1.6237072602589604,-0.3043264281014025,0.6204013541435324,-0.0796853625170998,0.2998780468008971,4.6381438150440735,23.14063556678171,17.575666426265002,0.546523290698782,3.597232897770945,1.0745823409214572,0.1754385964912281,23.325777955759143,0.4333333333333333,0.3333333333333333,0.5613702428869313,0.5523255813953488,71.0945945945946,0.4012777862016909,0.3052631578947369,0.1629502572898799,7.441395082904516,5.105774728416238,0.1428571428571428,4.0,1,0,4,2,4,copy,1,0,0,2.0675560372664106,-5.0,5.0,-1.02268875364149,1.2005244351485416,0.589755875279501,0.15617277927208265,-0.5797876817266345,0.48454178817877613,0.690573264142625,0.09370989075387001,0.01752773351452936,1.7889416956246997,0.3635390873111139,0.0,1.0326478845518008,0.6307812146045105,2.305317573926252,-0.595708417512106,-0.46856165446981496,-0.6131619326517082,5.0,2.5601397945650946,-0.6744907594765952,2.697963037906381
G5_A_Roll09,school_a,5,sentence_04_dictated_english,dictated_english,latin,0.0,data/processed/school_a/G5_A_Roll09/sentence_04_dictated_english.json,0.9804097937874442,0.0079470198675496,,0.2906976744186046,0.2137764687308167,4.345813105863973,21.14445387741787,17.496539952708765,0.4401834792237671,3.21941555225359,1.073992517111379,1.4052287581699343,0.3671473650579701,0.0,0.0,0.5010382266960607,0.5930232558139535,16.236842105263158,1.175730467272151,0.7401960784313726,0.9543203082003304,1.6560264171711614,1.5718216840946615,0.2857142857142857,1.0,1,0,4,2,4,dictated,0,1,0,1.2155508020098325,0.14928751888686695,,1.4892377750125756,0.3115880135179526,0.6868824402893401,-0.8602413394843638,-0.5835556111965622,-0.1594516971491542,0.6884430359730371,-0.01384232548433334,0.03304190921998725,0.0,-0.6744907594765952,-1.0791852151625525,0.8854988105712448,1.1760601265525055,-1.1384468310240798,3.272841306894114,0.6050940614363124,1.6192636398735514,0.3376934687238203,-0.15925130006399174,-0.6744907594765952,0.0
G5_A_Roll09,school_a,5,sentence_06_own_english,own_english,latin,0.0,data/processed/school_a/G5_A_Roll09/sentence_06_own_english.json,0.2184070957995606,0.0029240486916699,,0.066860465116279,0.1268010682399658,3.907290808587839,23.647724885000905,16.24242608642845,0.5247665527725651,3.1861042183622814,1.103216351586786,4.619047619047619,0.1618333016915903,0.0,1.0,0.1759144102032186,0.6511627906976745,,0.3176124698008353,0.2321428571428571,0.3530085959885387,1.4120343839541547,1.315759312320917,,1.0,1,0,4,2,4,own,0,0,1,-0.6387535338615588,0.6744907594765952,,0.21164046062166625,-0.6818372551361437,0.30464359442971384,1.3629077499174098,-0.7138634093760843,0.7909449053502868,-0.013227038451449924,5.0,2.9209874255780264,-0.7873123398966333,-1.199094683513947,1.686226898691488,-0.8204553262320613,2.2540905992484146,,-1.8213967031709226,-0.602585131662285,0.5053383137494408,0.2120269727874001,0.01608888833335517,,0.0
G5_A_Roll10,school_a,5,sentence_02_copy_english,copy_english,latin,0.0,data/processed/school_a/G5_A_Roll10/sentence_02_copy_english.json,1.6334001319582752,0.0028930598342281,0.0050274371877329,-0.0485842985842985,0.2982450873105775,6.486827937424273,22.12527005450637,18.68801213997312,0.3142287853029833,3.064946424666521,1.0775478078522565,0.4660714285714286,9.45978873663805,0.4285714285714285,0.4,0.2645560695240753,0.1904761904761904,32.932432432432435,0.6293557073778848,1.2355769230769231,0.0179271708683473,1.2280112044817928,1.68515406162465,0.0714285714285714,2.0,4,4,2,2,3,copy,1,0,0,2.088031159310589,0.37961139446423453,-0.3186983762717246,-0.7114313274958687,1.1790228299985408,0.8301040771926146,-0.49626127836945794,-0.22669838924444752,-2.910251912263724,-0.6584082548105654,0.6426553201153045,0.3813594356807521,0.7195873882386581,0.34132825358500796,0.2326504358774344,-0.7512840980304225,-2.2732027981678384,-0.07414764126663408,0.6744907594765952,1.1997868358738475,-1.4984498537980595,-1.3510823547697155,-0.6598062578936137,-1.3489815189531904,0.0
G5_A_Roll10,school_a,5,sentence_04_dictated_english,dictated_english,latin,0.0,data/processed/school_a/G5_A_Roll10/sentence_04_dictated_english.json,0.549613816043769,0.0540256508646543,,0.1476190476190476,0.2324631490070168,5.663896879680165,23.676826987502363,25.09568024383104,0.3619199915839681,2.9060743912229063,1.077022308385917,1.956896551724138,0.6386500476120682,0.25,0.75,0.3053414020077928,0.3452380952380952,18.31578947368421,0.6008329145014955,0.7586206896551724,0.110989611809732,0.983050847457627,0.7927829414980864,0.4285714285714285,1.0,4,4,2,2,3,dictated,0,1,0,0.020307576133472414,1.949967454624857,,0.4227198985460235,0.6558059936740844,0.8884231675685311,0.524358148113237,1.8020700247819093,-1.5149338529864032,-0.3306047588629877,0.8784569852806352,0.6744907594765952,0.6744907594765952,1.1803588290840419,1.5513287467961692,-0.6744907594765953,-0.8288423749036709,-0.9844446055944527,0.0,0.6744907594765952,-1.2227935963306638,-0.5932335899795705,-0.9483177449789949,0.0,0.0
G5_A_Roll10,school_a,5,sentence_06_own_english,own_english,latin,0.0,data/processed/school_a/G5_A_Roll10/sentence_06_own_english.json,1.3545846178874197,0.0013398435961921,,-0.0221088435374149,0.2488093881890505,6.708815285935206,21.28941116147764,14.374347225873038,0.3361639311500145,2.579415501905972,1.068975151984175,3.3666666666666667,1.7428780113296043,0.3333333333333333,0.6666666666666666,0.2024717369513254,0.1785714285714285,,0.6234414403432151,1.323809523809524,0.1331360946745562,0.6952662721893492,0.8284023668639054,,1.0,4,4,2,2,3,own,0,0,1,3.0244563309234653,0.04664329805984494,,-1.7938023847388775,1.3169504705128823,0.6782757644113849,-0.5647498947835562,-1.0111478166112802,-1.108321682949502,-1.5598997710219416,-0.28439101161668945,1.6148952119463065,1.63588833806571,0.7993964556759645,0.5620756328971626,-0.6744907594765952,-1.583320740410237,,0.4238218134172597,1.8033824985306692,-0.9603097376709776,-0.9874909854670171,-1.1559862665666176,,0.0
G5_A_Roll11,school_a,5,sentence_02_copy_english,copy_english,latin,0.0,data/processed/school_a/G5_A_Roll11/sentence_02_copy_english.json,1.0954871510882795,-0.000855109220505,0.0007055172669058,-0.0040444893832153,0.2295687543327281,-3.074363009235899,21.173695618964484,26.697823458221222,0.4139217768786202,3.757191033525094,1.0585649879151129,-0.1857142857142857,-58.34008639411989,0.2857142857142857,0.5238095238095238,0.2815479581940506,0.2325581395348837,35.391891891891895,0.4171453623311976,1.0291666666666666,0.0672268907563025,1.680672268907563,1.6134453781512603,0.2857142857142857,2.0,1,4,1,2,0,copy,1,0,0,0.9517493354998335,-0.03005495665260999,-0.6600130675269684,-0.2656798122776066,0.2747435728623544,-0.4129503875252385,-1.1077056918568795,2.315837241920084,-1.4533205948286096,1.0959575446787573,-2.871304701714231,-0.43458521922581944,-4.509184058614332,-0.32499675819816554,0.6647155310783838,-0.6491583359773129,-1.9354785671491717,0.07920316226208592,-0.5073395739319557,0.8296275922276333,-1.1975015868038943,-0.7022330376647831,-0.7273080696316939,0.6744907594765962,0.0
G5_A_Roll11,school_a,5,sentence_04_dictated_english,dictated_english,latin,0.0,data/processed/school_a/G5_A_Roll11/sentence_04_dictated_english.json,0.7853980296586495,-0.0005250628465716,,-0.0124584717607973,0.1602448700916671,-3.919877582781646,19.76612161396229,21.974780088032368,0.4345132803402873,3.1161731207289294,1.0652911099769329,0.7653846153846154,3.504515071285645,0.3846153846153846,0.3076923076923077,0.3485212835037976,0.2325581395348837,23.973684210526315,0.4967108498467611,0.6750000000000002,0.1658767772511848,0.4739336492890995,1.1374407582938388,0.4285714285714285,1.0,1,4,1,2,0,dictated,0,1,0,0.6744907594765952,-0.18178805838428203,,-0.770508886618373,-0.6744907594765952,-0.5769775251750277,-1.6138578338784944,0.8223145348483284,-0.2576565387475589,0.3526781085927742,-2.576480766621205,-0.7109335313052381,5.0,2.1791239921551537,0.0,-0.33028402604098916,-1.740568987297708,-0.5653246249948342,-0.5927577748744739,0.3595316170864307,-1.0378217147363415,-1.2974953747395812,-0.5992235300947114,0.0,0.0
G5_A_Roll11,school_a,5,sentence_06_own_english,own_english,latin,0.0,data/processed/school_a/G5_A_Roll11/sentence_06_own_english.json,0.6245117894576403,0.0002388854270311,,0.0274841437632135,0.1375117603774181,-2.119581115690908,20.47159168036542,25.05584485645188,0.3648047198605987,3.3633752244165174,1.0698029415123618,1.9421052631578943,1.180337016982456,0.1,0.4,0.1725680471662636,0.2209302325581395,,0.4586636361524768,0.8373205741626794,0.0866788321167883,0.5200729927007299,1.2135036496350364,,1.0,1,4,1,2,0,own,0,0,1,0.6705900247137357,-0.38968517582711054,,-0.6759348519110585,-0.5063705329775304,-0.499144933379986,-1.233225831223485,0.6886962095379531,-0.8199031414011786,0.4387019720976861,-0.11074216510801241,0.12923818927616426,0.7737054342086026,-0.5995473417569736,-0.3372453797382975,-0.8388476303795586,-1.239369987646456,,-0.7858810359748991,0.7311901333732238,-1.269989192515062,-1.280678533103121,-0.22983214100493427,,0.0
G5_A_Roll12,school_a,5,sentence_02_copy_english,copy_english,latin,0.0,data/processed/school_a/G5_A_Roll12/sentence_02_copy_english.json,0.569001560716356,-0.0143004405415414,0.0525070759242436,0.0520025839793281,0.2596731866807739,8.400303658452126,23.038656212719072,17.034496827090567,0.4617774897988025,3.081381308862593,1.0749852237583308,0.1474358974358974,22.28837711398627,0.5,0.34375,0.4025377711605514,0.4534883720930232,47.7972972972973,0.5082436384512786,0.3499245852187029,0.3547470153496305,3.813530415008528,3.458783399658897,0.2142857142857142,4.0,2,2,3,0,0,copy,1,0,0,-0.1603933866749174,-1.4995990837752928,3.4309079406267537,0.2952356546502407,0.6711365155224956,1.0788758621535393,0.09064484577190658,-0.7515698790512242,-0.7539485951559993,-0.6167570835581112,0.16828859860354248,-0.017527733514529395,1.7089366529908903,0.6744907594765952,0.036351630605849165,0.07802256132343771,-0.16242635430117353,0.8526978745662888,0.0,-0.3884695096030343,0.5576540899213404,2.355029140019693,1.0097710913203282,0.0,2.697963037906381
G5_A_Roll12,school_a,5,sentence_04_dictated_english,dictated_english,latin,0.0,data/processed/school_a/G5_A_Roll12/sentence_04_dictated_english.json,0.0409098249587957,0.0041268159774885,,-0.022609819121447,0.0315235822227839,0.4372933687333725,24.032493976809377,20.812595401123705,0.3795993213454571,3.16413662239089,1.074086520001364,0.830703012912482,1.1608480701415294,0.4117647058823529,0.2352941176470588,0.1200997221304456,0.4767441860465116,30.36842105263158,0.5873625210100234,0.3509485094850949,0.5866813428728673,1.3313153549807375,2.3467253714914693,1.0,1.0,2,2,3,0,0,dictated,0,1,0,-1.3910913939895941,0.0,,-0.8461777246029711,-3.0456011471121753,0.08925281609200655,0.7188225140428858,0.45746568660822573,-1.208737224883742,0.5086649583269804,0.01384232548433334,-0.6349849051856721,1.9717808543650368,2.3805556216821007,-0.2539259329794243,-2.151137552326304,0.23521202531050053,-0.09162157715433517,-0.07668576779730149,-0.8610153547659609,0.38030603262476687,-0.11147932098392159,0.625626863668573,2.697963037906382,0.0
G5_A_Roll12,school_a,5,sentence_06_own_english,own_english,latin,0.0,data/processed/school_a/G5_A_Roll12/sentence_06_own_english.json,0.0265041228160474,0.001222151712419,,-0.0053667262969588,0.0131000165616071,1.4342308736993972,22.93976730105038,21.711908770196956,0.3772949182719864,3.478260869565216,1.0767840858613322,1.3995098039215683,1.0380424260931709,0.4166666666666667,0.3333333333333333,0.1070981709659248,0.3953488372093023,,0.5657112069903519,0.497737556561086,0.3551944283226929,1.677307022634939,1.3023795705165409,,1.0,2,2,3,0,0,own,0,0,1,-1.257478028976521,0.0,,-1.4164210186910693,-2.5445320826932196,-0.025182097774127124,0.7842316241696341,0.15654519695216004,-0.6941243143631382,0.731587746788137,1.353721472363632,-0.43662773443753733,0.5556165041414476,1.2990192404734426,-0.5620756328971627,-1.1986836261390978,0.1768978178514643,,0.0,-0.017230399249076406,0.519908852958025,0.6559631478324576,-0.01608888833335517,,0.0
G5_A_Roll13,school_a,5,sentence_02_copy_english,copy_english,latin,0.0,data/processed/school_a/G5_A_Roll13/sentence_02_copy_english.json,0.7208612189986447,-0.0105337008908409,0.0024553301603041,0.2161764705882353,0.1814902336042416,-1.7996010783213312,23.32006417229878,23.82524321347228,0.5588222005901209,3.345724907063197,1.0778917653300086,-1.0627450980392152,-9.51460312117528,0.5,0.3333333333333333,0.6981886650428476,0.5,37.43243243243244,0.7744331479881543,0.3905882352941177,0.3548490687219011,4.749518304431599,2.402055234425177,0.2142857142857142,2.0,0,3,1,2,1,copy,1,0,0,0.16039338667491715,-1.0879030087647454,-0.5218252115728047,1.9382772398713055,-0.35831889747346346,-0.24721805161480234,0.2714665643565601,1.4040008283688392,0.6642802703709694,0.05317282570006699,0.706326198837886,-1.5325052684388085,-0.7437303269664777,0.6744907594765952,0.0,1.854962925390479,0.21084779577208998,0.2064337739809694,1.4824481659299553,-0.3155466509351356,0.558277070855016,3.69668441059408,0.015037089622979038,0.0,0.0
G5_A_Roll13,school_a,5,sentence_04_dictated_english,dictated_english,latin,0.0,data/processed/school_a/G5_A_Roll13/sentence_04_dictated_english.json,2.334853653671588,0.0011367465501772,,-0.0470588235294117,0.1968611827139001,-4.28557721368225,21.947259129612814,16.69796112703847,0.2910953462249454,2.8167658382919147,1.0681743781488264,-3.961904761904762,-6.620660869448723,0.4285714285714285,0.2857142857142857,0.9217405076323149,0.1764705882352941,38.3421052631579,0.8192455822625967,1.0666666666666669,0.0883507853403141,1.2467277486910997,0.5693717277486912,0.4285714285714285,1.0,0,3,1,2,1,dictated,0,1,0,4.973454617257607,-0.11684717856659733,,-1.0284222767500468,0.0,-0.6328945852599486,-0.4212998042092976,-0.8342563544233044,-2.7415792002969597,-0.6210539409141492,-1.7273337563461735,-5.0,-5.0,2.505251392341639,-0.07708465822589672,4.239110558750202,-2.1943898361320864,0.49904518620233657,1.2434041466213033,1.834752617353768,-1.2990873217481724,-0.22848935087177075,-1.1746046836745085,0.0,0.0
G5_A_Roll13,school_a,5,sentence_06_own_english,own_english,latin,0.0,data/processed/school_a/G5_A_Roll13/sentence_06_own_english.json,,,,,,-0.5257678474797198,22.05179614557083,27.57671449833525,0.4272932438002185,3.503140265177949,1.0717273820973443,,,,,,0.3411764705882353,,,,0.0981941309255079,2.422121896162528,0.9819413092550788,,1.0,0,3,1,2,1,own,0,0,1,,,,,,-0.2865821252509002,0.058414541793985426,1.089865160714717,-0.1906310525528606,0.7950144790699122,0.29295572714330664,,,,,,-0.26297830056200716,,,,-1.1932293650711447,1.9024176171469278,-0.7867308750843878,,0.0
G5_A_Roll14,school_a,5,sentence_02_copy_english,copy_english,latin,0.0,data/processed/school_a/G5_A_Roll14/sentence_02_copy_english.json,0.3747575702491209,0.0096677319664512,,0.1316804407713498,0.1927633072676618,-3.255599320582644,22.756519959455368,21.583727980332483,0.5602195405912711,3.713916415338218,1.0754495810076157,-1.6538461538461535,-3.4863430791620407,0.6,0.0,0.4375385697284297,0.6303030303030303,35.33783783783784,,0.0,0.2039215686274509,1.9809523809523808,1.427450980392157,0.0714285714285714,1.0,1,3,2,3,2,copy,1,0,0,-0.5707123854754542,1.1200676470754012,,1.092646466044637,-0.20988338503445383,-0.4365129967488584,-0.0906448457719043,0.6924819021898747,0.684701248582221,0.9862860367154144,0.25424699757886343,-2.272481209034341,-0.27882690463577536,1.1409182677248166,-1.1632521793871713,0.2883866530166747,1.256580982871276,0.07583281493178425,,-1.0159955930953373,-0.3630541192291642,-0.2718082431496301,-0.9023908938273384,-1.3489815189531904,-1.3489815189531904
G5_A_Roll14,school_a,5,sentence_04_dictated_english,dictated_english,latin,0.0,data/processed/school_a/G5_A_Roll14/sentence_04_dictated_english.json,1.1583236659165688,-0.044776119402985,,0.0909090909090909,0.4693351490072568,-7.189193623125231,22.455919698092075,21.9838877373524,0.47124686890863,3.4790365744870644,1.0846210541511727,-10.272727272727272,-2.161994627433205,0.5,0.5,0.9524704719832526,0.5333333333333333,31.605263157894736,1.5884396418711568,0.5795454545454546,0.3142857142857143,1.9582417582417584,1.2571428571428571,0.4285714285714285,1.0,1,3,2,3,2,dictated,0,1,0,1.7091727516982687,-1.9110492788694864,,0.0,5.0,-1.0768701310665978,-0.14318471932198792,0.825173732187632,0.37854976033047105,1.5327822518291658,3.116352270674579,-5.0,-5.0,3.0352084176446787,0.6744907594765953,4.484073265486847,0.6930914345816095,0.0,5.0,0.0,-0.5376778266725248,0.7557479289736198,-0.477980638794026,0.0,0.0
G5_A_Roll14,school_a,5,sentence_06_own_english,own_english,latin,0.0,data/processed/school_a/G5_A_Roll14/sentence_06_own_english.json,1.9394360807653648,-0.0144760691118167,,0.0275482093663911,0.1720478639354903,-5.769855019971232,21.755792606518423,13.279062890160487,0.3014139957631975,2.7994011976047903,1.0661960572883065,-4.3,-4.754371697434431,0.2,0.3,0.4710772961458073,0.1818181818181818,,0.6575859234542687,1.6484848484848484,0.0897009966777408,0.7873754152823921,0.867109634551495,,1.0,1,3,2,3,2,own,0,0,1,4.91010677427273,-5.0,,-0.6744907594765952,0.05941334071588146,-0.9859726484014517,-0.18353523750020467,-1.185450390968067,-1.4582605685172874,-0.9990753022889469,-0.8673732454377161,-5.0,-5.0,0.0,-0.6744907594765952,0.8018210111999179,-1.5569573137278079,,0.6744907594765952,2.5189473731791137,-1.2498437465254038,-0.8333454962271374,-1.0628967411303005,,0.0
G5_A_Roll15,school_a,5,sentence_02_copy_english,copy_english,latin,0.0,data/processed/school_a/G5_A_Roll15/sentence_02_copy_english.json,0.4134990087275902,0.0057903564085548,0.0003388677973821,0.0529411764705882,0.2168620866057949,-2.167514465652374,23.58149009364725,20.48425156823208,0.4576847287228361,3.028105167724386,1.0795213124494527,-0.3369565217391305,-15.301780180633353,0.5,0.1,0.376574671368655,0.5411764705882353,46.12162162162162,0.4913095294038812,0.2318840579710145,0.2061624649859944,4.303641456582634,3.1182072829131657,0.2142857142857142,2.0,0,4,1,3,2,copy,1,0,0,-0.48887537105693346,0.6962793190897079,-0.6889684514262221,0.30462902729049657,0.10743155204590245,-0.29505062616568234,0.43944860882825526,0.343477681950435,-0.8137609419630552,-0.7517755997669274,1.0079759774468906,-0.6239193690480949,-1.1900412693984264,0.6744907594765952,-0.8142765255710198,-0.07802256132343771,0.5413052051016547,0.748217107326941,-0.09430852080778382,-0.6001537206761499,-0.3493746525476108,3.0575596636784037,0.6891752610595769,0.0,0.0
G5_A_Roll15,school_a,5,sentence_04_dictated_english,dictated_english,latin,0.0,data/processed/school_a/G5_A_Roll15/sentence_04_dictated_english.json,0.3938452006850312,0.0058189341652254,,0.0705882352941176,0.1301228237100946,-1.4849300788612316,22.650089614505283,26.48265020141953,0.447279850961796,3.582649472450176,1.073788622520652,0.4770114942528736,7.923553309801943,0.5,0.3333333333333333,0.436791170834859,0.3411764705882353,30.657894736842103,0.6342839007983865,0.3349753694581281,0.2088642659279778,1.1407202216066483,0.7069252077562327,0.4285714285714285,1.0,0,4,1,3,2,dictated,0,1,0,-0.41187236966548807,0.0661252993767679,,-0.15147304851357313,-1.2293538924879677,-0.20466348825615296,-0.03702043977645604,2.2374865272276643,-0.03654629704282884,1.869752009771498,-0.0738910173870995,-1.0462378741655045,5.0,3.0352084176446787,0.08993210126354592,0.37335592215490526,-0.861706172725765,-0.0701782293097037,0.19043352886299172,-0.9211785333395579,-0.8929522065078158,-0.3751295557029145,-1.0352806301704782,0.0,0.0
G5_A_Roll15,school_a,5,sentence_06_own_english,own_english,latin,0.0,data/processed/school_a/G5_A_Roll15/sentence_06_own_english.json,0.3042999735251421,0.0066340363375445,,0.0588235294117647,0.107503922838218,-3.4059581422253977,21.994519058788207,19.74450808566357,0.4959807753699459,3.3928571428571432,1.0779126142945032,2.25,0.6755241491508372,0.25,0.75,0.3283407192106654,0.4235294117647059,,0.5777754037932712,0.5055555555555556,0.2265932336742722,1.6994492525570415,1.246262785208497,,1.0,0,4,1,3,2,own,0,0,1,-0.361821777263409,2.1448220518067393,,0.030481188383444654,-0.9979705924788268,-0.6707057545418055,0.011596930930163249,-0.15654519695216004,0.5010662983156281,0.5138622282869356,1.5904575677110275,0.4503377058754379,0.0,0.2997736708784867,0.843113449345744,0.017311229394356895,0.4057222632887755,,0.08856831974302695,0.0,-0.3373338182282028,0.693018371120733,-0.15104764996695863,,0.0
G5_A_Roll16,school_a,5,sentence_02_copy_english,copy_english,latin,0.0,data/processed/school_a/G5_A_Roll16/sentence_02_copy_english.json,1.0401590446923874,0.0003049987339057,0.0026125586953307,-0.0654288240495137,0.2854422547756495,-1.0635667993657485,20.9903223569771,23.527699455039144,0.4264880739279955,3.53041018387553,1.0597635159314296,-0.0848765432098765,-26.80197674798844,0.4166666666666667,0.125,0.2731182395572071,0.3103448275862069,36.74324324324324,0.2160197399175331,1.0264550264550265,0.1395749569213095,2.0626076967260194,2.4813325674899485,0.1428571428571428,2.0,0,4,3,0,3,copy,1,0,0,0.8348748151232486,0.09674220367955658,-0.5094084130498815,-0.8800102433900495,1.0104445819773806,-0.15152592479238822,-1.2255341584878707,1.3095522105938673,-1.269674468595785,0.5212234672832802,-2.6494420096418705,-0.3083504534033043,-2.076944074582263,0.2858011692697439,-0.727032612116982,-0.6998231829758775,-1.31120972995768,0.16346184551962412,-1.627437471807053,0.8247647588237237,-0.7558555656455146,-0.15476262106829622,0.08966352748836148,-0.6744907594765952,0.0
G5_A_Roll16,school_a,5,sentence_04_dictated_english,dictated_english,latin,0.0,data/processed/school_a/G5_A_Roll16/sentence_04_dictated_english.json,0.2433144895186358,0.03950340656924,,0.1293103448275862,0.1856656909607414,-0.7965396674025833,23.37133335542196,18.918686989381943,0.4094173578749555,2.613037447988904,1.0638648167583902,1.3768115942028984,0.1883740017702451,0.0,0.0,0.1882777822107358,0.5287356321839081,29.5,0.5762037165414767,0.4891304347826087,0.4527063969382176,1.0311645708037178,1.88627665390924,0.8571428571428571,1.0,0,4,3,0,3,dictated,0,1,0,-0.8295197528892899,1.382461142940356,,0.28624557489066743,-0.2062265475283532,-0.09940560788963174,0.3573265504555197,-0.13709584090098104,-0.6923046244882953,-1.283619197903945,-2.996536255773189,0.0,-0.44412445742261336,-0.6744907594765952,-1.0791852151625525,-1.607658817805356,0.655890084371581,-0.15595162068823007,-0.14021186218438877,-0.34055013419677416,-0.07119474422740668,-0.5266778798266584,0.15925130006399174,2.0234722784297867,0.0
G5_A_Roll16,school_a,5,sentence_06_own_english,own_english,latin,0.0,data/processed/school_a/G5_A_Roll16/sentence_06_own_english.json,0.0902050376931753,0.0019732746215618,,-0.0087897227856659,0.043679940179411,1.8118657187323213,21.96614347929821,16.579100710087395,0.4651536647602071,2.7375762859633825,1.0695957827577187,0.609375,1.11560327947979,0.3125,0.0,0.3584408405138993,0.4597701149425287,,0.5221214568836022,0.1235294117647058,0.2750190985485103,1.4362108479755538,1.7723453017570665,,1.0,0,4,3,0,3,own,0,0,1,-1.0520965500814639,0.2976828019701821,,-1.493578230788692,-2.0435598866654545,0.025182097774127124,-0.011596930930163249,-0.6602853094152373,0.19063105255286006,-1.156689746790045,-0.1541987172423921,-1.2606493016447282,0.6744907594765952,0.6744907594765952,-1.686226898691488,0.1827477285942141,0.6999944326024199,,-0.32001060559945915,-0.8419626282579148,-0.014531857695987725,0.25248650535415557,1.114161049368632,,0.0
G6_A_Roll01,school_a,6,sentence_02_copy_english,copy_english,latin,0.0,data/processed/school_a/G6_A_Roll01/sentence_02_copy_english.json,0.6199445416816207,0.0403467193165283,0.0508050282735419,-0.0760869565217391,0.2294350098795652,6.915540783167567,21.76177382544912,16.139374931024644,0.514077649078918,2.914600550964188,1.0733334059660418,1.7895622895622898,1.6849677768039495,0.1111111111111111,0.7777777777777778,0.4489972977071081,0.3928571428571428,57.43243243243244,0.6486617005062211,1.0645586297760212,0.5577464788732395,3.8298591549295775,5.131267605633803,0.3571428571428571,5.0,2,2,0,4,4,copy,1,0,0,-0.6842179521173336,5.0,2.080546097378586,-0.8106702525489972,0.1350102971446995,1.303103612183192,-0.2746797150462387,-0.4739310533031447,1.4604253810896688,-0.5820294101637745,-0.23503803527100592,2.0974842924036188,0.0009643000353815283,-3.8542329112948353,2.8969570517046908,-0.10367701179378595,0.12888358461336258,-1.091581921742339,-0.052927147177818164,1.3780477217992524,-0.6355555666783859,-0.7773247075013846,-0.6317099049175741,0.0,-0.3372453797382976
G6_A_Roll01,school_a,6,sentence_04_dictated_english,dictated_english,latin,0.0,data/processed/school_a/G6_A_Roll01/sentence_04_dictated_english.json,0.6558455020420542,-0.003111282540252,,0.1473214285714285,0.2198758281817128,1.8224874954210315,22.589261551574715,23.39397624685388,0.4345206129028975,2.769874476987449,1.0667387782148117,2.2857142857142856,0.2365226252386237,0.0,0.5714285714285714,0.1799680730992279,0.3928571428571428,27.81578947368421,0.4298197548112554,0.5946969696969697,0.2043343653250774,1.2260061919504643,1.7777089783281734,1.1428571428571428,1.0,2,2,0,4,4,dictated,0,1,0,0.03607504779734617,0.0,,1.410896340676639,0.23215571439751312,0.5874715457701813,0.18299405236972716,2.3725941612538444,-0.021816870352241446,-0.23064369906144241,-0.6284350838072549,1.5913849844001529,-0.6013800859529104,-0.8331944675887353,1.0376780915024542,-1.3898439988879792,0.13420989601830166,-0.5810997312413742,-0.7160407837291266,0.22882666875817492,-0.4617250095028022,0.09233417385367872,0.6744907594765952,2.6979630379063795,0.0
G6_A_Roll01,school_a,6,sentence_06_own_english,own_english,latin,0.0,data/processed/school_a/G6_A_Roll01/sentence_06_own_english.json,0.6200943922503778,0.0099968733767747,,0.0017006802721088,0.21880470608767,6.386252089568559,21.40872214766867,22.74030653401375,0.4015357099896596,2.8627760252365926,1.0694933408959022,2.2696078431372557,0.2953298166621452,0.0,0.6666666666666666,0.2187853480222224,0.4047619047619047,,0.4059214864720364,0.7689075630252101,0.1966580976863753,1.2673521850899745,1.9665809768637528,,1.0,2,2,0,4,4,own,0,0,1,0.6309337673722921,1.1144795663909677,,0.0,0.8259837791871342,0.8754833791661104,-0.39624834617673826,2.23132215034822,-1.1628940026103847,-0.10009038393497278,-0.3969760784928916,1.3209783416681504,-0.13992039512387414,-1.0895619960775766,0.9442870632672332,-0.48541203260246313,-0.14827546314171522,,-0.7875770992320541,0.6495283652963146,-0.7703947479199128,0.00665282563913995,0.48119910305514846,,0.0
G6_A_Roll02,school_a,6,sentence_02_copy_english,copy_english,latin,0.0,data/processed/school_a/G6_A_Roll02/sentence_02_copy_english.json,0.3110868082220058,0.0064151710768432,0.0089103255610738,0.0561403508771929,0.1248550445652602,2.751063022058469,24.67637372598477,24.794566006949346,0.4375021768740283,2.767083734359961,1.1124313235365355,2.9411764705882355,0.1592323546517794,0.0,0.9411764705882352,0.2495056745824959,0.3625730994152046,37.28378378378378,0.3887433747733841,0.5693548387096774,0.9219977553310886,3.3922558922558923,3.4270482603815937,1.4285714285714286,3.0,0,2,3,3,1,copy,1,0,0,-1.5315426928066398,0.9145245784995528,-0.436580378086329,0.9768174055674453,-2.9602159490161206,0.5530433624511117,2.481429812571637,5.0,-0.3955045576583998,-1.0822596481689175,5.0,3.5661303449148574,-0.09059225857198988,-5.0,3.8116536986529708,-1.6341431828029076,-0.24269306576317345,-1.5468402840690043,-2.9052043953030204,-0.01412779292851356,0.09657490807219415,-0.993427846232937,-1.4203088696474795,3.3724537973829767,-1.011736139214893
G6_A_Roll02,school_a,6,sentence_04_dictated_english,dictated_english,latin,0.0,data/processed/school_a/G6_A_Roll02/sentence_04_dictated_english.json,0.4184362376046219,-0.0247360240455382,,0.0248538011695906,0.1357412754628832,11.84418322614566,24.25394344189425,20.80842171959827,0.4355420628412486,2.480916030534351,1.0812485981145823,3.035714285714286,0.1788080488655372,0.0,0.8571428571428571,0.182301368759247,0.327485380116959,24.894736842105264,0.3764963548836484,0.4910714285714285,0.392106938255888,0.9980903882877148,1.2297899427116488,1.1428571428571428,1.0,0,2,3,3,1,dictated,0,1,0,-0.6744907594765952,-1.2746339698018403,,0.31287237250876127,-1.2112449074900404,2.7962271420172486,0.9082635999387879,1.4587926070808945,0.0,-0.9943389211602774,1.2848296734002866,2.3487844971210987,-0.6332841301359003,-0.8331944675887353,2.0753561830049083,-1.37186470954326,-0.4012008527546671,-0.8690554016333049,-0.9967026732284453,-0.011526053065705633,0.3020602184223154,-0.20057265472845848,0.0,2.6979630379063795,0.0
G6_A_Roll02,school_a,6,sentence_06_own_english,own_english,latin,0.0,data/processed/school_a/G6_A_Roll02/sentence_06_own_english.json,0.2550146344155654,0.0054988981649063,,0.0730994152046783,0.0850805179056342,12.954941632049165,24.397888337939825,20.36143496611196,0.43381345761941,2.220577350111029,1.0820087396578413,3.142857142857143,0.1117109611585864,0.0,1.0,0.1334400518517854,0.4093567251461988,,0.3811862554288528,0.3357142857142857,0.6519607843137255,1.303921568627451,1.6470588235294117,,1.0,0,2,3,3,1,own,0,0,1,-0.6403376318030255,0.6744907594765952,,0.6847585182867262,-0.7531636684145793,1.99052223980302,1.4443356341460298,1.4283996295492285,-0.637330925555865,-1.7065409117321735,1.1566459670196778,2.163710261207806,-0.2668268591670609,-1.0895619960775766,1.8885741265344669,-1.1745208661299555,-0.11563936992577421,,-0.9006825644933094,-0.3344490854734971,0.6989200803421115,0.0555179735463099,-0.009476305702283624,,0.0
G6_A_Roll03,school_a,6,sentence_02_copy_english,copy_english,latin,0.0,data/processed/school_a/G6_A_Roll03/sentence_02_copy_english.json,0.4911180114024809,-0.0135484603364853,0.0195302568739386,-0.0820073439412484,0.2274792195519471,3.568321884285349,22.605952044513707,16.043678374078603,0.5381964226587144,3.69854597583453,1.074465051841584,0.8466981132075473,1.668898292062026,0.125,0.0,0.3556638295756149,0.6162790697674418,55.63513513513514,0.7146098167707877,0.814299900695134,0.8907563025210085,5.403921568627451,7.482352941176471,1.3571428571428572,3.0,3,3,4,4,4,copy,1,0,0,-1.0376425050335332,-1.8373244693922026,0.2014886030613845,-0.8907037921544947,0.07712527551711135,0.700239102580216,0.523593705653393,-0.540196947384176,2.0449827162747574,2.0763333141216966,0.0,0.895055759069628,0.0,-3.7096991771212786,-1.456998987769124,-0.8197156772819161,2.870207456412926,-1.132191822607159,0.670770618448313,0.6744907594765952,0.033780839372784505,0.0,0.4562154649978962,3.147623544224111,-1.011736139214893
G6_A_Roll03,school_a,6,sentence_04_dictated_english,dictated_english,latin,0.0,data/processed/school_a/G6_A_Roll03/sentence_04_dictated_english.json,1.0260907017899756,-0.1053902955243466,0.1392029650195658,-0.1602067183462532,0.3206002778988358,5.995865019731617,20.786013982086555,17.81559755016131,0.4700019191658769,3.1462212486308867,1.0739335994061514,2.8787061994609173,0.3698948281344794,0.0,0.7142857142857143,0.2012931712866814,0.3081395348837209,35.0,0.6736674224065579,2.4465408805031448,0.2523809523809524,1.1728291316526611,2.5386554621848743,0.5714285714285714,2.0,3,3,4,4,4,dictated,0,1,0,1.1442187416485081,-5.0,5.0,-1.346348846199574,1.9601702894181166,1.507273065368524,-0.6026458686764776,0.40105147318931217,0.7360186628479573,0.7640122277140586,0.3202739914871883,2.1902273664256993,-0.527653257803543,-0.8331944675887353,1.5565171372536815,-1.2255227269692541,-0.5596480637185371,0.12711556620905068,0.567424772297183,4.524058515277702,-0.2662903255512888,0.02399348033951349,1.6112192511962424,0.0,5.0
G6_A_Roll03,school_a,6,sentence_06_own_english,own_english,latin,0.0,data/processed/school_a/G6_A_Roll03/sentence_06_own_english.json,0.2383489602178024,-0.0013963743263106,,0.0930232558139534,0.2020714790346833,8.418254849186175,20.81573930544638,17.31503787610933,0.5846096837147825,3.40880503144654,1.0731622307363882,0.897887323943662,0.3517773112189771,0.0,0.0,0.2797077184189236,0.8255813953488372,,0.8025234136418021,0.428169014084507,1.2410779315367808,2.792425345957757,3.2061179898033503,,1.0,3,3,4,4,4,own,0,0,1,-0.6983704164231369,0.0,,0.8758406094060279,0.6283812874457512,1.2204170264700502,-0.7613785030589151,0.4001722700465621,1.8180116684808274,1.2657931334158627,0.058468310228522995,-0.0028047596555604063,-0.10090723430953866,-1.0895619960775766,-0.9442870632672332,0.0064972521923432995,2.8407214884746828,,1.025943276532075,-0.1244426687117484,2.6000697669608517,2.044503026167892,2.3846988264614475,,0.0
G6_A_Roll04,school_a,6,sentence_02_copy_english,copy_english,latin,0.0,data/processed/school_a/G6_A_Roll04/sentence_02_copy_english.json,0.5245034027669027,0.0002320151609548,0.0151724364407095,0.0253283302063789,0.2064666366833447,-6.092370903877617,21.83830810713267,26.4971156616281,0.4685025152886827,2.952630049404242,1.0887319192808254,1.7263427109974423,1.765222966430055,0.0869565217391304,0.6956521739130435,0.4320819757684772,0.4146341463414634,39.229729729729726,0.6495941651610962,0.4954751131221719,1.1060507482108004,5.884189980481458,3.893298633702017,1.8571428571428568,3.0,0,1,1,1,2,copy,1,0,0,-0.9460525430021356,0.06221913527523966,-0.06033889487043563,0.5602914416487882,-0.5447787172702249,-1.039739367936244,-0.20230722134696438,5.0,0.3558385881094314,-0.45307119716950583,2.9631676877580664,2.0168607762725723,0.0057802654156592255,-4.105595927248847,2.4372225630645987,-0.2334485159467797,0.39608126003130945,-1.5028716695988236,-0.04269451847692709,-0.22182722264461602,0.4665140510909057,0.2371726175009387,-1.2045593167922375,4.721435316336165,-1.011736139214893
G6_A_Roll04,school_a,6,sentence_04_dictated_english,dictated_english,latin,0.0,data/processed/school_a/G6_A_Roll04/sentence_04_dictated_english.json,0.40029400362889,-0.0111491234525576,,0.1062717770034843,0.1479776897857078,-5.625340519940931,24.02567403938192,26.77612302916379,0.4095980509087775,2.864077669902912,1.0937768617661163,1.9166666666666667,0.1042650491592813,0.0,0.3333333333333333,0.1697808104655873,0.4146341463414634,21.894736842105264,0.4703080133688204,0.4747899159663866,0.7597765363128491,2.306464485235435,1.9808459696727851,1.0,1.0,0,1,1,1,2,dictated,0,1,0,-0.7287904565051249,-0.4737769960479413,,1.0428521296244504,-1.0013186943887022,-1.0540103202559945,0.8088110575361069,3.5679319325273475,-0.5541310675111983,0.0183281832942141,2.9368064366586126,1.218696335283497,-0.6744907594765952,-0.8331944675887353,0.17294634858374236,-1.4683422988074049,0.3125688885379343,-1.1647936577115041,-0.5029352584863532,-0.04928996558695089,1.7975960326785734,1.4808891007847669,0.9245532954781925,2.023472278429785,0.0
G6_A_Roll04,school_a,6,sentence_06_own_english,own_english,latin,0.0,data/processed/school_a/G6_A_Roll04/sentence_06_own_english.json,0.3426146837333765,0.0083984805575811,,0.1048780487804878,0.1251412051938078,-10.15572815161601,21.322028020194423,28.637413398977053,0.4805436662987902,3.073005093378607,1.1024022082724687,2.1153846153846154,0.0703308896385018,0.0,0.75,0.2600238217712052,0.4756097560975609,,0.4682936536179706,0.3794871794871794,0.5929824561403508,2.235087719298245,1.550877192982456,,1.0,0,1,1,1,2,own,0,0,1,-0.33529897963412275,0.9581258924885805,,0.98953548752994,-0.2800874587899379,-1.9325273635433315,-0.44963039724385606,4.2217280105576735,0.12355464014879523,0.4257945338578279,3.688226704223845,1.1721447419123026,-0.295426310699784,-1.0895619960775766,1.1803588290840417,-0.15243765889047212,0.3549427014340105,,-0.5023712334741213,-0.23502108720251946,0.5085901423108656,1.2997711514006252,-0.15717799208332467,,0.0
G6_A_Roll05,school_a,6,sentence_02_copy_english,copy_english,latin,0.0,data/processed/school_a/G6_A_Roll05/sentence_02_copy_english.json,1.0851750925776482,-0.0029040437836561,0.0562491839020236,-0.1269607843137254,0.28706328856864,5.021319795488631,21.22689333161109,16.247832102039165,0.5433254418575821,3.2412729566802216,1.064965886969618,0.0168970814132103,478.9027531494706,0.492063492063492,0.4126984126984127,0.6727475367823037,0.3647058823529411,166.5,0.739296640580835,0.6042486231313926,0.3473389355742297,7.849859943977592,7.95406162464986,0.2857142857142857,9.0,4,2,4,2,3,copy,1,0,0,0.5921022211972315,-0.3700649838904863,2.4076430185109174,-1.4983976296554546,1.840619590314888,0.9619372166426803,-0.7804744297626608,-0.3988289635714425,2.1692927598631595,0.5257182963194825,-1.9729361423710507,-0.1631840835735123,5.0,0.1101209403227096,0.8532634005231043,1.6128971796241867,-0.21652442215044865,1.372797851791205,0.9416775107705176,0.08396974421573035,-1.0584663003472445,1.2078862411299491,0.6744907594765952,-0.22483025315886496,1.011736139214893
G6_A_Roll05,school_a,6,sentence_04_dictated_english,dictated_english,latin,0.0,data/processed/school_a/G6_A_Roll05/sentence_04_dictated_english.json,2.0986774712125094,0.0069257568397925,,-0.2320855614973262,0.2456591489072675,3.678051858040515,20.411686486550664,12.995234998804808,0.2893780503509539,2.368773234200744,1.0680624544778818,1.3777777777777775,3.19264405573144,0.5238095238095238,0.2857142857142857,0.2916040372041382,0.1764705882352941,33.71052631578947,,,0.0738916256157635,0.7389162561576355,0.9698275862068966,0.5714285714285714,1.0,4,2,4,2,3,dictated,0,1,0,4.3544703950204,0.5916163828786634,,-1.990802358188435,0.6744907594765952,0.9964330908275926,-0.765733083662557,-1.3025887883765932,-3.1218772364036873,-1.2907238124968232,-0.4538951404048992,0.6744907594765952,1.0327344593754728,0.5488503238878178,0.0,-0.5296292672913534,-1.638048987300303,0.0,,,-0.9923149467071366,-0.5336512384544042,-0.32001481218282307,0.0,0.0
G6_A_Roll05,school_a,6,sentence_06_own_english,own_english,latin,0.0,data/processed/school_a/G6_A_Roll05/sentence_06_own_english.json,,,,,,4.103555765354496,21.303455873194423,13.160365640534812,0.5166619051739774,2.2797018851380977,1.0672244043269528,,,,,,0.4235294117647059,,,,0.2309037900874635,0.2518950437317784,0.5037900874635569,,1.0,4,2,4,2,3,own,0,0,1,,,,,,0.4879943538329841,-0.46106622719525114,-1.0021228136781062,0.7116505933973254,-1.5586417581230079,-0.6786346928480083,,,,,,-0.01497360218804864,,,,-0.659879907733603,-1.350232596151164,-1.765141283966608,,0.0
G6_A_Roll07,school_a,6,sentence_02_copy_english,copy_english,latin,0.0,data/processed/school_a/G6_A_Roll07/sentence_02_copy_english.json,0.795309447396407,0.0030608030526931,0.0397800095422353,-0.0501771793054571,0.2906486054039726,-0.3195393524565493,22.037459770241323,17.302588573454948,0.4088312667779317,3.0862397667376924,1.0805010168190816,-0.4207459207459206,-11.48011600210202,0.5256410256410257,0.2307692307692307,0.4774026116269022,0.388235294117647,106.22972972972973,0.4446476023319351,0.2774891774891775,1.133518005540166,6.124653739612189,6.2891966759002775,0.4285714285714285,5.0,1,1,4,3,3,copy,1,0,0,-0.20311935181236485,0.45214805679252423,1.4181385674449873,-0.4604142584605571,1.9467332874859629,0.0,-0.013985045108011815,0.33154611831923064,-1.0903902552108107,0.0,1.253644253858119,-0.7213073492644323,-0.7890480094868804,0.4595431548082315,-0.16516587715601438,0.11424377781242087,0.07217480738348334,0.010992153617545183,-2.2917256962167243,-0.8346550878953897,0.5217221380582324,0.3559216706543392,-0.09589761726415166,0.22483025315886496,-0.3372453797382976
G6_A_Roll07,school_a,6,sentence_04_dictated_english,dictated_english,latin,0.0,data/processed/school_a/G6_A_Roll07/sentence_04_dictated_english.json,0.4685958147439228,-0.0006274279719863,,0.0580392156862745,0.1761041948049856,-1.9264078538781624,21.702141073597048,16.680843021202715,0.3651326431724562,2.892697816388823,1.0715047050685782,0.2402597402597402,10.953771204782637,0.6428571428571429,0.2142857142857142,0.3684174276721012,0.388235294117647,40.55263157894737,0.5658614851059488,0.5010101010101009,0.3178470254957507,1.2526912181303116,1.364872521246459,2.142857142857143,1.0,1,1,4,3,3,dictated,0,1,0,-0.5243631707029902,0.14640662446693345,,0.6104071684866763,-0.5187843072145842,-0.23877520976871158,-0.2035070992578737,0.0,-1.503855571199459,0.09396905621331308,0.0,-0.47425005029333517,5.0,0.8629514128597617,-0.2594195228756138,0.062258934635495915,0.09635582278237043,0.6744907594765952,0.0,0.011526053065705633,0.0,0.12662853283782424,0.1662872524322517,5.0,0.0
G6_A_Roll07,school_a,6,sentence_06_own_english,own_english,latin,0.0,data/processed/school_a/G6_A_Roll07/sentence_06_own_english.json,0.4902904978287458,-0.0070353591508534,,-0.0686274509803921,0.2808262349330917,1.7367751054358105,22.286028709091863,15.862506910450934,0.4720789502883543,2.6382978723404253,1.0683543365995958,0.9767891682785298,1.2639466062413696,0.5454545454545454,0.3636363636363636,0.3350238595847178,0.5529411764705883,,0.3011851732353182,0.1063829787234042,0.8737412858249419,1.1649883810999224,1.747482571649884,,1.0,1,1,4,3,3,own,0,0,1,0.17893396475804238,-0.5516015736619024,,-0.6744907594765952,1.5583953219611208,0.08623196373278309,0.14395460675479568,-0.09008951634895335,-0.01427226908501237,-0.6616191773858173,-0.5383684718424918,0.07333970762643033,0.5295300893661591,0.4952554527625347,0.08584427847883931,0.45313981158868216,0.9042123643879787,,-1.2664992252354867,-0.855363990329307,1.4146316038204,-0.13012887365279222,0.14473980464799124,,0.0
G6_A_Roll08,school_a,6,sentence_02_copy_english,copy_english,latin,0.0,data/processed/school_a/G6_A_Roll08/sentence_02_copy_english.json,1.0702187866431017,-0.0005470966258104,0.0118294830113023,-0.0230826507818317,0.2816824809914627,-0.1094165189218871,21.74886427491913,17.775398305331265,0.3873634618985654,3.2182972489011887,1.0818824031030083,-0.0268264840182647,-162.85183136188184,0.4246575342465753,0.2602739726027397,0.614282298653266,0.2823529411764706,114.37837837837836,0.5678219895888359,0.7588141025641026,0.5391780821917808,5.063013698630137,6.496438356164383,0.4285714285714285,6.0,4,3,2,0,1,copy,1,0,0,0.5510708767471284,-0.045176056722727356,-0.2611909367421364,-0.09414244750741736,1.681365216990459,0.03784502980595752,-0.28688726888799626,0.6589472350664396,-1.6106970929957907,0.44780756020675044,1.5405523097628864,-0.21894446133774365,-5.0,-0.5913343644726318,0.0,1.1643617086355535,-1.2269717255192085,0.19511072671142748,-0.9400414648949937,0.5185025159156716,-0.6728773002079226,-0.16835171720290257,0.0,0.22483025315886496,0.0
G6_A_Roll08,school_a,6,sentence_04_dictated_english,dictated_english,latin,0.0,data/processed/school_a/G6_A_Roll08/sentence_04_dictated_english.json,0.4542188151369756,-0.0294576701638455,,0.1428571428571428,0.2318799923705287,1.841657549241713,22.412707086932137,17.035184714951253,0.4268250820221261,2.8776214494292542,1.0680624544778832,1.4666666666666668,0.658816557319522,0.1666666666666666,0.3333333333333333,0.3679399023528273,0.4705882352941176,36.92105263157895,0.8048598878331379,0.9892857142857142,0.5114544485881727,1.3851891315929676,2.557272242940863,0.5714285714285714,1.0,4,3,2,0,1,dictated,0,1,0,-0.5673935231877387,-1.5529434485212177,,1.370870312418974,0.43809747667539534,0.591696575624857,0.10607270334968029,0.12523347972064566,-0.18618361336510927,0.05412336367530266,-0.45389514040472356,0.7642566276509298,-0.36794019755757157,-0.39345294302801403,0.17294634858374236,0.058579346989674354,0.7708465822589656,0.316491817908249,1.2579419802150318,1.1440496700844072,0.7875191113727145,0.29690871087902804,1.6341365907571634,0.0,0.0
G6_A_Roll08,school_a,6,sentence_06_own_english,own_english,latin,0.0,data/processed/school_a/G6_A_Roll08/sentence_06_own_english.json,0.449644724616854,0.0060426901955399,,0.1243697478991596,0.1751397060220032,3.089538416354811,23.9099951916072,16.39633522752264,0.4504590115747336,2.740693196405648,1.0702245614044017,0.9007936507936508,1.4736877927080352,0.3333333333333333,0.1666666666666666,0.4853183130768492,0.4941176470588235,,0.7340053350639757,0.5986394557823128,0.2551640340218712,2.1688942891859053,1.9902794653705955,,1.0,4,3,2,0,1,own,0,0,1,0.0373982924214122,0.7276841177095844,,1.176473071508111,0.31034428015079296,0.31586432056189095,1.143914629729531,0.09008951634895394,-0.36629935741839,-0.4054787822715165,-0.3062046756998321,0.0,0.6744907594765952,-0.12106244400861968,-0.4721435316336168,1.6666716660541454,0.48640056139887505,,0.712634330970883,0.2627726447267749,-0.5815892733994946,1.2113214308958318,0.5175917769705023,,0.0
G6_A_Roll09,school_a,6,sentence_02_copy_english,copy_english,latin,0.0,data/processed/school_a/G6_A_Roll09/sentence_02_copy_english.json,2.962768178219491,0.002077894576498,0.010424367070954,0.0064443821798823,0.2363715493861433,-6.417422457583029,22.052249026862786,12.69144953134204,0.2735393170337693,2.77507809788268,1.0722202330097772,-0.231578947368421,-21.402671694860715,0.5131578947368421,0.3026315789473684,0.606310110670045,0.1744186046511628,134.21621621621622,0.7149488205714164,2.795121951219512,0.2742382271468144,3.4487534626038783,4.520775623268698,0.5,7.0,3,0,2,0,2,copy,1,0,0,5.0,0.3166608952445315,-0.34561341274877233,0.30501267436635277,0.3403092669212287,-1.098284103563107,0.0,-2.8614762965817855,-4.369408624564814,-1.0551507228292503,-0.46623932377647037,-0.48006394214620735,-1.38448221035081,0.32963834109758594,0.23711548623666498,1.1032004236345103,-2.551295516811488,0.6433463242268838,0.6744907594765952,5.0,-1.2053957960679285,-0.9655274548868817,-0.9142048470212745,0.4496605063177303,0.3372453797382976
G6_A_Roll09,school_a,6,sentence_04_dictated_english,dictated_english,latin,0.0,data/processed/school_a/G6_A_Roll09/sentence_04_dictated_english.json,,,,,,-3.3936307268241515,19.92783861134357,18.50175020145656,0.4424637532073784,3.1374579342479936,1.0726168615199274,,,,,,0.4883720930232558,,,,0.3257617728531856,1.8847645429362885,1.8382271468144045,0.5714285714285714,1.0,3,0,2,0,2,dictated,0,1,0,,,,,,-0.5621473035377996,-0.9765361996118396,0.6435554902362912,0.14783849473816432,0.7408514535400745,0.14664894241044898,,,,,,0.9165007329765031,,,,0.03219409001012941,0.9389398777511334,0.7489888929069852,0.0,0.0
G6_A_Roll09,school_a,6,sentence_06_own_english,own_english,latin,0.0,data/processed/school_a/G6_A_Roll09/sentence_06_own_english.json,0.4811742535119741,-0.0374255501893806,,-0.2170542635658915,0.1731998765118628,-8.316100951072,20.71233067384459,16.7447986894331,0.4738320289186559,3.377693282636248,1.057814181583134,2.213636363636364,0.2838395913663062,0.0,0.6,0.2789030415875281,0.5116279069767442,,0.7969453444827942,1.6856060606060606,0.2218487394957983,1.873389355742297,2.169187675070028,,1.0,3,0,2,0,2,own,0,0,1,0.14718961186228385,-3.5243489248833324,,-2.0979967131332793,0.28743685508906264,-1.6202495789981022,-0.8250525374343977,0.20770375203056682,0.01427226908501237,1.1879675519675428,-1.8467900018455796,1.266962893417128,-0.14786175746030503,-1.0895619960775766,0.7554296506137866,0.0,0.6107724469398178,,1.0004367386554895,2.7317643971512218,-0.6891016112195875,0.8164585460669899,0.7923328489376535,,0.0
G6_A_Roll10,school_a,6,sentence_02_copy_english,copy_english,latin,0.0,data/processed/school_a/G6_A_Roll10/sentence_02_copy_english.json,0.5032421930637679,-0.000219361299699,0.0016280043273724,0.074421965317919,0.1667017713119269,3.107375205953388,22.309093583698083,15.849740668798596,0.5296144718658723,2.4589394650398875,1.0740170116727636,1.0426758938869665,2.360636323661952,0.4117647058823529,0.4509803921568627,0.3686850026634534,0.3930635838150289,63.18918918918919,0.3912841747911548,0.3762975778546713,1.1333333333333333,4.830601092896175,5.778142076502733,0.1428571428571428,5.0,4,2,4,3,0,copy,1,0,0,-1.0043808509795857,0.0,-0.8741183576728234,1.2239536501606343,-1.721689176197564,0.6172184213578086,0.24287784065334495,-0.6744907594765952,1.836985312528009,-2.1271783545930902,-0.09305603747422873,1.1449849443097129,0.04150991889654757,-0.7255026656554978,1.0675637578081298,-0.7198194279775384,0.13141655679651645,-0.9615081039347205,-2.8773223055646753,-0.5568732168357043,0.5213509543199725,-0.2831248413177017,-0.3323795754863295,-0.6744907594765952,-0.3372453797382976
G6_A_Roll10,school_a,6,sentence_04_dictated_english,dictated_english,latin,0.0,data/processed/school_a/G6_A_Roll10/sentence_04_dictated_english.json,0.6030029962251773,-0.0091416545667983,,0.1979768786127167,0.1809468833132905,1.5701861103018735,22.169242696464764,23.323050646630097,0.4415416217702379,2.857142857142857,1.0697108105289694,2.7571428571428567,0.4176216754378278,0.0,0.8571428571428571,0.187929402482582,0.3468208092485549,26.76315789473684,0.5053213692571678,1.0,0.2398523985239852,1.1808118081180812,1.107011070110701,1.1428571428571428,1.0,4,2,4,3,0,dictated,0,1,0,-0.12208254513872321,-0.3554501233552178,,1.8650645110222848,-0.435703820320516,0.5318649786485777,0.0,2.347527227630156,0.12814294113688204,0.0,-0.23654292227533122,2.067464678110461,-0.5012703309803825,-0.8331944675887353,2.0753561830049083,-1.3284977036007506,-0.2428389522145298,-0.6848675403916197,-0.3186462852648988,1.1689007609048399,-0.31725157198817794,0.03425244619228645,-0.15114133593681597,2.6979630379063795,0.0
G6_A_Roll10,school_a,6,sentence_06_own_english,own_english,latin,0.0,data/processed/school_a/G6_A_Roll10/sentence_06_own_english.json,0.2144969260129723,-0.0191328952233128,,0.0722543352601156,0.1508279734626218,2.308991590136058,20.94238768583136,15.6736699007065,0.5574617441993106,2.169472812586254,1.0763803506822576,2.023166023166023,0.4977783129460571,0.1428571428571428,0.5714285714285714,0.1724073619582453,0.4277456647398844,,0.4262916868586288,0.777027027027027,0.8272778088317495,1.0961430967020682,1.4477361654555616,,1.0,4,2,4,3,0,own,0,0,1,-0.7814273601347954,-1.7349741385173634,,0.6766536731347903,0.023247301362926312,0.18336604397991715,-0.683394555284747,-0.15382624342996923,1.3759747955519794,-1.8343781597044695,0.4579555489580849,1.0831489061726713,0.0,-0.6744907594765952,0.6744907594765952,-0.8598846902879853,0.014973602188049034,,-0.6944313757023984,0.6679713326934994,1.2646885489607538,-0.2221220843495145,-0.31556690287807815,,0.0
G6_A_Roll11,school_a,6,sentence_02_copy_english,copy_english,latin,0.0,data/processed/school_a/G6_A_Roll11/sentence_02_copy_english.json,1.3708065789777475,0.0016554705317799,0.0326076700023716,-0.116412213740458,0.2031298902259137,-1.7006395164784314,21.862839970320444,16.674793688101936,0.4394030992266066,3.003208556149733,1.0727255419100383,-0.3840354767184036,-11.123335215058994,0.5772357723577236,0.1869918699186991,0.5475522128548572,0.3273809523809524,149.94594594594594,0.6285505905976695,0.5953294412010008,0.7703081232492998,5.931372549019608,8.796918767507004,0.5,8.0,2,1,1,2,2,copy,1,0,0,1.375707742210715,0.25843265103401214,0.987208531475502,-1.3557989480261103,-0.6435355411110509,-0.24874867711032828,-0.17910935400001934,-0.10317578500768647,-0.34943264188952583,-0.2815592363662756,-0.3612888143554659,-0.6744907594765952,-0.7676382548435677,0.9964602160908612,-0.4102290688712386,0.6524197167695261,-0.6744907594765952,0.9987592911941793,-0.2736213251084206,0.05889508420928021,-0.2083151761321704,0.2604729491580043,1.0645087886252922,0.4496605063177303,0.6744907594765952
G6_A_Roll11,school_a,6,sentence_04_dictated_english,dictated_english,latin,0.0,data/processed/school_a/G6_A_Roll11/sentence_04_dictated_english.json,3.3789163217415856,-0.0086372690688635,,-0.2380952380952381,0.46250165982011,-4.285533152437873,22.454202436881804,11.192937478114231,0.2755431686382764,2.300091213134692,1.0588121289122698,6.155555555555555,0.1217307963905225,0.0,1.0,0.5752537001345095,0.1785714285714285,38.6578947368421,0.420560041253707,0.0,0.2027027027027027,0.5574324324324325,0.7432432432432432,0.8571428571428571,1.0,2,1,1,2,2,dictated,0,1,0,5.0,-0.3257199696150701,,-2.044684098901784,4.3946105555518535,-0.7587202715077819,0.1241514208867816,-1.9395671456797827,-3.4173726976412024,-1.472245176471728,-1.6736430090646024,5.0,-0.6648358680025187,-0.8331944675887353,2.5941952287561354,1.6560428915106546,-1.6208425903748802,0.4877087030061531,-0.7647782743394823,-1.1505343823355298,-0.46836197350918335,-0.7668858382146179,-0.5989411418714694,1.3489815189531897,0.0
G6_A_Roll11,school_a,6,sentence_06_own_english,own_english,latin,0.0,data/processed/school_a/G6_A_Roll11/sentence_06_own_english.json,1.1081277370467058,-8.591696077688974e-05,,-0.0531135531135531,0.2313843624396003,-0.9249680846148716,22.7385843354318,11.771879210036095,0.2737806237749723,2.364793213149523,1.0772986702260685,-1.1222222222222225,-12.971605186159332,0.4166666666666667,0.4166666666666667,0.4916724565620209,0.1785714285714285,,0.725663651030016,2.476923076923077,0.0949367088607595,0.5063291139240507,0.7911392405063291,,1.0,2,1,1,2,2,own,0,0,1,2.330351003657851,0.12818802808248964,,-0.5257027770819334,0.9745368008201051,-0.3656004869787399,0.4226164753244596,-1.470768132708313,-3.243068771635175,-1.3457870542913746,0.5719528346401492,-1.9523176834756457,-5.0,0.12106244400861968,0.23607176581680842,1.7179773220376762,-1.7548613246355291,,0.6744907594765952,4.529202495221067,-1.0986615237213322,-1.010249876458138,-1.323872465344727,,0.0
G6_A_Roll12,school_a,6,sentence_02_copy_english,copy_english,latin,0.0,data/processed/school_a/G6_A_Roll12/sentence_02_copy_english.json,0.6325943884697852,0.0368540453076565,0.0799186722535726,-0.0486990559521068,0.2025440738934468,-4.921195930180243,21.99527705800203,17.14658942984554,0.469538020141059,2.9099706238119905,1.0726980556257832,0.162197175799974,16.921692302491643,0.5268817204301075,0.1397849462365591,0.5930736713410643,0.4825581395348837,122.45945945945944,0.6635923540322883,0.4255483472350942,1.179108635097493,8.600557103064066,10.450139275766016,0.6428571428571429,8.0,2,3,1,2,0,copy,1,0,0,-0.6495141808065775,5.0,3.829758272539473,-0.44043255193365943,-0.6608737959310036,-0.8288001232955277,-0.05387394206505525,0.22352318565529705,0.3809357164967293,-0.5977295155117905,-0.3669975986914849,0.02211617893326133,0.9152919362468486,0.4724543568683998,-0.6744907594765952,1.0016526879435452,1.229489451358169,0.3777026118028733,0.11091802700130206,-0.41841362413896177,0.6133574772300535,1.5786056259084347,1.82950889551609,0.8993210126354606,0.6744907594765952
G6_A_Roll12,school_a,6,sentence_04_dictated_english,dictated_english,latin,0.0,data/processed/school_a/G6_A_Roll12/sentence_04_dictated_english.json,1.3899592331525985,-0.1238249115489747,,0.2956810631229235,0.2305980521155724,-2.010342721231221,24.404639237931598,12.021645172439875,0.280384649417405,2.427565508484359,1.0615362370123964,-0.3777777777777777,-1.9923730004721456,0.8333333333333334,0.0,0.3963175422842284,0.1744186046511628,8.31578947368421,0.6940090600375042,1.847619047619048,0.1344889420203227,0.0806933652121936,0.2958756724447101,0.2857142857142857,1.0,2,3,1,2,0,dictated,0,1,0,2.2332770702774885,-5.0,,2.7410636518441622,0.4161046889154091,-0.25727423557907897,0.9739188295944592,-1.6466805052910185,-3.3139648315233288,-1.1353402979539848,-1.3144421327754237,-1.0983851369665065,-1.8334914344321138,1.365513155214872,-1.0376780915024542,0.2772442200228456,-1.6548552354600188,-2.5033983957496693,0.6744907594765952,3.134898168032392,-0.7458288151102663,-1.3795687939227448,-1.1496526028331695,-1.3489815189531897,0.0
G6_A_Roll12,school_a,6,sentence_06_own_english,own_english,latin,0.0,data/processed/school_a/G6_A_Roll12/sentence_06_own_english.json,0.8723610803044356,-0.0057636463087349,,-0.0887949260042283,0.2836958017500025,-0.6876661734485571,22.02817302165309,18.33083340539261,0.3931720336517752,3.143199042680494,1.0644223473556982,0.6862068965517242,2.262168704675679,0.6,0.3,0.3608139038359644,0.3372093023255814,,0.5129983103443164,0.6018808777429467,0.4937570942111237,0.757094211123723,1.2179341657207718,,1.0,2,3,1,2,0,own,0,0,1,1.5093703791137525,-0.4272035079133411,,-0.8679094569920197,1.5922820045146062,-0.3253183498884362,-0.014820455361061025,0.7430260491212589,-1.2990757313371786,0.6013836642498188,-1.0264731889383079,-0.20708760644651092,1.219442007696425,0.6537371976465459,-0.0944287063267233,0.6613779700820039,-0.6280881316906629,,-0.2979526456893327,0.27013537698682477,0.1883783361775835,-0.6751697526146447,-0.668463216878427,,0.0
G6_A_Roll13,school_a,6,sentence_02_copy_english,copy_english,latin,0.0,data/processed/school_a/G6_A_Roll13/sentence_02_copy_english.json,0.8841464858903928,-0.0110260777849548,0.0158033748913604,-0.0276162790697674,0.2633217303327314,-8.500464460303434,20.41639306875177,16.44971194139482,0.4788316501855086,3.224143160448893,1.0777125461680783,-0.231957231957232,-9.453647446928292,0.6483516483516484,0.1208791208791208,0.4132424458832139,0.4302325581395348,99.83783783783784,0.5985734253456875,0.3080429827417779,0.7876750700280112,8.146218487394957,7.628011204481793,0.1428571428571428,5.0,2,1,3,4,3,copy,1,0,0,0.04059745515360016,-1.4896314129969739,-0.022430716134283515,-0.15542936902600601,1.137946817803572,-1.473458878021927,-1.546901237158362,-0.25903555324654964,0.6061818134844433,0.46763107451638164,0.6744907594765952,-0.48054636601457984,-0.667443382404129,1.7365225204734986,-0.7803245012574954,-0.37798221974596197,0.5874693624236983,-0.13343253141297962,-0.6025830717280265,-0.7487586139147773,-0.1734083087802933,1.3542380096956248,0.5236163872834804,-0.6744907594765952,-0.3372453797382976
G6_A_Roll13,school_a,6,sentence_04_dictated_english,dictated_english,latin,0.0,data/processed/school_a/G6_A_Roll13/sentence_04_dictated_english.json,0.6175805968580047,-0.0022218425096199,,-0.0100422832980972,0.2393067179439448,-9.903755060622515,20.621111306897987,18.48533054211519,0.3809815017800582,3.4509350298823973,1.0788797687915317,0.3694083694083694,4.938091773773644,0.5714285714285714,0.1904761904761904,0.3733950613424378,0.3837209302325581,39.44736842105263,0.4289540462085239,0.5661157024793387,0.3697478991596638,2.2,2.0890756302521005,3.142857142857143,1.0,2,1,3,4,3,dictated,0,1,0,-0.07845179388591347,0.05242654469965003,,0.0,0.5655093421319274,-1.9969617242607525,-0.6744907594765952,0.6377523597793752,-1.1653441273285632,1.5693476027684796,0.972475854335712,-0.343827238579002,1.997600609575365,0.6744907594765952,-0.34589269716748494,0.10061426077117573,0.05938207683099565,0.5655345598688373,-0.7205973463738248,0.1625342731352577,0.21111241115874416,1.3440658782359494,1.0577844869805944,5.0,0.0
G6_A_Roll13,school_a,6,sentence_06_own_english,own_english,latin,0.0,data/processed/school_a/G6_A_Roll13/sentence_06_own_english.json,0.4389047995705565,0.0009263449007946,,0.120507399577167,0.2758669273058999,-7.513968514598274,19.798191715234367,20.46129707138453,0.5386851993127533,2.8377153218495024,1.0734063990959568,0.623728813559322,0.9543852402072645,0.4,0.0,0.1838005881622374,0.686046511627907,,0.6409302801805188,0.3281972265023113,0.2706422018348624,2.6290956749672345,3.2477064220183487,,1.0,2,1,3,4,3,own,0,0,1,0.0,0.22720677936030179,,1.1394307357220126,1.4998309134736239,-1.4840871325525353,-1.3879350992949968,1.4621053303443605,1.070245324579358,-0.16277936437438076,0.08877859865465922,-0.2673822723869638,0.31557963062906313,0.07263746640517184,-0.9442870632672332,-0.7678916552662444,1.8496330255702982,,0.28703501603295656,-0.35152371970281676,-0.5316394221249079,1.826256838823712,2.4485642604031193,,0.0
G6_A_Roll14,school_a,6,sentence_02_copy_english,copy_english,latin,1.0,data/processed/school_a/G6_A_Roll14/sentence_02_copy_english.json,0.2745587575051023,-0.0243985238081848,0.0486253125779805,-0.0965621840242669,0.207486686305317,-0.5901741852059157,21.63679990257511,16.42604857119167,0.4689030103073598,3.292540792540795,1.0727435275616242,0.8292158968850698,1.2895425965126757,0.3157894736842105,0.1578947368421052,0.1832525860220565,0.5697674418604651,80.48648648648648,1.0322388488456402,1.7897071872227144,0.9058823529411764,7.0549019607843135,8.207843137254901,1.6428571428571428,4.0,4,4,3,4,3,copy,1,0,0,-1.6317542716293312,-3.33293096582487,1.9495839534545725,-1.0874604041284615,-0.5145885718362866,-0.04874379018994398,-0.3928577948140777,-0.2754214550336564,0.3655452301199898,0.6995677754832588,-0.35755327101707024,0.8727608026387506,-0.02276443311751345,-1.7242620918950575,-0.5731131752443649,-2.1424257321071742,2.2995229329156195,-0.5706759753108901,4.156350401931337,3.416671182341777,0.06418359480829013,0.8153093798923404,0.7919239048434008,4.046944556859571,-0.6744907594765952
G6_A_Roll14,school_a,6,sentence_04_dictated_english,dictated_english,latin,1.0,data/processed/school_a/G6_A_Roll14/sentence_04_dictated_english.json,0.7572900489874447,0.0281190854720266,0.0207517559033208,-0.0116279069767441,0.2114873031514354,-2.2137227113963944,24.07940499173624,16.863843087577614,0.4622032767065801,3.307646710136337,1.0764096897714173,2.177777777777778,0.7505377774870731,0.25,0.5,0.3015311052929579,0.5232558139534884,53.68421052631579,0.8670253470034173,0.9888888888888888,0.2801358234295416,3.106960950764007,2.7504244482173177,0.8571428571428571,2.0,4,4,3,4,3,dictated,0,1,0,0.3396985250217899,1.8408214474208688,0.18488405057886856,-0.014216432869529791,0.08824335194774052,-0.3020986548701962,0.8322205892496966,0.06467693614825203,0.5694495877813671,1.1906474591462777,0.6467712508776516,1.4823835730456043,-0.3172376186834435,-0.17358218074765316,0.7782585686268407,-0.4531359053176033,1.2022069516916727,1.9689941786259058,1.5851430824705224,1.14312925931328,-0.15339438883911435,2.509650060933604,1.8719078108880778,1.3489815189531897,5.0
G6_A_Roll14,school_a,6,sentence_06_own_english,own_english,latin,1.0,data/processed/school_a/G6_A_Roll14/sentence_06_own_english.json,0.2194703192468546,-0.0216647448537489,,0.2994186046511627,0.0917426385933691,0.1885976044132898,22.6434282685638,14.040771790244444,0.4938104021415378,3.1775700934579456,1.0615654527373704,3.540880503144654,0.1998283006819753,0.0,1.0,0.0674627614884266,0.6162790697674418,,1.213680581267052,0.929245283018868,0.2999434069043576,1.4397283531409166,1.9796264855687604,,1.0,4,4,3,4,3,own,0,0,1,-0.7641091373645607,-1.9826379084827475,,2.855301077221255,-0.6744907594765952,-0.1765720652352135,0.364023971208161,-0.7049659874795026,0.3395705341933155,0.6873623415673732,-1.381119057213675,2.5478239278827335,-0.2059253795824139,-1.0895619960775766,1.8885741265344669,-1.7072454056382942,1.354088794118106,,2.9060196202122848,1.0137276944294047,-0.43708101876149236,0.23698722377982337,0.50123248806298,,0.0
G6_A_Roll15,school_a,6,sentence_02_copy_english,copy_english,latin,0.0,data/processed/school_a/G6_A_Roll15/sentence_02_copy_english.json,1.4227169473604675,-0.000621947789014,0.0024502484813619,-0.0009803921568627,0.2436334362513425,-3.753289628136837,21.4390205728804,22.1409954693809,0.4058256037580824,3.304694691623199,1.0734970295552064,0.1448551448551449,27.552428769299617,0.4945054945054945,0.2637362637362637,0.4348487961344022,0.2588235294117647,97.5,0.6534847714364107,0.5743801652892562,0.2193905817174515,4.5462603878116346,5.240997229916897,0.2142857142857142,5.0,2,0,4,2,1,copy,1,0,0,1.5181193921839409,-0.05549377387201802,-0.8247161088131539,0.20464238964755055,0.5552374585137781,-0.6184495960925565,-0.5798822625076676,3.681942089902021,-1.1632373408859809,0.7407817060074842,-0.201054111719985,0.0,1.5532227545468453,0.13553346501256672,0.019381710074430028,-0.21222193557722593,-1.5156709550531406,-0.18625593629729423,0.0,0.0,-1.3156373663313006,-0.42354179904896067,-0.5809343587116697,-0.4496605063177303,-0.3372453797382976
G6_A_Roll15,school_a,6,sentence_04_dictated_english,dictated_english,latin,0.0,data/processed/school_a/G6_A_Roll15/sentence_04_dictated_english.json,0.8139743014408183,-0.0001900024169889,,0.0017647058823529,0.2062323429415899,-1.2628525902868653,22.79022019092631,26.01195147428517,0.3900435316725311,3.4012438344413463,1.0677351370378914,0.4461152882205514,6.481049940579171,0.3157894736842105,0.2631578947368421,0.4147546973940619,0.2470588235294117,38.94736842105263,0.6273963795848854,0.5761904761904761,0.0698060941828254,1.233240997229917,1.0238227146814405,0.5714285714285714,1.0,2,0,4,2,1,dictated,0,1,0,0.5093544636798464,0.17218993713787628,,0.10585946169671986,-0.0019100106098974502,-0.09252936063729904,0.27054782603074057,3.2978540257797984,-0.9717907050126605,1.4380175482069157,-0.4970552159040502,-0.2663635280047729,2.8505325484334345,0.0,-0.081921954592299,0.41931234799015893,-1.059914050606079,0.5162448505224707,0.32388219389698214,0.18590205734106402,-1.0089332872240537,0.1016320103167854,-0.25354656989616453,0.0,0.0
G6_A_Roll15,school_a,6,sentence_06_own_english,own_english,latin,0.0,data/processed/school_a/G6_A_Roll15/sentence_06_own_english.json,0.983245843479834,0.0001706302426672,,-0.0513368983957219,0.2143491669961238,-2.165546953739434,23.13317603934533,26.208916774029102,0.3482765127174256,3.3547052740434333,1.0722202330097723,0.3333333333333333,10.813984002207512,0.6190476190476191,0.3333333333333333,0.4558460329240161,0.2352941176470588,,0.5983355459940486,0.8136363636363636,0.1008403361344537,0.896358543417367,1.2100840336134453,,1.0,2,0,4,2,1,own,0,0,1,1.8954904665851446,0.15328329709658808,,-0.5086635472799184,0.7733683677215065,-0.576189469729855,0.6655869636684435,3.402055919737362,-2.0300879568145995,1.1304633870302463,-0.058468310228495426,-0.5476293227481704,5.0,0.7090800291933436,0.0,1.4287018011777564,-1.3519713717531792,,0.09226435796110298,0.7511276594371705,-1.0796098305322896,-0.48908041947759046,-0.6805183020747633,,0.0
G6_A_Roll16,school_a,6,sentence_02_copy_english,copy_english,latin,1.0,data/processed/school_a/G6_A_Roll16/sentence_02_copy_english.json,0.6428263407934173,0.0215562644593209,0.0173881013263006,-0.008182601205857,0.3063210392625408,-7.387369390294146,23.305406144224012,20.77615201103558,0.4259912358105484,2.795252225519287,1.079547392536785,1.746126936531734,0.4114251443657159,0.0,0.4347826086956521,0.3278241481159017,0.5058139534883721,65.63513513513513,0.726444314523072,0.744997871434653,1.4924071991001124,5.382452193475816,6.189820022497187,1.9285714285714288,4.0,4,0,3,3,0,copy,1,0,0,-0.6214436958870199,3.001619984438252,0.07278315596630476,0.10728080799323145,2.4105862680685104,-1.2729803512823912,1.1850128280477445,2.736844638810908,-0.6744907594765952,-0.9867401585185989,1.055580546348636,2.0420914700341273,-0.07545863606014545,-5.0,0.9768894815019524,-1.0332970298139268,1.5148317131068227,-0.9062419982465072,0.800639370821416,0.4796606915370243,1.2430750409746951,-0.010602296080990064,-0.14188249955663718,4.946265569495032,-0.6744907594765952
G6_A_Roll16,school_a,6,sentence_04_dictated_english,dictated_english,latin,1.0,data/processed/school_a/G6_A_Roll16/sentence_04_dictated_english.json,0.8782027872996306,0.0814550685680557,,0.0033222591362126,0.2063436757801069,-5.906544267839246,21.884965975533973,16.730856964987773,0.4813231213880413,2.825814536340853,1.064944277432119,0.888888888888889,4.695060229776024,0.1666666666666666,0.6666666666666666,0.3789340819798786,0.4883720930232558,39.23684210526316,0.5209589575695912,0.2414965986394557,0.9266409266409268,1.6216216216216215,1.3436293436293436,1.0,1.0,4,0,3,3,0,dictated,0,1,0,0.7015902890693719,4.984621147886961,,0.11982421990032456,0.0,-1.1159868927388177,-0.12385384257067585,0.017676215712849087,0.977825130144034,-0.08279837189930933,-0.8650579452916767,0.1807784845177569,1.863255187589801,-0.39345294302801403,1.3835707886699389,0.14329537334227016,0.9165007329765031,0.5447809980387882,-0.23633954771748691,-0.590398684478162,2.4763349688824148,0.6007607900904592,0.14013680670345538,2.023472278429785,0.0
G6_A_Roll17,school_a,6,sentence_02_copy_english,copy_english,latin,0.0,data/processed/school_a/G6_A_Roll17/sentence_02_copy_english.json,1.3393689229704229,-0.0002826065979686,0.0084235254383958,0.0337760910815939,0.2152976889846935,1.989478128663772,22.542580647370148,16.945187058480347,0.4708872167000546,3.161563355738114,1.0720586155313698,-0.4858374384236452,-14.252720759451629,0.5714285714285714,0.3214285714285714,0.5504291063250231,0.3411764705882353,105.74324324324324,0.6863853485482809,0.7543983110485574,0.2489982827704636,7.204350314825415,5.959358900973097,0.3571428571428571,6.0,4,1,4,4,2,copy,1,0,0,1.2894612253244249,-0.008717928628487498,-0.4658284070188197,0.6744907594765952,-0.28340834119289743,0.4158750095146626,0.46366832398652336,0.08406040209789377,0.4136356687790472,0.2554226543145374,-0.4998065866555264,-0.8043181371345427,-0.9554268889935779,0.9360279927430321,0.34233998772770763,0.6744907594765953,-0.5052236516843793,0.0,0.3610425208834002,0.5060883201098461,-1.2561270732198822,0.8891119795101345,-0.24852452445249618,0.0,0.0
G6_A_Roll17,school_a,6,sentence_04_dictated_english,dictated_english,latin,0.0,data/processed/school_a/G6_A_Roll17/sentence_04_dictated_english.json,1.430660864166725,-0.0407597691367013,,-0.2705882352941176,0.2228472563303825,2.217316187185004,20.1967126725322,17.202706021303616,0.4875063764024693,2.7347765145615948,1.064226987853717,1.5037037037037035,6.819071276062389,0.2,0.8,0.5529487975452132,0.3176470588235294,39.578947368421055,0.6688126331749854,1.938271604938272,0.152027027027027,1.231418918918919,1.2466216216216215,0.5714285714285714,1.0,4,1,4,4,2,dictated,0,1,0,2.3550970311263244,-2.2191266386112773,,-2.3360107986909067,0.28313312022050885,0.6744907594765952,-0.8593929965498408,0.1844398234616757,1.1098915858162435,-0.32340494739678016,-0.9596397444145247,0.8016590727235688,3.0373873830307967,-0.30550463811586953,1.8678205647044177,1.4841717033323598,-0.4817791139118539,0.5785055360126182,0.5418721196024204,3.3451608953032124,-0.6744907594765952,0.09929035971193127,0.020719871282587184,0.0,0.0
G6_A_Roll18,school_a,6,sentence_02_copy_english,copy_english,latin,1.0,data/processed/school_a/G6_A_Roll18/sentence_02_copy_english.json,0.7798299511150258,-0.0143423093360165,0.0631698944292584,-0.0173031674208144,0.2194552987757793,-2.112319831195794,23.671417654170195,18.67702635380204,0.4707979210765831,2.983498349834984,1.0899236165392512,0.6477183833116038,3.3726176775778027,0.4576271186440678,0.2542372881355932,0.3940944306424815,0.3823529411764705,65.33783783783784,0.5605964046955467,0.2916666666666667,0.8739495798319328,5.11624649859944,6.6456582633053225,0.2857142857142857,6.0,3,2,3,1,2,copy,1,0,0,-0.2455860241721727,-1.946751084635723,2.82345462640537,-0.016013690435024583,-0.160356637092708,-0.32289603900774166,1.5311213315150942,1.2832872392124597,0.41147144548106246,-0.34839664123252656,3.2106781398454407,0.641298207576915,0.10223704680753791,-0.2482387298800055,-0.03379301844959608,-0.524882571294069,0.0,-0.9129594254572292,-1.019333186005531,-0.7947976521299716,0.0,-0.14206357874947972,0.06904901333051285,-0.22483025315886496,0.0
G6_A_Roll18,school_a,6,sentence_04_dictated_english,dictated_english,latin,1.0,data/processed/school_a/G6_A_Roll18/sentence_04_dictated_english.json,0.4519193163772125,-0.0263604332506851,,-0.0823529411764706,0.1658225451911056,4.597717396282602,24.386901780960915,14.772406086735955,0.4442533219212847,2.531156749166229,1.0823471323060363,0.25,0.3307189138830738,0.6666666666666666,0.0,0.3366116516889783,0.3764705882352941,5.157894736842105,0.0201401256694055,0.15625,0.7029104887424492,0.0878638110928061,0.158154859967051,0.8571428571428571,1.0,3,2,3,1,2,dictated,0,1,0,-0.5742759218019137,-1.3703820347316755,,-0.6483250895677092,-0.6951748503045335,1.1991249763974317,0.9661909643086279,-0.6744907594765952,0.1860614043021394,-0.8615565185520718,1.4296823847099323,-0.46441369298527085,-0.5493093138249246,0.9257716306541504,-1.0376780915024542,-0.18282155774806116,0.0,-2.8147018232004055,-2.8723447508511235,-0.7881226412042222,1.5662872402024615,-1.3703536691764244,-1.3191875329333211,1.3489815189531897,0.0
G6_A_Roll18,school_a,6,sentence_06_own_english,own_english,latin,1.0,data/processed/school_a/G6_A_Roll18/sentence_06_own_english.json,0.3779807032297606,0.0086610875663727,,-0.0139705882352941,0.1436527114238478,5.7812978687683705,23.463764656580743,16.731425991437785,0.4599746191445775,3.1871727748691083,1.0946524370723574,1.2545454545454544,2.0027053512996487,0.4666666666666667,0.2,0.2718300402766494,0.388235294117647,,0.4922797046922179,0.4829545454545454,0.4406184118060435,0.7652846099789177,1.3682361208713985,,1.0,3,2,3,1,2,own,0,0,1,-0.2121483307044916,0.9838139274472198,,-0.15029726525179002,-0.06148528806942876,0.7727920492233356,0.8691474465017385,0.2031901664595086,-0.2113612851645206,0.7113833076931824,2.7261946017560277,0.3413892650266088,1.0401163244192972,0.2663373768189632,-0.3777148253068932,-0.05710997444011886,-0.2656606839815109,,-0.3926915033031515,0.0,0.016893615561396166,-0.6642254868720284,-0.43765144839549164,,0.0
G6_A_Roll19,school_a,6,sentence_02_copy_english,copy_english,latin,0.0,data/processed/school_a/G6_A_Roll19/sentence_02_copy_english.json,1.332748064443545,0.0024722936492457,0.0274028389307109,-0.063423645320197,0.2368231093622227,-0.0054921234190394,20.0030238577144,17.691757753509695,0.4016811333585013,2.8873338987842803,1.0692990675178886,4.078947368421053,2.9343880839213443,0.4166666666666667,0.4791666666666667,0.4938802904159944,0.2183908045977011,117.22972972972973,0.624090599113675,1.1437740693196403,0.4634146341463415,4.307649667405765,7.0144124168514415,0.2857142857142857,8.0,3,0,0,4,3,copy,1,0,0,1.2712974669765675,0.37102609015118276,0.6744907594765952,-0.6394838847032656,0.3536739710065296,0.05656275685737096,-1.937792220430062,0.6010296241850747,-1.2636852581284237,-0.6744907594765952,-1.0729529722365274,5.0,0.075939700037876,-0.6744907594765952,1.2253489294067086,0.24065775734933348,-2.01176905637869,0.25953696041426244,-0.322564131279407,1.6007475421773427,-0.8251587958986237,-0.5413757596544059,0.23968382306698274,-0.22483025315886496,0.6744907594765952
G6_A_Roll19,school_a,6,sentence_04_dictated_english,dictated_english,latin,0.0,data/processed/school_a/G6_A_Roll19/sentence_04_dictated_english.json,2.174519602272869,0.0127572856254021,,-0.167624521072797,0.1621433041551993,0.5012613463936324,18.394303378676867,9.41208297630482,0.2973177478386165,1.8492377188029363,1.0668822101249065,4.09090909090909,1.7910848878391603,0.2727272727272727,0.4545454545454545,0.2445833491981908,0.1724137931034483,18.894736842105264,,0.0,0.1737451737451737,0.4550468836183122,0.6039713182570325,0.2857142857142857,1.0,3,0,0,4,3,dictated,0,1,0,4.5814658545698865,0.9353460262687703,,-1.412855606865078,-0.7582953950472976,0.2962767491026495,-1.6446676971941816,-2.5689669879011157,-2.95229540549773,-2.6638167111131748,-0.6095221530790321,3.414389872161389,0.25796648172534586,-0.11361742739846392,0.6131734177059954,-0.8919487835586529,-1.6712751330873272,-1.4605319137897035,,-1.1505343823355298,-0.5861498512048473,-0.8984670007046108,-0.7703854983392401,-1.3489815189531897,0.0
G6_A_Roll19,school_a,6,sentence_06_own_english,own_english,latin,0.0,data/processed/school_a/G6_A_Roll19/sentence_06_own_english.json,0.0094213807450708,-0.0414197175466522,,-0.0268199233716475,0.0478543907923248,1.41976583345628,23.021503419350847,12.914487711356314,0.56669368907764,3.221663874930206,1.063602446841991,0.9913793103448276,0.7501480635196417,0.0,0.0,0.1095613683929543,0.6666666666666666,,0.3794231508805865,0.0344827586206896,0.7772194304857621,0.4857621440536013,0.3562255723059743,,1.0,3,0,0,4,3,own,0,0,1,-1.4955361809457488,-3.9150555978559174,,-0.27353042473631867,-1.1927665885314396,0.03241945590250675,0.5968243648970879,-1.0851121307007836,1.5262941243077575,0.7976622865257421,-1.1282530472914074,0.08741996905215552,0.1744230056816463,-1.0895619960775766,-0.9442870632672332,-1.3673260052863794,1.711981850166911,,-0.9087446181643566,-1.0186818417180254,1.1031443285052545,-1.037732101409835,-1.9917492923236206,,0.0
G6_A_Roll20,school_a,6,sentence_02_copy_english,copy_english,latin,0.0,data/processed/school_a/G6_A_Roll20/sentence_02_copy_english.json,0.9352326787470154,0.0079987446105605,0.0113113392258594,0.0555403556771545,0.1899488805908975,-8.485148606896388,23.14001752076878,22.709967573058783,0.3956090214102856,3.7654320987654337,1.0745134053069867,0.0876068376068374,47.54642909768455,0.3846153846153846,0.358974358974359,0.6409407498020655,0.2823529411764706,75.89189189189189,0.6858244202711108,1.757751937984496,0.5512605042016807,4.26218487394958,4.517647058823529,3.071428571428572,4.0,4,0,4,4,0,copy,1,0,0,0.18074805015465312,1.1328092798548945,-0.29232216231466646,0.9687064938647512,-1.033650481870361,-1.4707003537866365,1.0286177218855581,4.075931658185436,-1.4108526739031555,2.303144480219003,0.010042809108783744,-0.07300839277463106,2.7530257061486365,-1.0080301460309566,0.5525191842957138,1.368880860947284,-1.2269717255192085,-0.6744907594765952,0.35488703739337896,3.326834803139844,-0.6485921159574604,-0.5638277964779745,-0.9156525378302214,5.0,-0.6744907594765952
G6_A_Roll20,school_a,6,sentence_04_dictated_english,dictated_english,latin,0.0,data/processed/school_a/G6_A_Roll20/sentence_04_dictated_english.json,0.6437923600607777,0.002802815850782,,-0.0019607843137254,0.1866389926468377,-8.247307507781802,21.59916874179391,19.043527858894137,0.4649639675160895,3.0967741935483857,1.0794453482778932,0.6617647058823529,3.929503073655013,0.4117647058823529,0.2941176470588235,0.4478709495793431,0.3764705882352941,34.55263157894737,0.490318856271585,0.5104166666666666,0.3164630599185573,1.1541593949970914,2.103548574752763,0.4285714285714285,1.0,4,0,4,4,0,dictated,0,1,0,0.0,0.3485965697263753,,0.07245734870365775,-0.33805078852332915,-1.6318850046583162,-0.2483701430221434,0.8350336664510197,0.6284144290450702,0.6333274175730498,1.047053161713048,-0.04858650953063409,1.4400628007029674,0.2532257695612823,0.030519943867719133,0.6744907594765953,0.0,0.08301424732019655,-0.39761037321668297,0.033343972026742094,-0.005629429513152118,0.0,1.0756007457589198,-0.6744907594765952,0.0
G6_A_Roll20,school_a,6,sentence_06_own_english,own_english,latin,0.0,data/processed/school_a/G6_A_Roll20/sentence_06_own_english.json,0.2452066456663048,-0.0306999195992211,,0.107563025210084,0.143031694316934,-3.6859233913301495,22.076310791581893,15.77229240538458,0.4751010279001791,2.9428007889546364,1.0697303516664158,1.534313725490196,0.7771896305211141,0.3333333333333333,0.5,0.2408340296643521,0.4,,0.6327661964934963,0.9033613445378148,0.4339106654512306,1.7666362807657248,1.7046490428441203,,1.0,4,0,4,4,0,own,0,0,1,-0.6744907594765952,-2.866452418183405,,1.0152860905805607,-0.06881887216242003,-0.834274252051619,0.014820455361063212,-0.12053893564416987,0.034934770606452975,0.1000903839349739,-0.3675543105494104,0.6113804944214456,0.19311253318650143,-0.12106244400861968,0.4721435316336167,-0.30738299094462773,-0.18209832338368973,,0.24970354812629356,0.9549335876496986,-0.004753063610110214,0.6738117663385459,0.078962333396102,,0.0
G6_A_Roll21,school_a,6,sentence_02_copy_english,copy_english,latin,0.0,data/processed/school_a/G6_A_Roll21/sentence_02_copy_english.json,2.313809876619675,-0.0346125621738482,0.0761954453061931,-0.0839463692453725,0.2047364677040968,-2.13755836202888,23.793623606025864,12.55275209460049,0.2865497857892283,2.7045311516677155,1.0698029415123618,0.8144144144144145,6.009165609263159,0.4378378378378378,0.2486486486486486,0.3712643866192324,0.1744186046511628,163.45945945945945,0.713871261481257,2.236644591611479,0.7977839335180056,3.332409972299169,5.6011080332409975,0.1428571428571428,11.0,4,1,0,2,1,copy,1,0,0,3.9627565290207913,-4.74086578338091,3.606058555949188,-0.9169161069030694,-0.595986082072524,-0.3274417275251163,1.6466819572390987,-2.9575185152961785,-4.054078953259689,-1.2943757583743594,-0.9683004866447895,0.8538845686013439,0.260451408041932,-0.45417447279041795,-0.06507790642382731,-0.7000308282131384,-2.551295516811488,1.304096891681547,0.6626659015420636,4.673154517548434,-0.15308989809937742,-1.022981764693022,-0.41429911455686685,-0.6744907594765952,1.6862268986914881
G6_A_Roll21,school_a,6,sentence_04_dictated_english,dictated_english,latin,0.0,data/processed/school_a/G6_A_Roll21/sentence_04_dictated_english.json,1.74943384638986,0.0028772284064748,,-0.2589852008456659,0.2714012326685337,-7.333764450759766,23.59308342282846,11.506505372191524,0.2963607863751116,2.5088443396226414,1.0724133465817298,0.0666666666666666,102.32888155354784,0.2857142857142857,0.238095238095238,0.2566765885845611,0.1744186046511628,37.86842105263158,,,0.2003338898163606,0.5091819699499165,0.8263772954924875,0.5714285714285714,1.0,4,1,0,2,1,dictated,0,1,0,3.3091844042001695,0.3529826925035021,,-2.231979960516228,1.1161183489625197,-1.4305424979781443,0.6203397330297025,-1.8287441767862544,-2.972734884122674,-0.920526521924913,0.11981346398904714,-0.6495557960948355,5.0,-0.07935185405607002,-0.17294634858374267,-0.7987639147192149,-1.6548552354600188,0.40988284614346965,,,-0.4779973758582442,-0.828895096529534,-0.49660275536721954,0.0,0.0
G6_A_Roll21,school_a,6,sentence_06_own_english,own_english,latin,0.0,data/processed/school_a/G6_A_Roll21/sentence_06_own_english.json,0.0615458312413925,-0.0240855709081837,,0.021594684385382,0.048144108791327,-7.9638922014565745,24.80086746195543,14.603422420064891,0.4688624450173472,2.7928818586258037,1.078091295461093,-0.111111111111111,-8.987991989315525,0.5,0.0,0.1953681762207842,0.5232558139534884,,0.9178546363453892,0.1746031746031746,0.6377551020408163,0.3061224489795918,0.7142857142857142,,1.0,4,1,0,2,1,own,0,0,1,-1.3140297520308757,-2.219441429459812,,0.19079594046393758,-1.1893453119107449,-1.5604619394182864,1.6924706901632203,-0.5150587776409152,-0.06664508106010986,-0.27492961234025376,0.6703468261051821,-0.976541799306178,-5.0,0.36318733202585884,-0.9442870632672332,-0.6744907594765952,0.69336315218185,,1.5533121772011242,-0.7004051348976398,0.6530766881939603,-1.277772250317309,-1.441892874882,,0.0
G6_A_Roll22,school_a,6,sentence_02_copy_english,copy_english,latin,1.0,data/processed/school_a/G6_A_Roll22/sentence_02_copy_english.json,1.1152064795702128,0.0046738158621089,0.0141662617507822,-0.0668140088405304,0.3589882212294926,11.420078438136564,22.76552644954265,17.826470266809185,0.4285253773867208,3.4043976256165878,1.084376553129557,0.3280701754385965,22.93866173203945,0.3666666666666666,0.4833333333333333,0.5672133057882678,0.3294797687861271,138.75675675675674,0.6611614291690615,0.9543859649122808,1.5168067226890758,6.833613445378152,7.823529411764706,0.6428571428571429,8.0,0,0,4,0,4,copy,1,0,0,0.6744907594765952,0.6744907594765952,-0.12079209747079617,-0.685315816611554,3.969363261783374,2.1144117358490475,0.6744907594765953,0.6943124487983672,-0.6130717556517083,1.07887483701052,2.0585766622400192,0.23365293330045384,1.2763591345413459,-1.1948122025013992,1.2486736939038894,0.8032563140579009,-0.6487388756145426,0.7459397579906388,0.08424167911496382,1.0683172851938938,1.2921171060090035,0.7060297039312026,0.6140891637360525,0.8993210126354606,0.6744907594765952
G6_A_Roll22,school_a,6,sentence_04_dictated_english,dictated_english,latin,1.0,data/processed/school_a/G6_A_Roll22/sentence_04_dictated_english.json,0.5565222173906192,0.0328279813775814,,0.0272502064409578,0.1824464717853657,13.197847486898924,25.95058281167048,14.5356687734832,0.4671212276601362,2.7899824253075574,1.0916234476264322,0.5083333333333333,2.064558688909479,0.6666666666666666,0.1666666666666666,0.4487789946264983,0.4624277456647399,12.710526315789474,0.5066862027923419,0.15,0.9192825112107624,0.4708520179372197,0.6502242152466368,0.7142857142857143,1.0,0,0,4,0,4,dictated,0,1,0,-0.2611994924641023,2.1183793863221836,,0.33435813557307903,-0.40997709018144557,3.094571213890426,1.647456400233662,-0.7581598225346915,0.6744907594765952,-0.1774999192315984,2.6528572622656723,-0.20353163860361184,0.409140080849367,0.9257716306541504,-0.4323658714593561,0.6814877315794402,0.7040101733925818,-2.070167792547395,-0.31146263307178934,-0.8026191108494746,2.4464038190942787,-0.8781549745341213,-0.7134479772994619,0.6744907594765952,0.0
G6_A_Roll22,school_a,6,sentence_06_own_english,own_english,latin,1.0,data/processed/school_a/G6_A_Roll22/sentence_06_own_english.json,0.23872393611802,0.000151848216096,,0.1202312138728323,0.1488593628006461,16.525511053700512,21.285710161580383,14.899040301440786,0.5097584842650973,2.987075155576831,1.1180907614623523,3.1388888888888893,0.0812504553003484,0.0,1.0,0.1548230294708944,0.6242774566473989,,0.578158092977544,0.311111111111111,0.7476400251730648,1.2573945877910635,1.8351164254247956,,1.0,0,0,4,0,4,own,0,0,1,-0.6970646849299591,0.15144605232016264,,1.1367819421005176,0.0,2.596628470580917,-0.471993178203374,-0.41528111090586517,0.5992455031570936,0.21084205998632172,5.0,2.159880685524253,-0.28787935446137364,-1.0895619960775766,1.8885741265344669,-1.001866959873399,1.4108997416545328,,0.0,-0.3903339994249674,1.0076881405370723,-0.006652825639139654,0.2793150651526978,,0.0
G6_A_Roll23,school_a,6,sentence_02_copy_english,copy_english,latin,0.0,data/processed/school_a/G6_A_Roll23/sentence_02_copy_english.json,0.7812876683947259,-7.093274991915026,18.62644446590592,-0.0161185734136174,0.2232776760763505,-8.169673674208713,21.357591486926047,16.823792921000944,0.45852908534719,3.1718438301510377,1.0769449790466885,-0.0964175143741707,-21.478916294342795,0.6890756302521008,0.1176470588235294,0.4335406298192787,0.4470588235294118,117.25675675675676,0.5355899474477699,0.2721106890938687,2.0862745098039217,6.769747899159664,10.34621848739496,0.1428571428571428,8.0,2,0,3,2,2,copy,1,0,0,-0.24158690165649305,-5.0,5.0,0.0,-0.04722672250629548,-1.4138804545412365,-0.6568833903752547,0.0,0.1141164453990825,0.29028379273090904,0.5150703329552219,-0.3076934483737833,-1.3890575076399887,2.160313741036686,-0.7984174019663621,-0.22225796746664284,0.7939228812183133,0.2601476356152373,-1.2937476539463673,-0.8497757311240542,2.436724546756848,0.6744907594765952,1.781421290859072,-0.6744907594765952,0.6744907594765952
G6_A_Roll23,school_a,6,sentence_04_dictated_english,dictated_english,latin,0.0,data/processed/school_a/G6_A_Roll23/sentence_04_dictated_english.json,0.7709175548495135,0.0083317581027438,,0.1552941176470588,0.2485111375112351,-3.693298256233269,20.58611313174911,15.926969646575388,0.4669062264574687,2.948157401623985,1.0626260014664384,-0.5769230769230769,-1.4617200533629184,1.0,0.0,0.3520925787740744,0.4588235294117647,8.736842105263158,0.3174370071993758,0.1333333333333333,0.8196902654867256,0.1078539823008849,0.4529867256637168,0.5714285714285714,1.0,2,0,3,2,2,dictated,0,1,0,0.38048564311070204,0.6744907594765952,,1.4823781182003288,0.7234190771719449,-0.6281932453005976,-0.6897387842214896,-0.26643826464385895,0.6698986074894457,0.24054452678205826,-1.1707457989836467,-1.299495207010929,-1.540151759529788,1.8052546797755933,-1.0376780915024542,-0.06353274572276905,0.6744907594765952,-2.4618912720895714,-1.3075550970455445,-0.841276363236814,2.041301599357765,-1.3446632275428272,-0.9562482005046082,0.0,0.0
G6_A_Roll23,school_a,6,sentence_06_own_english,own_english,latin,0.0,data/processed/school_a/G6_A_Roll23/sentence_06_own_english.json,0.3766187174114784,-0.0034428209107087,,-0.0067226890756302,0.1072028553000978,-5.1783356889668495,22.8232108670298,15.39507510891779,0.5388748186026039,2.9873417721518982,1.0762044151111725,0.733974358974359,1.8679484867377845,0.6153846153846154,0.3076923076923077,0.3952956641762168,0.5647058823529412,,0.4871391579690405,0.1860119047619047,0.5087055261165784,1.5987887963663892,2.507191521574565,,1.0,2,0,3,2,2,own,0,0,1,-0.21689100290065305,-0.200181981596402,,-0.08078537972678343,-0.4919212327237703,-1.087612105392897,0.4747254008423914,-0.24785823554031233,1.0733328044923285,0.21150899742223692,0.43611546323433753,-0.1609894700816972,0.9469803709237078,0.6984371769728056,-0.07263746640517169,0.9397961924359708,0.9877747249857991,,-0.41619740578722897,-0.6744907594765952,0.236618667945989,0.44952873617440353,1.3113897400310734,,0.0
G6_A_Roll24,school_a,6,sentence_02_copy_english,copy_english,latin,1.0,data/processed/school_a/G6_A_Roll24/sentence_02_copy_english.json,0.6547466854810157,0.0013649896789629,0.0161767086086898,0.0421640188922284,0.1824959944284451,4.767196650730906,21.1418780262308,16.11543003402378,0.4594951951619479,3.100326879557456,1.071630037872467,0.3274809160305344,3.921418015807271,0.5267175572519084,0.0839694656488549,0.3712663245494749,0.4705882352941176,88.93243243243244,0.5492346992646023,0.1311363636363636,2.1052631578947367,7.202216066481994,9.795013850415511,0.5714285714285714,6.0,4,0,0,2,3,copy,1,0,0,-0.5887412511134712,0.21839186678463138,0.0,0.7878812363275361,-1.2542316303756385,0.9161673313524495,-0.860866765296915,-0.49051190071372686,0.13753167324815194,0.047769467650197156,-0.5888203435972057,0.23290145462138398,0.1351695392969469,0.4707460044329578,-0.9869426650778401,-0.7000159607383469,1.082622110752244,-0.37983997500628525,-1.144013636332428,-1.246099441983748,2.474890968785046,0.8880580162397788,1.5263605750613716,0.6744907594765952,0.0
G6_A_Roll24,school_a,6,sentence_04_dictated_english,dictated_english,latin,1.0,data/processed/school_a/G6_A_Roll24/sentence_04_dictated_english.json,0.3132031477197528,-0.0164157086794254,,-0.055614973262032,0.1546592109508136,-2.684650861715663,21.79162455067302,15.059413075179696,0.4544550899298346,2.6412585863062263,1.06826595747134,0.4349999999999999,1.7695592168073104,0.5,0.1,0.4007464397741658,0.4705882352941176,11.86842105263158,0.7571123050216102,0.2045454545454545,0.9314033983637507,0.6293266205160478,0.8558842039018251,0.8571428571428571,1.0,4,0,0,2,3,dictated,0,1,0,-0.989453343785009,-0.7842069927894623,,-0.4085970058854358,-0.8866914515590129,-0.40588999072756154,-0.16452088735084092,-0.5730550986410964,0.40395818186274457,-0.5705657273146599,-0.42706123701675924,-0.27758847984743773,0.24606730472664065,0.486030106093429,-0.6744907594765952,0.3113712407918444,0.7708465822589656,-2.153182039867591,1.0066277949023559,-0.6761044666727271,2.4957068371671633,-0.6744907594765952,-0.4602796204346536,1.3489815189531897,0.0
G6_A_Roll24,school_a,6,sentence_06_own_english,own_english,latin,1.0,data/processed/school_a/G6_A_Roll24/sentence_06_own_english.json,0.7436793873006543,-0.004395857008897,,-0.1250773993808049,0.139268729266176,1.1296406862037018,19.95170406977806,10.86600549944534,0.3108389424933789,2.333528464803161,1.0462469847605314,-0.0999999999999997,-109.22789033092164,0.2222222222222222,0.3333333333333333,0.3623354238046435,0.1764705882352941,,0.5763319314360352,2.526315789473684,0.1260504201680672,0.5210084033613446,0.8487394957983193,,1.0,4,0,0,2,3,own,0,0,1,1.0612782775867624,-0.29340730989117864,,-1.2158810664692195,-0.11325568450058758,-0.01682945615864436,-1.2934096154077594,-1.7765208320331443,-2.6396659493712877,-1.423995361825861,-3.2827052555433296,-0.9658189873922276,-5.0,-0.4438956280316053,0.0,0.6736632734068805,-1.7697831747422823,,-0.008350391004391878,4.641395638392282,-0.99825395150881,-0.9906349532590519,-1.2354184144596982,,0.0
G6_A_Roll25,school_a,6,sentence_02_copy_english,copy_english,latin,1.0,data/processed/school_a/G6_A_Roll25/sentence_02_copy_english.json,0.8348591566394722,0.0168372485958484,0.0853226310394897,-0.0015166835187057,0.2476627074859661,-0.7499526600182155,21.06780740155113,16.544339034750934,0.4538206529272287,3.4019204389574758,1.059341500148849,0.0920847268673355,40.844111092699634,0.5153846153846153,0.1307692307692307,0.5183412234709306,0.4011627906976744,137.3783783783784,0.8536950123983803,0.4685580938344386,1.363782051282051,6.597756410256411,9.067307692307692,0.2142857142857142,8.0,3,1,2,3,0,copy,1,0,0,-0.09461811160268908,2.351136160026782,4.154440078392341,0.19739264517868177,0.6744907594765952,-0.07752134396600432,-0.9309095709522398,-0.19351021831660337,0.0,1.0704746850780436,-3.141097363587291,-0.06729776981221303,2.350832008395291,0.35281055111083526,-0.7249602250883621,0.4283179205458297,0.2307915352378823,0.7147953227409278,2.197055992598469,-0.2974995334343712,0.9845436462390116,0.5895556052914638,1.1896267358932238,-0.4496605063177303,0.6744907594765952
G6_A_Roll25,school_a,6,sentence_04_dictated_english,dictated_english,latin,1.0,data/processed/school_a/G6_A_Roll25/sentence_04_dictated_english.json,0.1555042595231269,-0.0024012919774019,,-0.0465116279069767,0.0930232558139534,-0.8430229359597448,24.26690202129897,15.171977316424112,0.4723012945602615,3.022886924994334,1.07749819952412,0.5897959183673469,1.0575449683758,0.4,0.1,0.2626808057483393,0.5697674418604651,13.473684210526317,1.132220233893375,0.2059369202226344,0.8268916712030484,0.8802395209580838,1.3603701687534022,0.7142857142857143,1.0,3,1,2,3,0,dictated,0,1,0,-1.4614460356589607,0.04184919803208944,,-0.3269779559991927,-1.9441092793151307,0.0,0.9139094011436029,-0.5332719969856747,0.785130394110484,0.4380489799246745,0.790302139759028,-0.12126534232394454,-0.14752709496248795,0.2221851913569962,-0.6744907594765952,-0.7524982144370589,1.5831485766452313,-1.9949361309134672,2.9809673948951154,-0.6728770522804634,2.0705940951710358,-0.3520291278664739,0.16074483657320757,0.6744907594765952,0.0
G6_A_Roll25,school_a,6,sentence_06_own_english,own_english,latin,1.0,data/processed/school_a/G6_A_Roll25/sentence_06_own_english.json,0.4866167812988714,0.0027627077699711,,-0.0311627906976744,0.063663896843599,-5.764836105319,21.99059203617372,15.042265191938982,0.4367357829633413,2.559492332099417,1.0741395210407574,0.2018779342723005,4.080814128155107,0.75,0.0416666666666666,0.3853422472930803,0.8255813953488372,,0.6104544234972339,0.0287323943661971,0.3579831932773109,2.5058823529411764,2.7445378151260504,,1.0,3,1,2,3,0,own,0,0,1,0.16614144297922595,0.40683851804549526,,-0.3151812382709639,-1.006072307802448,-1.1871708913247114,-0.0379610087579249,-0.366939497314089,-0.5897481041790924,-0.8587500756841656,0.17978603974035984,-0.6744907594765952,2.4763818759313896,1.0895619960775766,-0.8262511803588294,0.8594286993728094,2.8407214884746828,,0.1476796995865319,-1.0317435143165874,-0.24977986449279785,1.6616153649315721,1.675871477494752,,0.0
G6_A_Roll26,school_a,6,sentence_02_copy_english,copy_english,latin,1.0,data/processed/school_a/G6_A_Roll26/sentence_02_copy_english.json,0.8693483366320944,-0.0056036644478396,0.004484957554046,-0.0988505747126436,0.2248733490930622,3.42536216567776,25.930903137392583,17.85793203572303,0.3992179730826304,3.2037446365882194,1.075358173115438,-0.0623938879456706,-47.83907168234273,0.5131578947368421,0.1447368421052631,0.5106152681573264,0.3563218390804598,83.06756756756756,0.6893392962982144,0.3669354838709677,1.6498599439775912,4.7064425770308125,4.758543417366947,0.1428571428571428,4.0,3,4,4,0,1,copy,1,0,0,0.0,-0.7421890930063466,-0.7024662837726818,-1.1183955429654107,0.0,0.6744907594765952,3.6677403119381085,0.7160984180430326,-1.3233839157833465,0.39845958152548727,0.1854974899854058,-0.26430333954252716,-2.970881640867805,0.32963834109758594,-0.6467703262880947,0.3690456911609729,-0.3193942625590899,-0.5123564936178029,0.39345838819683593,-0.5831930436339328,1.5595487510435466,-0.3444384723332082,-0.8041817817425247,-0.6744907594765952,-0.6744907594765952
G6_A_Roll26,school_a,6,sentence_04_dictated_english,dictated_english,latin,1.0,data/processed/school_a/G6_A_Roll26/sentence_04_dictated_english.json,0.5906215033333408,-0.0085780261760724,,-0.0333333333333333,0.2083333854851093,6.9241951185035004,25.67807165063526,16.43075860495524,0.4384937189434107,2.778690448251584,1.099708129081246,0.4411764705882352,3.685741629309452,0.5789473684210527,0.1052631578947368,0.4143540011957898,0.3908045977011494,38.68421052631579,0.5925390078033106,0.3647058823529411,0.6476190476190476,1.3333333333333333,1.7142857142857142,0.4285714285714285,1.0,3,4,4,0,1,dictated,0,1,0,-0.15914034704376617,-0.32222799707045474,,-0.20882360281687581,0.034135181477388504,1.7118745974765768,1.5287285834532471,-0.08838627297639856,0.06304361681124393,-0.20734375675062489,3.718903306089368,-0.27135107209561815,1.3053138970596787,0.6943287229906129,-0.6553756367383923,0.41622476975842976,0.11739904844748598,0.4903028982349093,0.14041422597897976,-0.3046227418596305,1.3413833295748616,0.23026604210516852,0.5964164405503541,-0.6744907594765952,0.0
G6_A_Roll26,school_a,6,sentence_06_own_english,own_english,latin,1.0,data/processed/school_a/G6_A_Roll26/sentence_06_own_english.json,0.3647162311996934,-0.022333971333579,,-0.0247568523430592,0.1749397441291462,3.3791476525385846,25.145678465139643,17.20977467914966,0.4991455469424227,3.022774327122153,1.0795995986992613,0.369047619047619,3.0369814088909246,0.4166666666666667,0.0,0.3605738352432303,0.4022988505747126,,0.8110619589812391,0.4461538461538461,0.8465116279069768,1.6604651162790698,1.888372093023256,,1.0,3,4,4,0,1,own,0,0,1,-0.25833753609071647,-2.048101177297348,,-0.25374428339935257,0.3079829323870443,0.3650256564198086,1.9047886304522184,0.3646435796411508,0.4264401370617657,0.30014301184470504,0.8575828228728185,-0.5131631415961878,1.7549466012635635,0.12106244400861968,-0.9442870632672332,0.6594395693109149,-0.1657700460254954,,1.0649870251667772,-0.08359099778563275,1.3267583245218866,0.5319425535091827,0.36109733343937045,,0.0
G6_A_Roll27,school_a,6,sentence_02_copy_english,copy_english,latin,1.0,data/processed/school_a/G6_A_Roll27/sentence_02_copy_english.json,0.969821291791213,-0.001439488614778,0.0154443446114611,0.0088211708099438,0.2019389011548904,-5.737747840386502,22.195897761630977,14.95872573780767,0.4398957954328267,3.034995354598946,1.0681012705525417,-0.2377717391304348,-9.571087781037344,0.6375,0.1375,0.4625112817174928,0.5348837209302325,123.5,0.4541239425264444,0.2868906455862977,1.846069268829027,8.471687740516767,9.786695986805938,0.3571428571428571,7.0,2,1,1,3,2,copy,1,0,0,0.27563894781873777,-0.16818614413333643,-0.04400205008622864,0.33714280259598295,-0.6787849373069949,-0.9758685349480372,0.13583739107796755,-1.291481620234041,-0.33749135555459014,-0.17377004920986155,-1.321730307508344,-0.48796156908164784,-0.6744907594765952,1.62359561388295,-0.6872817593621459,0.0,1.8715095402926387,0.4012136070404011,-2.18773476192579,-0.80822456792881,1.953921634375352,1.5149656211181315,1.522511622959315,0.0,0.3372453797382976
G6_A_Roll27,school_a,6,sentence_04_dictated_english,dictated_english,latin,1.0,data/processed/school_a/G6_A_Roll27/sentence_04_dictated_english.json,0.3139704139472679,-0.0695652173913043,,-0.0852713178294573,0.0841183504426771,-2.703717843016896,21.94061974948708,14.883315049037012,0.4875046953142131,3.112349117920149,1.066389501118264,0.8076923076923077,1.3244222250795652,0.5,0.0,0.0508798329050882,0.4534883720930232,6.947368421052632,0.6043618734812122,0.3333333333333333,0.4838187702265372,0.1472491909385113,0.5258899676375405,0.2857142857142857,1.0,2,1,1,3,2,dictated,0,1,0,-0.987156916357713,-3.9170152747233313,,-0.6744907594765952,-2.0968805906894814,-0.410092303667828,-0.09960657485532089,-0.635292676027166,1.1098556799111574,0.6744907594765952,-0.6744907594765952,0.0987808164738938,0.0,0.486030106093429,-1.0376780915024542,-2.3845378395442847,0.6307945142613336,-2.6382965476449884,0.20264258772938204,-0.37738933458874,0.6751080037926704,-1.2940343310909892,-0.8665039867597786,-1.3489815189531897,0.0
G6_A_Roll27,school_a,6,sentence_06_own_english,own_english,latin,1.0,data/processed/school_a/G6_A_Roll27/sentence_06_own_english.json,1.7677816770535375,-0.0056728514052309,,-0.0361757105943152,0.0491423346244417,-4.209816953025023,20.38838126786777,11.687482528404187,0.2683309708952625,2.4736500729690287,1.0666511500996378,-2.216666666666668,-10.889766541868909,0.375,0.375,0.3146519536098205,0.1744186046511628,,0.5868559455309789,3.3185185185185184,0.2467811158798283,0.5579399141630901,0.7725321888412017,,1.0,2,1,1,3,2,own,0,0,1,4.627381088967147,-0.41832201359980603,,-0.3632582749853491,-1.1775572741748392,-0.9232054880842266,-1.0245249150548343,-1.4992539060797319,-3.3318028546075396,-1.0734832226504898,-0.7497966607709331,-3.0085146569997403,-5.0,0.0,0.11803588290840421,0.2886496639997861,-1.7843580050791115,,0.0397722041937893,5.0,-0.608641927143863,-0.9412859196360731,-1.3524464549297421,,0.0
G6_A_Roll28,school_a,6,sentence_02_copy_english,copy_english,latin,1.0,data/processed/school_a/G6_A_Roll28/sentence_02_copy_english.json,0.5250496217416794,-0.0017367878998663,0.0021634303204427,0.0745272525027808,0.1735307616690711,1.4213734770907294,24.453424216021588,15.1592408831542,0.4995685048961279,2.8575163398692798,1.0811669160174513,1.2135076252723311,2.2431838207872787,0.4814814814814814,0.3703703703703703,0.3982265813521231,0.3908045977011494,44.82432432432432,0.5820072887591139,0.5220588235294117,0.1333333333333333,4.895238095238096,4.857142857142857,0.1428571428571428,4.0,1,2,0,1,4,copy,1,0,0,-0.9445540380238792,-0.20916680229470316,-0.8419487788108101,1.2253769533133674,-1.519573310843374,0.31355420453590127,2.2706038709134577,-1.1526332038728575,1.1087728963044303,-0.7756022458558074,1.3919486851788845,1.3628455369252561,0.03446181159898038,0.0,0.6163134119803114,-0.4931814062247598,0.10369943589580938,-1.3764619029970533,-0.7843756188367924,-0.14709194923348276,-1.4886089883606992,-0.2512049260068698,-0.7585565420415142,-0.6744907594765952,-0.6744907594765952
G6_A_Roll28,school_a,6,sentence_04_dictated_english,dictated_english,latin,1.0,data/processed/school_a/G6_A_Roll28/sentence_04_dictated_english.json,0.5542483332212621,-0.0025353079667805,,0.0866489832007073,0.1658797239188764,7.879330790150967,21.587056188349344,26.059902504173408,0.4229400854413589,3.5522558537978326,1.0740422514375656,0.7098765432098763,11.95555612342282,0.1666666666666666,0.4166666666666667,0.3603376588226678,0.3103448275862069,40.13157894736842,0.7070105767311381,0.5242165242165242,0.2094182825484764,1.735180055401662,1.2565096952908588,0.5714285714285714,1.0,1,2,0,1,4,dictated,0,1,0,-0.26800522662226745,0.03394985123449611,,0.8669174897937298,-0.6941939000462142,1.922384007920831,-0.25364734715810044,3.314801154596523,-0.26916219463393265,1.8371308431379387,0.334600847639763,0.0,5.0,-0.39345294302801403,0.47560245860529166,0.0,-0.5415861763284976,0.6329836358164965,0.7429228220709952,0.0653518465995927,-0.4410456269144994,0.7467008265544716,0.03289213376187825,0.0,0.0
G6_A_Roll28,school_a,6,sentence_06_own_english,own_english,latin,1.0,data/processed/school_a/G6_A_Roll28/sentence_06_own_english.json,0.4453440425768145,0.0005424763516576,,0.0488505747126436,0.1476783061057264,1.3279252062818243,19.812394087953397,18.19161982985892,0.4786321731705775,2.828496042216359,1.064149215333445,1.078817733990148,1.635738131442785,0.4285714285714285,0.4285714285714285,0.2381890714604098,0.3333333333333333,,0.4188158972310901,0.646551724137931,0.1975476839237057,1.3433242506811989,1.659400544959128,,1.0,1,2,0,1,4,own,0,0,1,0.02242256737197516,0.18965702486163663,,0.45219697358738953,-0.013947085344922616,0.01682945615864436,-1.3791899650183213,0.6960383443182028,0.09243071472017922,-0.18584125659905265,-1.0603789349060933,0.1718026884242513,0.7864903437754375,0.15565171372536785,0.2697963037906379,-0.32873934149273226,-0.6556183667713403,,-0.7286155182536379,0.37160303094563196,-0.767523949464473,0.10816906307103213,0.009476305702283964,,0.0
G6_A_Roll29,school_a,6,sentence_02_copy_english,copy_english,latin,0.0,data/processed/school_a/G6_A_Roll29/sentence_02_copy_english.json,1.015205662601674,0.0100302363131787,0.0265669968436977,0.0084566596194503,0.2853268358314712,2.1697993574140457,25.48864323818658,20.1203689533892,0.4588160225115232,3.286969253294288,1.0756818452200894,-1.0964157706093187,-6.001673774747821,0.5333333333333333,0.2111111111111111,0.5524840398379189,0.3604651162790697,187.9189189189189,0.7073842352599423,0.3805358119190815,0.538375350140056,12.417366946778712,6.998879551820728,0.2857142857142857,9.0,3,0,0,0,3,copy,1,0,0,0.4001470823490636,1.412836414793759,0.6242715167010012,0.33221523304118067,1.789226246750952,0.44835249976122005,3.249529660911539,2.2827420877375957,0.12107082985786298,0.6806746589729379,0.252722809489916,-1.5829847010652818,-0.460296831803449,0.5395926075812778,-0.2752109199119456,0.690255863674457,-0.26855742282226197,1.8567579485636823,0.5914789344558489,-0.5449581915539885,-0.6744907594765952,3.463474084449343,0.2324962498730539,-0.22483025315886496,1.011736139214893
G6_A_Roll29,school_a,6,sentence_04_dictated_english,dictated_english,latin,0.0,data/processed/school_a/G6_A_Roll29/sentence_04_dictated_english.json,4.54826087686715,-0.361578244340172,,-0.0116279069767441,0.34218462719912,-0.4119543197950517,24.25890900530775,11.391110313447868,0.2752126020150047,2.2383929486522494,1.075551070678621,-2.033333333333333,-2.997445835577546,0.75,0.25,0.7853864554511325,0.1744186046511628,18.5,,,0.1866883116883116,0.2597402597402597,0.3246753246753247,0.7142857142857143,1.0,3,0,0,0,3,dictated,0,1,0,5.0,-5.0,,-0.014216432869529791,2.3304683678685403,0.09500639850810962,0.9104269994154548,-1.8695277622462596,-3.4244331798948298,-1.6353090023449737,0.5335537429099351,-2.7702744317134824,-2.3890857080700427,1.1456423929345112,-0.12970976143780671,3.275228009529424,-1.6548552354600188,-1.4994448422210456,,,-0.5335022392045129,-1.1494660226322617,-1.114200103388919,0.6744907594765952,0.0
G6_A_Roll29,school_a,6,sentence_06_own_english,own_english,latin,0.0,data/processed/school_a/G6_A_Roll29/sentence_06_own_english.json,2.3547283742341443,0.171184076839096,,0.0348837209302325,0.344350997557229,1.677589575136018,24.485706846296942,18.063938925141876,0.4047880321513551,3.062718879337789,1.0775529497389944,-0.2526881720430109,-17.633556840431417,0.6666666666666666,0.3333333333333333,0.5673823831752908,0.3604651162790697,,0.5303196567615543,0.1751152073732718,0.4368563685636856,0.7897018970189702,0.7392953929539295,,1.0,3,0,0,0,3,own,0,0,1,5.0,5.0,,0.318246111429908,2.3085585356712275,0.07618518562812784,1.4984100245844176,0.6529431746349877,-1.1099380013899698,0.40006372092571496,0.6035182896862382,-1.1131711769194144,-5.0,0.8474371080603372,0.0,2.3292866918093003,-0.46290672120659937,,-0.21874825329644407,-0.6992420773752368,0.004753063610110214,-0.6315983483401131,-1.4034866668136103,,0.0
G6_A_Roll30,school_a,6,sentence_02_copy_english,copy_english,latin,0.0,data/processed/school_a/G6_A_Roll30/sentence_02_copy_english.json,1.3360674690544838,-0.0045879384893382,0.0051168755327946,0.0863899613899614,0.3364698488178765,9.3835526283208,23.91996356369689,11.772113652029145,0.2866492071785464,2.496948281400578,1.0822436635599786,-0.8843137254901964,-12.815035328178226,0.4705882352941176,0.3235294117647059,0.4817506324016494,0.1785714285714285,130.27027027027026,0.8025531165441101,1.4748538011695906,0.3074792243767313,2.559556786703601,3.32409972299169,0.5,6.0,2,1,4,0,0,copy,1,0,0,1.2804039692476994,-0.6021782676234013,-0.6644992528201743,1.385740543442972,3.3028928044660204,1.747614950004422,1.7661517894421248,-3.4980782386745415,-4.051669315712907,-1.9982902746298925,1.6155845701744918,-1.3124923465718268,-0.8691540473617873,-0.11335979150867143,0.3541003731884715,0.14760106170417991,-2.5003415414992296,0.554187744884572,1.6358379039552688,2.5315180742680075,-1.1385827231810366,-1.4046425369766664,-1.4679465814433876,0.4496605063177303,0.0
G6_A_Roll30,school_a,6,sentence_04_dictated_english,dictated_english,latin,0.0,data/processed/school_a/G6_A_Roll30/sentence_04_dictated_english.json,,,,,,8.333253878183438,21.91627389677964,15.86876732906782,0.4210634683538421,2.89056197902662,1.065376818876528,,,,,,0.3571428571428571,,,,0.5638474295190713,1.0281923714759535,1.1774461028192371,0.5714285714285714,1.0,2,1,4,0,0,dictated,0,1,0,,,,,,2.0224274724099467,-0.11021358973365261,-0.2870084625005393,-0.309244346643504,0.0883242003223844,-0.8080230332571994,,,,,,-0.15829885171389518,,,,1.0006332220087122,-0.16188698094891407,-0.06443549872880025,0.0,0.0
G7_A_Roll01,school_a,7,sentence_02_copy_english,copy_english,latin,0.0,data/processed/school_a/G7_A_Roll01/sentence_02_copy_english.json,,,,,,-2.8402268705049307,22.824248227176717,17.001994118052707,0.4309741532987445,3.4042553191489384,1.0912751580829558,,,,,,0.52,,,,0.338,2.236,1.638,0.3571428571428571,1.0,4,2,1,0,4,copy,1,0,0,,,,,,-0.27778395461181066,0.5300893679169142,0.5247899869287151,0.07632864609335309,0.6744907594765952,4.980400942985911,,,,,,0.8832730581697037,,,,0.8457327312810026,-0.4184114210224731,-0.6744907594765952,0.6744907594765952,-2.023472278429786
G7_A_Roll01,school_a,7,sentence_04_dictated_english,dictated_english,latin,0.0,data/processed/school_a/G7_A_Roll01/sentence_04_dictated_english.json,0.12496593920796,-0.0122926545847983,0.0330327216792246,0.2025,0.2088574359974491,-2.324117614251329,21.12767446918519,16.97526294283225,0.4275676344160761,3.371718102257024,1.0678488357900906,0.4983818770226538,7.259171039180964,0.1666666666666666,0.3333333333333333,0.5099322152968283,0.515,56.60526315789474,0.6722361020732414,0.5533980582524272,0.28325,2.4205,1.67375,0.5714285714285714,2.0,4,2,1,0,4,dictated,0,1,0,-1.1183637338264754,-0.6744907594765952,-0.26201560146101893,1.990290954490433,0.33155958083640086,0.0,-0.16042609346354914,0.63631387801265,0.0,1.7475443272445608,-0.3341540714490715,-0.28149750470357193,1.7773681213958714,-0.6744907594765952,-0.5951389054205252,0.7956084531522359,0.5913419327452146,1.4210339442978717,0.5190555374496577,0.05377780639098518,-0.07027795141580513,2.1317428260641327,0.8914973393009809,0.0,5.0
G7_A_Roll01,school_a,7,sentence_06_own_english,own_english,latin,0.0,data/processed/school_a/G7_A_Roll01/sentence_06_own_english.json,0.2503757636017483,0.0092703015023781,,0.055,0.1491084616423003,-3.848206903576581,22.35244786461025,17.983209539620148,0.459727810854594,3.0527966544694185,1.0679291298449236,2.1038251366120218,0.1870670917405801,0.0,0.6666666666666666,0.2676047084328113,0.61,,0.4595825264286813,0.3360655737704918,0.1892059553349876,2.1191066997518613,1.6271712158808933,,1.0,4,2,1,0,4,own,0,0,1,-0.7122405829191785,2.3792331438355436,,0.8509807068975966,-0.013551058005642179,-0.5921471441408931,0.17183944863840359,0.6849066727628206,0.21409823063449307,0.49537278532451107,-0.9835463299284344,0.8239438826143425,-0.5324891207020361,-1.4307379746473232,0.9662126582033872,-0.09986885649401675,2.245428018642525,,-0.821797254381687,-0.2362425800726157,-0.7266926144775647,1.0790880548040096,0.08545107572860901,,0.0
G7_A_Roll02,school_a,7,sentence_02_copy_english,copy_english,latin,0.0,data/processed/school_a/G7_A_Roll02/sentence_02_copy_english.json,2.0679786533802718,-0.1966622186020099,0.3751794123204592,-0.0989278752436647,0.2990779509842696,4.0024610545057975,22.86633276869972,14.011187584401002,0.4243247765568032,3.0375508251614454,1.0754495810076126,0.547008547008547,8.334396091086925,0.2222222222222222,0.5555555555555556,0.4669502726095961,0.4561403508771929,37.391891891891895,0.7476847303098774,1.1748251748251748,0.3844731977818854,2.45101663585952,2.5951940850277264,0.3571428571428571,3.0,3,3,3,1,0,copy,1,0,0,0.8375635508893529,-4.073190095066272,5.0,-0.9114783689683188,0.6928028249262429,1.474318164082513,0.5565402755427685,-0.5263182442518111,0.0,0.09661450148602366,0.18230559365098445,0.7548387009499409,1.853768116826285,-1.8673401581805722,1.2590494176896438,0.0,0.3269802082392263,-1.4505614526093047,1.0843630940079314,0.6528888641849343,1.1422348884117335,-0.2397298581300749,-0.02407274985745343,0.6744907594765952,-0.6744907594765952
G7_A_Roll02,school_a,7,sentence_04_dictated_english,dictated_english,latin,0.0,data/processed/school_a/G7_A_Roll02/sentence_04_dictated_english.json,0.5524467668154981,-0.0635340917728735,0.0434831164755302,-0.0721247563352826,0.1897718636579143,3.1067194830273066,22.815367903940363,14.230347146064444,0.4822730769147332,2.789533560864619,1.0768275111322347,1.8888888888888888,0.5174687750025626,0.0,0.5,0.4391598706946645,0.5263157894736842,62.71052631578947,0.7138448992208206,0.8222222222222223,0.5365853658536586,2.097560975609756,2.5853658536585367,0.7142857142857143,2.0,3,3,3,1,0,dictated,0,1,0,0.029864492246102204,-2.865201758365796,-0.06388799852778337,-0.6093672158592598,-0.018043943914991332,1.2726946479557029,0.9939487928153593,-0.5409532531334713,0.6088329936871428,-0.20674193596429927,0.5592269576102623,0.6376396557321097,0.04394483909321561,-1.6187778227438276,0.35708334325231506,0.36724670642200674,0.6744907594765952,1.8853717965191477,0.6490268153508103,0.6564875920914349,0.9114617640989291,1.6908507976156828,2.062151628512297,0.6744907594765952,5.0
G7_A_Roll02,school_a,7,sentence_06_own_english,own_english,latin,0.0,data/processed/school_a/G7_A_Roll02/sentence_06_own_english.json,0.5204703325491896,0.0035972212209295,,-0.087719298245614,0.2034213699523518,2.476658894204099,21.05706026182115,12.795891072288647,0.5033346831313887,2.7104247104247112,1.07788045627394,4.180232558139535,0.2198435273041211,0.0,1.0,0.1793284773797048,0.5029239766081871,,0.7551470083950005,0.6465116279069768,0.3583333333333333,0.8190476190476191,0.9726190476190476,,1.0,3,3,3,1,0,own,0,0,1,0.49474125540753444,0.7066575605200888,,-1.7431029343169875,0.969656707520478,0.7288739765432162,-0.6780887368041518,-1.8453248385730934,0.9475514998769886,-0.33651106501986044,0.6596284001469316,2.586098468300851,-0.515789105344039,-1.4307379746473232,2.3969506328507104,-0.665989030565977,0.7399799402337142,,1.374681296742846,1.2253298857448283,0.39789973252137645,-0.7687166973324905,-1.6534719791589405,,0.0
G7_A_Roll03,school_a,7,sentence_02_copy_english,copy_english,latin,0.0,data/processed/school_a/G7_A_Roll03/sentence_02_copy_english.json,,,,,,0.409237521389763,19.58722811984641,17.42795029967832,0.4667157454642133,3.6864269517330728,1.0743277501410635,,,,,,0.5714285714285714,,,,0.2590393955747436,2.3572584997301678,1.683756071235834,0.1428571428571428,1.0,1,4,2,3,0,copy,1,0,0,,,,,,0.554256540008807,-1.5044372478768222,0.6744907594765952,0.4866088039318066,1.119154759570282,-0.15781795684599426,,,,,,1.331276562116853,,,,0.3419587140438984,-0.317644063375181,-0.6433992878025504,-1.3489815189531913,-2.023472278429786
G7_A_Roll03,school_a,7,sentence_04_dictated_english,dictated_english,latin,0.0,data/processed/school_a/G7_A_Roll03/sentence_04_dictated_english.json,0.0,0.0059772863120143,0.0084531593686377,0.0654761904761904,0.1017143303013991,0.0094739103216851,18.65392743896548,16.612500018953217,0.4665342835007275,3.692437684833122,1.0580455197668177,-0.4383561643835616,-1.590990257669732,1.0,0.0,0.2177099105501002,0.4345238095238095,69.92105263157895,1.0179536064183297,1.4520547945205482,0.1597374179431072,1.6772428884026258,1.3777352297592995,0.5714285714285714,2.0,1,4,2,3,0,dictated,0,1,0,-1.454026550564503,0.1065989731317895,-0.7280161551880681,0.6931935233829567,-1.6310542060479716,0.5468677094599451,-1.8524581816886985,0.4807284618100367,0.4336713228623836,2.8241408872828764,-1.3095871084313317,-0.9006894513120491,-0.49818114538333286,4.046944556859569,-2.4995834027662056,-0.9731171358967756,0.0,2.433770811642552,1.5989556766716002,2.0685863003003417,-0.5489209816237135,1.1170121467675054,0.5113690659043905,0.0,5.0
G7_A_Roll03,school_a,7,sentence_06_own_english,own_english,latin,0.0,data/processed/school_a/G7_A_Roll03/sentence_06_own_english.json,0.9317469953032236,-0.1069573404184202,0.2231635211032341,-0.0619047619047618,0.2395984294760869,0.0765810273613996,18.868476631367656,18.109512090311316,0.5732785038713232,4.56859093730602,1.063913758554442,-1.0276769509981851,-6.91883566417582,0.25,0.625,0.5185715102575613,0.655952380952381,,0.6593075922677676,0.2205081669691469,0.450297176820208,4.42109955423477,2.9473997028231795,,2.0,1,4,2,3,0,own,0,0,1,2.33262886790646,-5.0,3.3426481713349974,-1.2738947245617798,1.6245574845988118,0.2275900513572971,-2.1140596459865066,0.7465135888859583,2.123983592034064,4.178398822561485,-1.64656916245767,-1.833622598105387,-4.153037942314604,-0.4343311708750801,0.787370411372472,1.5095946178792565,2.8915009807465792,,0.6624535605977628,-0.7802840383282185,1.0094023514939199,4.35096500180675,3.592850279308743,,5.0
G7_A_Roll04,school_a,7,sentence_02_copy_english,copy_english,latin,0.0,data/processed/school_a/G7_A_Roll04/sentence_02_copy_english.json,0.8079468961613122,-0.0199672825038693,,0.0343915343915343,0.2767341506273788,1.0122652601112592,23.8174257942646,18.1317130617473,0.4886408562645297,2.617560013153568,1.0811685755159126,0.9000000000000001,8.73283817879505,0.125,0.625,0.5812730244327466,0.4166666666666667,20.31081081081081,0.5850670137003308,0.8253968253968255,0.4653739612188365,1.6094182825484764,1.551246537396122,0.2142857142857142,1.0,4,4,4,3,1,copy,1,0,0,-0.29733528948414195,-0.29571776073687894,,0.2745789877073308,0.33946831525345383,0.7086646016103778,1.1543197178840858,0.9218256585032644,0.7382886361601593,-0.5652337245731077,1.9162253630538477,1.002707794521629,1.9053807953813575,-2.648781420027877,1.6525023607176572,0.9990052036668171,-0.01688213031669926,-2.3065416935514906,-0.4506006964153471,0.06679302790963675,1.6583872518699003,-0.9391088084896879,-0.7334401568422805,-0.6744907594765962,-2.023472278429786
G7_A_Roll04,school_a,7,sentence_04_dictated_english,dictated_english,latin,0.0,data/processed/school_a/G7_A_Roll04/sentence_04_dictated_english.json,0.5252926061296709,-0.0232555521077085,0.026201728243805,-0.079004329004329,0.2388839749630035,1.716692600904898,21.8178062421448,17.64417376666835,0.4514319297670442,2.8142005700958803,1.064428377408478,1.303921568627451,1.9641876796775888,0.2222222222222222,0.5555555555555556,0.4700978895059681,0.4047619047619047,46.78947368421053,0.469057272053322,0.5294117647058824,0.3809523809523809,2.4571428571428573,1.5047619047619047,1.5714285714285714,2.0,4,4,4,3,1,dictated,0,1,0,-0.04307251858845645,-1.1431844866838334,-0.3915234699571265,-0.6744907594765952,0.8815762987892618,0.9469474856484008,0.3116210037886138,0.9232030887845782,0.26559277682692634,-0.12393932980130197,-0.6744907594765952,0.2509711980368452,0.4159245163382333,-0.3597284050541839,0.6744907594765953,0.5545043683361425,-0.21869154317500528,0.6744907594765952,-0.1156038132277348,0.0,0.3083439096026468,2.1817694329270387,0.6744907594765952,4.721435316336165,5.0
G7_A_Roll04,school_a,7,sentence_06_own_english,own_english,latin,0.0,data/processed/school_a/G7_A_Roll04/sentence_06_own_english.json,0.3459058987670461,-0.0157771647150537,,0.0785714285714285,0.119226056748136,1.3620150058864342,23.02971248698741,22.708087246100103,0.4478586829046391,2.755214050493964,1.0794453482778927,2.9097222222222223,0.2046577068939582,0.0,1.0,0.2096313728906052,0.4285714285714285,,0.4982400944013236,0.4222222222222222,0.2888402625820568,1.1291028446389495,1.6542669584245075,,1.0,4,4,4,3,1,own,0,0,1,-0.28534144678790835,-5.0,,1.2794179120187326,-0.5545018827490984,0.4960677533620436,0.6162055135305439,2.989572278978076,0.01446339687035485,-0.2276834308655613,0.9180252093094325,1.5078728795328264,-0.523526476101816,-1.4307379746473232,2.3969506328507104,-0.4716549467830507,-0.30538854676311983,,-0.5345147016011286,0.16938082356324047,-0.06418616073421415,-0.3280278642049505,0.15743527146278227,,0.0
G7_A_Roll05,school_a,7,sentence_02_copy_english,copy_english,latin,0.0,data/processed/school_a/G7_A_Roll05/sentence_02_copy_english.json,0.9864648834649294,0.0028027711838685,0.0112763980720397,0.0539867109634551,0.2547982003987657,-5.036249408069748,22.667377159615285,18.464553110062788,0.4712933162991507,3.2866741321388564,1.0726236061702903,-0.6645299145299146,-8.851003024888334,0.5384615384615384,0.2307692307692307,0.4546619439874762,0.4186046511627907,54.229729729729726,0.4879516946667782,0.1944444444444444,0.2621848739495798,3.932773109243697,2.702521008403361,0.2857142857142857,2.0,3,3,1,0,1,copy,1,0,0,-0.1365458049207945,0.19107178601533076,-0.6266615108729509,0.44890471711221797,-0.007416641398220478,-0.8400857551519499,0.4314930195411439,1.0388010999149746,0.5391550496608739,0.4891988487595336,-0.6744907594765952,-0.09589844224102169,-0.3723633782561573,0.6744907594765952,-0.5810997312413743,-0.10738111217665518,0.0,-0.6067708037058532,-1.367281248324884,-0.9915027971690995,0.3620270796365611,0.99162864318698,0.04885641359272017,0.0,-1.3489815189531904
G7_A_Roll05,school_a,7,sentence_04_dictated_english,dictated_english,latin,0.0,data/processed/school_a/G7_A_Roll05/sentence_04_dictated_english.json,1.6187848480778062,-0.5217391304347827,,-0.0077519379844961,0.2210322082074923,-9.259854441697732,18.26923696080237,16.271611276525668,0.4928089370794751,3.28452354133814,1.0735698775061335,-5.451219512195122,-1.888781871894268,0.5,0.0,1.0713439119992132,0.4767441860465116,18.42105263157895,0.8468341205228217,0.2113821138211382,0.2646584185045723,0.3528778913394297,0.2646584185045723,0.5714285714285714,1.0,3,3,1,0,1,dictated,0,1,0,2.8940853048939936,-5.0,,0.0,0.5545732375376777,-1.6253617963137774,-2.1155847767426974,0.3345246648446623,0.7260896868457145,1.4548482480550455,0.23509138412269315,-4.214235477215051,-0.574749183713072,1.2140833670578708,-2.4995834027662056,4.193648978530882,0.3102368403180307,-1.4830790883446805,1.0644384644401634,-0.7130295874468708,-0.14232511256437408,-0.6910752191487394,-0.91799192873785,0.0,0.0
G7_A_Roll05,school_a,7,sentence_06_own_english,own_english,latin,0.0,data/processed/school_a/G7_A_Roll05/sentence_06_own_english.json,0.353332410597538,-0.000501412172478,,0.0071556350626118,0.1506055966259134,-7.537943787856211,20.887796690128216,19.33310261496689,0.4499250597735621,3.0883444691907944,1.0682659574713371,0.8142857142857144,5.36977602231093,0.4166666666666667,0.3333333333333333,0.4600830195080558,0.4069767441860465,,0.6511099404371238,0.2637362637362637,0.295983086680761,1.8745595489781532,1.9978858350951372,,1.0,3,3,1,0,1,own,0,0,1,-0.2521543118653009,-0.5017290299521125,,-0.018644395902357284,0.013551058005641676,-1.3627912194050475,-0.789145751739876,1.3433474486062056,0.04921917711477248,0.5817456715849724,-0.9279289558967531,-0.2704308450603265,2.108167718531266,0.2299400316397487,-0.46452531644393585,1.1345048097926766,-0.6090015787194762,,0.6015329577709059,-0.5767672110319277,-0.01669080301962267,0.7315073994107808,1.070314054408141,,0.0
G7_A_Roll06,school_a,7,sentence_02_copy_english,copy_english,latin,1.0,data/processed/school_a/G7_A_Roll06/sentence_02_copy_english.json,0.3892066061078515,0.0024227408251335,,0.1072625698324022,0.1843744701894453,-3.1342416599884406,22.508133973023323,15.508765090687373,0.5263039354886814,3.556331200310259,1.0746203035432391,2.89922480620155,0.3486614612342896,0.0,1.0,0.298642474915561,0.4804469273743016,25.06756756756757,0.6159596338953471,0.5441860465116279,0.1661147902869757,2.1594922737306845,1.2577262693156734,0.3571428571428571,2.0,2,3,4,0,4,copy,1,0,0,-0.6744907594765952,0.182947307759036,,0.9228658943903792,-1.121064892160769,-0.3530678110768438,0.3314057507683971,0.0,1.170625674119432,0.9141416025314942,-0.06911982522475563,2.406554931214795,0.8193263066061194,-3.6534916138315547,3.777148253068931,-1.4707515611078412,0.5387191528993623,-2.068167449238477,-0.1590023738014304,-0.40488154254230485,-0.2509065767772218,-0.4819903159693585,-0.9328885984216412,0.6744907594765952,-1.3489815189531904
G7_A_Roll06,school_a,7,sentence_04_dictated_english,dictated_english,latin,1.0,data/processed/school_a/G7_A_Roll06/sentence_04_dictated_english.json,0.4077490546523664,0.0466407166651755,0.0542020026055316,0.1068435754189944,0.1669964605628953,-0.0082687172185531,21.15767501009712,17.061072786357123,0.4857438721559348,3.3532077271643206,1.0552529624612903,1.8849206349206349,1.1725049539494543,0.1666666666666666,0.6666666666666666,0.3128029312885948,0.4692737430167598,45.55263157894737,0.3634726494130518,0.3214285714285714,0.5301866081229418,1.636663007683864,1.8902305159165755,0.2857142857142857,2.0,2,3,4,0,4,dictated,0,1,0,-0.35879854624312,1.8450713699982488,0.13932989480982064,1.0847862613707404,-0.43523663051620853,0.5427097966544868,-0.13990585543315323,0.6731168679002016,0.6474604969237308,1.6854084077919491,-1.5874474413034931,0.6350166055402423,0.2123674301308349,-0.6744907594765952,1.309305591925155,-0.3975503280655983,0.2553437571149506,0.5804223152765953,-0.44541311491444,-0.46630296919122166,0.8866649317536561,1.061610524253557,1.1694914565285017,-1.3489815189531897,5.0
G7_A_Roll06,school_a,7,sentence_06_own_english,own_english,latin,1.0,data/processed/school_a/G7_A_Roll06/sentence_06_own_english.json,0.2055262241837915,0.0311475409836065,,-0.0335195530726257,0.1065853856331782,-0.2720118612090844,22.080958256910897,17.602821531343654,0.5154687794248964,3.3359013867488443,1.0642952952197604,-0.1382978723404253,-54.28404366339811,0.5,0.5,0.1321423066875359,0.5251396648044693,,0.5181926135962486,0.4609929078014184,0.4817767653758542,2.0876993166287017,1.6326879271070611,,1.0,2,3,4,0,4,own,0,0,1,-0.9126614197606839,5.0,,-0.7579616532178918,-0.7833315733033076,0.15478240878510607,-0.00628999241970334,0.4993638472862478,1.1516430141521932,1.183251155137921,-1.5835693793111387,-1.0788461483480063,-5.0,0.562075632897163,0.2508436708797258,-0.9685964578129498,1.0523240490846923,,-0.3862381557827873,0.3519122674916782,1.2187221245273636,1.0344479975569891,0.10010710591763827,,0.0
G7_A_Roll07,school_a,7,sentence_02_copy_english,copy_english,latin,0.0,data/processed/school_a/G7_A_Roll07/sentence_02_copy_english.json,2.628499238305701,-0.0379003303626444,0.0571535576713235,-0.157936825269892,0.2181805388179216,-3.923229533662503,21.50725548230781,12.689904924019784,0.2616579052403095,2.778301442171741,1.0757265415764818,-1.5226190476190482,-7.816769185934064,0.3392857142857143,0.3035714285714285,0.6201311914316828,0.1829268292682926,88.62162162162163,0.7882303913669569,2.1880341880341887,0.1080332409972299,2.79224376731302,2.6842105263157894,0.2142857142857142,5.0,3,4,2,4,0,copy,1,0,0,1.342419208846234,-0.6790993881486718,0.16309757394900595,-1.4364431845178354,-0.586471381118966,-0.5550918314966099,-0.2976647711986735,-0.9906782971058806,-1.8672640359680814,-0.3119271602192854,0.2662761946037471,-0.6984449736655912,-0.238392644923819,-0.9264210877930008,-0.16862268986914905,1.3385658809407737,-2.053031750221034,1.1167020706595445,1.4670773694200285,2.3523433729272853,-0.621470804673266,0.04383423404201351,0.03641435246755102,-0.6744907594765962,0.6744907594765952
G7_A_Roll07,school_a,7,sentence_04_dictated_english,dictated_english,latin,0.0,data/processed/school_a/G7_A_Roll07/sentence_04_dictated_english.json,1.1172151993731028,0.0284090909090909,,-0.1859756097560975,0.2275787512990429,-4.15912687538491,20.21526956105144,12.669034695147957,0.284150091793061,2.851122265366038,1.0662671322734645,-8.822222222222221,-2.48471397276394,0.3333333333333333,0.6666666666666666,0.2670478567617502,0.1829268292682926,29.84210526315789,0.5060664920268128,2.7,0.1273344651952462,0.365025466893039,0.2801358234295416,0.5714285714285714,1.0,3,4,2,4,0,dictated,0,1,0,1.546851953617746,1.065619714009549,,-1.687104362525528,0.6744907594765952,-0.43002697811799906,-0.7845070375361971,-1.2105846611633833,-1.5961361033605956,0.0,-0.49153407033571866,-5.0,-0.7279749622835403,0.26979630379063796,1.309305591925155,-0.6744907594765952,-1.8487436308404106,-0.6144470716893622,0.0,4.866507351195659,-0.6744907594765953,-0.6744907594765952,-0.8981165718223675,0.0,0.0
G7_A_Roll07,school_a,7,sentence_06_own_english,own_english,latin,0.0,data/processed/school_a/G7_A_Roll07/sentence_06_own_english.json,0.541844573001633,0.0083372556516078,,0.1062717770034843,0.200524901014989,-4.470786947643419,24.12576978206817,15.174404440928605,0.4517556333000767,3.1284046692606995,1.074201406901091,0.5926573426573426,1.8491744407320871,0.5384615384615384,0.1538461538461538,0.6095356501019387,0.5365853658536586,,1.122544183591321,0.275974025974026,0.4808743169398907,1.8633879781420768,1.5628415300546448,,1.0,3,4,2,4,0,own,0,0,1,0.5902571339187662,2.1041463072865447,,1.7829028759083183,0.9172229336639366,-0.7221801620457665,1.335349332680348,-0.6851513282386725,0.08000882258827616,0.6790826002071577,0.05213943842039594,-0.4585169823637007,0.31437594493292453,0.7153689873236618,-1.2349226874078791,2.0929524942709765,1.2132462434726212,,4.104982345413569,-0.5191521243152183,1.2127214011870207,0.7156289812787762,-0.08545107572860901,,0.0
G7_A_Roll08,school_a,7,sentence_02_copy_english,copy_english,latin,0.0,data/processed/school_a/G7_A_Roll08/sentence_02_copy_english.json,1.312845268114236,0.0326756922513296,0.0476792083740294,0.0624434389140271,0.2525640406379533,-20.57952276624613,19.38909589798379,16.955284539284786,0.4460296148727909,4.085767347627892,1.0761093155684922,-0.6437749224634471,-8.097235349637323,0.5409836065573771,0.2131147540983606,0.6094907603479822,0.4352941176470588,96.0945945945946,0.6992545475526771,0.2174447174447174,0.2694677871148459,8.768067226890757,6.633053221288516,0.3571428571428571,4.0,4,3,4,1,1,copy,1,0,0,0.15742196052401417,0.8297099686923015,0.0,0.5241388066317109,-0.04274660904062666,-4.820013304202519,-1.6289669898802817,0.5083740729718901,0.24915130945803413,1.7484607468921676,0.38232795702401023,-0.08132437528556079,-0.27472316923176976,0.6947623396794442,-0.6811250948157092,1.2455848613942995,0.1453849340214563,1.4911934260717503,0.6272260830734163,-0.9529244612650194,0.4084925601019255,5.0,2.7196720596950783,0.6744907594765952,0.0
G7_A_Roll08,school_a,7,sentence_04_dictated_english,dictated_english,latin,0.0,data/processed/school_a/G7_A_Roll08/sentence_04_dictated_english.json,1.7840105422822086,0.12322636939847,,0.0019607843137254,0.1977614048318355,-21.78005046980007,18.646482201575267,13.77377894863882,0.2838484086562194,3.3368805107935544,1.077235703050655,-7.666666666666667,-2.7219058151487614,0.4,0.2,0.8468954090736557,0.1764705882352941,35.23684210526316,0.9335155148436424,1.9,0.0589556428972487,0.8590679393599101,0.6316676024705222,0.2857142857142857,1.0,4,3,4,1,1,dictated,0,1,0,3.3378872101623775,5.0,,0.09194275933405784,0.12830596406043318,-4.559418957466105,-1.857550691316723,-0.736770819773855,-1.5994936239099031,1.6306009500165968,0.5998421822659836,-5.0,-0.7889616160767152,0.6475111290975313,-1.356916704358797,2.835135942052545,-1.896184321411516,-0.20414853847659606,1.335200715753795,3.072889465660131,-0.9394762869565879,0.0,-0.4466959616203073,-1.3489815189531897,0.0
G7_A_Roll08,school_a,7,sentence_06_own_english,own_english,latin,0.0,data/processed/school_a/G7_A_Roll08/sentence_06_own_english.json,0.86703414403837,0.0022257966391051,,-0.0558823529411764,0.1346899186900694,-18.068091980171605,20.364101736832485,15.408590336842938,0.4280178091662657,3.796775174931546,1.0735698775061338,-0.3728222996515679,-16.14667769992745,0.5714285714285714,0.4285714285714285,0.5409952270294592,0.4823529411764706,,0.9298876831421822,0.7134146341463414,0.1553030303030303,2.4071969696969697,1.8377525252525253,,1.0,4,3,4,1,1,own,0,0,1,2.0434440964858425,0.30232496585911867,,-1.164430673342476,-0.27456494658766334,-3.5621340372183954,-1.1327518665596503,-0.5709218786522277,-0.31925358277602855,2.3030668062304014,-0.05213943842035927,-1.2778765942793786,-5.0,0.8467632911178038,-0.05574303797327235,1.653399108519667,0.45075902241687765,,2.673261361362891,1.5403076105281437,-0.9521260746485782,1.4885575764202832,0.6448941752253793,,0.0
G7_A_Roll09,school_a,7,sentence_02_copy_english,copy_english,latin,0.0,data/processed/school_a/G7_A_Roll09/sentence_02_copy_english.json,0.4687201461055064,0.0015847563559214,0.0018436130542781,-0.144578313253012,0.274427792451272,-1.4148397239805064,24.9736092799508,18.484156078845487,0.4293165055236362,3.555738041469923,1.081793931822104,0.6575520833333334,6.445969027327169,0.375,0.3333333333333333,0.3086301074261495,0.3855421686746988,49.44594594594594,0.4805599202609118,0.575,0.3722991689750692,4.96398891966759,4.237119113573407,0.4285714285714285,4.0,2,1,2,0,0,copy,1,0,0,-0.6028736563200048,0.16503245847728726,-0.7890435704428718,-1.3176010632152106,0.3029966353123463,0.08719306417882554,1.8810022828279807,1.0456904929971516,0.057300394982898614,0.9132068651157612,2.1058247166906083,0.8324619009363079,1.6091484292396412,-0.6393610324205216,0.0,-1.383474998120409,-0.28801321118609774,-0.846499447134282,-1.437052896190442,-0.3531973278291574,1.0645637580726106,1.8485821154116935,1.0916232471352567,1.3489815189531904,0.0
G7_A_Roll09,school_a,7,sentence_04_dictated_english,dictated_english,latin,0.0,data/processed/school_a/G7_A_Roll09/sentence_04_dictated_english.json,0.2370807466176484,0.0251845637424658,,-0.1265060240963855,0.1220976005798384,-3.449824330440806,22.020724212909816,14.87534405442141,0.5334849667840459,3.221643087614792,1.078564037546797,-0.4595744680851063,-15.99523972182266,0.4,0.4,0.3904852257916267,0.5662650602409639,22.55263157894737,0.1437233867781183,0.0851063829787234,1.2835560720511332,0.8466008134805346,0.6827425915165601,1.1428571428571428,1.0,2,1,2,0,0,dictated,0,1,0,-0.8172194997119974,0.9277623954449836,,-1.1241522226287406,-1.2576798576905275,-0.26380480342156565,0.4504160032843553,-0.264320483270857,1.1787852104574448,1.2437701479014873,0.7320118836837725,-0.9147149335620988,-4.201794922266896,0.6475111290975313,-0.2142500059513889,0.07263507486809835,0.9680394332830962,-1.1688504555914891,-1.1318326809787274,-0.9961425991319025,3.8061654156363303,-0.017020725284776328,-0.38110785808063236,2.6979630379063795,0.0
G7_A_Roll09,school_a,7,sentence_06_own_english,own_english,latin,0.0,data/processed/school_a/G7_A_Roll09/sentence_06_own_english.json,1.8199501830852065,0.0072517451655579,,0.0281124497991967,0.1777533813359897,1.926622487456381,23.84849709346702,11.622547498867412,0.2743793899908811,2.529691211401425,1.0729139541631632,2.4571428571428577,1.4368955497019225,0.1428571428571428,0.2857142857142857,0.4051563064550855,0.180722891566265,,0.5606964586428698,2.097777777777778,0.2280580511402902,0.3524533517622668,0.7774706288873531,,1.0,2,1,2,0,0,own,0,0,1,5.0,1.7841088242392666,,0.36226926432726264,0.5049980008098165,0.6139925334122189,1.1534255034047334,-2.4176496151972557,-2.9034013315564575,-0.7756512506247573,-0.16044627266239375,1.1237889106097152,0.10431454888409854,-0.8613626582060417,-0.6689164556792677,0.7822568718846625,-3.79004451316491,,-0.07037211070142063,5.0,-0.46835023298602196,-1.431898176702245,-2.1719151238184824,,0.0
G7_A_Roll10,school_a,7,sentence_02_copy_english,copy_english,latin,0.0,data/processed/school_a/G7_A_Roll10/sentence_02_copy_english.json,1.924036803533492,-0.0061347971242605,0.0189014715348026,-0.1249169435215946,0.2856099631841937,0.0189274296096703,21.266910674180817,11.630010323677016,0.2519981244258237,2.304711246200608,1.074154922856142,-0.993548387096774,-12.061463453196582,0.4193548387096774,0.5161290322580645,0.4992981873423001,0.1744186046511628,66.33783783783784,0.6328047237433337,1.1555555555555557,0.0831024930747922,2.185595567867036,2.4764542936288088,0.2857142857142857,4.0,1,2,3,0,3,copy,1,0,0,0.7079164705388704,0.0,-0.49539856669220805,-1.1426864556867453,0.47982630394012715,0.4543158228154821,-0.44872589930068263,-1.3631744536004402,-1.9781493143547872,-1.0582407035655903,-0.21021679121849235,-0.3269338111496942,-0.7882342594002102,-0.282850963651475,1.035669682293094,0.28267107492069476,-2.127148419904103,0.0,0.0,0.620567950214988,-0.7805306690832545,-0.4602981460854871,-0.10475701232031541,0.0,0.0
G7_A_Roll10,school_a,7,sentence_04_dictated_english,dictated_english,latin,0.0,data/processed/school_a/G7_A_Roll10/sentence_04_dictated_english.json,,,,,,-3.149288634479286,18.276573832099317,17.95699302451079,0.3939798267061039,2.9351315202853323,1.0606801521970688,,,,,,0.2209302325581395,,,,0.1154696132596685,0.2204419889502762,0.1784530386740331,0.5714285714285714,1.0,1,2,3,0,3,dictated,0,1,0,,,,,,-0.19337548195259122,-2.1105663890458324,1.0573681625114584,-0.3738086118205235,0.28200359370333766,-1.047440350469959,,,,,,-1.5694932610187584,,,,-0.7204701130682576,-0.8718831402539807,-1.0286928311483425,0.0,0.0
G7_A_Roll10,school_a,7,sentence_06_own_english,own_english,latin,0.0,data/processed/school_a/G7_A_Roll10/sentence_06_own_english.json,0.104065407877065,-0.0227604055565442,,0.0232558139534883,0.0911882973334774,-0.6596803912100491,21.81420343728416,16.971490119288642,0.3982780187952306,2.7453027139874737,1.061929625045943,1.8263888888888888,0.9405402387282864,0.25,0.5,0.2808909218600871,0.4186046511627907,,1.0040315761873957,0.5611111111111111,0.2722689075630252,1.9361344537815128,1.1798319327731093,,1.0,1,2,3,0,3,own,0,0,1,-1.3660632155141257,-5.0,,0.2739944496837168,-1.0620597293493272,0.07381336812411182,-0.18131284991444238,0.191417720026484,-0.8194670889354639,-0.25176566341555484,-1.974191622188782,0.5884960841272194,-0.1485848641778778,-0.4343311708750801,0.2508436708797258,-0.014663661749333787,-0.4455176384352834,,3.224259470767799,0.82326633153859,-0.1743754113118926,0.8190252694804754,-1.1029776400736266,,0.0
G7_A_Roll11,school_a,7,sentence_02_copy_english,copy_english,latin,0.0,data/processed/school_a/G7_A_Roll11/sentence_02_copy_english.json,0.3104710153637361,0.0114220515736384,0.0203767572166975,0.0019493177387914,0.1582276026839734,-6.151436058493796,20.715018222645003,14.938442732749833,0.5145976173005268,2.976241900647948,1.0729610848430389,0.5822368421052632,6.241776568650415,0.3333333333333333,0.4583333333333333,0.351676844779369,0.4444444444444444,46.554054054054056,0.6276054583119107,0.3142414860681114,0.1277310924369747,5.96078431372549,5.428571428571429,0.2142857142857142,3.0,0,3,1,2,1,copy,1,0,0,-0.7454071710032697,0.3753390544111809,-0.4700020451952137,-0.01403862493541177,-1.5345393442217472,-1.125634491899949,-0.7956004457894644,-0.20043774751371,1.0362480545744515,0.0,-0.572171909269386,0.7795758595969817,1.5826981117200387,-0.9742644303550809,0.7082152974504246,-1.0073126513351502,0.22509507088932265,-0.9914201524836704,-0.04907635121452249,-0.7905673338370756,-0.4957971751086239,2.676931783251239,1.901220856855844,-0.6744907594765962,-0.6744907594765952
G7_A_Roll11,school_a,7,sentence_04_dictated_english,dictated_english,latin,0.0,data/processed/school_a/G7_A_Roll11/sentence_04_dictated_english.json,0.5587170194929673,0.0094224571391382,,-0.0497076023391812,0.0951721180253008,-5.967850345075127,21.931428762331063,11.381829140786367,0.2794640290799118,2.4497079818299805,1.0651959083289189,2.990476190476191,8.288112391276217,0.2857142857142857,0.4285714285714285,0.2787798810596408,0.175438596491228,37.92105263157895,0.7813593153242021,2.5583333333333336,0.1412742382271468,0.6398891966759003,0.6149584487534626,0.7142857142857143,1.0,0,3,1,2,1,dictated,0,1,0,0.046706606895246514,0.25388940911879854,,-0.3971615199139044,-1.7508923974685144,-0.8538939876182665,0.38933830784257306,-1.762654342850165,-1.6482886764856985,-1.3474738066629426,-0.5981211907586101,1.3657983889944771,2.0419290328622353,0.0,-0.051011906178902604,-0.6034806714375979,-1.9037674337445194,0.0,0.8599181541843618,4.548887517298742,-0.6204705528443185,-0.2992334563380607,-0.4681530725179133,0.6744907594765952,0.0
G7_A_Roll11,school_a,7,sentence_06_own_english,own_english,latin,0.0,data/processed/school_a/G7_A_Roll11/sentence_06_own_english.json,0.1433042792204203,0.0033790130316704,,-0.0093567251461988,0.061593505366492,-5.885722093000772,20.4935910222713,13.779830801086035,0.4053031984384768,2.5895316804407704,1.074336732406529,1.1452991452991454,6.355084501391483,0.4444444444444444,0.3333333333333333,0.3243346111601652,0.4561403508771929,,0.477784752617269,0.2948717948717949,0.482806052269601,1.0192572214580466,1.4215955983493809,,1.0,0,3,1,2,1,own,0,0,1,-1.1907149837728037,0.6423239584331015,,-0.31877510017335153,-1.5978039968991657,-1.017705675341427,-1.0477915093891,-1.3653860565728473,-0.701305874720229,-0.630252888823349,0.07448454512113846,0.01048552488552877,2.610195057688106,0.3406518987255533,-0.46452531644393585,0.2639430328895953,0.0822199933593015,,-0.6865279583554275,-0.43018188836492605,1.2255662450788294,-0.48415404918195704,-0.4606935987250343,,0.0
G7_A_Roll12,school_a,7,sentence_02_copy_english,copy_english,latin,1.0,data/processed/school_a/G7_A_Roll12/sentence_02_copy_english.json,0.0460144029085993,-0.000570363952328,0.000806616436871,0.0035273368606701,0.0263961720407332,-1.327052347633582,21.069055049691563,16.550689743887705,0.4918246985644578,2.8453721505081027,1.072817337873587,2.842105263157895,0.4156881514210194,0.0,0.8,0.0843370433412312,0.4691358024691358,20.60810810810811,0.5613475676432041,0.2180451127819548,0.3406162464985994,1.6392156862745098,1.596638655462185,0.5,2.0,0,3,4,2,2,copy,1,0,0,-0.9836007729382428,0.1189592233221955,-0.8068951006308845,0.0,-3.6192605269110767,0.10967143083498442,-0.5730817947726666,0.3661806830118166,0.7748361776154974,-0.20623287343065483,-0.6157539955544109,2.366445831576616,0.8280086901241785,-3.6534916138315547,2.644003777148252,-3.3434517708439095,0.4401859164057869,-2.291643303281927,-0.6744907594765952,-0.9519174187401366,0.8624245615712522,-0.914346786487902,-0.7025959931071163,2.0234722784297867,-1.3489815189531904
G7_A_Roll12,school_a,7,sentence_04_dictated_english,dictated_english,latin,1.0,data/processed/school_a/G7_A_Roll12/sentence_04_dictated_english.json,0.0315213957626344,0.0031949133478881,,-0.0123456790123456,0.0246913580246913,-3.5696948209138206,20.96742671582821,15.662673818062002,0.5585947024466474,2.7370156636438585,1.05956854449666,2.557894736842105,0.3465566704760009,0.0,0.8,0.1384036537729928,0.4691358024691358,33.39473684210526,0.3586113758267737,0.1798245614035087,0.319327731092437,1.5327731092436976,1.4263305322128852,0.2857142857142857,1.0,0,3,4,2,2,dictated,0,1,0,-1.3693589958991272,-0.012355049042704017,,-0.04348536000497954,-3.041936841146466,-0.2918959667063707,-0.2700348519314341,0.07335743500938856,1.4582388595990232,-0.3830348427901579,-1.1580456673411548,1.0798583070262882,0.0,-1.6187778227438276,2.0710833908634276,-1.4531318488562661,0.25433016502574696,-0.34425047664680897,-0.46059802732598376,-0.7837823254968525,0.06953253789253035,0.9197749930876551,0.5737728723152867,-1.3489815189531897,0.0
G7_A_Roll12,school_a,7,sentence_06_own_english,own_english,latin,1.0,data/processed/school_a/G7_A_Roll12/sentence_06_own_english.json,0.0207732532882306,8.600516030961884e-05,,-0.0024691358024691,0.0103291361300503,-1.3664967170919848,22.078079960615486,19.983327632049704,0.4381228815764625,2.452276064610866,1.0662375519249805,2.5416666666666665,0.2878421027828488,0.0,0.5,0.1363808138703321,0.4444444444444444,,0.4136697388707695,0.2833333333333333,0.392079207920792,1.2831683168316832,1.39009900990099,,1.0,0,3,4,2,2,own,0,0,1,-1.7382740239565087,-0.3285427115335792,,-0.19358542320881963,-2.5258251155682947,-0.07381336812411188,-0.008178496788787104,1.660509357604674,-0.1492895837956417,-0.9637519741428487,-1.2628616666155406,1.1955205067347674,-0.4811429568140917,-1.4307379746473232,0.2508436708797258,-0.9414146853754031,-0.0822199933593007,,-1.1629967531251877,-0.484504684412109,0.6222889044756258,-0.10905096086016224,-0.5443693490455216,,0.0
G7_A_Roll13,school_a,7,sentence_02_copy_english,copy_english,latin,0.0,data/processed/school_a/G7_A_Roll13/sentence_02_copy_english.json,0.7018779642990015,0.0234630362910036,0.0211636921390813,0.0896385542168674,0.3087426289570449,-1.7553649256997708,23.05399710555293,13.646150180832562,0.5032700580467783,2.810665772262287,1.0778357233870703,0.1555555555555556,33.61311601452963,0.55,0.45,0.4544245653331351,0.4337349397590361,78.52702702702703,0.8690747615409082,1.0198412698412698,0.2592797783933518,5.823822714681441,4.22825484764543,0.3571428571428571,5.0,2,0,3,1,4,copy,1,0,0,-0.3928705861784722,0.6327572218603424,-0.45645523868965204,0.766076320897903,0.8456355659153038,0.0,0.6744907594765952,-0.6546093307070334,0.9062182344971451,-0.2609253910243477,0.9057508493418585,0.47996207902298454,5.0,0.7672332389046275,0.661000944287063,-0.10945543690331218,0.1318026559665187,0.6108340010520977,2.2301749178534807,0.3929345085942785,0.34349237274733035,2.5631149500764248,1.085599935570975,0.6744907594765952,0.6744907594765952
G7_A_Roll13,school_a,7,sentence_04_dictated_english,dictated_english,latin,0.0,data/processed/school_a/G7_A_Roll13/sentence_04_dictated_english.json,0.0113790571757871,0.0017621399020313,,-0.0048192771084337,0.0107762312168664,-2.684181393844438,22.906863137772003,15.431367352760294,0.4193318410370745,2.705882352941176,1.0818227722573843,3.612903225806451,0.6811511115271661,0.25,0.75,0.2358949779260838,0.3734939759036144,23.18421052631579,0.2901360984646099,0.6,0.2902282036278525,0.834406085430076,0.9795201872440022,0.5714285714285714,1.0,2,0,3,1,4,dictated,0,1,0,-1.4234620110775347,-0.07361001609669848,,0.027761211003179385,-3.2968297672182203,-0.08437948644058556,1.0565311303266645,-0.02584761133190252,-0.09165857196839933,-0.4875436318571896,1.0562570154250628,1.777228042314981,0.08603076367357437,-0.20234722784297837,1.7854167162615753,-0.8630488985171555,-0.4484494054022399,-1.120815505361702,-0.6744907594765952,0.15826040166489938,-0.04323561715139287,-0.03366955983394747,0.0,0.0,0.0
G7_A_Roll13,school_a,7,sentence_06_own_english,own_english,latin,0.0,data/processed/school_a/G7_A_Roll13/sentence_06_own_english.json,0.2672708352039883,-0.0008019929450148,,0.2144578313253012,0.1193926664273493,-4.0141264650765045,24.144305031385365,15.588053392505293,0.2621061676767517,2.433460076045627,1.10069079706243,4.701388888888888,0.1872993832029184,0.0,1.0,0.1821521043136828,0.4337349397590361,,0.748687698022903,1.1333333333333333,0.2745098039215686,1.03921568627451,1.0,,1.0,2,0,3,1,4,own,0,0,1,-0.6367409360340119,-0.5903482695922001,,3.749305998496557,-0.5514858054387248,-0.6268013569074238,1.3475106585915815,-0.4833847279225725,-3.1098328998032914,-1.009470431183367,4.426098712965257,3.0283806565497913,-0.5323707652151785,-1.4307379746473232,2.3969506328507104,-0.6478809605644809,-0.2327915474630821,,1.3266791261404085,3.517274624397029,-0.15947483799808906,-0.45578661059352554,-1.5807300776441187,,0.0
G7_A_Roll14,school_a,7,sentence_02_copy_english,copy_english,latin,0.0,data/processed/school_a/G7_A_Roll14/sentence_02_copy_english.json,27.56960822839888,-1.1745449475792913,2.347436987094016,-0.0911627906976744,0.3533570237405636,0.3868004541664647,21.863348231255223,19.230472170321796,0.4221134231638982,2.9814288104400197,1.0726236061702803,-1.0657596371882083,-11.54872930167976,0.4285714285714285,0.3809523809523809,0.5080604616786332,0.2441860465116279,71.43243243243244,0.8602690875900789,1.4761904761904765,0.0674518201284796,3.26017130620985,2.6306209850107067,0.2142857142857142,4.0,1,4,2,0,0,copy,1,0,0,5.0,-5.0,5.0,-0.8423973876154834,1.5511469405871288,0.5485114244270284,-0.07385393549083524,1.3079806070472306,-0.025384275408810563,0.00817386225236502,-0.6744907594796246,-0.37764024314445327,-0.7218166198916269,-0.20877094936180324,0.26979630379063757,0.359239890124637,-1.519391728502931,0.2553042332556994,2.1470573403434607,1.1583685959153776,-0.8803830250779617,0.4326879784802132,0.0,-0.6744907594765962,0.0
G7_A_Roll14,school_a,7,sentence_04_dictated_english,dictated_english,latin,0.0,data/processed/school_a/G7_A_Roll14/sentence_04_dictated_english.json,,,,,,5.022816209881396,22.409774379756595,9.595498109679667,0.2853366885076711,2.0002394062724447,1.0748909406791942,,,,,,0.1744186046511628,,,,0.094240837696335,0.1020942408376963,0.0706806282722513,0.5714285714285714,1.0,1,4,2,0,0,dictated,0,1,0,,,,,,1.7217241447996818,0.7165246062224784,-2.5287939857290436,-1.5829301187810336,-2.8562570197233716,0.36653758659998503,,,,,,-1.9112623703527196,,,,-0.8027370796721711,-1.03345722943748,-1.1670891018901908,0.0,0.0
G7_A_Roll14,school_a,7,sentence_06_own_english,own_english,latin,0.0,data/processed/school_a/G7_A_Roll14/sentence_06_own_english.json,0.4661849954647876,-0.0005810920036094,,0.0406976744186046,0.1343513954452481,-3.3052564528283863,21.068027718378215,15.58616238438582,0.4461388637247054,2.535513267220584,1.0823892225220768,4.288,1.0902292928064694,0.2,0.6,0.2827497179915942,0.2906976744186046,,0.4885933439916865,0.58,0.1558171745152354,0.5886426592797784,0.5193905817174516,,1.0,1,4,2,0,0,own,0,0,1,0.2521543118653009,-0.5252207722545938,,0.5910198657352986,-0.2806931156265843,-0.4787456845913487,-0.6708927821490386,-0.48430710975862373,-0.01446339687035485,-0.7615050149415867,1.4041211886814164,2.6775559009286063,-0.07231636642791486,-0.6336125316295287,0.6800650632739227,-0.00274310310087896,-2.243840981561402,,-0.606204236899332,0.9121947606232372,-0.9487073339742841,-1.0961967218127702,-2.85754625574482,,0.0
G7_A_Roll15,school_a,7,sentence_02_copy_english,copy_english,latin,1.0,data/processed/school_a/G7_A_Roll15/sentence_02_copy_english.json,2.3773039866349435,-0.0994441266210287,0.1136846988538081,-0.1151537884471117,0.2022327655675806,-0.9720669271787964,21.663308880575425,11.181892106989457,0.2895237127823277,2.431898734177215,1.0652911099769344,-1.488505747126437,-6.605406531450267,0.5172413793103449,0.293103448275862,0.5784637447415371,0.1744186046511628,78.75675675675676,0.6870824390048854,2.066666666666667,0.1596638655462184,2.3445378151260505,2.823529411764706,0.2857142857142857,4.0,4,0,3,3,1,copy,1,0,0,1.1161699907648743,-1.9948133120979499,1.1362611855191704,-1.0558299212020743,-0.8386620806319193,0.20056710138150435,-0.1995823429982582,-1.5206639938974942,-1.5473905433797797,-0.8578105729829825,-2.8976018483715102,-0.6744907594765952,-0.08147731587531955,0.5039298777698705,-0.22793136009898754,0.9744564153869888,-2.127148419904103,0.6223463935331238,0.5123324154982984,2.1487737454230245,-0.29206391460664255,-0.32821511429428274,0.1310822088547087,0.0,0.0
G7_A_Roll15,school_a,7,sentence_04_dictated_english,dictated_english,latin,1.0,data/processed/school_a/G7_A_Roll15/sentence_04_dictated_english.json,0.3559982940655281,-0.0142154843226573,,0.0847176079734219,0.1907962363124099,-0.4445753700695738,21.57933769303567,15.491633637936014,0.4916507452443443,2.869850187265919,1.0668776387261432,0.9242424242424242,3.8849242448299712,0.3333333333333333,0.5,0.456384164168884,0.5116279069767442,39.76315789473684,0.5125815671061573,0.3766233766233766,0.6134969325153374,2.03680981595092,2.085889570552147,0.7142857142857143,1.0,4,0,3,3,1,dictated,0,1,0,-0.49780287155776526,-0.7566969677111145,,0.8753370011716738,0.0007201929051957271,0.44046310208336603,0.14850956506995489,0.0,0.7131998285420551,0.06286618401074306,-0.43078848569681594,0.0,0.909783389177514,0.26979630379063796,0.35708334325231506,0.4714996950757862,0.5665636723185025,0.14010193817021238,0.020350807803479868,-0.3425549819586569,1.2095138711144435,1.6079103661730805,1.4207476305111428,0.6744907594765952,0.0
G7_A_Roll16,school_a,7,sentence_02_copy_english,copy_english,latin,0.0,data/processed/school_a/G7_A_Roll16/sentence_02_copy_english.json,18.81064767989659,-9.673375040787295,21.648857715606265,0.0634115409004438,0.3316337241315061,-12.069228290266986,23.875831412811987,10.906110691843132,0.2945639029959249,2.4054559360924617,1.0766350502069078,-1.68080808080808,-8.314172304225693,0.4545454545454545,0.4242424242424242,0.5441366970842861,0.180722891566265,93.1891891891892,0.8037239135717577,1.8208333333333333,0.042016806722689,2.739495798319328,2.369747899159664,0.0714285714285714,5.0,0,1,1,2,3,copy,1,0,0,5.0,-5.0,5.0,0.5327513896467702,1.2076247423378819,-2.640912759871867,1.1910287223099358,-1.6175863832949064,-1.489533858462191,-0.8994808155313015,0.5417234034937674,-0.8095246384485694,-0.3028243604695988,0.0,0.5150656708730359,0.6744907594765952,-2.0722306465847207,1.345595521164654,1.6133221702100304,1.736437730557441,-1.042660137508679,0.0,-0.17726452337774723,-2.0234722784297867,0.6744907594765952
G7_A_Roll16,school_a,7,sentence_04_dictated_english,dictated_english,latin,0.0,data/processed/school_a/G7_A_Roll16/sentence_04_dictated_english.json,2.406798649360202,0.0,,-0.1077250177179305,0.3081273948221601,-10.319172231757875,21.12256176757699,10.943109669559618,0.2879566922636598,2.474025974025974,1.0805981240497764,-0.2208333333333331,-29.64024473960309,0.4375,0.4375,0.4624654257429303,0.180722891566265,45.578947368421055,0.0,0.0,0.3236151603498542,0.935860058309038,0.9708454810495628,1.0,1.0,0,1,1,2,3,dictated,0,1,0,5.0,-0.1489462962012674,,-0.9463670974613213,2.149955534053617,-1.8736086241498355,-0.1639231588760253,-1.950816768042674,-1.5537713247493554,-1.265842786396093,0.9344041324264925,-0.7569049787741494,-5.0,0.8599757183326586,0.0,0.5083075731364243,-1.8649382440875748,0.5824237715361698,-1.5807740954007599,-1.1869530124867458,0.08614742924527485,0.10484032753942532,-0.011139650515525465,2.023472278429785,0.0
G7_A_Roll16,school_a,7,sentence_06_own_english,own_english,latin,0.0,data/processed/school_a/G7_A_Roll16/sentence_06_own_english.json,0.5011032367134202,0.0020090935167049,,0.0127175368139223,0.2302535495364748,2.69302610116112,22.95374197400832,15.217614093510086,0.5049236688579624,2.646744930629669,1.0758254008870551,0.6304675716440423,2.975336307344227,0.6470588235294118,0.2941176470588235,0.2836051929039047,0.4698795180722891,,0.5946436313573447,0.2222222222222222,0.3613079019073569,1.3389645776566756,1.3177111716621253,,1.0,0,1,1,2,3,own,0,0,1,0.40819478012666566,0.2384350976793855,,0.08244941919115066,1.455390360052924,0.7740647615103767,0.5663598301965104,-0.6640748461903698,0.9742777179037576,-0.4912380551439815,0.32029523640022534,-0.426429123447383,0.8881698961255156,1.148197282174953,-0.6328474311083269,0.002743103100879316,0.27538744763717904,,0.1819052815028328,-0.7722143079212628,0.4176787718085771,-0.029746414294463792,-0.7366792777427204,,0.0
G7_A_Roll17,school_a,7,sentence_02_copy_english,copy_english,latin,0.0,data/processed/school_a/G7_A_Roll17/sentence_02_copy_english.json,2.046271142630568,0.0025369533694746,0.0117960730596372,0.0035991140642303,0.3046951865449403,1.2203391177682803,21.500329241830958,13.32092269610608,0.2841000253647097,2.48378728923476,1.0748909406791989,-2.0583333333333336,-6.049262099183545,0.375,0.425,0.3860260647393975,0.1785714285714285,70.10810810810811,0.5967018073589524,1.022857142857143,0.093010146561443,1.927846674182638,2.266065388951522,0.4285714285714285,3.0,1,0,0,4,1,copy,1,0,0,0.8180117986131976,0.18538900040744466,-0.6177154896677437,0.0006385557853663349,0.7816311862991573,0.7619428821400566,-0.3020180406039608,-0.7689093639441393,-1.6096494186829517,-0.7760412886659632,0.012933598623466956,-1.0746212614711186,-0.0094364730570213,-0.6393610324205216,0.519357884796978,-0.7071532435643543,-2.0909724263683196,0.1889386766003718,-0.3407787941812202,0.3979930295191833,-0.7173191671615851,-0.6744907594765952,-0.2477172904567902,1.3489815189531904,-0.6744907594765952
G7_A_Roll17,school_a,7,sentence_04_dictated_english,dictated_english,latin,0.0,data/processed/school_a/G7_A_Roll17/sentence_04_dictated_english.json,1.0681616712573463,-0.0571931215082653,,-0.1515151515151515,0.1774640991679908,0.554066437375664,19.94878135857826,19.84293878142036,0.4291171008092918,2.9547198772064465,1.070737313853798,0.1863636363636362,45.273889068608405,0.3,0.5,0.4018736952228307,0.2619047619047619,44.28947368421053,0.6295776896543375,0.9090909090909092,0.0627137970353477,1.266818700114025,1.3922462941847205,0.4285714285714285,1.0,1,0,0,4,1,dictated,0,1,0,1.4150924876173974,-2.5941080095444944,,-1.36089410742858,-0.24349371146396645,0.6744907594765952,-0.9667837959151706,1.8662315722191571,0.017244468186547995,0.34775809958253645,-0.04674959287774858,-0.48774426022231016,5.0,0.08093889113719141,0.35708334325231506,0.14156573818803592,-1.26841095041503,0.4843524148170208,0.3858056298482816,0.8512491301672623,-0.9249124728520498,0.5566811268774966,0.5300034937091133,-0.6744907594765952,0.0
G7_A_Roll17,school_a,7,sentence_06_own_english,own_english,latin,0.0,data/processed/school_a/G7_A_Roll17/sentence_06_own_english.json,1.003839870377117,0.0019492508291245,,-0.060515873015873,0.2541380035610219,2.738242646722528,22.100131590238764,20.440050073973524,0.3922988088926521,3.380527118274886,1.070737313853798,0.9545454545454546,6.032358208282731,0.4545454545454545,0.4545454545454545,0.4868305759717083,0.2857142857142857,,0.5006036668840187,0.6597222222222222,0.1409691629955947,1.092511013215859,1.497797356828194,,1.0,1,0,0,4,1,own,0,0,1,2.6547930314660704,0.22079187510517678,,-1.2486501080984147,1.8877623578518394,0.7835087582054456,0.0062899924197010095,1.883286023769999,-0.9200354356560569,1.2916812587490694,-0.5198556818828264,-0.15139864457624397,2.445761861744715,0.3809107594840276,0.05574303797327235,1.3060383147980388,-2.313905527397484,,-0.5169498838404495,1.287525042201088,-1.0474374173041598,-0.38003670056978506,-0.2582513778190114,,0.0
G7_A_Roll18,school_a,7,sentence_02_copy_english,copy_english,latin,0.0,data/processed/school_a/G7_A_Roll18/sentence_02_copy_english.json,0.6897508235244355,0.0042946823148268,0.0084979937283937,-0.0293040293040293,0.2552672062563423,-4.389532036256765,20.656603218488826,19.28062929129772,0.4086642315433492,3.3766684000693354,1.072818852085636,-0.7280701754385964,-4.746995928975171,0.5833333333333334,0.125,0.4763741620451304,0.3392857142857143,53.13513513513514,0.7374606720811762,0.7855750487329435,0.096067415730337,4.226966292134832,3.18623595505618,0.3571428571428571,2.0,4,2,1,0,4,copy,1,0,0,-0.4037933886580525,0.22296660511384114,-0.6744907594765952,-0.29207962648428065,0.0,-0.6744907594765952,-0.832315349242895,1.3256081473501273,-0.17976845715798104,0.6310175383173438,-0.6152949074746517,-0.1405161425940239,0.15925415303302845,1.0351559572522748,-1.1803588290840408,0.08235031465515379,-0.6909614765334756,-0.6616239678801544,0.9878572550413411,0.0,-0.6978135822917683,1.236106925070348,0.3775430590141055,0.6744907594765952,-1.3489815189531904
G7_A_Roll18,school_a,7,sentence_04_dictated_english,dictated_english,latin,0.0,data/processed/school_a/G7_A_Roll18/sentence_04_dictated_english.json,,,,,,-2.7089919944403604,21.198957347958984,12.647448215206916,0.2560201325032082,2.584360244155246,1.0702111641538603,,,,,,0.1785714285714285,,,,0.0597949886104783,0.4612756264236902,0.2733485193621868,0.7142857142857143,1.0,4,2,1,0,4,dictated,0,1,0,,,,,,-0.09019375006613596,-0.1116689179104736,-1.2198428880793624,-1.9092027114436754,-0.8954709658748806,-0.09910165400676231,,,,,,-1.8807472713050453,,,,-0.9362236063884884,-0.5430853706293323,-0.9068325091184806,0.6744907594765952,0.0
G7_A_Roll18,school_a,7,sentence_06_own_english,own_english,latin,0.0,data/processed/school_a/G7_A_Roll18/sentence_06_own_english.json,0.4933844061297907,0.0003891803703591,,-0.0369674185463659,0.176972325788224,-3.224424314772611,20.904005115099118,17.767085211966883,0.3681472676087118,3.1097117946233954,1.0697108105289632,0.3395061728395062,9.332614100583674,0.3333333333333333,0.1111111111111111,0.3444060428429762,0.4285714285714285,,0.5796354065635705,0.489766081871345,0.2222222222222222,1.494949494949495,1.676767676767677,,1.0,4,2,1,0,4,own,0,0,1,0.3737013493114222,-0.23915856242264605,,-0.8206304830992278,0.49085882278078113,-0.4618629609074405,-0.7785110990731844,0.5794871602269166,-1.3262564276022644,0.6336632812536905,-0.6893531188062587,-0.6733551158347497,4.127284673458055,-0.10219556961766582,-1.4183506328754845,0.39266219389807333,-0.30538854676311983,,0.07037211070142063,0.4873756705996735,-0.5071548819868394,0.19195864181664504,0.21721204675384828,,0.0
G7_A_Roll19,school_a,7,sentence_02_copy_english,copy_english,latin,0.0,data/processed/school_a/G7_A_Roll19/sentence_02_copy_english.json,1.9237827660015896,1.6132251707831673,3.2723894588942346,0.1976686507936507,0.244490351168263,-9.121840011831104,19.62375436452133,15.564113705703653,0.4830830986058114,3.448735019973369,1.0748482817391456,-0.3363636363636365,-11.183380802933897,0.5454545454545454,0.1818181818181818,0.7105516133473118,0.5952380952380952,81.25675675675676,0.6745897095174652,0.0319999999999999,0.1927312775330396,11.701541850220265,8.672907488986784,0.2857142857142857,4.0,4,4,0,2,2,copy,1,0,0,0.7076876613055193,5.0,5.0,1.727150864641201,-0.17042019475379327,-1.8862202612724621,-1.4814798319504185,0.019452072266613926,0.6744907594765952,0.7445847002119892,0.0,0.1345385193922655,-0.6744907594765952,0.7306983227663113,-0.8584427847883934,2.1287014451301087,1.5386855917220152,0.7476283117089975,0.394412376977616,-1.263970708461069,-0.0810915810297876,5.0,4.105762899016331,0.0,0.0
G7_A_Roll19,school_a,7,sentence_04_dictated_english,dictated_english,latin,0.0,data/processed/school_a/G7_A_Roll19/sentence_04_dictated_english.json,0.6745258098981379,0.0239903992122201,,0.0520833333333333,0.1276180851657619,-9.9461041806798,21.4869106898526,24.32312006960415,0.4570597330178927,3.0308293530178005,1.0933961247898571,-0.6017316017316018,-5.890683832192508,0.6,0.2,0.3784847271756604,0.9166666666666666,60.60526315789474,0.0647213356564305,0.0,0.7094850948509485,2.963143631436314,2.2119241192411923,0.2857142857142857,1.0,4,4,0,2,2,dictated,0,1,0,0.3577730065622317,0.8767086093989238,,0.5664138005336166,-1.1565573534637756,-1.7861816394280416,0.0852899014205355,3.787736843297179,0.3282262579687786,0.6032435900121121,2.2078092434687524,-1.0086820283271594,-1.6037163139188741,1.7806556050182105,-1.356916704358797,0.0,3.542802999435085,1.7252552957531906,-1.3786073595323787,-1.1869530124867458,1.5814926939945495,2.872586246398121,1.5825952820405864,-1.3489815189531897,0.0
G7_A_Roll19,school_a,7,sentence_06_own_english,own_english,latin,0.0,data/processed/school_a/G7_A_Roll19/sentence_06_own_english.json,0.0012585974327427,0.0066013611988046,,-0.0198412698412698,0.0181848241863326,-7.891263554917184,22.111976104622173,16.83521958097626,0.4855058061131309,3.273360417875798,1.0721506543211108,1.175,1.374094028688752,0.5,0.5,0.0991290187216608,0.7142857142857143,,0.3027581589351619,0.1444444444444444,0.4602739726027397,1.380821917808219,0.8547945205479451,,1.0,4,4,0,2,2,own,0,0,1,-1.8254799062908305,1.59235826041794,,-0.5093434830998186,-2.3836163158406958,-1.4365861250307934,0.014061401220945959,0.12494869324971336,0.6476756442329614,1.03129120954266,-0.2864832407869486,0.035691318684617314,0.07231636642791486,0.562075632897163,0.2508436708797258,-1.1803124328491459,3.711645414505612,,-1.9872328209340973,-1.1383901923874586,1.075741866227698,0.029746414294463477,-1.9664917757310594,,0.0
G7_A_Roll20,school_a,7,sentence_02_copy_english,copy_english,latin,0.0,data/processed/school_a/G7_A_Roll20/sentence_02_copy_english.json,0.7236726182089411,-0.1319724061113521,0.2111711824296042,-0.072289156626506,0.21384175154755,-2.5253905373986942,23.90280305163441,15.110408517515372,0.4074954748905564,3.267674454115132,1.0631619697218635,-0.4522648083623694,-8.134963096307766,0.4878048780487805,0.1463414634146341,0.4113976615328563,0.4216867469879518,69.77027027027027,0.5199971474694247,0.4307692307692308,0.4117647058823529,4.431372549019608,5.509803921568627,0.2857142857142857,5.0,4,2,3,3,3,copy,1,0,0,-0.3732403448714399,-2.6902190694524415,2.814456538583997,-0.6744907594765952,-0.6550829533790314,-0.19716864490856653,1.207980892897796,-0.14000098912941544,-0.19318469395466903,0.4592579480632091,-3.5431276265027987,0.05315321047398464,-0.27961027860495224,0.2673286546706021,-1.0594440222022612,-0.4854444689084507,0.026848689178364585,0.17200868765768615,-1.0648012312312671,-0.5951154591062269,1.3163565630405794,1.4059711278989118,1.956418728675234,0.0,0.6744907594765952
G7_A_Roll20,school_a,7,sentence_04_dictated_english,dictated_english,latin,0.0,data/processed/school_a/G7_A_Roll20/sentence_04_dictated_english.json,0.3612634677883706,0.0086767895878524,,0.1124497991967871,0.1951410540282143,-1.5487284851471197,20.37611310711636,13.94439019657795,0.5254775916134622,3.102447117378681,1.057344480747474,1.25,0.3280975464705581,0.0,0.0,0.2658097773991841,0.6024096385542169,17.07894736842105,0.7959861711824686,0.3266666666666667,0.329489291598023,0.4942339373970346,1.015925315760571,0.5714285714285714,1.0,4,2,3,3,3,dictated,0,1,0,-0.48366043359726385,0.2220100904314465,,1.1378560051303095,0.08030720034856433,0.18170929766765756,-0.6744907594765952,-0.66359734952057,1.0896687720555025,0.843651232505424,-1.379340712013858,0.2153285748414716,-0.0047462011919397465,-1.6187778227438276,-2.4995834027662056,-0.6819844470366262,1.2336310905365966,-1.5851533575829786,0.9056073179646097,-0.4545590425597389,0.10891119900573025,-0.4980890850094405,0.04674975723181502,0.0,0.0
G7_A_Roll20,school_a,7,sentence_06_own_english,own_english,latin,0.0,data/processed/school_a/G7_A_Roll20/sentence_06_own_english.json,0.4964900014176046,0.0041184338576248,,0.0043029259896729,0.1806677174262015,0.4133671788508116,24.28094625894521,16.95742711977365,0.4549419341900704,2.955326460481101,1.0699106923009614,0.4273504273504273,3.366905725835915,0.3846153846153846,0.1538461538461538,0.3792289843996308,0.4337349397590361,,0.5388645734860184,0.3392857142857143,0.3010033444816054,1.3244147157190636,1.68561872909699,,1.0,4,2,3,3,3,own,0,0,1,0.38757944069323674,0.8603249663388947,,-0.07049558933045165,0.5577552175453265,0.2979317208086144,1.4371635395876108,0.1845581750147747,0.13360135703381118,0.2585429817170454,-0.6563484054052027,-0.5988056057974772,1.087679549634244,0.10219556961766604,-1.2349226874078791,0.6159835738501828,-0.2327915474630821,,-0.23261510809615724,-0.2210822369134681,0.01669080301962267,-0.05042647755488565,0.24072629008196986,,0.0
G7_A_Roll21,school_a,7,sentence_02_copy_english,copy_english,latin,0.0,data/processed/school_a/G7_A_Roll21/sentence_02_copy_english.json,0.4626508361832491,-0.1993246970326666,0.2814007629501169,0.0501453488372092,0.221224559148795,-4.944818790556204,22.43017974655305,14.715566692878076,0.4119528433022936,2.537283754225491,1.0777997371951729,0.640926640926641,2.807083728997627,0.5,0.2142857142857142,0.5270143644344192,0.4302325581395348,21.7027027027027,0.2982762418964951,0.3834459459459459,0.2054414214325374,2.033870072182121,1.4175458078845085,0.3571428571428571,2.0,1,1,3,0,0,copy,1,0,0,-0.6083402271053634,-4.130109884816037,4.023433940929017,0.41473057981326106,-0.5383346535317338,-0.8166745196236601,0.28241008706886445,-0.27876673249024353,-0.1420182599848214,-0.6917381576396456,0.8948403353579722,0.8207875861486494,1.137781013508595,0.3653491613831561,-0.6744907594765952,0.5248678791369752,0.10129278190019458,-2.2367901391076255,-3.1576455333774103,-0.6744907594765952,0.0,-0.5863839654046814,-0.824290449101506,0.6744907594765952,-1.3489815189531904
G7_A_Roll21,school_a,7,sentence_04_dictated_english,dictated_english,latin,0.0,data/processed/school_a/G7_A_Roll21/sentence_04_dictated_english.json,0.5852652972954194,0.0034839019318676,,-0.0325581395348837,0.2138326813188854,-2.232320727293556,21.36221704969351,16.804134944537847,0.3873240494960057,2.5575657894736854,1.0804822477100842,1.0520833333333333,2.9698143172120663,0.2222222222222222,0.5555555555555556,0.2517983694986911,0.3720930232558139,38.21052631578947,0.2874588674389095,0.715625,0.3013850415512465,2.0210526315789474,1.5601108033240998,0.4285714285714285,1.0,1,1,3,0,0,dictated,0,1,0,0.1180161954374909,0.0,,-0.2348209440268923,0.42269456332125904,0.02151222815884037,0.0,0.5629187786627696,-0.4478827181443726,-0.9854150145250005,0.922874400071435,0.08450394652208912,0.6744907594765952,-0.3597284050541839,0.6744907594765953,-0.7667908950375224,-0.4587436556833832,0.022016018855318686,-0.6828534895120906,0.417494236683706,0.0,1.5863978933664489,0.7455672170051911,-0.6744907594765952,0.0
G7_A_Roll21,school_a,7,sentence_06_own_english,own_english,latin,0.0,data/processed/school_a/G7_A_Roll21/sentence_06_own_english.json,0.0718099120856161,-0.0307761106480318,,0.1790697674418604,0.1645667238482955,-3.934935565680076,21.595731959664985,18.11937947254765,0.5264002092448766,2.1946902654867277,1.0752453919504903,1.792372881355932,0.2895506627157007,0.0,0.25,0.1852122440818805,0.686046511627907,,0.3619843148490332,0.4271186440677966,0.2783018867924528,3.339622641509434,2.087264150943396,,1.0,1,1,3,0,0,own,0,0,1,-1.51020457221826,-5.0,,3.106088166411179,0.2662845080758125,-0.6102614248340256,-0.32465609802336415,0.75132662699534,1.33550607335229,-1.589625297283599,0.22452347827536884,0.5596282121289338,-0.480272423559694,-1.4307379746473232,-0.8222098101057665,-0.628256121153129,3.314612988101144,,-1.5470954259909526,0.19243305842067646,-0.13425983480786702,2.8138362602596536,1.3077619181105549,,0.0
G7_A_Roll22,school_a,7,sentence_02_copy_english,copy_english,latin,0.0,data/processed/school_a/G7_A_Roll22/sentence_02_copy_english.json,2.362870519414133,-0.0310022705306962,0.0338624502026722,0.0419161676646706,0.3622309742260851,-0.9058892319780684,21.98085304654418,13.202430878070588,0.2824546943411355,2.5251861585632938,1.0722474089376397,-1.605714285714286,-4.3563752164565575,0.4857142857142857,0.3714285714285714,0.440279773742703,0.1796407185628742,64.74324324324324,0.6945088529845688,2.6296296296296298,0.0498614958448753,1.9445983379501384,1.7950138504155126,0.1428571428571428,3.0,3,0,2,1,4,copy,1,0,0,1.103169901586471,-0.5316292299701694,-0.23785060766464067,0.34152082816634677,1.69147548334084,0.2175122085151635,0.0,-0.8105528884795031,-1.628536284968128,-0.7108023180919358,-0.7885485397281443,-0.7567940956407596,0.2098536802771114,0.2505251392341643,0.2158370430325102,-0.2330591831242179,-2.0816576495896446,-0.07990954780947628,0.5824310295310944,3.093030984738559,-0.9926104882965723,-0.660569913533398,-0.5677990888245171,-1.3489815189531913,-0.6744907594765952
G7_A_Roll22,school_a,7,sentence_04_dictated_english,dictated_english,latin,0.0,data/processed/school_a/G7_A_Roll22/sentence_04_dictated_english.json,,,,,,7.81588511661023,22.60861008652011,17.38396003656498,0.3860984927411496,2.671361502347417,1.075933719625089,,,,,,0.4431137724550898,,,,0.4081632653061224,0.5102040816326531,0.4489795918367347,0.7142857142857143,1.0,3,0,2,1,4,dictated,0,1,0,,,,,,2.376268515270033,0.8525273550964855,0.8116000035881769,-0.46152230049508375,-0.6034237683312991,0.47029442068354266,,,,,,0.0631193555750617,,,,0.4137930867213998,-0.4762858690619383,-0.6812953297397136,0.6744907594765952,0.0
G7_A_Roll22,school_a,7,sentence_06_own_english,own_english,latin,0.0,data/processed/school_a/G7_A_Roll22/sentence_06_own_english.json,0.4968938289244831,-0.0019059689915372,,0.0528034839412084,0.1828617060549077,6.242070512947495,22.259364176026235,16.3228959765477,0.4361937615599097,2.94262583597325,1.0772571060524934,1.1205882352941177,2.8346578205241646,0.5,0.4,0.3896778161021677,0.4071856287425149,,0.815334300596336,0.3502673796791443,0.5128205128205128,1.2307692307692308,1.6666666666666667,,1.0,3,0,2,1,4,own,0,0,1,0.38938403998051063,-0.9158298930440367,,0.8110565589665263,0.5974722337085123,1.515323592308147,0.11076548871924768,-0.12494869324971163,-0.18173674886450059,0.22768343086556023,0.5567000780610181,-0.010485524885528582,0.8164923982511543,0.562075632897163,-0.17837772151447104,0.6829924883872134,-0.6060647414688629,,1.8219613470756975,-0.16938082356324047,1.4251438240275622,-0.1835270225029606,0.19037708967328146,,0.0
G7_A_Roll23,school_a,7,sentence_02_copy_english,copy_english,latin,0.0,data/processed/school_a/G7_A_Roll23/sentence_02_copy_english.json,0.727208605630032,-0.1431914687443008,0.2980017338348394,0.0683538583210936,0.2979199516286217,-16.425577915257335,23.6343676127235,15.879065670662204,0.3786086898297282,3.029672045809475,1.080205881944086,-0.5279605263157894,-5.976413951582968,0.625,0.125,0.5897487292037196,0.4550898203592814,79.79729729729729,0.5015321462001704,0.4010025062656641,0.276750700280112,6.791036414565826,5.854341736694678,0.1428571428571428,5.0,3,1,1,4,4,copy,1,0,0,-0.370055514012392,-2.93006577728075,4.3092137862287485,0.5767200207097767,0.6744907594765952,-3.7563763746628114,1.0392642871993096,0.13014081092942908,-0.5247780566491377,0.08419862002260944,1.6243500318842647,0.0,0.0,1.3700593551868339,-1.1803588290840408,1.0730698411594828,0.3178288485970199,0.6744907594765952,-1.2390940999872495,-0.6450431576448129,0.4549580405672895,3.366881853299646,2.190533840185062,-1.3489815189531913,0.6744907594765952
G7_A_Roll23,school_a,7,sentence_04_dictated_english,dictated_english,latin,0.0,data/processed/school_a/G7_A_Roll23/sentence_04_dictated_english.json,0.2902180921503426,0.003471108029411,,0.0235243798118049,0.1282668638940602,-19.870333230030656,23.54012473329514,14.721439278025622,0.3949217195531208,2.7396293027360987,1.081111096704385,-0.0961538461538461,-11.698481382926015,0.8461538461538461,0.0769230769230769,0.2096787355849862,0.4790419161676646,30.36842105263158,0.7064873885858133,0.2285714285714286,0.6384149697303247,0.6164006604292791,1.100715465052284,0.7142857142857143,1.0,3,1,1,4,4,dictated,0,1,0,-0.6744907594765952,-0.0005469741749732135,,0.29606848334656605,-1.144673228316165,-4.111884467547197,1.489679276348142,-0.3303287137566539,-0.3633260087084861,-0.3742613378071255,0.9854450733883003,-0.6744907594765952,-3.0970144601206324,3.175294959997508,-2.060096211071049,-1.021727198989798,0.3271206436234509,-0.5744179464978725,0.6260445345602478,-0.6744907594765952,1.3060776757147001,-0.33130114592934257,0.15563328701341894,0.6744907594765952,0.0
G7_A_Roll23,school_a,7,sentence_06_own_english,own_english,latin,0.0,data/processed/school_a/G7_A_Roll23/sentence_06_own_english.json,0.2830088727472015,0.0004860683724877,,-0.0094547746612039,0.1083432653755331,-19.01136101906423,23.25238010852761,16.118572599373437,0.350425133989451,3.317073170731708,1.082200616368624,0.328125,4.77189428389705,0.7222222222222222,0.1666666666666666,0.2201898847671911,0.3832335329341317,,0.7558052183600374,0.6447368421052632,0.4123249299719888,0.9142857142857144,1.3445378151260503,,1.0,3,1,1,4,4,own,0,0,1,-0.56641177110638,-0.21059339171521993,,-0.32055726030187204,-0.751509285244678,-3.759146647873595,0.7623019306376662,-0.22461202618073228,-1.6243368943344816,1.137502988245468,1.3729783186830238,-0.6830138108007274,1.8035392852648888,1.4477705695836012,-1.1798943037675975,-0.40394264744487784,-0.9428220795392949,,1.379572764285637,1.2169742373932213,0.7569104208008319,-0.6333525376744141,-0.6654099869716812,,0.0
G7_A_Roll24,school_a,7,sentence_02_copy_english,copy_english,latin,0.0,data/processed/school_a/G7_A_Roll24/sentence_02_copy_english.json,1.13806610499636,0.0254151630333328,0.0468529387389435,-0.1360613810741688,0.2005705383704451,7.330894358696897,20.68746834228608,15.566990058922674,0.4650416497240779,2.740514905149051,1.0680781457981263,0.1682085786375105,23.53919563727698,0.3902439024390244,0.3170731707317073,0.4440046445666401,0.3411764705882353,61.567567567567565,0.6495433237636737,0.4492078285181733,0.2127139364303178,4.697432762836185,4.768337408312958,0.2142857142857142,5.0,0,3,3,3,3,copy,1,0,0,0.0,0.6744907594765952,-0.014223939679818328,-1.241831375255555,-0.8649477716192859,2.3265790165598426,-0.8129160518078613,0.020462956290798504,0.4673917455165126,-0.3714735878609358,-2.0526112645573287,0.48884697789429443,3.8233402470844924,-0.5168353990298291,-0.09212556714802257,-0.20050953507291583,-0.6744907594765952,-0.23905144387072128,0.15799720638859294,-0.5641884167380569,0.0463991394508252,1.6270705541744293,1.4525886473004332,-0.6744907594765962,0.6744907594765952
G7_A_Roll24,school_a,7,sentence_04_dictated_english,dictated_english,latin,0.0,data/processed/school_a/G7_A_Roll24/sentence_04_dictated_english.json,0.5413283344589713,0.0035273943664559,,0.0621848739495798,0.1907569195068934,6.638982998111495,21.622760374416664,17.095827517358202,0.488172621072537,3.052053981907163,1.071207157518677,1.2241379310344829,1.046242841085811,0.1666666666666666,0.3333333333333333,0.2825544168063739,0.3411764705882353,15.263157894736842,0.49187167814448,0.4778325123152709,0.1592531576057111,0.557386051619989,0.7484898407468423,0.5714285714285714,1.0,0,3,3,3,3,dictated,0,1,0,0.0,0.0018594200328797713,,0.6620371993363219,0.0,2.1004662769499722,0.1782104881457052,0.6880228269491367,0.6744907594765952,0.6744907594765952,0.0,0.19823352359102608,0.17990297567494862,-0.6744907594765952,-0.5951389054205252,-0.5806346468406278,-0.6859195930641925,-1.7232538394936168,-0.04433961629105017,-0.11564183701293974,-0.5507976150115088,-0.4118707538766865,-0.2966783267090719,0.0,0.0
G7_A_Roll24,school_a,7,sentence_06_own_english,own_english,latin,0.0,data/processed/school_a/G7_A_Roll24/sentence_06_own_english.json,0.5271344969106219,0.0003757926323673,,0.0092071611253196,0.1529805182529677,8.290938609663916,21.15426172739163,14.716846328065484,0.4416646788129663,2.5732148733135918,1.0745208665090502,0.3368298368298367,5.355750240470488,0.7727272727272727,0.1818181818181818,0.4251930330177365,0.4588235294117647,,0.6108809305952412,0.1627647714604236,0.219375,1.633125,2.120625,,1.0,0,3,3,3,3,own,0,0,1,0.5245216592979883,-0.24310562514166534,,0.018644395902357315,0.056543441564000624,1.9432533090474264,-0.614313025907429,-0.9083356117417497,-0.08971771756275641,-0.6698989187460327,0.10488898480727275,-0.6756264031184407,2.101021402340501,1.6490648733759736,-1.1148607594654465,0.9107534671080839,0.11994446090062891,,0.30257228204011183,-1.0521385387602085,-0.5260871468821644,0.3883507586448097,1.3963903764184733,,0.0
G7_A_Roll25,school_a,7,sentence_02_copy_english,copy_english,latin,0.0,data/processed/school_a/G7_A_Roll25/sentence_02_copy_english.json,1.8398127896627463,-0.0493860770075369,0.0800942435826875,-0.1054785178449647,0.2645954478674511,9.955748807591467,23.49736401957622,11.522466654184017,0.2945599689130049,2.5376288659793818,1.0807932383184948,-0.7250000000000001,-9.53480031831316,0.5208333333333334,0.3125,0.393106574904574,0.180722891566265,73.56756756756756,0.6097557189328354,1.278333333333333,0.0997229916897507,2.218836565096953,2.368421052631579,0.2857142857142857,5.0,2,1,0,1,2,copy,1,0,0,0.632056687540639,-0.9246473995874368,0.5580133723287652,-0.9697552385515569,0.14751249219580312,2.9986852256363274,0.9531550115459668,-1.4009702905907488,-1.4895790180665502,-0.691194308594442,1.802428333549722,-0.13836027848847185,-0.4609398890996036,0.5328008603504361,-0.11803588290840399,-0.645280463327492,-2.0722306465847207,0.3623017633734723,-0.21756170561879543,0.8265029994472899,-0.6744907594765953,-0.4326744540237062,-0.1781661220100057,0.0,0.6744907594765952
G7_A_Roll25,school_a,7,sentence_04_dictated_english,dictated_english,latin,0.0,data/processed/school_a/G7_A_Roll25/sentence_04_dictated_english.json,0.6517799383174481,0.0039603960396039,,-0.1686746987951807,0.2817835075548554,13.672680327507312,26.446576132578077,13.91899112420272,0.3296131076897738,2.8351260234387534,1.081150262305777,1.923076923076923,0.2451303508113365,0.0,0.5,0.4911562660915202,0.4698795180722891,16.57894736842105,0.2895487738017182,0.7350427350427351,0.5182724252491695,0.8637873754152824,0.7342192691029901,0.5714285714285714,1.0,2,1,0,1,2,dictated,0,1,0,0.2966768120925511,0.02037142086574286,,-1.5233301451744556,1.6673964742330647,3.7487847195981696,3.477679249820298,-0.6744907594765952,-1.0901647994794272,-0.0536964375362682,0.9893420630824179,0.660238242000505,-0.02607868711129254,-1.6187778227438276,0.35708334325231506,0.6819638022180922,0.2597950139404279,-1.6231810265148934,-0.6763253555767458,0.46102923277025565,0.8404944080856562,0.006443203138780208,-0.31500392497212115,0.0,0.0
G7_A_Roll25,school_a,7,sentence_06_own_english,own_english,latin,0.0,data/processed/school_a/G7_A_Roll25/sentence_06_own_english.json,0.1356305965671301,0.00191465937891,,0.0289156626506024,0.0788213360664873,16.754661929504092,26.631260070075253,15.33325706091357,0.4697617778998589,2.655068078668684,1.0797452432301795,1.721698113207547,0.7955779454064283,0.25,0.5,0.1165292289886004,0.6385542168674698,,0.4891209916870809,0.3283018867924528,0.4481397970687711,2.240698985343856,1.8523111612175875,,1.0,2,1,0,1,2,own,0,0,1,-1.225006660320385,0.21059339171521999,,0.37686856059523516,-1.2859345453369502,3.7109994751492743,2.979248664081084,-0.6076673820966505,0.3828662607309166,-0.4710147495895463,0.9675442167291795,0.4996496811846601,-0.2224450165459527,-0.4343311708750801,0.2508436708797258,-1.0687239571327043,2.6468894247717305,,-0.6022830389334137,-0.27279382937707136,0.9950571119073397,1.251910049184694,0.6835715319815092,,0.0
