student_id,school,grade,task_id,task_name,script,label,json_path,raw_baseline_rmse_norm,raw_baseline_slope_mean,raw_baseline_slope_std,raw_rule_offset_mean,raw_rule_offset_std,raw_slant_mean_deg,raw_slant_circular_std_deg,raw_jerk_proxy,raw_tangent_variance_short_wavelength,raw_kappa_sign_changes_per_h,raw_tortuosity_median,raw_gap_mean,raw_gap_cv,raw_gap_fraction_below_0_3h,raw_gap_fraction_above_2h,raw_word_height_cv,raw_h_over_r,raw_word_width_per_char,raw_component_height_cv,raw_matra_ratio,raw_shirorekha_rms_deviation_norm,raw_shirorekha_breaks_per_word,raw_shirorekha_tilt_var,raw_components_per_unit_width,raw_junctions_per_unit_width,raw_endpoints_per_unit_width,raw_words_written_ratio,raw_lines_used,repeat_0_fold,repeat_1_fold,repeat_2_fold,repeat_3_fold,repeat_4_fold,task_group,task_copy,task_dictated,task_own,z_raw_baseline_rmse_norm,z_raw_baseline_slope_mean,z_raw_baseline_slope_std,z_raw_rule_offset_mean,z_raw_rule_offset_std,z_raw_slant_mean_deg,z_raw_slant_circular_std_deg,z_raw_jerk_proxy,z_raw_tangent_variance_short_wavelength,z_raw_kappa_sign_changes_per_h,z_raw_tortuosity_median,z_raw_gap_mean,z_raw_gap_cv,z_raw_gap_fraction_below_0_3h,z_raw_gap_fraction_above_2h,z_raw_word_height_cv,z_raw_h_over_r,z_raw_word_width_per_char,z_raw_component_height_cv,z_raw_matra_ratio,z_raw_shirorekha_rms_deviation_norm,z_raw_shirorekha_breaks_per_word,z_raw_shirorekha_tilt_var,z_raw_components_per_unit_width,z_raw_junctions_per_unit_width,z_raw_endpoints_per_unit_width,z_raw_words_written_ratio,z_raw_lines_used
G3_A_Roll01,school_a,3,sentence_01_copy_hindi,copy_hindi,devanagari,0.0,data/processed/school_a/G3_A_Roll01/sentence_01_copy_hindi.json,2.0735938148724977,0.0140963569056412,,-0.2401960784313725,0.1546558210484394,0.907173551523775,18.884612452185664,17.853396129962555,0.2670901652431762,2.544483985765124,1.0938726778994945,2.460606060606061,2.4376545037649,0.4545454545454545,0.3636363636363636,0.4641241810240611,0.1764705882352941,35.0,0.7360195785339446,2.5,0.0649273156880407,1.25,0.0033426708945122,0.0985074626865671,0.6895522388059702,0.7253731343283581,0.1428571428571428,1.0,2,4,3,1,2,copy,1,0,0,0.04785406923413726,0.01140916580421599,,-0.6470606563352577,-0.7916145825926604,-0.33353850303534893,-0.7190747609049598,-0.431411007506754,0.04542350909518172,-0.9813166613545707,4.1390426384688,1.036868528800788,0.6831906518893825,0.23164329113337634,-0.5518560759353963,0.25254222604454757,-0.6744907594765952,-0.612547730545071,-0.5040327211040029,0.6352389219298578,1.4977579840611293,1.2724843962320644,-0.1356786032243306,0.04020713746065079,-0.4725416367630231,-0.7384490755804752,-0.9635582278237075,0.0
G3_A_Roll01,school_a,3,sentence_03_dictated_hindi,dictated_hindi,devanagari,0.0,data/processed/school_a/G3_A_Roll01/sentence_03_dictated_hindi.json,2.945648009659768,0.0062175685105567,,-0.1183823529411764,0.3252529846702546,0.3606545342549424,20.95105994787657,20.236010455867603,0.3035770347923665,2.851159793814433,1.1113347229709094,-3.52,-4.250498413953457,0.4666666666666667,0.4,0.4559483546845507,0.1764705882352941,76.32142857142857,0.8047887188391897,1.6708333333333332,0.0628549230328451,1.375,0.0009141790377832,0.0872727272727272,0.8290909090909091,0.7527272727272727,0.6666666666666666,1.0,2,4,3,1,2,dictated,0,1,0,0.6190130687545047,-0.010687177502686765,,-0.25393854633415136,1.456625048560631,0.0,0.23545759931258547,0.3463601442980865,-0.08125441239930473,-0.5676137571309354,1.9957987303954405,-1.1497088928628116,-0.4821025422277725,-0.09992455695949556,0.7563850844046142,0.19210704462759393,-0.6427500178541665,1.6533032072658498,0.0,0.1333531796059417,0.5881580554644237,1.0142342531388804,-0.6732411443312645,-0.13432830450353603,0.12884765836035286,-0.32541078954798613,0.0,0.0
G3_A_Roll02,school_a,3,sentence_01_copy_hindi,copy_hindi,devanagari,0.0,data/processed/school_a/G3_A_Roll02/sentence_01_copy_hindi.json,2.04993876003926,0.0047957124208468,,-0.2435294117647059,0.1372041775649915,-3.520962516492719,18.438627043363464,19.91686243714169,0.2430962652378543,3.2493297587131367,1.090325523878399,1.0982456140350878,5.690096145624227,0.3157894736842105,0.3684210526315789,0.2744037269144923,0.1764705882352941,35.794117647058826,0.7536644928447721,2.043333333333333,0.0530571203019555,0.7222222222222222,0.004205411858087,0.0950570342205323,0.7224334600760456,0.9315589353612168,2.857142857142857,1.0,1,0,3,1,2,copy,1,0,0,0.0,-0.3747276318864235,,-0.6744907594765952,-1.046084592205296,-1.6675200202482197,-1.2096947763940409,0.8765207176120365,-0.9089839524625568,1.247634031356851,2.939176416951911,0.5322045212566406,1.0923825343736138,-1.005819553605449,-0.4969931911932806,-1.835810894446532,-0.6744907594765952,-0.5660904588464278,-0.4345231084151852,-0.363439973366425,-0.026615427893717736,-0.2773363427685268,0.13567860322433073,0.0,-0.16150526711821053,-0.19320287183271362,0.8672024050413367,0.0
G3_A_Roll02,school_a,3,sentence_03_dictated_hindi,dictated_hindi,devanagari,0.0,data/processed/school_a/G3_A_Roll02/sentence_03_dictated_hindi.json,2.4008861677622395,0.0245637714769668,,-0.1631372549019607,0.1834403288793137,-3.4883559721298805,20.754371611150493,19.25616698657497,0.3489634768082849,3.3884768967484318,1.0895253600055428,1.3142857142857145,3.2845873482735137,0.3571428571428571,0.4285714285714285,0.2749124695778104,0.1764705882352941,34.82142857142857,0.8254215909949278,2.0800000000000005,0.0705401363123177,1.1538461538461535,0.0286125781864453,0.0585480093676814,0.6088992974238876,0.7962529274004684,2.5,1.0,1,0,3,1,2,dictated,0,1,0,0.2774160033349984,0.650957031711429,,-0.6476789960797597,0.015269668693915404,-1.0202786911678656,0.06344494191458341,0.0,0.6744907594765952,0.7833082146243513,0.06899876112324717,0.7701602872249036,1.2201162505101493,-0.756571645550467,0.9663205364026286,-0.7149452053817936,-0.6427500178541665,-0.41466054606344765,0.06899090076939507,0.4902476640607547,1.09999299444302,0.45734701069922906,3.9653410232997897,-0.8773522255544444,-0.6744907594765952,-0.05532583720124993,5.0,0.0
G3_A_Roll03,school_a,3,sentence_01_copy_hindi,copy_hindi,devanagari,0.0,data/processed/school_a/G3_A_Roll03/sentence_01_copy_hindi.json,1.8927511926722949,0.0363443205573508,,-0.2075351213282248,0.2453700251676453,8.429788606080946,19.060177023517515,16.703702219288022,0.3390182999764076,2.63724808895066,1.079217509516576,1.4823529411764709,3.201524546248084,0.3529411764705882,0.4117647058823529,0.3320561631795963,0.1724137931034483,29.264705882352946,0.5338413469829142,1.8814814814814813,0.0534716254709712,0.5,0.0163050797672669,0.1817533856022808,0.6949394155381325,1.1225944404846755,2.571428571428572,1.0,3,1,0,2,1,copy,1,0,0,-0.3179897398062723,0.9350825148558753,,-0.3782926297250214,0.5311287118203342,1.9326586710685563,-0.5259395349484844,-1.1601465021040829,2.9065152228265867,-0.6879665130102668,-0.8182390044287066,0.6744907594765952,0.7792936585149886,-0.6744907594765952,0.0,-1.201200115428422,-1.9769556743279817,-0.9480724705908258,-1.3004849067968873,-0.7173918608315302,0.026615427893717736,-0.9298924434003546,3.9413772096599873,1.0102548572318923,-0.42158221893471604,0.3119792669363974,0.6744907594765956,0.0
G3_A_Roll03,school_a,3,sentence_03_dictated_hindi,dictated_hindi,devanagari,0.0,data/processed/school_a/G3_A_Roll03/sentence_03_dictated_hindi.json,2.7879808426152635,0.0258688672977216,,-0.2488167680865449,0.1628548026812576,3.912133925571684,19.73640255157119,18.41147629799788,0.297949499859175,2.887252412392077,1.0933016298896143,0.3,22.70468851709787,0.375,0.4375,0.3726373521945587,0.1724137931034483,44.035714285714285,0.587828694784333,2.196078431372549,0.0584291163296046,0.625,0.005762320525184,0.0898876404494382,0.651685393258427,0.8764044943820225,2.833333333333333,1.0,3,1,0,2,1,dictated,0,1,0,0.5201466698382223,0.6980244872417612,,-1.4014621254639572,-0.1939574892594354,0.94141045836886,-0.8268140637886585,-0.2985856393919955,-0.17496042164829498,-0.47686974174694746,0.40262229282140166,0.3673508552325046,5.0,-0.6495096202367213,1.031925365152009,-0.22530982393705415,-1.2559483107495224,0.04449147489951172,-0.7254572886175419,0.5914967522587892,0.2933994818884908,-0.8743398733955864,0.13866507916237364,-0.06668819579332312,-0.5183916498287828,0.4420298559242703,5.0,0.0
G3_A_Roll04,school_a,3,sentence_01_copy_hindi,copy_hindi,devanagari,0.0,data/processed/school_a/G3_A_Roll04/sentence_01_copy_hindi.json,0.4513486309125447,0.0138215512003893,,-0.0037593984962406,0.273695991863468,3.192243886659816,19.798064634423767,29.88206600034009,0.4067358112343716,2.6415094339622645,1.0932048602919613,-0.4140461215932914,-9.154357443090063,0.6111111111111112,0.3333333333333333,0.4906656019440542,0.6309523809523809,61.94117647058823,1.2338429670676834,0.0714995034756703,0.0140672078749292,0.4736842105263157,0.0237431882331125,0.0913268236645606,2.9529006318207927,2.1309592188397475,2.7142857142857144,1.0,0,4,4,1,4,copy,1,0,0,-3.2339406209597734,0.0,,1.2985840987695194,0.9441619613369067,0.3548417874032658,0.28579650827339986,5.0,5.0,-0.6744907594765952,3.913145543319301,-0.02799906495218199,-0.7752082104501239,1.627937573798451,-0.8993210126354602,0.5446976473494302,5.0,0.9635582278237061,1.4570712159766732,-4.675619895067347,-5.0,-1.0071688237383345,5.0,-0.04346738095210578,5.0,2.9785405172110293,0.7708465822589661,0.0
G3_A_Roll04,school_a,3,sentence_03_dictated_hindi,dictated_hindi,devanagari,0.0,data/processed/school_a/G3_A_Roll04/sentence_03_dictated_hindi.json,,,,,,2.932573666956809,21.138472753150317,17.35042195475837,0.2552840154433323,2.6117103235747305,1.081334383815161,,,,,,0.1785714285714285,,,,,,,0.0469336670838548,0.5350438047559449,0.3097622027534418,0.3333333333333333,1.0,0,4,4,1,4,dictated,0,1,0,,,,,,0.6817529549866858,0.3993583938495185,-0.6736526240174662,-0.8853979977356771,-1.1696373084112521,-0.6546524843074137,,,,,,-0.32520090189050743,,,,,,,-1.1777810817292267,-0.943942234849576,-3.0740931635049553,-1.3489815189531897,0.0
G3_A_Roll05,school_a,3,sentence_01_copy_hindi,copy_hindi,devanagari,0.0,data/processed/school_a/G3_A_Roll05/sentence_01_copy_hindi.json,2.414545296095885,0.0215261972804491,,-0.0421245421245421,0.3897367473717036,6.243830078004545,20.13693171617579,19.59812866560982,0.2436785466029716,2.867764206054169,1.0852790393457303,-0.9166666666666669,-11.272284715386371,0.4166666666666667,0.5,0.3824698855665957,0.1785714285714285,46.61764705882353,0.8639675533492913,2.517948717948718,0.0624587873872495,0.8333333333333334,0.0007976430610622,0.0927835051546391,0.7938144329896907,0.6804123711340206,0.7142857142857143,1.0,4,1,0,2,2,copy,1,0,0,0.7375973779251888,0.3198753989100353,,0.9828761447425655,2.6362027251563758,1.27413593620735,0.6585777015796557,0.6744907594765952,-0.8858224956143276,0.04100013277099425,1.2321441617562912,-0.21418657442457997,-1.0416660728639708,-0.10616984176946324,1.011736139214893,-0.6462696786624517,0.0,0.06710494800915066,0.0,0.6744907594765952,1.180748972331188,0.04894170754738724,-0.9361641166946834,-0.026492969372642283,0.5137153548414902,-0.8573451650614762,-0.5781349366942244,0.0
G3_A_Roll05,school_a,3,sentence_03_dictated_hindi,dictated_hindi,devanagari,0.0,data/processed/school_a/G3_A_Roll05/sentence_03_dictated_hindi.json,3.230589084584312,0.0068102409011614,,-0.1616541353383458,0.2047140566970152,1.4775799197021018,20.269543417865663,16.34721264908828,0.2645928665011385,2.924080664294188,1.084172105096188,-2.174074074074074,-5.095970965518185,0.3333333333333333,0.3333333333333333,0.4822104294037517,0.1785714285714285,68.10714285714286,1.023085570800865,2.291228070175439,0.0760264367282395,0.5789473684210527,0.0038471172884215,0.0924657534246575,0.8424657534246576,0.7294520547945206,0.8333333333333334,1.0,4,1,0,2,2,dictated,0,1,0,0.797687541754787,0.010687177502686765,,-0.6346309468511873,0.2314915698271078,0.29606964400482655,-0.3605587753192476,-1.0282722451738149,-0.730393134385043,-0.3842761980011205,-0.4039472580351542,-0.6151931739779581,-0.6730996073483979,-0.8993210126354605,0.26653569640924507,0.3236891005825269,-0.32520090189050743,1.2439816381903437,0.7299272897288236,0.6744907594765952,1.4653804126558667,-0.9903049513406852,-0.1820692540297639,0.0,0.17764391451445682,-0.4698379365587932,0.6744907594765952,0.0
G3_A_Roll06,school_a,3,sentence_01_copy_hindi,copy_hindi,devanagari,0.0,data/processed/school_a/G3_A_Roll06/sentence_01_copy_hindi.json,1.8340252552329472,0.0262863802535826,,-0.1683501683501683,0.2680049140716484,-0.8009290159318229,19.07680098278112,16.716832687494936,0.2442305108158255,2.4447252053063804,1.0812476654948298,-5.686666666666668,-2.9926529403708657,0.4,0.4,0.4747453738288749,0.1851851851851851,56.02941176470589,1.0065063577641316,1.975757575757576,0.0707099978880068,1.181818181818182,0.0048655660167067,0.0970425138632162,1.21996303142329,0.9288354898336412,1.5714285714285714,1.0,0,1,3,3,2,copy,1,0,0,-0.4367920463692416,0.5175049086362002,,-0.05583843919206382,0.8611778789629942,-0.8481065333511534,-0.5076518354182715,-1.1518237318830544,-0.8638669667864275,-1.2967862453992538,-0.13151506511548555,-1.9811545762074891,0.0,-0.254807620246713,-0.13489815189531854,0.3694552981820421,2.1233968353893404,0.6177096496226979,0.5615112045017365,-0.5112205929092709,2.2403714549182494,1.0722683199018452,0.34331634835497216,0.023136388336853705,4.544822104110593,-0.20040486308325464,0.0,0.0
G3_A_Roll06,school_a,3,sentence_03_dictated_hindi,dictated_hindi,devanagari,0.0,data/processed/school_a/G3_A_Roll06/sentence_03_dictated_hindi.json,1.3375346372822157,-0.0530059819435681,,-0.2504409171075838,0.1646678319513414,-1.2088108503917014,18.576881103837568,17.234569317629454,0.2574089556272944,2.676056338028169,1.082034183988687,-2.3000000000000003,-3.89238777997512,0.3333333333333333,0.1666666666666666,0.5894738434330719,0.1851851851851851,42.25,0.7613081486771758,2.723809523809524,0.0772203849598194,3.0,0.0035823136252439,0.0596421471172962,1.088469184890656,0.8051689860834991,0.1666666666666666,1.0,0,1,3,3,2,dictated,0,1,0,-0.3893666792700786,-2.146547076077613,,-1.4157509103340056,-0.1755302235283464,-0.41602694662025225,-1.840866899124857,-0.7146048142098995,-0.8500148918294862,-1.0078586413162074,-0.5928269759242673,-0.6652029000156165,-0.4012033102518041,-0.8993210126354605,-0.9580877735791773,0.8611158156319674,0.6744907594765952,-0.044491474899511364,-0.14538759697640846,1.0518087265954141,1.5448973236421335,5.0,-0.22641526635150225,-0.8490501018024892,1.0751531607577087,0.0,-2.0234722784297845,0.0
G3_A_Roll07,school_a,3,sentence_01_copy_hindi,copy_hindi,devanagari,0.0,data/processed/school_a/G3_A_Roll07/sentence_01_copy_hindi.json,1.9855677834068592,0.0073032547639371,,-0.0476190476190476,0.3443132110471327,1.844426878775114,20.59177945846364,17.969978162870238,0.2609604215727207,2.8547990155865466,1.078989670755252,-1.8166666666666669,-8.353809715653526,0.4166666666666667,0.4166666666666667,0.2556333475096803,0.1785714285714285,51.11764705882353,0.8144789089394278,1.553846153846154,0.046856209360562,1.0769230769230769,0.0133074322684043,0.0176366843033509,0.7231040564373897,0.7495590828924162,1.8571428571428568,1.0,1,0,0,3,0,copy,1,0,0,-0.13022219538919225,-0.2706214732199388,,0.937661689015087,1.973862371016286,-0.051189768422143414,1.1589470005568885,-0.3575152821981826,-0.1983998416406902,0.0,-0.8953081229499286,-0.5475767634402231,-0.6744907594765952,-0.10616984176946324,0.0562075632897167,-2.0424263623823293,0.0,0.33036282096812764,-0.1949534265130083,-1.4338936573195973,-0.8229379366235091,0.7642435870861214,2.998529604697914,-0.9021635086813018,-0.15516183309499412,-0.6744907594765952,0.19271164556474124,0.0
G3_A_Roll07,school_a,3,sentence_05_own_hindi,own_english,devanagari,0.0,data/processed/school_a/G3_A_Roll07/sentence_05_own_hindi.json,0.3222389808337278,0.0266251948370458,,-0.0811011904761904,0.2026943768165414,0.4830146351008033,20.77692747812732,26.65325622209962,0.3666570104088216,2.205700123915737,1.122241554966241,0.2301886792452829,5.314178050083227,0.5333333333333333,0.0,0.3866432337434095,0.6309523809523809,,,,,,,0.2772795216741405,1.822122571001495,1.2675635276532138,,1.0,1,0,0,3,0,own,0,0,1,-1.6143345401580718,0.7019682227428101,,0.1413262373553935,-0.0222781539893297,-0.19716105333329578,0.3924027064029271,3.6740787685120724,1.552707475416304,-1.8589986269449879,5.0,0.2369124882106658,1.5290584622524306,0.5261027923917442,-3.2686859882327304,-0.3732644974196852,5.0,,,,,,,3.608960395048073,4.401239555738735,1.0292144342049763,,0.0
G3_A_Roll08,school_a,3,sentence_01_copy_hindi,copy_hindi,devanagari,0.0,data/processed/school_a/G3_A_Roll08/sentence_01_copy_hindi.json,2.5825358626964747,0.0220269715472119,,-0.1427247451343837,0.219133970330432,-0.2246134820578659,20.69312525272124,20.46924880220067,0.2306993022941865,3.10656836461126,1.092381315797992,-4.427777777777778,-3.691050190044067,0.5,0.4166666666666667,0.5009793553268912,0.180722891566265,69.05882352941177,1.0760402204637225,2.466666666666667,0.0658433030105342,1.8461538461538465,0.0008992553659254,0.037174721189591,0.6133828996282529,0.6784386617100372,1.8571428571428568,1.0,2,0,2,1,4,copy,1,0,0,1.077441536455353,0.3406661486317134,,0.15503396136275016,0.1485693767665627,-0.6744907594765952,1.2704355698348127,1.2266517805085109,-1.4020990330233254,0.7961762508200921,3.6345720124398078,-1.5148199044115334,-0.08786583028503331,0.6370190506167854,0.0562075632897167,0.65822657158753,0.6907435488616014,1.3799530334189511,0.8354298974386661,0.5623426522002024,1.6153893013799354,3.0230916277347575,-0.9042040819303239,-0.6744907594765952,-1.1930572934501031,-0.8625645233554872,0.19271164556474124,0.0
G3_A_Roll08,school_a,3,sentence_05_own_hindi,dictated_hindi,devanagari,0.0,data/processed/school_a/G3_A_Roll08/sentence_05_own_hindi.json,0.0651920003171355,-0.0229752583222409,,0.0642570281124498,0.1010421335374226,-0.3819054992410842,20.274598151249293,25.989055374798745,0.3193603132565965,2.475158084914184,1.1009888322513497,1.2804878048780488,0.875465538611916,0.0,0.5,0.3743633313196405,0.4939759036144578,34.714285714285715,,,,,,0.1144452198185624,1.916957431960921,0.7725052337752966,0.5,1.0,2,0,2,1,4,dictated,0,1,0,-1.1871988282353556,-1.0635080178626857,,1.3528689515423131,-0.8222090562121733,-0.19683453132490517,-0.35613818721407897,2.3799762582197093,0.18155835647848328,-1.5129567718930674,1.0817664428775906,0.7567379186562802,0.6758819116047925,-2.8978121518253723,1.4911591663976673,-0.2166620729789961,5.0,-0.41999952305138893,,,,,,0.5685441143962332,4.097777104327376,-0.20268478560207148,-0.6744907594765948,0.0
G3_A_Roll09,school_a,3,sentence_01_copy_hindi,copy_hindi,devanagari,0.0,data/processed/school_a/G3_A_Roll09/sentence_01_copy_hindi.json,2.6656430103852378,0.1031223593203588,,-0.1823529411764705,0.1837078067117131,-6.7622276456051065,21.42520834390924,20.39959072434263,0.2539781113850582,3.3964945523448606,1.0921896301776837,-1.2444444444444445,-5.077288490756395,0.5555555555555556,0.3333333333333333,0.3305553336640137,0.1764705882352941,33.088235294117645,0.7192825581408062,2.46,0.0655957389638395,1.3,0.00067120903122,0.0273722627737226,0.5565693430656935,0.5018248175182483,0.1428571428571428,1.0,3,0,4,3,4,copy,1,0,0,1.2455669213841434,3.7075202836756467,,-0.17106769005911734,-0.3679949345055781,-2.643955185791649,2.0757861719688435,1.1824988861169976,-0.47613580538720957,1.7130167878373364,3.5697321155560844,-0.3356064580784253,-0.26226940836612866,1.1324783122076183,-0.8993210126354602,-1.2177205376301417,-0.6744907594765952,-0.7243893105603227,-0.5699658157395491,0.5477633982542709,1.5835970655941838,1.4193095188742257,-0.975931308223258,-0.7887168032444474,-1.7304790100793088,-1.3296094294182723,-0.9635582278237075,0.0
G3_A_Roll09,school_a,3,sentence_05_own_hindi,dictated_hindi,devanagari,0.0,data/processed/school_a/G3_A_Roll09/sentence_05_own_hindi.json,1.5344422228455807,0.0331971226772714,,-0.1,0.3111536742456045,-2.528165893087247,21.95552143272437,20.342881362497383,0.3642707732419306,3.548387096774193,1.08800866562134,-13.933333333333332,-3.624644298431094,0.6,0.4,0.265564898950665,0.1764705882352941,81.17857142857143,,0.0,,,,0.0182370820668693,0.5744680851063829,0.3465045592705167,0.1666666666666666,1.0,3,0,4,3,4,dictated,0,1,0,-0.26589427681069666,0.9623133836634761,,-0.09221601768727018,1.3133224863200716,-0.7657557493642765,1.1139036329644971,0.3841374258758066,0.9293777887384069,1.185354234643035,-0.06499720645811433,-5.0,-0.3407185327324807,0.699471898716469,0.7563850844046142,-0.7617797595613408,-0.6427500178541665,1.895336830719193,,-1.3240265379743004,,,,-1.9200772877555297,-0.8001082406237888,-2.84609986429946,-2.0234722784297845,0.0
G3_A_Roll10,school_a,3,sentence_01_copy_hindi,copy_hindi,devanagari,0.0,data/processed/school_a/G3_A_Roll10/sentence_01_copy_hindi.json,1.969680097367274,0.0138262357420029,,-0.2650793650793651,0.1755680923711622,-7.806947398624886,18.925140383122475,18.53401428566601,0.2774281113361883,3.3590733590733595,1.0796424711964394,-2.885714285714285,-3.03703204393305,0.4285714285714285,0.2142857142857142,0.4832444403831497,0.1785714285714285,64.20588235294117,1.0351860538420168,2.1333333333333337,0.0519776876244323,1.2666666666666666,0.010415634553325,0.0560049782202862,0.6720597386434349,0.9147479775980086,2.142857142857143,1.0,0,2,2,1,0,copy,1,0,0,-0.1623629125876267,0.0001944890916195109,,-0.8518259921102238,-0.4866836521870187,-2.958678315295624,-0.6744907594765952,0.0,0.45663689608787444,1.5946788508504424,-0.6744907594765952,-0.9435878609746772,-0.005583365031321992,0.0,-2.264361835385713,0.4630090072071668,0.0,1.0960474841494658,0.6744907594765952,-0.16662004509635317,-0.16523643791858092,1.3214261037794512,2.0889748452634436,-0.4550656242200998,-0.6380100572294437,-0.23765845924870874,0.385423291129483,0.0
G3_A_Roll10,school_a,3,sentence_05_own_hindi,custom,devanagari,0.0,data/processed/school_a/G3_A_Roll10/sentence_05_own_hindi.json,0.5767400071289355,-0.038350863036158,,0.0952380952380952,0.2510909142727405,-5.020426275441448,21.39814328225435,26.345485478394966,0.3765371260529846,3.157216494845361,1.0821817071276143,0.0285714285714286,147.86079539490726,0.2857142857142857,0.4285714285714285,0.7000330453088518,0.3571428571428571,,,0.0,,,,0.0943396226415094,1.2452830188679245,1.018867924528302,,1.0,0,2,2,1,0,own,0,0,1,-1.367329981216715,-1.6586191558282533,,1.4600001843328774,0.680447468854907,-1.726794799055944,0.8223778525042205,3.530317390907967,1.7521895842037514,0.6292603430902525,-0.1926814866420093,0.15291420062368577,5.0,-1.1273631265537363,0.533663018486976,1.7954233811595637,5.0,,,-3.017976901891624,,,,0.009389590438713017,1.9399832579001854,0.3046378819015946,,0.0
G3_A_Roll12,school_a,3,sentence_01_copy_hindi,copy_hindi,devanagari,1.0,data/processed/school_a/G3_A_Roll12/sentence_01_copy_hindi.json,2.680529006993758,0.0385394203398602,,-0.1615646258503401,0.1577766582009699,5.017568287567454,19.89482541962503,18.292978345569136,0.2675170161587387,3.0873925501432664,1.0814453315044006,-1.4820512820512823,-4.175328018746261,0.4615384615384615,0.2307692307692307,0.575481895684385,0.1785714285714285,45.8235294117647,1.0347988556785537,2.7095238095238097,0.0453042596250022,0.6428571428571429,0.002408518762241,0.5311778290993072,1.073903002309469,1.004618937644342,2.0,1.0,3,2,2,2,4,copy,1,0,0,1.2756812253815422,1.0262169305423747,,0.0,-0.7461082976999434,0.9047230413501748,0.39224119681051905,-0.15278105188812618,0.06240239534107071,0.7355361128180264,-0.06465223180867843,-0.4236240008574841,-0.14879315141561106,0.2940087925923626,-2.0753561830049088,1.4783153351861487,0.0,0.020647676310507512,0.6729654477690951,1.0934440459448362,-1.0222397034967787,-0.5103920929941794,-0.4294967058919403,5.0,3.1631829967115155,0.0,0.2890674683471123,0.0
G3_A_Roll12,school_a,3,sentence_03_dictated_hindi,dictated_hindi,devanagari,1.0,data/processed/school_a/G3_A_Roll12/sentence_03_dictated_hindi.json,3.7044649228771847,0.0365993744615805,,-0.0701058201058201,0.258601813813034,4.426906747918631,19.349200592229145,18.24593608358561,0.3084567863463786,3.1260504201680672,1.0807932383184948,-4.847058823529412,-2.323323325893627,0.5882352941176471,0.2352941176470588,0.5594145256430292,0.1785714285714285,86.17857142857143,0.689501021299734,2.107407407407408,0.0533925041175852,0.9444444444444444,0.0078429395812925,0.1344430217669654,0.7874519846350831,0.7970550576184379,1.1666666666666667,1.0,3,2,2,2,4,dictated,0,1,0,1.0948349982840622,1.0850134429344866,,0.17078417493127807,0.7791959210003002,1.0778641626551169,-1.1654393177552702,-0.35710165174278613,0.0,0.12351590344179499,-0.7024612684522762,-1.6767318050437534,-0.04674271284976313,0.6289369173332959,-0.45383105064276796,0.7105082616703342,-0.32520090189050743,2.1444890901564575,-0.38549175513912165,0.5141536987741797,-0.04203871747592677,-0.06994718987164694,0.4871011891158407,1.0858284012331034,-0.02306615633736351,-0.05034846688200276,2.023472278429785,0.0
G3_A_Roll13,school_a,3,sentence_01_copy_hindi,copy_hindi,devanagari,1.0,data/processed/school_a/G3_A_Roll13/sentence_01_copy_hindi.json,6.17506472078868,-0.0945125908380484,0.1259846074199364,-0.0958333333333333,0.227737970776358,-0.1602735451445011,20.15044710454893,16.90627540088626,0.2815569488216046,3.0386542591267,1.0970260331579729,0.0666666666666666,160.86674955102177,0.5263157894736842,0.3684210526315789,0.5057351166525424,0.1875,68.05882352941177,1.060949610833916,2.209523809523809,0.0540729310066232,1.0476190476190477,0.0128914802469151,0.2247557003257329,0.8599348534201955,1.5732899022801303,0.8571428571428571,2.0,4,3,1,3,3,copy,1,0,0,5.0,-4.497731179347401,2.3839385894028773,0.5409048400064644,0.274028052235066,-0.6551082731792588,0.6734457217475853,-1.0317451369115558,0.6208700262904089,0.5814098462042953,5.0,0.15007307653695603,5.0,0.87171027979139,-0.4969931911932806,0.7105757452775673,2.8665857277756412,1.3214512838725119,0.7759826021938077,0.0,0.10383523272386168,0.6781922331566499,2.867700557123431,1.5113520387071415,1.1391743474127154,1.503816863702597,-0.48177911391185374,5.0
G3_A_Roll13,school_a,3,sentence_03_dictated_hindi,dictated_hindi,devanagari,1.0,data/processed/school_a/G3_A_Roll13/sentence_03_dictated_hindi.json,4.77080306808761,-0.0380435678554693,,-0.128125,0.2816444602218979,-2.183867900799771,21.25807857640884,18.466299404138717,0.3021192838996702,3.389800908138316,1.0887443661039984,-2.543859649122807,-4.065526646052576,0.5263157894736842,0.2105263157894736,0.3946301174003164,0.1875,86.64285714285714,0.8925628727298733,2.2066666666666666,0.070513864466448,1.5,0.0226596583638661,0.0674157303370786,0.7752808988764045,0.9269662921348314,0.5,1.0,4,3,1,3,3,dictated,0,1,0,1.7634904604213661,-1.606937073104261,,-0.3396514865169993,1.0133967557744845,-0.6744907594765952,0.5039589809581813,-0.2792064838953345,-0.10552792118341707,0.7866370423643987,0.0,-0.7620483601907101,-0.44031636627935444,0.25770017321133054,-0.635818439371698,-0.11511848175067575,1.0243828409550961,2.1676246571042035,0.29349369760456023,0.6007323109795556,1.098243290415483,1.3289966075612913,2.968420313689499,-0.6479703800217002,-0.06747066703925374,0.7557754121753159,-0.6744907594765948,0.0
G3_A_Roll14,school_a,3,sentence_01_copy_hindi,copy_hindi,devanagari,0.0,data/processed/school_a/G3_A_Roll14/sentence_01_copy_hindi.json,1.847364400482564,0.0300676038938616,,-0.1686746987951807,0.25520184522598,3.139941857915487,19.330617140775445,18.821187509452912,0.3025665604296522,2.8030810448760883,1.0816364623320882,-4.911111111111111,-4.873794704158958,0.3333333333333333,0.4444444444444444,0.501149543883049,0.180722891566265,70.94117647058823,1.3136855184246368,2.4933333333333336,0.0567707046564529,0.8,0.002998665147408,0.0337268128161888,0.6913996627318719,0.5564924114671164,1.4285714285714286,1.0,2,3,0,2,3,copy,1,0,0,-0.40980701569400285,0.6744907594765952,,-0.058509010265822094,0.6744907594765951,0.33908573596627284,-0.22843353611242972,0.18202524978902854,1.4565711869480422,-0.16354897917392686,0.0,-1.6938627836977123,-0.23666771745798754,-0.8493587341557124,0.3747170885981083,0.6600999268037195,0.6907435488616014,1.4900739737416602,1.771599511390571,0.6206596679839272,0.4502839885795188,-0.048941707547386915,-0.24387844822727042,-0.7146685308130415,-0.45506612919632583,-1.1850441978682384,-0.0963558227823707,0.0
G3_A_Roll14,school_a,3,sentence_05_own_hindi,dictated_english,devanagari,0.0,data/processed/school_a/G3_A_Roll14/sentence_05_own_hindi.json,1.165468025057173,0.0609911054637865,,0.1606425702811245,0.2596192186167708,2.4859000013575137,23.08275522600953,29.62882658625272,0.3818659043412546,2.909090909090909,1.0977890572323443,1.096774193548387,5.4072871502500695,0.5,0.5,0.5876505252172143,0.3734939759036144,33.81578947368421,,0.0,,,,0.0789808917197452,1.480891719745223,0.90828025477707,0.1428571428571428,1.0,2,3,0,2,3,dictated,0,1,0,-0.4972623600468666,1.9646857980188668,,2.2008405716281323,0.7895366192912207,0.5633506741509167,2.0997194851868324,3.666581437025793,1.2223603356446795,-0.4219634213274736,0.7990747192317398,0.683778618937574,1.6996462264500196,0.09992455695949556,1.4911591663976673,0.8519803622427037,5.0,-0.46477199673973946,,-1.3240265379743004,,,,-0.3488136890302803,2.506852106448507,0.6398250020731951,-2.1198281012121556,0.0
G3_A_Roll15,school_a,3,sentence_01_copy_hindi,copy_hindi,devanagari,1.0,data/processed/school_a/G3_A_Roll15/sentence_01_copy_hindi.json,3.332986273518174,-0.003062876642746,,-0.0337254901960784,0.2368798109124691,2.0893804894486374,19.04735663309512,16.767593299315667,0.3148485060418021,2.658831003811944,1.0798220897071724,-2.4666666666666663,-4.670980541970244,0.4285714285714285,0.5,0.4664106690738556,0.1764705882352941,66.8529411764706,0.7929421540848749,2.24,0.0523689732500271,0.7857142857142857,0.0033024905343894,0.3619588360539389,0.8623136976579133,1.6181689141234918,0.2857142857142857,1.0,1,2,1,1,1,copy,1,0,0,2.5955993327242606,-0.7009943137645971,,1.0519922029487265,0.4073292023255883,0.022602812517991462,-0.5400430011677545,-1.119649029366329,1.945111213041434,-0.6197143437029565,-0.6137327031570825,-0.7883585666181875,-0.21115153055631597,0.0,1.011736139214893,0.27771080618612876,-0.6744907594765952,1.2509050564782764,-0.27979438760486053,0.06664801803854438,-0.1149874416100583,-0.0908917425880046,-0.1483164988817319,3.1101521276120043,1.1616767681583708,1.622496766552183,-0.8672024050413366,0.0
G3_A_Roll15,school_a,3,sentence_05_own_hindi,dictated_hindi,devanagari,1.0,data/processed/school_a/G3_A_Roll15/sentence_05_own_hindi.json,0.7542843481388776,0.0026629894121703,,-0.0098039215686274,0.160157158720794,-0.3766687171194923,21.45307359818865,31.67083692874817,0.3561031650023077,4.100358422939068,1.0807932383184908,0.1458823529411766,24.435157162725936,0.2941176470588235,0.2941176470588235,0.2644459549375742,0.2941176470588235,46.82142857142857,,0.0,,,,0.21484375,1.34765625,1.2890625,0.6666666666666666,1.0,1,2,1,1,1,dictated,0,1,0,-0.7550982189140023,-0.13888082503547083,,0.7013025228734305,-0.22137580121257452,-0.1954463882683752,0.6744907594765952,4.388401828802758,0.7933761499515668,2.5731198356695613,-0.7024612684526292,0.3061451801476613,5.0,-1.1344376172460384,-0.02161100241156031,-0.7673860551535661,5.0,0.18330487658598774,,-1.3240265379743004,,,,3.165558637210945,2.0207610575908066,3.002651140535673,0.0,0.0
G3_A_Roll16,school_a,3,sentence_03_dictated_hindi,copy_hindi,devanagari,0.0,data/processed/school_a/G3_A_Roll16/sentence_03_dictated_hindi.json,0.4373338642471279,-0.0261746733933357,,0.008284023668639,0.1250748174259441,4.193986364589072,18.150765090266912,18.63849142265663,0.2500048810740811,3.220545277507303,1.0820886187973473,7.466666666666666,0.2367895747728105,0.0,1.0,0.379906087224741,0.1775147928994082,38.44117647058823,0.0,0.0,,,,0.1652173913043478,0.7478260869565218,0.6695652173913044,0.2857142857142857,1.0,4,4,2,1,3,copy,1,0,0,-3.2622924307118604,-1.6605316018245775,,1.3976897924167127,-1.2229480718028467,0.6566179591466114,-1.5263662035152183,0.0662230158758546,-0.6341793353862032,1.1566081760768558,0.1529471983112025,2.8912812973322435,0.40629834679856375,-3.8221143037007077,5.0,-0.6744907594765952,-0.33924091452966293,-0.4112328865176182,-3.4034764324224294,-4.8319813077943135,,,,0.8175642965289815,0.07869355079602663,-0.8860298240925888,-0.8672024050413366,0.0
G3_A_Roll16,school_a,3,sentence_05_own_hindi,dictated_hindi,devanagari,0.0,data/processed/school_a/G3_A_Roll16/sentence_05_own_hindi.json,4.102943800796676,0.0084988078285626,,-0.0790363482671175,0.237998266293658,-1.876512902995774,18.97223469004842,18.60854559933934,0.2743199450811381,3.12821833161689,1.098550172018245,-4.071794871794872,-3.4849735097415326,0.4615384615384615,0.3076923076923077,0.6532677452100428,0.1775147928994082,72.39285714285714,0.7296094909380483,1.8857142857142857,0.0633751054162006,1.0,0.0110805449189107,0.0933852140077821,0.7937743190661478,0.8054474708171205,0.6666666666666666,1.0,4,4,2,1,3,dictated,0,1,0,1.3447042160964222,0.07158427601571439,,0.09221601768727018,0.5697855979528902,-0.5930184552666747,-1.495112686608082,-0.22892456209908102,-0.5684242214944072,0.12896646362877293,0.8663172126697496,-1.368846534016062,-0.30916610601748173,-0.13067057448549443,0.07813208564179579,1.1807452753358378,-0.48491495429827175,1.4575407177079989,-0.25137957589704374,0.3207824913431942,0.62280218422968,0.06994718987164694,1.0292949203960942,0.0237837394951401,0.0,0.0017280506536703744,0.0,0.0
G3_A_Roll17,school_a,3,sentence_01_copy_hindi,copy_hindi,devanagari,0.0,data/processed/school_a/G3_A_Roll17/sentence_01_copy_hindi.json,2.0932465948780123,-0.0168968436915602,,-0.2539682539682539,0.176048038555783,3.597466097258632,19.538268726066445,18.53068011107706,0.2659482136354826,2.658486707566462,1.0820886187973422,0.3589743589743589,15.286692225058813,0.4615384615384615,0.4615384615384615,0.2261607367133284,0.175438596491228,34.11764705882353,0.6717858987170576,2.185714285714285,0.0539745018314581,1.0,0.0051881468633637,0.0595238095238095,1.011904761904762,1.2976190476190477,0.1428571428571428,1.0,1,3,0,0,1,copy,1,0,0,0.08761155454360767,-1.2753420102409265,,-0.7603923149724336,-0.4796853479682877,0.47691548410091394,0.0,-0.002113372390332035,0.0,-0.6208031199775937,0.15294719830947498,0.25835365074716493,2.299736776997246,0.2940087925923626,0.5707229503263496,-2.3668469369295217,-1.0058195536054746,-0.664166921321341,-0.7570721027069814,-0.05206876409261097,0.09119493383221793,0.5383587830212581,0.4447774370228666,-0.41406140247943224,2.5767173219284416,0.7748215292280255,-0.9635582278237075,0.0
G3_A_Roll17,school_a,3,sentence_03_dictated_hindi,dictated_hindi,devanagari,0.0,data/processed/school_a/G3_A_Roll17/sentence_03_dictated_hindi.json,0.794360041046259,0.1838685761111327,,0.1267056530214425,0.169234013678136,2.366572217775514,19.289776608780382,30.71071362810209,0.4116792999473765,4.022842639593907,1.0811098352628092,-0.85,-3.805828812343748,0.8,0.2,0.4405824343383143,0.2807017543859649,11.25,0.6066119050490911,0.3333333333333333,0.0302779943845108,1.0,0.0340385295181447,0.2589928057553957,0.3971223021582734,0.4143884892086331,0.3333333333333333,1.0,1,3,0,0,1,dictated,0,1,0,-0.7299684501986856,5.0,,1.9022735660179937,-0.1291204686256044,0.5317197927461901,-1.2174082218414954,4.049012471851894,1.718793384497691,2.3782297525008103,-0.6744907594765952,-0.08935561343493355,-0.3816491464331605,1.8985665822304165,-0.7131630795814924,0.11511848175067603,5.0,-1.5892354834105529,-0.6626511709948811,-1.0332774671353493,-1.5814642673625772,0.06994718987164694,4.874011627494997,4.30756478768064,-1.4471296217063405,-2.4248671885337307,-1.3489815189531897,0.0
G3_A_Roll19,school_a,3,sentence_01_copy_hindi,copy_hindi,devanagari,1.0,data/processed/school_a/G3_A_Roll19/sentence_01_copy_hindi.json,2.195587296920188,0.029516525063323,,-0.0292598967297762,0.302175055906028,4.7226734765346094,21.230487719382253,19.12342512749508,0.248991447799871,2.8091397849462365,1.080647704677849,-0.3384615384615382,-14.672691599971664,0.5384615384615384,0.3846153846153846,0.3835204935989795,0.180722891566265,37.5,1.0221185648527762,1.8619047619047615,0.0527997570173606,0.7142857142857143,0.0025225887530862,0.0968523002421307,1.0653753026634385,1.1743341404358354,2.0,1.0,0,4,2,4,1,copy,1,0,0,0.2946463331785374,0.6516115046843955,,1.0887397097591114,1.3594275899032153,0.8158856114705626,1.8615777383930265,0.3735990922047495,-0.6744907594765952,-0.14438928013816166,-0.3344588093813369,0.0,-1.469473562599701,0.9800293086412077,-0.31130342745073636,-0.6347050818289731,0.6907435488616014,-0.46629335667897265,0.6230132582285369,-0.7602039557521221,-0.05966608422155942,-0.300641917791092,-0.39361836539084727,0.020919867900288425,3.08251614077157,0.4488018553013565,0.2890674683471123,0.0
G3_A_Roll19,school_a,3,sentence_03_dictated_hindi,dictated_hindi,devanagari,1.0,data/processed/school_a/G3_A_Roll19/sentence_03_dictated_hindi.json,2.62481804514551,0.0166062542589315,,-0.1942771084337349,0.1686055304455742,6.789352375035914,20.04198581413605,17.34805089223998,0.2655922792257773,2.862190812720848,1.082392200292394,-1.5047619047619047,-1.909498321041456,0.5714285714285714,0.1428571428571428,0.3270891626250848,0.180722891566265,16.642857142857142,0.5904211439833866,1.3333333333333333,0.07537360642063,1.0,0.0047487343158038,0.0986842105263157,0.4440789473684211,0.518092105263158,0.8333333333333334,1.0,0,4,2,4,1,dictated,0,1,0,0.41783419397323834,0.3639742049829554,,-0.9216382585837116,-0.13550824610115228,1.7040908067217213,-0.5595679732218424,-0.6744907594765952,-0.7137515712263318,-0.5398795835299982,-0.5611971752704247,-0.34938517634082483,0.04674271284976307,0.5281726582144765,-1.1330339835775234,-0.45352196987975474,0.0,-1.3205069750175031,-0.7167888199675353,-0.16103025461849618,1.4219019367167296,0.06994718987164694,-0.03107768795400144,0.16085318553291358,-1.2758148437070083,-1.781366558604799,0.6744907594765952,0.0
G3_A_Roll20,school_a,3,sentence_01_copy_hindi,copy_hindi,devanagari,0.0,data/processed/school_a/G3_A_Roll20/sentence_01_copy_hindi.json,1.0034451705591203,-0.0756756756756756,,0.1777777777777777,0.1959491822704184,3.643622517305508,19.00885043317046,16.198258067970166,0.2752657336051325,2.6777609682299546,1.079745920896222,3.5666666666666664,1.5728169525457787,0.5,0.5,0.4411814969842344,0.1818181818181818,24.058823529411764,1.3476925034606264,4.688888888888889,0.0318567019189145,0.6666666666666666,2.329339815177641e-05,0.0779625779625779,0.8108108108108107,1.2318087318087316,0.1428571428571428,1.0,3,0,1,2,0,copy,1,0,0,-2.1170518114249925,-3.7156750421559925,,2.7924591395245324,-0.18949810931830435,0.4908201632475116,-0.5824029349901517,-1.4805231607799916,0.37062380772924325,-0.5598516632103834,-0.6394976918914617,1.446590478264457,0.5743848547086223,0.6370190506167854,1.011736139214893,0.0,1.042394810100242,-1.252625696170819,1.9055651582010824,5.0,-2.7491783726713925,-0.44047536792648384,-1.179719679967317,-0.1991982037432341,0.6744907594765952,0.600790026169783,-0.9635582278237075,0.0
G3_A_Roll20,school_a,3,sentence_03_dictated_hindi,dictated_hindi,devanagari,0.0,data/processed/school_a/G3_A_Roll20/sentence_03_dictated_hindi.json,0.0090378059739481,0.003656700701719,,-0.0198347107438016,0.0165068723403407,1.6265302286345755,20.68182532131562,26.953366821683183,0.4762467435200255,2.65520534861509,1.1108662679214667,1.4705882352941173,1.1664571240393806,0.3,0.3,0.2838275220688385,0.4121212121212121,31.285714285714285,1.1107807673811667,0.2147058823529411,0.017571235182293,0.6666666666666666,0.0859931173331197,0.1453879047037263,0.4569334147831398,0.9138668295662796,0.1666666666666666,1.0,3,0,1,2,0,dictated,0,1,0,-1.2224107438346823,-0.10304325572674962,,0.6130545931919585,-1.6814084896849901,0.33555273348836556,0.0,2.720846062794016,2.793927974763318,-1.0602821721830913,1.9544119564532134,0.8322336545410477,0.7416185682101235,-1.0991701265544516,0.02161100241156072,-0.6702777163026478,5.0,-0.5908467866655134,1.0231569748428073,-1.136749930580976,-2.427733991360293,-0.7694190885881161,5.0,1.368940314185493,-1.228917110242517,0.6744907594765952,-2.0234722784297845,0.0
G3_A_Roll21,school_a,3,sentence_01_copy_hindi,copy_hindi,devanagari,0.0,data/processed/school_a/G3_A_Roll21/sentence_01_copy_hindi.json,1.8173218248690823,0.0070549708333145,,-0.2037296037296037,0.208945029795416,2.0143507172531048,18.64640158705961,17.979514003896558,0.2496325528290505,2.7800161160354557,1.0809442582320803,1.761111111111111,4.490799100723743,0.3333333333333333,0.5,0.2574346450745194,0.1818181818181818,33.94117647058823,0.6109546873953592,1.6205128205128203,0.0491681061483536,0.8461538461538461,0.0050030514592932,0.0799467021985343,0.7395069953364424,1.039307128580946,1.8571428571428568,1.0,3,1,0,0,1,copy,1,0,0,-0.47058301065636926,-0.28092952897299933,,-0.34697690765411654,0.0,0.0,-0.9811259760925948,-0.35147097269789146,-0.6489894685920209,-0.23648775683253895,-0.23414611067227323,0.7777521361034446,0.9414981621085786,-0.8493587341557124,1.011736139214893,-2.0225985298583136,1.042394810100242,-0.6744907594765952,-0.9967079470005534,-1.288101117860287,-0.5260435823296813,0.08658917489153102,0.386559531654215,-0.17607760968385766,0.0,0.09173087733644066,0.19271164556474124,0.0
G3_A_Roll21,school_a,3,sentence_03_dictated_hindi,dictated_hindi,devanagari,0.0,data/processed/school_a/G3_A_Roll21/sentence_03_dictated_hindi.json,1.6826467205485622,-0.0205232346703312,,0.031060606060606,0.3333480909759547,2.929714537747616,21.513712067808047,34.07357025791406,0.3058033978069982,3.3451957295373664,1.1174900481707448,0.2582417582417582,40.82324887869191,0.5714285714285714,0.2857142857142857,0.6301850393628723,0.3151515151515151,27.928571428571427,0.5693587069294279,0.3076923076923077,0.0419980551376793,1.0,0.0022476193208525,0.1185410334346504,0.9680851063829788,1.5607902735562311,0.8333333333333334,1.0,3,1,0,0,1,dictated,0,1,0,-0.172961516834396,-0.97507733533331,,1.0608166047381342,1.5389020848324468,0.6809950696541838,0.7275217854814935,5.0,-0.0441824802447443,0.6744907594765952,2.5396055543149245,0.3507671516401848,5.0,0.5281726582144765,-0.08335672358744692,1.0650929544568248,5.0,-0.7581347322876769,-0.7872160728377652,-1.0556427802768071,-0.8009086259926477,0.06994718987164694,-0.44993320926076696,0.6744907594765952,0.6359486223606602,4.68877357392011,0.6744907594765952,0.0
G3_A_Roll22,school_a,3,sentence_01_copy_hindi,copy_hindi,devanagari,0.0,data/processed/school_a/G3_A_Roll22/sentence_01_copy_hindi.json,2.383350654895408,-0.0069807201938018,,0.0655355954757152,0.2042286676961534,-1.2560095139668912,20.940916543124143,19.01313257050434,0.3041676721955373,3.0298013245033117,1.081445331504398,0.7607843137254902,13.293838292411923,0.2941176470588235,0.3529411764705882,0.538050831751722,0.1796407185628742,45.47058823529412,0.7748488224077384,2.574074074074074,0.0549025077549097,0.5882352941176471,0.0033320336434505,0.2184873949579832,0.7310924369747899,1.218487394957983,2.571428571428572,1.0,0,0,0,4,2,copy,1,0,0,0.6744907594765952,-0.863652241946985,,1.868814748318239,-0.0687713286072074,-0.9852001013667214,1.5430260275733023,0.3036899621982294,1.520258749862354,0.5534139987172659,-0.06465223180957974,0.4071975360392167,2.049014476027778,-1.1990946835139475,-0.6744907594765952,1.0662918686919507,0.34330367997313543,0.0,-0.3510704762825102,0.7972306324402033,0.210369682843049,-0.6707892857965406,-0.1390243290612441,1.4383087578371345,-0.07959660815137334,0.565562535671743,0.6744907594765956,0.0
G3_A_Roll22,school_a,3,sentence_03_dictated_hindi,dictated_hindi,devanagari,0.0,data/processed/school_a/G3_A_Roll22/sentence_03_dictated_hindi.json,2.2343073993215685,0.0009562579017641,,-0.1572644185313583,0.1804356122066883,-2.9165771257365902,20.647030488509348,18.75406284113446,0.3143831181343166,3.076923076923077,1.0814453315043977,-0.4000000000000001,-25.183704140740808,0.5,0.2777777777777778,0.5073428711058635,0.1796407185628742,53.82142857142857,1.2477857217302404,1.517948717948718,0.0713642514387067,0.4545454545454545,0.015969155529815,0.0829187396351575,0.845771144278607,1.285240464344942,0.8333333333333334,1.0,0,0,0,4,2,dictated,0,1,0,0.172961516834396,-0.20043301774864725,,-0.5960115108985938,-0.015269668693915122,-0.8687140820123684,-0.030429621574672615,-0.17748637381131027,0.09868137789029513,0.0,-0.6448505471966618,0.08935561343493352,-5.0,0.09992455695949556,-0.1416721269202287,0.44961130534700944,-0.1635741063401335,0.5321180397981584,1.4812655279840015,0.0,1.1548790333969834,-1.3035612657897835,1.8479784075725707,-0.24695315176464466,0.18970317253451222,2.978934683528547,0.6744907594765952,0.0
G3_A_Roll23,school_a,3,sentence_01_copy_hindi,copy_hindi,devanagari,0.0,data/processed/school_a/G3_A_Roll23/sentence_01_copy_hindi.json,0.7780211376376959,-0.0026862199075754,,-0.1934523809523809,0.1191751018102372,-7.743568257290251,23.69959762461941,19.86835482954084,0.2472450319136739,3.327094057089377,1.090899819473102,5.6571428571428575,0.2389505144232579,0.0,1.0,0.2848389805916593,0.1785714285714285,33.294117647058826,1.2595880373477364,5.108333333333333,0.0367440438954784,0.375,0.0265443641537655,0.4319593450028233,0.6098249576510446,1.143421795595709,0.5714285714285714,1.0,0,3,4,1,3,copy,1,0,0,-2.5730836132749224,-0.6853565774996352,,-0.2624053234184012,-1.3089743930982976,-2.939585269865542,4.5777983052292015,0.8457740857576531,-0.7439580971082349,1.4935499371995935,3.1334386004240855,2.2209729807928555,0.40657021607736066,-3.8221143037007077,5.0,-1.7209445523744114,0.0,-0.7123448327125261,1.5584902329403747,5.0,-2.121544713587882,-1.2969552500057577,5.0,3.9258537465062315,-1.2267132622144048,0.3670559805195396,-0.6744907594765952,0.0
G3_A_Roll23,school_a,3,sentence_03_dictated_hindi,dictated_hindi,devanagari,0.0,data/processed/school_a/G3_A_Roll23/sentence_03_dictated_hindi.json,0.0465752886698357,-0.0009078583216514,,0.0394736842105263,0.025113947794366,-6.129911687997591,22.206262087727005,25.75535268930321,0.3467487143066691,3.196652719665272,1.1280950439657675,0.8488372093023255,1.2029219812755465,0.6111111111111112,0.2777777777777778,0.2821457843299583,0.5119047619047619,39.21428571428572,0.6838074236161762,0.1932021466905187,0.0223887437313556,1.0,0.0597206061947816,0.1249273678094131,0.9244625217896572,1.823939570017432,0.6666666666666666,1.0,0,3,4,1,3,dictated,0,1,0,-1.1988725791800392,-0.2676611906181582,,1.1348323891408607,-1.593927901712174,-1.7204906038040546,1.3331874354646205,2.2973658225656144,0.6376119914325862,0.3010241143779673,3.476529095109323,0.5853139019575104,0.74985618715974,0.7660882700227998,-0.1416721269202287,-0.6787038026505428,5.0,-0.19576248955785028,-0.40452964912897765,-1.1555065040712231,-2.106888088381328,0.06994718987164694,5.0,0.8396864360351747,0.47679770001693667,5.0,0.0,0.0
G4_A_Roll01,school_a,4,sentence_01_copy_hindi,copy_hindi,devanagari,0.0,data/processed/school_a/G4_A_Roll01/sentence_01_copy_hindi.json,0.4743148029501161,0.0152147805005591,,-0.0097186700767263,0.1434159354134664,-2.798272050016435,23.505401517062698,31.7076972481478,0.5519235757804097,2.537764350453173,1.0809649474093348,-0.8577331759149939,-3.2509880226928645,0.6818181818181818,0.0454545454545454,0.4208889861066739,0.9058823529411764,85.55882352941177,0.9480317499126408,0.0287972896668548,0.0141830905776909,1.3888888888888888,0.068030354632031,1.4235294117647057,3.796078431372549,2.803921568627451,3.2857142857142856,1.0,1,3,4,3,3,copy,1,0,0,-1.942666734622605,0.6744907594765952,,1.2804080985534048,-0.6744907594765952,-0.41782691603315714,1.0885002379854842,2.838647812493998,2.2505914473038073,-2.080682635808406,-0.6385780461670596,0.13206015330661225,0.3937071582187833,1.1037121518707913,-1.6019155537569145,-0.7399699841785656,5.0,1.7536759746391481,-0.44890913683710026,-1.3341998318485115,-1.612532679333758,0.5246039240373518,3.4550293190089523,5.0,5.0,5.0,1.517604208822339,0.0
G4_A_Roll01,school_a,4,sentence_03_dictated_hindi,dictated_hindi,devanagari,0.0,data/processed/school_a/G4_A_Roll01/sentence_03_dictated_hindi.json,2.459778963196416,0.0135510273862395,,-0.081447963800905,0.0792789795379284,-6.1010252098235584,21.82587882952959,22.377929955309337,0.3352851205622489,3.595959595959596,1.0812485981145818,-0.3111111111111113,-36.65730329650791,0.3333333333333333,0.3333333333333333,0.3538312794974432,0.1764705882352941,41.142857142857146,0.9079745917488512,2.7487179487179487,0.0807846681220967,1.5454545454545454,0.0136026348742861,0.1198934280639431,0.6261101243339254,0.6927175843694494,2.1666666666666665,1.0,1,3,4,3,3,dictated,0,1,0,0.4114723500322362,0.5356851180492368,,0.2680150271609354,-1.5092439529105688,-1.4117883558976507,0.21058861691732592,0.388118153027366,0.46802513698633774,0.7785913364012004,-0.09910860069814498,-0.2232813430947076,-3.7766383372248136,-0.6744907594765952,0.0,0.07819642418094543,-1.4018004843905898,-0.6863239306954828,-0.19718569186782578,0.6744907594765952,1.3891018643271402,0.8336908303121885,0.46734621231352774,0.030623581572626766,-0.372721581310333,-0.6532597971484683,4.721435316336167,0.0
G4_A_Roll01,school_a,4,sentence_05_own_hindi,own_hindi,devanagari,0.0,data/processed/school_a/G4_A_Roll01/sentence_05_own_hindi.json,0.6337382180523597,0.0095706191156085,,0.0756302521008403,0.100714206834142,-8.507079106845913,21.25697822151298,28.04245292407084,0.353569963447253,3.274853801169591,1.080717493056837,0.4999999999999998,4.063603435823118,0.5,0.3333333333333333,0.2968856125423489,0.7176470588235294,,0.8884058132451823,0.0702576112412178,0.0197040652584187,1.4285714285714286,0.0271321412181099,1.1830303030303029,2.8836363636363638,2.44,,1.0,1,3,4,3,3,own,0,0,1,-0.09493141580833586,-0.3581257742317413,,0.6355773615756318,-0.8366271267131719,-1.5817998567965765,0.28596821859144145,1.1540977737449105,-0.00969694194295748,0.22665807962054313,-0.20499404311196384,0.2833901153527762,0.7513360418443333,0.5058680696074472,0.0,-0.4459536208998178,5.0,,0.08296911874703519,-1.030337879173734,-0.764530022928349,1.3728410560231108,1.4659175406357947,5.0,1.2593462742355228,0.8297309519471314,,0.0
G4_A_Roll02,school_a,4,sentence_01_copy_hindi,copy_hindi,devanagari,0.0,data/processed/school_a/G4_A_Roll02/sentence_01_copy_hindi.json,0.4972968813680746,0.0426601932486235,,0.0932420872540633,0.2909418886497701,0.1691197604471782,22.69016102128441,29.63484148307267,0.3530198859348081,2.9824561403508785,1.100623471662248,-2.6538461538461537,-2.2456127146738987,0.7692307692307693,0.0769230769230769,0.3883169873477904,0.5269461077844312,84.32352941176471,0.8423614036754323,0.1948051948051948,0.0235170046848212,1.0714285714285714,0.0015687701262773,0.2561117578579743,2.3306169965075667,1.7927823050058207,0.4285714285714285,1.0,0,4,2,1,4,copy,1,0,0,-1.9060881202384061,1.7675817903028928,,2.176344870050591,2.272479981592614,0.17497073393689377,0.35794229393300947,2.2646223760473037,0.09935322786549537,-0.6733506289104122,1.1225188615514294,-1.0497288294738718,0.8720935888480223,1.6343429941163647,-1.426807375815875,-1.2210628236765986,4.802489434210304,1.6607952798915515,-1.3440485353719474,-1.220879988073407,-1.2890416226970938,-0.3023579266619221,-0.7749630989272334,1.1173076846484382,2.778625847225352,2.758488439052304,-1.8548495885606369,0.0
G4_A_Roll02,school_a,4,sentence_03_dictated_hindi,dictated_hindi,devanagari,0.0,data/processed/school_a/G4_A_Roll02/sentence_03_dictated_hindi.json,1.716739765593584,0.0192549468427993,,-0.0424151696606786,0.3357418173670382,-1.898463715182627,22.44760060790933,21.755316860166975,0.2537703350314735,3.238396624472574,1.111868756439387,-4.624242424242425,-3.86797165657684,0.3636363636363636,0.5454545454545454,0.4923689509133174,0.1796407185628742,68.0,0.7663759377902634,2.411111111111111,0.0703833135220166,2.1,0.0219990851894033,0.0384286934244235,0.7813834329632793,0.6789069171648164,0.1666666666666666,1.0,0,4,2,1,4,dictated,0,1,0,-0.16405282693659995,0.7971763278853232,,0.5930694217010365,2.712101596248922,-0.427845473273015,0.533958633223526,0.1871017188770276,-1.2870382065921093,-0.15903707874655976,3.9150666422699887,-2.469742513068626,-0.4156459623414862,-0.4694894974375759,1.251895727816408,1.1171595515228363,-1.0978401337370203,1.856117428334091,-1.0080405936675847,0.23670509047359364,0.6691547839646286,1.681276507796247,1.176758557054774,-1.3498383106203122,0.06752363835403329,-0.695721721804722,-0.6744907594765952,0.0
G4_A_Roll02,school_a,4,sentence_05_own_hindi,own_hindi,devanagari,0.0,data/processed/school_a/G4_A_Roll02/sentence_05_own_hindi.json,,,,,,-3.9892444237599247,20.46991012925997,21.30044202728348,0.2848557991633274,3.5195530726256985,1.0807649990071695,,,,,,0.1796407185628742,,,,,,,0.1258992805755395,0.7553956834532374,0.5935251798561151,,1.0,0,4,2,1,4,own,0,0,1,,,,,,-0.804210109601934,-0.27160446757420703,-0.05935243781720026,-0.7260015778178259,0.7662030917752735,-0.19557684181764676,,,,,,-0.5788401348916576,,,,,,,-0.49995754273280624,-0.7744374287976705,-0.7151193719855391,,0.0
G4_A_Roll03,school_a,4,sentence_01_copy_hindi,copy_hindi,devanagari,0.0,data/processed/school_a/G4_A_Roll03/sentence_01_copy_hindi.json,,,,,,-0.1898305260456434,22.909066144266014,23.8855419898622,0.4594212952847208,2.29934924078091,1.0623062397491398,,,,,,0.9651162790697676,,,,,,,0.7904761904761906,5.858823529411765,2.9759103641456583,0.2857142857142857,1.0,4,2,2,4,0,copy,1,0,0,,,,,,0.10326301891971963,0.5541087962303717,0.6724980196605097,1.2501351895943704,-2.835203457627612,-2.310106994100322,,,,,,5.0,,,,,,,5.0,5.0,5.0,-2.0234722784297854,0.0
G4_A_Roll03,school_a,4,sentence_03_dictated_hindi,dictated_hindi,devanagari,0.0,data/processed/school_a/G4_A_Roll03/sentence_03_dictated_hindi.json,0.5863415190665155,-0.0156577159893172,,0.1744186046511628,0.1712897658448399,0.8741759857433707,20.2881454048414,25.454949289240915,0.4571124061934524,2.3543123543123543,1.0921028276015132,-0.1612021857923496,-21.05781428971572,0.6666666666666666,0.1666666666666666,0.668688761883292,0.7093023255813954,43.142857142857146,1.0772629921066543,0.1779859484777517,0.016784094728048,1.6666666666666667,0.0496319981337697,0.4346793349168646,3.960411718131433,1.9319081551860648,0.1666666666666666,1.0,4,2,2,4,0,dictated,0,1,0,-1.0396091272994998,-0.8033642323552823,,2.398801570200814,0.005241835904404414,0.22131078613865726,-0.5892175020060002,1.3815624913240827,3.0910413403260635,-2.477349094221791,1.3238356841012682,-0.14520243584330084,-2.1776498558598707,1.5805231229526189,-0.9836323575700352,2.4394697964220815,5.0,-0.49699319119328045,0.7722326282251775,-2.6590602921854734,-3.04080440540211,1.0189554592704528,3.5114510554549248,5.0,5.0,3.156723882358606,-0.6744907594765952,0.0
G4_A_Roll03,school_a,4,sentence_05_own_hindi,own_hindi,devanagari,0.0,data/processed/school_a/G4_A_Roll03/sentence_05_own_hindi.json,2.916259876984408,0.0103276009720041,,-0.0174418604651162,0.1426831978172253,0.1988387662834947,17.496584567852583,17.25802316527361,0.3377924377291979,2.7784290738569752,1.0823166867164202,-4.514285714285713,-3.14936578841422,0.4285714285714285,0.2857142857142857,0.5726103566325966,0.1744186046511628,,1.1982583319601976,2.2749999999999995,0.0582322090644366,0.875,0.003164800091903,0.1145038167938931,0.8833151581243185,0.4907306434023991,,1.0,4,2,2,4,0,own,0,0,1,2.0763516915571043,-0.315746331787165,,0.0,-0.13096693876623253,-0.0833757326451593,-2.377959859740159,-0.7869208292693649,-0.17416834215936944,-0.8679241965667309,0.11201737325813371,-3.2365156817615923,-0.6255900967556229,0.0,-0.4817791139118534,1.3697239352625457,-0.7701413840615327,,1.1292460421520745,0.3872797616455123,0.1405457784530988,-0.03533046835353581,-0.44113799983775437,-0.5881346712499878,-0.65219536035632,-0.8011222631198235,,0.0
G4_A_Roll04,school_a,4,sentence_01_copy_hindi,copy_hindi,devanagari,0.0,data/processed/school_a/G4_A_Roll04/sentence_01_copy_hindi.json,1.0572146958738975,-0.0361468348750837,,-0.1172839506172839,0.1308486674533715,2.206919433262392,20.488062995118643,34.026884407237915,0.4718724050544192,4.203558129913116,1.0820886187973422,4.8,0.6910420121092495,0.0,0.6666666666666666,0.3343936343627813,0.2469135802469135,43.14705882352941,1.0287665780053097,4.05,0.0419578444335002,1.25,0.0005671316213295,0.1232492997198879,0.8403361344537815,0.8515406162464986,0.5714285714285714,1.0,0,2,1,4,1,copy,1,0,0,-1.0149146827808169,-1.371130547487524,,0.3444040065955741,-0.9255338482425003,0.5820632024457503,-1.6154142982978976,3.480888552842867,1.384799876970401,3.1911144964589355,-0.5379146300706906,3.854680510133767,2.26943820386991,-3.035208417644677,1.8548495885606375,-2.0175180610371077,0.39963199189873716,-1.4352278783616732,0.23500009629304183,1.4107421186161064,-0.6499263847487949,0.16280811435641956,-0.8387130578388409,-0.04918604525767489,-0.1748679746791173,-0.09316680348350154,-1.686226898691488,0.0
G4_A_Roll04,school_a,4,sentence_03_dictated_hindi,dictated_hindi,devanagari,0.0,data/processed/school_a/G4_A_Roll04/sentence_03_dictated_hindi.json,0.2031776374709124,0.0162707897299372,,-0.1944444444444444,0.123611014780869,4.244657825617304,21.22927611627045,19.459317269123897,0.3179127430333747,3.36418072945019,1.0794453482778934,6.800000000000001,0.269563276173873,0.0,1.0,0.1150274493764878,0.1851851851851851,51.75,1.138399717320529,4.766666666666668,0.0367442946803365,0.0,0.0001090556319565,0.0924369747899159,0.6218487394957983,0.7142857142857143,0.6666666666666666,1.0,0,2,1,4,1,dictated,0,1,0,-1.3363908603154853,0.660370249236044,,-0.6729886444899948,-0.7795443159492578,1.0104394215169945,-0.09971646780675353,-0.5541831243153301,0.09398719045672448,0.1708034260195286,-0.33550714490348954,3.480486019110535,0.008462205293545763,-2.929504641905809,3.93452943028014,-1.7127126594494309,-0.5662222365034079,0.31780516987869717,1.1223278581851552,3.291229910150234,-1.659225925326891,-1.528433188905679,-0.6727202836458708,-0.43464016239326303,-0.3848038530201084,-0.5869469757683754,0.6744907594765952,0.0
G4_A_Roll04,school_a,4,sentence_05_own_hindi,own_hindi,devanagari,0.0,data/processed/school_a/G4_A_Roll04/sentence_05_own_hindi.json,0.7033150209272883,0.0001019338583888,,0.1710758377425044,0.1265915939677344,4.021712026924487,20.37972818973097,27.857869587122345,0.4161356954555126,3.12625250501002,1.0775238694396696,-0.1195652173913043,-22.114876635311383,0.5,0.1666666666666666,0.5297558590065425,0.5679012345679012,,0.936386836294004,0.1428571428571428,0.0237302864442193,1.8571428571428568,0.0138290342579273,1.018648018648019,1.983682983682984,2.358974358974359,,1.0,0,2,1,4,1,own,0,0,1,-0.02874543410881897,-0.8882277819533664,,1.2873628623418296,-0.40152870188740114,0.5746003246523782,-0.33549091750368587,1.1208758325911634,0.6425139137292678,-0.10099752664882791,-0.8380725575022354,-0.15152949725983145,-4.246028061365803,0.5058680696074472,-1.6862268986914875,1.0875223875669509,5.0,,0.24498631772136353,-0.9836574246867633,-0.6699488932319774,2.463038365217933,0.4074036362215878,5.0,0.39933521689527285,0.7619409737574696,,0.0
G4_A_Roll05,school_a,4,sentence_01_copy_hindi,copy_hindi,devanagari,0.0,data/processed/school_a/G4_A_Roll05/sentence_01_copy_hindi.json,0.7164123683218937,-0.0438062372312819,,-0.2056277056277056,0.2981266823846007,3.2016820738986747,22.737425813810358,25.81819670600736,0.3054281278707178,2.785046728971963,1.08278113595326,-1.584848484848485,-3.421858404208537,0.6,0.2,0.4885600701530218,0.8571428571428571,66.70588235294117,1.3374246757697978,0.1717171717171717,0.0175484365739161,5.6,0.0005768827252798,0.837748344370861,5.245033112582782,2.4403973509933774,0.4285714285714285,1.0,3,0,1,4,2,copy,1,0,0,-1.557340685079245,-1.6761878659510814,,-0.42433954869591634,2.4160030461970377,0.7807875345571406,0.40029748829913125,1.2076982905272946,-0.41537432171996264,-1.2980992512322878,-0.47587590294456494,-0.34636011973122466,0.3124021258974634,0.6070416835289353,-0.7419398354242549,0.25954110560030064,5.0,0.3361396571817786,2.849660063107141,-1.2366402686891433,-1.495897865709834,5.0,-0.8380924422443886,5.0,5.0,4.720550747904954,-1.8548495885606369,0.0
G4_A_Roll05,school_a,4,sentence_03_dictated_hindi,dictated_hindi,devanagari,0.0,data/processed/school_a/G4_A_Roll05/sentence_03_dictated_hindi.json,3.765369088935224,-0.0396341463414634,,-0.1948051948051948,0.1706528428088919,2.544812821446584,18.092694155372268,15.791310457295898,0.3203138920538708,2.7546468401486988,1.0784443202117378,-15.866666666666664,-2.302425165152396,0.6666666666666666,0.3333333333333333,0.7346731886908764,0.1948051948051948,49.5,1.602885406115329,2.7666666666666666,0.060373738492053,3.75,0.0502054951273064,0.2129032258064516,0.9870967741935484,0.8129032258064517,0.5,1.0,3,0,1,4,2,dictated,0,1,0,1.4227245027971696,-1.90254275829379,,-0.6759928744631957,-0.005241835904404871,0.6124558594557028,-1.7311159058072523,-1.7384332718073654,0.14568540202536018,-1.427562009382809,-0.46673775573358084,-5.0,-0.25517334649240137,1.5805231229526189,0.0,2.9343199388506678,0.35616933583960064,0.10480808793871954,3.782173040648902,0.6977654406134636,-0.023674621008864083,4.203191269490618,3.5599055608254178,1.6067225150836562,0.6507810951394276,-0.2837400935855915,0.22483025315886518,0.0
G4_A_Roll05,school_a,4,sentence_05_own_hindi,own_hindi,devanagari,0.0,data/processed/school_a/G4_A_Roll05/sentence_05_own_hindi.json,0.0845748005086734,0.0217937390641512,,-0.2792207792207792,0.0389610389610389,5.874303485894968,21.093349572180127,17.373029547804663,0.2924469859320086,2.5069060773480665,1.0786970263613291,-7.066666666666667,-2.4002343542871345,0.3333333333333333,0.3333333333333333,0.3135137369373041,0.1948051948051948,,1.228315425559674,3.2333333333333334,0.0679738271923163,2.0,0.0003146542980288,0.4385964912280701,1.0745614035087718,0.986842105263158,,1.0,3,0,1,4,2,own,0,0,1,-0.6173313882377665,0.3261825800251743,,-1.7876542168411462,-1.8749354354646879,0.8934601823689544,0.17005084569805842,-0.7662215866621187,-0.6468679329446927,-1.466613671937588,-0.6055152714405767,-5.0,-0.48258398916953094,-0.6744907594765952,0.0,-0.33645560553448634,-0.023321182756792208,,1.2307396286756733,1.0034743093828002,0.36938895548841716,2.826437468282875,-0.667921033414303,1.919666849833047,-0.4694371315756727,-0.38605137008561374,,0.0
G4_A_Roll06,school_a,4,sentence_01_copy_hindi,copy_hindi,devanagari,0.0,data/processed/school_a/G4_A_Roll06/sentence_01_copy_hindi.json,0.3972389553763614,-0.0066493133532741,,0.050767414403778,0.1408901831176398,-2.0039425632268766,21.55277728224869,19.48472148223512,0.513919234087757,2.1116751269035534,1.0829613927352613,-1.3369230769230769,-2.6608941539559585,0.6,0.1,0.4580906398729731,0.8441558441558441,70.1470588235294,0.7104781103433575,0.1020979020979021,0.0182842271273121,2.4,0.0357481133512276,0.8739495798319328,3.4593837535014007,3.1316526610644257,1.5714285714285714,1.0,0,3,2,3,1,copy,1,0,0,-2.065341788439,-0.19630849241131693,,1.8067417100658318,-0.7249450554950514,-0.25914323583616994,-0.6612964832027991,-0.5461988888157232,1.8395563759218199,-3.429142435872701,-0.45972770904691224,-0.18323256637704233,0.6744907594765952,0.6070416835289353,-1.2983947119924462,-0.19049651228822545,5.0,0.5948787354072264,-2.4612392712200264,-1.2841635763919792,-1.4703971314145055,3.158477418514539,1.4004042770802088,5.0,5.0,5.0,-0.5058680696074463,0.0
G4_A_Roll06,school_a,4,sentence_03_dictated_hindi,dictated_hindi,devanagari,0.0,data/processed/school_a/G4_A_Roll06/sentence_03_dictated_hindi.json,2.2775408999047,0.0067398030672862,,-0.1785714285714285,0.1607804096774679,1.4431968561778157,20.862252384275717,18.046731286355588,0.3613292474523259,3.218806509945751,1.0791402337054177,-1.3777777777777775,-8.20589213161101,0.4666666666666667,0.4666666666666667,0.3558852316166961,0.1948051948051948,73.75,1.0601944425801275,1.7333333333333332,0.0598703161038615,0.4285714285714285,0.0600837902302791,0.0809352517985611,0.5125899280575539,0.8228417266187049,0.1666666666666666,1.0,0,3,2,3,1,dictated,0,1,0,0.2703188362407816,0.22343048311049396,,-0.5408025256691742,-0.1677408241066678,0.3545352579858405,-0.29061290143209895,-1.0102496597002149,1.0287711675702338,-0.21040774489792036,-0.37550639474762537,-0.7788464474254937,-0.8602941729102197,0.22751479349509068,0.7869058860560281,0.09360003603193102,0.35616933583960064,2.400443304402923,0.6744907594765952,-0.6421912019805334,-0.05851983997340161,-0.8733903936603882,4.3945183112193344,-0.6295427831945613,-0.6945845221286447,-0.2531834328223486,-0.6744907594765952,0.0
G4_A_Roll06,school_a,4,sentence_05_own_hindi,own_hindi,devanagari,0.0,data/processed/school_a/G4_A_Roll06/sentence_05_own_hindi.json,0.7235403866771196,0.0259451299229885,,0.1277056277056276,0.0980211241364428,2.3135975809257165,17.499621495609787,23.91242412525273,0.3939929722193807,3.5779816513761467,1.081215787815219,0.2039215686274509,8.292286731099527,0.4,0.2,0.3646071347814695,0.6623376623376623,,0.5725439535339901,0.1013071895424836,0.021767438187565,1.1666666666666667,0.0506029075615635,0.1818181818181818,2.4545454545454546,2.363636363636364,,1.0,0,3,2,3,1,own,0,0,1,-0.009505750305142191,0.5585971728989727,,0.9911933341527618,-0.8819082068177919,0.28060721215175843,-2.375808447449479,0.410761045815337,0.41168908350360456,0.8950340770270987,-0.10621605823322293,0.0755503059817977,1.5585742789855341,-0.20234722784297796,-1.3489815189531893,0.0,5.0,,-0.9835995061269683,-1.0103734469732661,-0.7160587309606271,0.706609367070719,3.333461160044656,-0.06726184592812066,0.8492995599918602,0.7658414328017544,,0.0
G4_A_Roll07,school_a,4,sentence_01_copy_hindi,copy_hindi,devanagari,0.0,data/processed/school_a/G4_A_Roll07/sentence_01_copy_hindi.json,1.7412565546427918,-0.0037333605620712,,-0.2510822510822511,0.1838587910749194,5.84426569456154,24.161248378409333,20.660474770998544,0.3148008322694673,3.3286985539488323,1.0820886187973422,-3.472727272727272,-5.019432585800534,0.3636363636363636,0.4545454545454545,0.4276306503709612,0.1948051948051948,68.47058823529412,1.001025042349848,1.9833333333333332,0.0896253614700629,2.0,0.0068945891968859,0.1092436974789916,0.7226890756302521,0.6974789915966386,1.7142857142857142,1.0,2,2,2,4,3,copy,1,0,0,0.07381641105298138,-0.08017244185760135,,-0.8198727572714836,0.13339361412023998,1.308698056738419,1.6762214529151356,-0.2206034923065027,-0.3140040558503909,0.4224151168752345,-0.5379146300706906,-1.5885282793923015,-0.44776952771431,-0.827784113903094,0.6744907594765952,-0.6403946886046699,-0.41965066310702254,0.4688263639640597,0.0,0.0,1.0021153285581983,2.116505486633454,-0.4359977484092358,-0.17215115840186151,-0.4080252742512737,-0.5599232644998543,-0.33724537973829766,0.0
G4_A_Roll07,school_a,4,sentence_03_dictated_hindi,dictated_hindi,devanagari,0.0,data/processed/school_a/G4_A_Roll07/sentence_03_dictated_hindi.json,2.215122057722504,-0.0024437153257356,,-0.1925133689839572,0.1722454033111846,8.14748805009725,20.4465122182333,18.27969703981083,0.2632525559186269,3.2200772200772203,1.0805021710371898,0.383333333333333,24.005166425644177,0.5625,0.3125,0.3035119206631308,0.1948051948051948,58.392857142857146,0.8284600377259054,1.5688888888888888,0.0465569209312872,0.5384615384615384,0.0540185596108362,0.1005586592178771,0.6536312849162011,1.1899441340782124,0.1666666666666666,1.0,2,2,2,4,3,dictated,0,1,0,0.2219719720255507,-0.19757990341968035,,-0.6569071781628634,0.020971506523787774,1.9242064244189847,-0.5068477333896279,-0.9350344973400142,-1.0828801733421318,-0.20707559357999453,-0.19696208215192576,0.13841468837064802,2.441423696386448,0.8758312846934897,-0.12295404469625425,-0.29917355674935003,0.35616933583960064,0.9466536975110124,-0.6525202878646476,-0.855431613920223,-0.9800286580780564,-0.7054307025718519,3.882069679517364,-0.2970140361580428,-0.29469104603730684,0.8755002531798609,-0.6744907594765952,0.0
G4_A_Roll07,school_a,4,sentence_05_own_hindi,own_hindi,devanagari,0.0,data/processed/school_a/G4_A_Roll07/sentence_05_own_hindi.json,0.2429525437767228,0.0104366888140641,,0.0194805194805194,0.1801094724044564,3.473480835369897,24.018975026908365,28.270499657695243,0.3554303932932954,2.5612052730696795,1.094649771469295,0.9935897435897436,1.253490444097732,0.3333333333333333,0.3333333333333333,0.4856098207193303,0.6753246753246753,,0.6670479275350555,0.4855769230769231,0.0154675349702281,1.0,0.0001495213354077,0.4234527687296416,2.371335504885993,2.794788273615635,,1.0,2,2,2,4,3,own,0,0,1,-0.4666721744708867,-0.3096390758669269,,0.2521381344203394,0.49831271129789706,0.48024119388534453,2.2426146550603576,1.1951424058878877,0.00969694194295748,-1.3468876913849044,2.556829883795726,0.6298780298543187,0.21489703726295328,-0.6744907594765952,0.0,0.7968159035477288,5.0,,-0.6644885704552586,-0.7632935360191283,-0.8640515847499173,0.28264374682828763,-0.6810604855388875,1.8024860144972221,0.7697826890273115,1.1265640164672948,,0.0
G4_A_Roll08,school_a,4,sentence_01_copy_hindi,copy_hindi,devanagari,0.0,data/processed/school_a/G4_A_Roll08/sentence_01_copy_hindi.json,1.9788709655930825,0.0074671914720153,,-0.234375,0.149687173799227,2.091775529153393,23.715760536348142,19.253996349891946,0.262114092500564,3.309037900874636,1.0869953155386214,-1.2177777777777783,-8.966374687525901,0.4666666666666667,0.3333333333333333,0.4691291789134009,0.1875,59.6764705882353,1.0435507764063283,2.3208333333333333,0.0526745702691908,0.8125,0.0355741891895797,0.0840336134453781,0.5966386554621849,0.6722689075630253,2.2857142857142856,1.0,2,3,2,3,4,copy,1,0,0,0.4520070060118574,0.3659211578688831,,-0.6744907594765952,-0.5492168288380729,0.5590608353422544,1.277008357292482,-0.6100924298058806,-0.8838362612581759,0.36019434514882365,-0.09835119453464766,-0.1048384989603124,-2.325837875807305,-0.20234722784297843,0.0,-0.027455793473850475,-0.5345077891645605,-0.19239572483430725,0.36023786578799744,0.23038328953206588,-0.27851039307766096,-0.9768486861385173,1.3893347563858467,-0.39348836206139864,-0.6578366666500126,-0.6363015944843482,0.33724537973829743,0.0
G4_A_Roll08,school_a,4,sentence_03_dictated_hindi,dictated_hindi,devanagari,0.0,data/processed/school_a/G4_A_Roll08/sentence_03_dictated_hindi.json,,,,,,2.4131854791556235,23.95144291772332,19.65013350778484,0.308515135160831,3.3203125,1.0841979523881142,,,,,,0.1875,,,,,,,0.1479289940828402,1.0946745562130178,0.8579881656804734,0.3333333333333333,1.0,2,3,2,3,4,dictated,0,1,0,,,,,,0.5816380387596483,1.3161373008485147,-0.49257632520868383,-0.10834907267677374,0.055768867816644224,0.28753946238404626,,,,,,-0.3442717644083642,,,,,,,0.5057006893101371,0.9557955544449807,-0.14512308894006407,-0.224830253158865,0.0
G4_A_Roll08,school_a,4,sentence_05_own_hindi,own_hindi,devanagari,0.0,data/processed/school_a/G4_A_Roll08/sentence_05_own_hindi.json,2.628539014441116,0.0680375346017341,,-0.2104166666666666,0.1662860236660515,3.003725171958169,21.984375690369877,19.91341708969249,0.2871473428884276,3.47085201793722,1.0816256222789171,-2.1866666666666665,-2.7105356060863666,0.6,0.2,0.4422097420180751,0.1875,,1.1869561117561835,2.3666666666666667,0.060882299082404,1.5,0.0023011295929911,0.1466480446927374,0.7960893854748603,0.8589385474860335,,1.0,2,3,2,3,4,own,0,0,1,1.8026528874155652,2.915130062512207,,-1.3177998736112584,0.2658873609064721,0.3993889243405748,0.8012692003141969,-0.30899393643354317,-0.7021135860084977,0.6588206259939783,-0.024973737745250243,-1.6025841018665274,-0.5418192210358954,1.2140833670578726,-1.3489815189531893,0.5110216448802625,-0.2909317548909905,,1.0910819109333179,0.44622010968994885,0.20279981173383477,1.5545406075555812,-0.5098593319797048,-0.33940537257176795,-0.7355498214145881,-0.4930616853677548,,0.0
G4_A_Roll09,school_a,4,sentence_01_copy_hindi,copy_hindi,devanagari,1.0,data/processed/school_a/G4_A_Roll09/sentence_01_copy_hindi.json,1.9517000137301088,-0.0683333333333333,,-0.1756756756756756,0.2381856588540952,-8.139178898858512,21.8343257866623,33.50303730893832,0.4381436325251375,4.442724458204332,1.09652694304616,-7.841269841269842,-1.9015888767963536,0.6666666666666666,0.3333333333333333,0.7270598496506223,0.2837837837837837,62.23529411764706,1.0076565758544824,2.7976190476190474,0.0607106257755097,5.25,0.0136705984265821,0.1067193675889328,1.1027667984189724,0.9130434782608696,0.5714285714285714,1.0,1,2,2,4,2,copy,1,0,0,0.4087613189781416,-2.653048699033573,,-0.1637050534698022,1.218624289042385,-1.4847830953750007,-0.40899363809070466,3.335822232118008,1.020007124176045,3.9480127267004437,0.755533843482031,-4.462899514245123,1.0357900060376377,1.011736139214892,0.0,3.7822151971575986,0.9793298272514618,0.0,0.05617609030424474,0.555845396966254,0.0,5.0,-0.004734066108685476,-0.19431404045472692,0.3452268372688239,0.0931668034835012,-1.686226898691488,0.0
G4_A_Roll09,school_a,4,sentence_03_dictated_hindi,dictated_hindi,devanagari,1.0,data/processed/school_a/G4_A_Roll09/sentence_03_dictated_hindi.json,0.2032202323661351,-0.275229357798165,,0.072072072072072,0.1211200870247635,-11.825783875306442,23.25212883192275,29.384919058766947,0.3553643151585273,3.5223880597014925,1.0983188711755365,-1.2833333333333334,-2.810060714845241,0.5,0.0,0.8932253704972782,0.4054054054054054,12.107142857142858,0.9951873216699558,1.1333333333333333,,,,0.106951871657754,1.390374331550802,1.0160427807486632,0.3333333333333333,1.0,1,2,2,4,2,dictated,0,1,0,-1.3363578682005468,-5.0,,1.546487742467698,-0.8205446686144668,-2.7521222334217583,0.9524099630064683,2.650389818523355,0.9003425156685386,0.5856665414908433,2.138733110802088,-0.7296557871462055,-0.3072073199345311,0.45301618173801206,-1.9672647151400697,4.123381866721241,5.0,-3.4350005595399558,0.3022319761599236,-1.4202305428415636,,,,-0.18867775812317286,1.794190856879313,0.3408275937573849,-0.224830253158865,0.0
G4_A_Roll11,school_a,4,sentence_01_copy_hindi,copy_hindi,devanagari,1.0,data/processed/school_a/G4_A_Roll11/sentence_01_copy_hindi.json,2.02387848171509,0.0168687955775805,,-0.1568627450980392,0.3143534717523537,-9.296371359571872,25.302379084684237,20.44607950196518,0.249038122304732,3.277547950357277,1.0883908867706,-4.8,-3.44830279718443,0.5625,0.4375,0.4622200877858213,0.1851851851851851,85.5,1.213622871960604,2.2745098039215685,0.06417682994006,1.375,0.0353597257546213,0.134453781512605,0.907563025210084,0.7394957983193278,2.4285714285714284,1.0,3,4,2,2,3,copy,1,0,0,0.5236416313349994,0.7403665785848748,,0.0,2.7401485435771775,-1.7159561305148279,2.6988179836179786,-0.27997488705210993,-1.0252591120024006,0.2605369728620375,0.02667020328336253,-2.4618343049646163,0.2998191246391357,0.3794010522055846,0.5796404964251993,-0.12950400652713712,-0.5709028455696257,1.749253084413072,1.800928075889811,0.19876205371393918,0.12013031562527644,0.48842434306925864,1.375685086271225,0.04918604525767489,-0.041635232066456564,-0.43262604785903064,0.5058680696074461,0.0
G4_A_Roll11,school_a,4,sentence_03_dictated_hindi,dictated_hindi,devanagari,1.0,data/processed/school_a/G4_A_Roll11/sentence_03_dictated_hindi.json,,,,,,-7.046587294036967,22.810202882867475,24.70195251051451,0.403388390375861,3.5079726651480656,1.0809598005895749,,,,,,0.7037037037037037,,,,,,,0.5682515337423313,4.065184049079755,2.5789877300613497,0.5,1.0,3,4,2,2,3,dictated,0,1,0,,,,,,-1.6331721676581474,0.7225553780109719,1.138450471086758,1.9343303189165169,0.5478654137827694,-0.13696875356921626,,,,,,5.0,,,,,,,5.0,5.0,5.0,0.22483025315886518,0.0
G4_A_Roll11,school_a,4,sentence_05_own_hindi,own_hindi,devanagari,1.0,data/processed/school_a/G4_A_Roll11/sentence_05_own_hindi.json,2.255670815091563,0.0448540337726015,0.0549273532203384,-0.0379867046533713,0.1504724289033006,5.182448707379773,25.428198028975093,20.339182536869167,0.3318602305352305,3.5109060402684564,1.0903238535531674,-3.1833333333333336,-5.5897837512899855,0.4583333333333333,0.375,0.4531069428116058,0.1851851851851851,,0.5847380581423482,3.1578947368421053,0.0587622270640541,0.5,0.0526769973154628,0.1322233104799216,2.218413320274241,2.0568070519098924,,2.0,3,4,2,2,3,own,0,0,1,1.4479563966491853,1.6172074891360835,0.5717701599846631,-0.14029807106720674,0.0,0.7743811943008121,3.24093266896884,-0.23236321306901084,-0.23600810341224907,0.7471369819722968,1.6992943642702985,-2.3022196985769146,-1.091455841877778,0.21077836233643657,0.4215567246728719,0.582780902363995,-0.3757301666372216,,-0.9424237548172085,0.9549683770208719,0.1529965850158451,-0.989253113899006,3.4984942496888,-0.45102273776915663,0.6236475973567331,0.5091331601291047,,5.0
G4_A_Roll12,school_a,4,sentence_01_copy_hindi,copy_hindi,devanagari,0.0,data/processed/school_a/G4_A_Roll12/sentence_01_copy_hindi.json,2.021157808569112,-0.0117767944716444,,-0.1471153846153846,0.3536327045729647,3.9838871574588217,22.37065196262737,19.71575921285204,0.3188126087742348,3.303639120545868,1.1077931540117332,-3.849999999999999,-4.078401657613153,0.5833333333333334,0.4166666666666667,0.6067543802932682,0.1875,65.26470588235294,1.0143226571608004,2.6564102564102563,0.0640944698984796,1.7692307692307692,0.0249765350851835,0.1008403361344537,0.7478991596638656,0.7647058823529411,1.8571428571428568,1.0,2,4,4,4,0,copy,1,0,0,0.519311367898321,-0.400524900911752,,0.08481890487063556,3.5247884480458693,0.9370491154154625,0.07162202131727119,-0.4822187815706715,-0.27061478061070243,0.3431086320156128,1.764810482863284,-1.8367625263871714,0.0,0.5058680696074465,0.4637123971401596,2.0052870973894588,-0.5345077891645605,0.22777884664291592,0.11264483696404066,0.45945385376765263,0.11727591429163513,1.5153678336251357,0.7148399058210761,-0.24593022628837446,-0.3580629957715259,-0.3562477178745368,-0.16862268986914922,0.0
G4_A_Roll12,school_a,4,sentence_03_dictated_hindi,dictated_hindi,devanagari,0.0,data/processed/school_a/G4_A_Roll12/sentence_03_dictated_hindi.json,2.212636217028265,0.0001460604193412,,-0.2363636363636363,0.1478443591938987,8.290783961948968,22.625381665033597,20.33740128085463,0.293908760710953,3.590133982947625,1.090690308502203,0.1599999999999999,26.52101426286077,0.5,0.3,0.4320869490785349,0.1875,41.392857142857146,0.9468743083915344,2.363636363636364,0.0604113240181673,0.5,0.0353465013483589,0.0494641384995878,0.6430338004946414,0.6677658697444353,1.8333333333333333,1.0,2,4,4,4,0,dictated,0,1,0,0.22004655017690003,-0.07885389441100372,,-1.0220801673758888,-0.38066656256747433,1.9577561994206119,0.6264261409422185,-0.2706855263694082,-0.422833275912312,0.7633149774623471,1.1386603124221075,0.022093244651389714,2.6993046892077293,0.45301618173801206,-0.19672647151400693,0.665074739438152,-0.3442717644083642,-0.6626575882577075,0.025570845970211642,0.17514305508560055,-0.021073076226449477,-0.7642165944528395,2.304475799246271,-1.1628370092957223,-0.3247380122431732,-0.7299757016556938,3.822114303700706,0.0
G4_A_Roll12,school_a,4,sentence_05_own_hindi,own_hindi,devanagari,0.0,data/processed/school_a/G4_A_Roll12/sentence_05_own_hindi.json,2.1116631246451125,-0.0754388335906916,,-0.15,0.2745071340906583,8.51156419089783,21.41215202506421,18.392354824710697,0.2759509339941813,3.2178631051752924,1.08224040954487,-1.4088888888888889,-5.839115258453587,0.3333333333333333,0.2666666666666666,0.4153795936622032,0.1875,,0.8829603376403183,1.575,0.0528878658534778,0.4,0.0305000358704849,0.093984962406015,0.6954887218045113,1.1090225563909777,,1.0,2,4,4,4,0,own,0,0,1,1.3109669120703675,-5.0,,-0.9052223083606338,2.0855005403807265,1.3473738442758503,0.39589603210619156,-0.5827599322910717,-0.8188295452241344,0.10099752664882791,0.09689679418073072,-1.056603145682279,-1.1390522004254446,-0.6744907594765952,-0.6744907594765952,0.33434218740538924,-0.2909317548909905,,0.06458141776605822,-0.06281016887563658,0.015000261937441578,-1.2436324860444647,1.73389729369735,-0.7469078195003748,-0.8316855602866946,-0.283829283196639,,0.0
G4_A_Roll13,school_a,4,sentence_01_copy_hindi,copy_hindi,devanagari,0.0,data/processed/school_a/G4_A_Roll13/sentence_01_copy_hindi.json,1.9470580955966263,-0.0113210103016914,,-0.1620879120879121,0.111495621106607,3.297924573354254,21.61068349013768,20.202474165890983,0.2464247823650606,3.288856833754057,1.1013791515284608,-0.9435897435897436,-9.965206582593982,0.3846153846153846,0.3846153846153846,0.482481755684682,0.1923076923076923,57.02941176470589,0.9883643057154926,2.971428571428572,0.0700224164275335,0.9285714285714286,0.0058811210650744,0.0504201680672268,0.6722689075630253,0.6470588235294118,2.0,1.0,3,2,4,1,2,copy,1,0,0,0.40137317373210524,-0.3823720098351414,,-0.04546799542664629,-1.3121292918463616,0.8000139566640337,-0.609405243252961,-0.3474352775514296,-1.0535236291813916,0.29632660048306153,1.1902159815636362,0.07556908229712753,-2.8011107627273044,-0.7004327117641564,0.28536147516317495,0.16976357648449764,-0.45891805663096724,-0.3914257850077284,-0.10724980639738169,0.6744907594765952,0.3227243107906326,-0.6744907594765952,-0.5005006119094502,-0.6886046336074481,-0.5079498312107692,-0.7126799244688423,0.0,0.0
G4_A_Roll13,school_a,4,sentence_03_dictated_hindi,dictated_hindi,devanagari,0.0,data/processed/school_a/G4_A_Roll13/sentence_03_dictated_hindi.json,2.589460787122765,0.0456378643507168,,-0.1987179487179487,0.1587536377863821,0.8981535547190579,19.899877246990457,18.71405373469076,0.2421888026782027,2.814645308924485,1.090325523878399,1.084444444444444,3.998769462697521,0.4666666666666667,0.3333333333333333,0.2803517158846414,0.1923076923076923,36.535714285714285,0.932712375076074,2.625,0.0663354566344873,0.7333333333333333,0.0050840140587298,0.0883652430044182,0.6627393225331369,0.9278350515463918,0.5,1.0,3,2,4,1,2,dictated,0,1,0,0.5119181339230982,2.0066781574065873,,-0.7085772149417545,-0.2011012305266325,0.2269246381587535,-0.7911635893099441,-0.7947983946378604,-1.536395703681019,-1.270229529021165,1.0908385673365155,0.503583001738071,0.3907156069459882,0.22751479349509068,0.0,-0.47286348917433496,0.11670229301978312,-1.1224608127630564,-0.05552648600838776,0.5140617073546092,0.38897562846505895,-0.40758218370818117,-0.252388263557188,-0.5036377549096147,-0.2688670969196207,0.06962636242008836,0.22483025315886518,0.0
G4_A_Roll13,school_a,4,sentence_05_own_hindi,own_hindi,devanagari,0.0,data/processed/school_a/G4_A_Roll13/sentence_05_own_hindi.json,3.172332982243942,0.0280152218650098,,-0.1072261072261072,0.202732219044764,1.4892236513710564,18.02821495312035,19.00987845277476,0.3605831773001731,2.8662420382165603,1.0963615902496904,-3.846666666666666,-2.526937970946741,0.6,0.4,0.4872226556522436,0.1923076923076923,,1.0665457201341195,2.333333333333333,0.0574704429319916,0.6363636363636364,0.0035887641471205,0.1346801346801346,0.5387205387205387,0.7912457912457913,,1.0,3,2,4,1,2,own,0,0,1,2.319945089904433,0.6744907594765952,,-0.6131249532663885,0.8786881092318178,0.1387196132371388,-2.0013436750940414,-0.4716159147879251,0.0634116761648186,-0.6743026682278787,2.896167207258782,-2.767863456922623,-0.5067711881177155,1.2140833670578726,0.6744907594765952,0.8074365977445719,-0.11481197664882599,,0.684492948497932,0.4247872558556082,0.12265090928267647,-0.6423721518824714,-0.40740363622158776,-0.4320120412852438,-0.9814959547966206,-0.5496967259677044,,0.0
G4_A_Roll14,school_a,4,sentence_01_copy_hindi,copy_hindi,devanagari,1.0,data/processed/school_a/G4_A_Roll14/sentence_01_copy_hindi.json,0.5412450501445225,0.0264444588810469,,-0.0134028294862248,0.1627499734016528,2.7340057083080573,23.638579082273612,32.32750233953317,0.4058681329223668,2.3988005997001505,1.1050911850355345,-1.0584415584415583,-2.6820600284035785,0.8125,0.0625,0.4734283688315513,0.9746835443037974,82.8529411764706,1.055047118313326,0.0320855614973262,0.0135224861254896,1.1875,0.0128000871754118,0.9058823529411764,4.615686274509804,3.105882352941176,2.4285714285714284,1.0,2,4,1,4,0,copy,1,0,0,-1.8361395677476438,1.121744398161293,,1.248349535926263,-0.2882750258514636,0.6873595452060013,1.2078440742377745,3.0102872936816696,0.6709322108305813,-2.520466186294712,1.5227562397514383,0.0,0.6644194288527159,1.897005261027923,-1.507065290705518,0.036043824728124466,5.0,1.5502230242396509,0.4576240194860285,-1.331955201089461,-1.6354276438479733,0.0,-0.060138342422015545,5.0,5.0,5.0,0.5058680696074461,0.0
G4_A_Roll14,school_a,4,sentence_03_dictated_hindi,dictated_hindi,devanagari,1.0,data/processed/school_a/G4_A_Roll14/sentence_03_dictated_hindi.json,2.440625480705498,0.0331752486711813,,-0.1301989150090416,0.2031653044682,0.5033990856454681,24.18075221049515,20.56921289625414,0.300363430721047,2.9679144385026737,1.0801143576692898,-3.333333333333333,-4.289281214065281,0.3846153846153846,0.3076923076923077,0.2522107306635902,0.189873417721519,54.60714285714285,1.0316723080541597,2.2285714285714286,0.0619279559142919,1.7142857142857142,0.0056562519860408,0.297029702970297,1.188118811881188,1.1386138613861383,0.8333333333333334,1.0,2,4,1,4,0,dictated,0,1,0,0.3966369127690095,1.435340417352061,,-0.13796951166775073,0.5299091297461854,0.13450104109193367,1.4354056815316487,-0.19584298822525836,-0.2838602705139955,-0.8683157333621265,-0.24780279968849697,-1.7973824720319354,-0.45883129547769697,-0.3275655467951777,-0.1513280550107744,-0.6839067795150385,-0.11670229301978312,0.5882776548818424,0.5111607281266006,0.0,0.08390312616080058,1.0917379920754848,-0.20404013613092561,3.0322890054554335,1.220737335013375,0.7176815077607662,1.1241512657943256,0.0
G4_A_Roll14,school_a,4,sentence_05_own_hindi,own_hindi,devanagari,1.0,data/processed/school_a/G4_A_Roll14/sentence_05_own_hindi.json,,,,,,-0.8666880923347825,20.98870735186084,17.1933959808682,0.3987986006159159,2.3203125,1.0739383575104575,,,,,,0.189873417721519,,,,,,,0.2083333333333333,1.40625,0.8854166666666667,,1.0,2,4,1,4,0,own,0,0,1,,,,,,-0.26676950836785507,0.09592048208142828,-0.7985526512568935,0.4617849252358358,-1.8780396372017125,-1.5488358901855792,,,,,,-0.20398654791068066,,,,,,,0.13791013896026064,-0.1524697564535283,-0.4709088075992176,,0.0
G4_A_Roll15,school_a,4,sentence_01_copy_hindi,copy_hindi,devanagari,0.0,data/processed/school_a/G4_A_Roll15/sentence_01_copy_hindi.json,1.8579517663788183,0.0155004821156139,,-0.1819277108433735,0.1438844053825567,9.159754192414162,21.130713726041037,20.69101253008393,0.3006357299281188,3.8333333333333335,1.0888498208774695,-0.189473684210526,-42.16195115244257,0.4736842105263157,0.2631578947368421,0.5230059444722596,0.180722891566265,52.8235294117647,0.9214020560257632,2.333333333333333,0.0754732274198705,0.9444444444444444,0.0122311449707965,0.0761851015801354,0.4232505643340857,0.8465011286681715,0.4285714285714285,1.0,0,2,0,4,3,copy,1,0,0,0.2595502282015236,0.6858696327249494,,-0.21810857912995255,-0.6651326278279397,1.971035191692869,-1.0395184747246682,-0.21214682552705696,-0.4672063899177889,2.01945084579005,0.06778353539600132,0.5717550470234234,-5.0,-0.1597478114549835,-0.3904946502232921,0.7683113412836364,-0.6410619904468561,-0.7076624361721657,-0.6744907594765952,0.23891600395917925,0.5116363349639471,-0.6331426669416317,-0.09634905316061178,-0.4623960129373454,-1.0014636090459004,-0.10843480674350707,-1.8548495885606369,0.0
G4_A_Roll15,school_a,4,sentence_03_dictated_hindi,dictated_hindi,devanagari,0.0,data/processed/school_a/G4_A_Roll15/sentence_03_dictated_hindi.json,3.1163821802940173,-0.0078636267679966,,-0.0795180722891566,0.202056901069293,7.470926733830698,21.77282727778644,21.330533112118843,0.3140949683573714,3.478135788262371,1.100446307903976,-0.2000000000000001,-54.88153520067476,0.5714285714285714,0.4285714285714285,0.3270235639830779,0.180722891566265,50.92857142857143,0.9735951428806012,2.4266666666666667,0.068313454451113,0.8,0.0091915537931475,0.0607287449392712,0.4757085020242915,0.8805668016194332,0.3333333333333333,1.0,0,2,0,4,3,dictated,0,1,0,0.9200480536257284,-0.4460510136860352,,0.28408663388798117,0.5116649513917095,1.7658035806655925,0.1829954365771432,0.04995633118143664,0.011788159394245943,0.4696249196092609,2.4176312064845153,-0.16540997806025065,-5.0,0.9362334422585578,0.5620756328971624,-0.12284801133643443,-0.9940785682528688,0.24004433044029283,0.17858585720030823,0.2568764807922132,0.5258860413676375,-0.30568663778113575,0.09465593783167281,-0.9719524506048454,-0.7991541461604672,-0.0757033915514053,-0.224830253158865,0.0
G4_A_Roll15,school_a,4,sentence_05_own_hindi,own_hindi,devanagari,0.0,data/processed/school_a/G4_A_Roll15/sentence_05_own_hindi.json,1.8956074033448145,0.0159674638536107,,-0.216867469879518,0.1773640830558309,11.026758067548029,19.859487154325503,21.959974291074225,0.2767276322616968,3.4940855323020927,1.091538983780402,1.0571428571428572,3.135529403841631,0.3571428571428571,0.2142857142857142,0.2588997120711731,0.180722891566265,,0.891451647612506,1.9111111111111112,0.0516107744801993,0.4166666666666667,0.0233240467407513,0.0487540628385698,0.4225352112676056,0.8613217768147345,,1.0,0,2,0,4,3,own,0,0,1,1.105440652955488,0.0,,-1.3618515704410923,0.45215215517398444,1.7802779029418492,-0.7040386891892095,0.05935243781720026,-0.8107329238725529,0.7100489223260371,1.9401721041871385,0.6744907594765952,0.5741705287991451,-0.5058680696074465,-1.2044477847796344,-0.6960949245528426,-0.5391969844612735,,0.09325396724289568,0.1533044406206296,-0.015000261937441578,-1.2012359240202217,1.1629115612302363,-1.096900669333303,-1.092524668656661,-0.49106776020815646,,0.0
G4_A_Roll16,school_a,4,sentence_01_copy_hindi,copy_hindi,devanagari,0.0,data/processed/school_a/G4_A_Roll16/sentence_01_copy_hindi.json,2.343710671757099,0.0240939098045539,,-0.0784313725490195,0.2772747683818018,1.865229535841869,20.648758413022325,19.729668853727237,0.2742851648753178,2.948218262806236,1.1155154021518427,-3.0666666666666664,-5.35809439190634,0.3571428571428571,0.5,0.5167788920007014,0.196078431372549,59.02941176470589,0.4887524997340636,1.5733333333333333,0.0807676890494911,1.4285714285714286,0.0070819635113726,0.0753768844221105,0.7753050969131372,0.7322325915290739,2.142857142857143,1.0,3,4,0,0,4,copy,1,0,0,1.032691254020941,1.0281271464691049,,0.6824886736205874,1.999466300536357,0.513803605753749,-1.4714110075753346,-0.4783668552530133,-0.7522003117971854,-0.7817044641091985,2.4566033735817445,-1.3213524633496303,-0.6089145362710064,-0.8672024050413366,0.9274247942803189,0.6763369316865552,-0.39963199189873716,-0.24104751732114318,-4.339489289205566,-0.27987303320932433,0.6951296655464385,0.6279741553747612,-0.42407218365647076,-0.46949192445705196,-0.3037488940406106,-0.45463119485623843,0.16862268986914872,0.0
G4_A_Roll16,school_a,4,sentence_03_dictated_hindi,dictated_hindi,devanagari,0.0,data/processed/school_a/G4_A_Roll16/sentence_03_dictated_hindi.json,0.6100888327090084,-0.0378048910114903,,0.0143790849673202,0.2960142191836478,-0.3257784894968913,19.48120162350276,27.96216738664997,0.3197971592057657,2.5373134328358207,1.0732205384928983,2.993055555555556,0.6628804545320568,0.25,0.75,0.3325764764194127,0.4705882352941176,47.285714285714285,,,,,,0.1269393511988716,1.447108603667137,2.208744710860367,0.1666666666666666,1.0,3,4,0,0,4,dictated,0,1,0,-1.0212155123586963,-1.8186821440307912,,1.0660363834086208,2.0581904051000555,-0.05963374421309043,-1.0089252117949334,2.191041195692041,0.13455982677877174,-1.997469954296598,-1.1515537853570381,1.4976683746174548,0.04877824625128882,-1.2382442300838985,2.4590808939250874,-0.08120395010928014,5.0,-0.10480808793871886,,,,,,0.15002037855637196,1.955049102967025,4.007878485895475,-0.6744907594765952,0.0
G4_A_Roll16,school_a,4,sentence_05_own_hindi,own_hindi,devanagari,0.0,data/processed/school_a/G4_A_Roll16/sentence_05_own_hindi.json,1.9482682463677292,0.0185402608796624,,-0.2346405228758169,0.1948509143827028,0.6144639849148102,20.71790516691525,20.42384955953717,0.2482345203732014,2.8660714285714284,1.103172190561036,0.0962962962962966,113.97669880209028,0.3333333333333333,0.4444444444444444,0.3364086282451815,0.196078431372549,,0.3942862082742893,1.84,0.0848873906568463,0.8888888888888888,0.0007348220297112,0.0173210161662817,0.918013856812933,0.4503464203233256,,1.0,3,4,0,0,4,own,0,0,1,1.155535073057848,0.14403740666428064,,-1.4832214396650922,0.746173059457595,-0.011840156123690652,-0.09592048208142828,-0.21712455235759318,-1.1077568104164957,-0.6746788507253118,4.246246378778945,0.0,5.0,-0.6744907594765952,1.1241512657943247,-0.185690245553289,0.023321182756793225,,-1.5855212399147047,0.10758101910736999,0.7667103806769421,0.0,-0.634488739176334,-1.3401269082313625,-0.6190366821267077,-0.8349096613691072,,0.0
G4_A_Roll17,school_a,4,sentence_01_copy_hindi,copy_hindi,devanagari,1.0,data/processed/school_a/G4_A_Roll17/sentence_01_copy_hindi.json,2.037978014073344,0.0180797670555575,,-0.1754068716094032,0.1509918679576716,-2.956857965584835,22.321913489411838,21.124051061159093,0.2811411737093738,3.55026256564141,1.0877954660009896,-0.2871794871794867,-54.81483790071483,0.4615384615384615,0.3076923076923077,0.4709880510427128,0.189873417721519,53.26470588235294,1.1391125419174672,3.0047619047619056,0.0744571597898242,1.4615384615384617,0.0192776383610985,0.1764705882352941,0.9495798319327732,1.050420168067227,2.0,1.0,2,1,3,2,0,copy,1,0,0,0.5460826546293552,0.7885969358148449,,-0.16136599290396267,-0.5231543264333501,-0.4495077199417616,0.02794622384035137,-0.09222766087179411,-0.678049308122609,1.1236066664278226,-0.02667020328336253,0.5074675311927438,-5.0,-0.23347757058805227,-0.1426807375815873,0.0,-0.49719133892645717,-0.6744907594765952,1.1697469130144214,0.6972446646155649,0.47642187000471853,0.7138509629473784,0.35212977616122754,0.41808138469023626,0.041635232066456564,0.5093733552830632,0.0,0.0
G4_A_Roll17,school_a,4,sentence_03_dictated_hindi,dictated_hindi,devanagari,1.0,data/processed/school_a/G4_A_Roll17/sentence_03_dictated_hindi.json,2.763815925372946,0.0105601400904825,,-0.0585443037974683,0.2271374793442415,0.1381163321696019,18.825683348350072,18.007077049560976,0.3778820614921659,2.814113597246127,1.059388442208454,4.41904761904762,7.858449987239348,0.4285714285714285,0.2857142857142857,0.811262016524454,0.189873417721519,46.10714285714285,0.3672425547266514,1.2666666666666666,0.0666684999265076,1.0,0.0001180895178888,0.1162790697674418,0.988372093023256,2.616279069767442,0.1666666666666666,1.0,2,1,3,2,0,dictated,0,1,0,0.6469658839214742,0.39857050003838207,,0.4587504202876305,0.9244880659119017,0.048977636880851064,-1.3498734666197223,-1.0230523992211098,1.3851634093608438,-1.2716238232240045,-2.9648840063960247,2.2403853398007443,0.7863429699835727,-0.030201078782534387,-0.2810378164485814,3.508697776100108,-0.11670229301978312,-0.21637798800251754,-3.2936503158030974,-1.2473329115391123,0.41202777455019385,0.0,-0.6719570146499453,-0.03062358157262653,0.6543969968245458,5.0,-0.6744907594765952,0.0
G4_A_Roll18,school_a,4,sentence_01_copy_hindi,copy_hindi,devanagari,0.0,data/processed/school_a/G4_A_Roll18/sentence_01_copy_hindi.json,1.997718353721768,-0.0017203847935858,,-0.167144906743185,0.2384592585757363,2.605170078187122,21.71164083552612,18.65485288980765,0.3114854125145258,3.133498145859085,1.0801143576692898,-2.770833333333334,-4.147353663319925,0.5,0.375,0.5515127675940134,0.1829268292682926,61.26470588235294,0.9615956752826678,2.0352941176470587,0.0774817301938337,0.7647058823529411,0.0223381395626519,0.1092436974789916,0.6554621848739496,0.8487394957983193,2.4285714285714284,1.0,4,2,3,1,4,copy,1,0,0,0.4820047864549787,0.0,,-0.08947260050513714,1.224089702800122,0.6616219737471891,-0.5189347734150266,-0.7760101902037464,-0.3498619009001606,-0.1953425937572113,-0.7147776093518903,-1.1267029182663038,-0.032809343567215855,0.0,0.2318561985700798,1.1893609852503677,-0.6064102176721266,-0.07297768873025445,-0.33400836826914254,0.03546932271662889,0.5812462196435892,-1.1013490088816618,0.5469174414558267,-0.17215115840186151,-0.5412580168639345,-0.10165328459288975,0.5058680696074461,0.0
G4_A_Roll18,school_a,4,sentence_03_dictated_hindi,dictated_hindi,devanagari,0.0,data/processed/school_a/G4_A_Roll18/sentence_03_dictated_hindi.json,0.4772321593928578,0.0137434762398598,,-0.2804878048780487,0.1265005119989262,2.781600991359352,25.08872864990955,19.56521821742372,0.3129999545638916,3.3947816222348277,1.0802680398350195,1.3066666666666662,7.978423892813111,0.2,0.8,0.3329775066656932,0.1829268292682926,57.57142857142857,0.891403147666202,5.788888888888889,0.0453292238362598,1.0,5.009747841805649e-05,0.1820128479657387,0.6638115631691648,1.0599571734475377,0.5,1.0,4,2,3,1,4,dictated,0,1,0,-1.1241203936468556,0.5445077677987639,,-1.3895341300491981,-0.7319835608550552,0.6678949136545486,1.907662511241329,-0.5199920172434459,-0.011788159394245943,0.2510473799290782,-0.22765570774944768,0.6193257318069848,0.7986406095404378,-1.5764963124482807,2.754170601196098,-0.07819642418094584,-0.7827592824497825,0.8688928580726074,-0.2920809206617841,4.616778416802357,-1.0650057570347355,0.0,-0.6777016317600874,1.0832691504684018,-0.26582698127767257,0.475845663954545,0.22483025315886518,0.0
G4_A_Roll18,school_a,4,sentence_05_own_hindi,own_hindi,devanagari,0.0,data/processed/school_a/G4_A_Roll18/sentence_05_own_hindi.json,2.9765496436435077,-0.0082947503881607,,-0.1124661246612466,0.2796765692891456,0.7520477639750367,22.80608957915633,19.64192372720511,0.2541007184044787,3.236692015209125,1.0816682292622366,-1.4916666666666665,-4.803760225338163,0.5,0.375,0.523497643390061,0.1829268292682926,,0.6857900547181052,1.7703703703703704,0.0811550390169427,0.875,0.0162721890736192,0.1294964028776978,0.9496402877697842,0.6906474820143884,,1.0,4,2,3,1,4,own,0,0,1,2.133703240175117,-1.3583140776095186,,-0.6489083513672542,2.172418632245609,0.011840156123690633,1.383385569583808,-0.3578582416373517,-1.046605155753253,0.14251397429745485,-0.016527668660104716,-1.114711118876174,-0.9414071857985609,0.5058680696074472,0.4215567246728719,1.046311354172171,-0.45846032443841905,,-0.6012021552004487,0.06281016887563658,0.6790326257212131,-0.03533046835353581,0.6018028356557408,-0.47212331662256307,-0.588813916222424,-0.6338621469676514,,0.0
G4_A_Roll19,school_a,4,sentence_01_copy_hindi,copy_hindi,devanagari,0.0,data/processed/school_a/G4_A_Roll19/sentence_01_copy_hindi.json,1.588892059673562,0.005156618328519,,-0.2298647854203409,0.2862620944992265,-3.177959099310094,23.38731813177245,19.69345406513317,0.2230330624171908,3.1965944272445825,1.0925885888125657,-0.0333333333333331,-266.37567456507867,0.45,0.4,0.3172056092241044,0.1851851851851851,48.44117647058823,1.075091122625982,1.606349206349206,0.0649118325310818,0.6842105263157895,0.0460492215811676,0.042016806722689,0.5798319327731093,0.7478991596638656,3.0,1.0,1,4,2,3,2,copy,1,0,0,-0.1686891624624081,0.27389606054539495,,-0.635244087307344,2.178996657924213,-0.49367722664993363,0.9826826839862272,-0.48839563302847994,-1.3065162308235065,0.004340463873510883,0.4027187810159366,0.6744907594765952,-5.0,-0.30352084176446764,0.3709699177121278,-2.271387523594249,-0.5709028455696257,-1.0371677580148304,0.6274178983135302,-0.2573358319288214,0.14560374103624038,-1.3110337629753785,2.0560252652499087,-0.76238370149396,-0.6911448523031777,-0.407166604530866,1.1803588290840414,0.0
G4_A_Roll19,school_a,4,sentence_03_dictated_hindi,dictated_hindi,devanagari,0.0,data/processed/school_a/G4_A_Roll19/sentence_03_dictated_hindi.json,1.866286414156471,0.0035861474711268,,-0.2381989832970225,0.2581459305911372,-5.275919516024374,22.23202054603193,21.15709146692951,0.2713837581649126,3.2777777777777777,1.0960787228995272,-0.0625000000000002,-155.03696667903714,0.4375,0.375,0.3291179461059205,0.1851851851851851,52.392857142857146,0.6053604955469534,1.7450980392156863,0.0705374953360726,0.8125,0.0298889263466072,0.0697269029633933,0.6013945380592679,0.6449738524113887,2.833333333333333,1.0,1,4,2,3,2,dictated,0,1,0,-0.048220631734891786,0.07885389441100371,,-1.0373644328081717,1.4348832123020148,-1.218606917419703,0.4218311019887955,-0.006040918669461111,-0.9078104003094721,-0.055768867816644224,1.8450590006049008,-0.09379416383011029,-5.0,0.030201078782534387,0.24590808939250883,-0.1071411947142219,-0.5662222365034079,0.37866147900440533,-1.9300843911081147,-0.6269355286303168,0.6798267349885618,-0.2865812229198148,1.843367719844762,-0.8194740277977722,-0.44279749329204754,-0.8000514560287479,5.0,0.0
G4_A_Roll19,school_a,4,sentence_05_own_hindi,own_hindi,devanagari,0.0,data/processed/school_a/G4_A_Roll19/sentence_05_own_hindi.json,0.670190962920585,0.020535309728785,,0.1203703703703703,0.1488446297345468,-8.373312814428548,21.34297242746404,29.813513540982477,0.3625017547597581,2.947368421052632,1.0813351086623215,0.903726708074534,1.631893600462939,0.5714285714285714,0.2857142857142857,0.3072664564487504,0.5679012345679012,,0.844709059208455,0.0896739130434782,0.0190999718229015,1.0,0.073654109360509,0.270906949352179,1.7879858657243817,1.8963486454652532,,1.0,1,4,2,3,2,own,0,0,1,-0.06025519320175071,0.2557297242028979,,0.9411018150597866,-0.027369565968971766,-1.5587765934856375,0.34688800542914894,1.4728593291889718,0.0834117146271544,-0.49542459085195595,-0.08256284367990975,0.566796379210616,0.28713264242499686,1.0117361392148938,-0.4817791139118534,-0.37759462991746057,5.0,,-0.06458141776605822,-1.0178534764177956,-0.7787209570416765,0.28264374682828763,5.0,0.6220994521117921,0.2123236570934355,0.3748858806810129,,0.0
G4_A_Roll20,school_a,4,sentence_01_copy_hindi,copy_hindi,devanagari,0.0,data/processed/school_a/G4_A_Roll20/sentence_01_copy_hindi.json,1.6948782383530228,-0.0087107066950798,,-0.2530864197530864,0.1705691340933409,-9.188328148036549,22.2130198033992,19.014252424976178,0.341159388523341,3.3527742749054226,1.089881621981365,-12.266666666666664,-2.928292273052832,0.3846153846153846,0.3846153846153846,0.4849590477288513,0.1851851851851851,120.67647058823528,1.2397473363837768,2.0285714285714285,0.0801721802322646,1.4285714285714286,0.0137449800102001,0.1153846153846153,0.8489010989010989,0.6263736263736264,0.5714285714285714,1.0,1,0,4,0,0,copy,1,0,0,0.0,-0.2784093007910988,,-0.8373124930993302,-0.1320798800304848,-1.694372273045278,-0.06963620464014504,-0.6764834992926807,-0.02892370532213406,0.49860841178438586,0.16021680811134834,-5.0,0.547255058806978,-0.7004327117641564,0.28536147516317495,0.20635351597877713,-0.5709028455696257,4.39414143960654,2.0222298715545026,0.030880299831458596,0.6744907594765952,0.6279741553747612,0.0,-0.11823568571556492,-0.15789361083663894,-0.7753493234304786,-1.686226898691488,0.0
G4_A_Roll20,school_a,4,sentence_03_dictated_hindi,dictated_hindi,devanagari,0.0,data/processed/school_a/G4_A_Roll20/sentence_03_dictated_hindi.json,0.7806844392854282,-0.0131546044824339,,-0.1186258722490606,0.2624394532459597,-6.351213229807963,24.478548563858578,24.245998960575378,0.266815747267269,3.4729729729729737,1.1076805951588584,-0.4545454545454545,-7.794874481111572,0.7727272727272727,0.0454545454545454,0.4945038152582653,0.4567901234567901,75.89285714285714,,,,,,0.3316526610644257,1.699719887955182,2.010644257703081,0.6666666666666666,1.0,1,0,4,0,0,dictated,0,1,0,-0.8890797286991644,-0.6886112697171463,,-0.04159238852822585,1.5055540467299922,-1.4703647079380717,1.590295561525913,0.9912416226670255,-1.006162477510171,0.4560865985203451,3.36601613941102,-0.2979880143210064,-0.818163787196936,2.298027540089187,-1.6990013448936967,1.1331699645289814,5.0,2.603297668155282,,,,,,3.6189928651737886,2.67127593759032,3.3988038921993375,0.6744907594765952,0.0
G4_A_Roll20,school_a,4,sentence_05_own_hindi,own_hindi,devanagari,0.0,data/processed/school_a/G4_A_Roll20/sentence_05_own_hindi.json,,,,,,-12.086878341178922,18.53220977359284,24.15189517157931,0.4257990077098414,3.807829181494661,1.0855020894619156,,,,,,0.6049382716049383,,,,,,,0.276056338028169,1.7253521126760565,2.3464788732394366,,1.0,1,0,4,0,0,own,0,0,1,,,,,,-2.1979390865151776,-1.644305003814652,0.4538618648849789,0.7432482446756663,1.4018320241299904,0.7434662475126137,,,,,,5.0,,,,,,,0.6619449832606862,0.1524697564535283,0.7514866447979299,,0.0
G4_A_Roll22,school_a,4,sentence_01_copy_hindi,copy_hindi,devanagari,1.0,data/processed/school_a/G4_A_Roll22/sentence_01_copy_hindi.json,0.5288552768659858,0.0208471815517634,,0.0663414634146341,0.1735067734592752,-4.238855064420882,21.523329903246232,27.465500901603946,0.4040219879464346,3.062381852551984,1.080163184664208,-0.273972602739726,-5.474684823169593,0.7083333333333334,0.0,0.5126891437925827,0.8902439024390244,65.73529411764706,1.0763300838057317,0.0421917808219178,0.0154076962209487,0.7916666666666666,0.0031473901849268,0.8179271708683473,5.643697478991596,3.72156862745098,3.571428571428572,1.0,0,1,1,1,1,copy,1,0,0,-1.855859313317266,0.8988170295022568,,1.942262888732927,-0.07339774939985137,-0.7056130528400477,-0.6876850357503913,1.6638778886304595,0.6509652728922648,-0.4204068698619083,-0.7104034727861307,0.5161572688203522,-0.6643916101683685,1.2646701740186157,-1.8548495885606375,0.6159307959489012,5.0,0.26316196845152406,0.6379132075913057,-1.3250565224146995,-1.5700907874378311,-1.0311180575906573,-0.6744907594765952,5.0,5.0,5.0,1.8548495885606373,0.0
G4_A_Roll22,school_a,4,sentence_03_dictated_hindi,dictated_hindi,devanagari,1.0,data/processed/school_a/G4_A_Roll22/sentence_03_dictated_hindi.json,0.8274111252453483,0.1318103281886951,,0.0505226480836236,0.262164733673737,-2.9800929937758087,19.926269316576175,29.37428548297336,0.4764824953121484,3.9146800501882058,1.0786002994781017,0.0751633986928104,34.1408070641912,0.3333333333333333,0.1666666666666666,0.6013961920890404,0.6219512195121951,19.964285714285715,,,,,,1.4138613861386138,2.3227722772277226,0.9089108910891088,0.3333333333333333,1.0,0,1,1,1,1,dictated,0,1,0,-0.8528873120769869,5.0,,1.3670300551166896,1.5010321976648968,-0.681086605298642,-0.7774365424715184,2.646956669582269,3.508091243024222,1.6143639924196163,-0.44628952346735207,-0.022093244651389708,3.4803534090991204,-0.6744907594765952,-0.9836323575700352,1.934809236981662,5.0,-2.6912012257813043,,,,,,5.0,4.43781159268129,0.011442622010324394,-0.224830253158865,0.0
G4_A_Roll22,school_a,4,sentence_05_own_hindi,own_hindi,devanagari,1.0,data/processed/school_a/G4_A_Roll22/sentence_05_own_hindi.json,0.382052310226818,-0.0085828966794766,,-0.1162123385939741,0.1103572331105421,-8.439581712452679,21.248421288980985,30.01148015875052,0.3863530305054688,2.7999999999999994,1.0806314373385877,-0.7198275862068965,-3.4055298377145142,0.75,0.0625,0.5385059936753555,0.7073170731707317,,,,,,,0.2944162436548223,6.182741116751269,3.312182741116751,,1.0,0,1,1,1,1,own,0,0,1,-0.3343514265166781,-1.3744458766285674,,-0.6744907594765952,-0.6744907594765952,-1.5701825034571488,0.27990633918842145,1.508490039060315,0.3320471970815202,-0.8203617925645825,-0.22205304341846344,-0.5728989828007217,-0.6744907594765952,2.276406313233511,-2.7401187103736664,1.1451429801038386,5.0,,,,,,,0.8040123698125331,4.412027991092426,1.5594413035010741,,0.0
G4_A_Roll23,school_a,4,sentence_01_copy_hindi,copy_hindi,devanagari,1.0,data/processed/school_a/G4_A_Roll23/sentence_01_copy_hindi.json,2.1186558960757718,0.0020299688718618,,-0.226890756302521,0.1885985505927239,-5.209706698841705,22.259542274194168,21.79013526718624,0.3536207800553857,3.408710217755444,1.0823767652646432,-0.2358974358974361,-37.99285037041915,0.3846153846153846,0.3846153846153846,0.4281275249674348,0.1764705882352941,49.8235294117647,0.5038157872242515,2.085714285714286,0.0765197191772533,1.0714285714285714,0.0145988292219737,0.0536352800953516,0.6257449344457688,0.7419547079856973,2.0,1.0,1,3,0,1,2,copy,1,0,0,0.6744907594765952,0.1493684205720833,,-0.6093648871612378,0.2280748028348837,-0.8995606688322648,-0.027946223840348186,0.09222766087179313,0.10585218421480082,0.6756308900427782,-0.5121012045050034,0.5412095975127134,-5.0,-0.7004327117641564,0.28536147516317495,-0.633055783422294,-0.7079195285063344,-0.9332298377020436,-4.21188734046532,0.0698869943554064,0.5479052271427075,-0.3023579266619221,0.05434380956641865,-0.6603768853457423,-0.6001527646785595,-0.4251763537743293,0.0,0.0
G4_A_Roll23,school_a,4,sentence_03_dictated_hindi,dictated_hindi,devanagari,1.0,data/processed/school_a/G4_A_Roll23/sentence_03_dictated_hindi.json,0.2249569373708731,-0.002621721008262,,0.0571428571428571,0.0865668588885775,-7.122799904545489,19.068449978252623,23.77553875536409,0.3478008040556986,3.0832196452933154,1.0827606003870502,2.118421052631579,0.1044512944575299,0.0,0.6666666666666666,0.2334423699231825,0.4470588235294118,42.285714285714285,0.4603646022713354,0.5413533834586466,0.0112950603457737,1.0,7.058254976471456e-05,0.15,3.4,5.9,0.1666666666666666,1.0,1,3,0,1,2,dictated,0,1,0,-1.3195215814542613,-0.20574041859455633,,1.4221613388200078,-1.3892863897794399,-1.6510157746515797,-1.2236056539097095,0.8393491655390785,0.7374954812454206,-0.5659537805800047,0.09910860069814498,1.042121741303457,-0.00846220529354576,-2.929504641905809,1.9672647151400697,-0.8246600819969248,5.0,-0.5781349366942247,-2.760393348972604,-2.187870026180642,-3.4207370612407444,0.0,-0.675970857212412,0.5407949513831187,5.0,5.0,-0.6744907594765952,0.0
G4_A_Roll23,school_a,4,sentence_05_own_hindi,own_hindi,devanagari,1.0,data/processed/school_a/G4_A_Roll23/sentence_05_own_hindi.json,0.7335331328474767,-0.0013887330421808,,0.0029411764705882,0.1899735913171193,-6.858245258395629,18.318357771994062,26.662187719395583,0.4279618093449837,3.456221198156681,1.0904820105488615,1.324675324675325,1.6427263425784917,0.3636363636363636,0.4545454545454545,0.3608082246419218,0.3294117647058823,,0.7323605948003528,0.5267857142857143,0.0140934727751507,0.0,0.0004544225778546,0.0853658536585365,2.475609756097561,3.158536585365854,,1.0,1,3,0,1,2,own,0,0,1,0.0,-0.9716824005587952,,0.13919311036711415,0.6641664962660979,-1.298009858861846,-1.7958014704443785,0.9056729150097947,0.7657941761277142,0.6265606777344245,1.7306461476602448,0.8622920011770772,0.28920056831070506,-0.45988006327949676,1.22634683541199,-0.025016238208917237,4.907709699339505,,-0.44394772460671145,-0.7367968760590922,-0.8963300783264334,-2.2611499746262997,-0.6567998218030243,-0.8136017491457876,0.869428971863061,1.43089348313909,,0.0
G4_A_Roll24,school_a,4,sentence_01_copy_hindi,copy_hindi,devanagari,0.0,data/processed/school_a/G4_A_Roll24/sentence_01_copy_hindi.json,0.4720327658249229,-0.033665212954039,,-0.0339539978094194,0.1796609912065106,-3.2321909234360278,22.40845392407228,25.86394279876632,0.4025939826845107,3.193851409052092,1.078251300840327,1.002,3.772419299971861,0.4,0.6,0.3516057888530662,0.6024096385542169,35.38235294117647,0.4292540425535128,0.1090909090909091,0.0179219443147912,1.0,0.0227580954308265,0.4986149584487534,2.326869806094183,2.0498614958448758,0.4285714285714285,1.0,3,2,3,1,1,copy,1,0,0,-1.9462988585103922,-1.2722929497914501,,1.0695188058955691,0.04953858307190891,-0.5045111508328072,0.10549732974141816,1.2203665240359305,0.6355207152805161,-0.0043404638735094776,-0.8816784193098913,1.3557093364104693,3.735645967682219,-0.6070416835289353,1.48387967084851,-1.7632922046839856,5.0,-2.01904938820371,-4.843504039519652,-1.2793900298593284,-1.4829529840266653,-0.48842434306925864,0.5736458162223441,3.2464152364393852,2.77119952644433,3.5373545167643696,-1.8548495885606369,0.0
G4_A_Roll24,school_a,4,sentence_03_dictated_hindi,dictated_hindi,devanagari,0.0,data/processed/school_a/G4_A_Roll24/sentence_03_dictated_hindi.json,1.7322161070977538,-0.0257310549905935,,0.1295180722891566,0.1614562725118489,-2.3105987433075503,20.504598641205224,20.560291687763595,0.3042020976129829,3.8793103448275854,1.077166425773397,3.466666666666667,2.2750902186415773,0.3333333333333333,0.3333333333333333,0.1023986211504105,0.180722891566265,7.714285714285714,0.5196747004798737,2.1166666666666667,0.0752532158126911,1.25,0.0010755544769887,0.1081730769230769,0.5769230769230769,0.6490384615384616,0.6666666666666666,1.0,3,2,3,1,1,dictated,0,1,0,-0.15206553984360013,-1.265167668149495,,2.0248822625277128,-0.1566162081899646,-0.52433836888464,-0.4766358151381047,-0.19872328344081433,-0.2012114172246574,1.5216149008579207,-0.6342643949854223,1.7443450680768273,0.2140339697709994,-0.6744907594765952,0.0,-1.807422544019682,-0.9940785682528688,-3.8508520052322934,-2.420758172266168,-0.14511051198598587,1.0062331810221437,0.38210829722641976,-0.5910612270074311,-0.16798380584083372,-0.5121812391432243,-0.78755451261873,0.6744907594765952,0.0
G4_A_Roll24,school_a,4,sentence_05_own_hindi,own_hindi,devanagari,0.0,data/processed/school_a/G4_A_Roll24/sentence_05_own_hindi.json,0.5589028904411375,-0.0251870226647875,,0.072289156626506,0.1484178915030713,1.8989064480558189,17.541474620396126,27.21335735942797,0.4779384257275633,3.1007751937984493,1.072971843465088,0.4976415094339622,3.965300791473122,0.625,0.25,0.2621804723948961,0.6385542168674698,,0.6264065096919023,0.0628930817610062,0.0171571293792313,1.1111111111111112,0.0035517274097685,0.5151883353584447,2.060753341433778,2.447144592952612,,1.0,3,2,3,1,1,own,0,0,1,-0.16611964836707135,-2.304023772838059,,0.6127614547717025,-0.03454467724931006,0.2092324063450303,-2.346158968019123,1.0048743144947188,1.2867709263107336,-0.15717324023194926,-1.7404299379909471,0.28173451272283756,0.7325704716206067,1.391137191420479,-0.8431134493457433,-0.6744907594765952,5.0,,-0.80172217371947,-1.0350731656909762,-0.8243608324147548,0.5652874936565753,-0.4103506095548527,2.5123280185806878,0.47298498735592215,0.835708464673977,,0.0
G4_A_Roll25,school_a,4,sentence_01_copy_hindi,copy_hindi,devanagari,0.0,data/processed/school_a/G4_A_Roll25/sentence_01_copy_hindi.json,0.4723905156053746,-0.0098230360213542,,0.1332033788174139,0.1660216624083638,-9.244543086281318,20.852285437834727,30.420254942413028,0.346507965599181,3.0406852248393985,1.1432960949541031,-0.5783730158730158,-4.194991273896342,0.6111111111111112,0.0555555555555555,0.5166538984152756,0.691358024691358,62.70588235294117,0.8394518348396611,0.106203007518797,0.0170514919825205,0.875,0.0460055768873906,0.4705882352941176,1.9137254901960783,2.47843137254902,2.7142857142857144,1.0,3,4,3,2,4,copy,1,0,0,-1.9457294586925344,-0.3227109558996144,,2.524077263209859,-0.2229199370338947,-1.7056023651305914,-1.2890252139646812,2.482122942842705,0.02892370532213406,-0.48907096332020084,4.945319798014659,0.31587083972884245,-0.055476686106453815,0.6744907594765952,-1.5457079904671982,0.6744907594765952,5.0,0.03538312180860762,-1.3686956553104157,-1.2813613610120038,-1.5131207723185025,-0.8140405717820978,2.0532474692474088,3.0003487607181643,1.9524148157030328,4.835781424849185,0.8431134493457441,0.0
G4_A_Roll25,school_a,4,sentence_03_dictated_hindi,dictated_hindi,devanagari,0.0,data/processed/school_a/G4_A_Roll25/sentence_03_dictated_hindi.json,1.990798150379388,0.0133454655747649,,-0.1604938271604938,0.1442385363647891,-7.773011107665732,21.08401518909251,21.19451283584588,0.2851466898296875,3.7266112266112255,1.087456466737588,4.233333333333333,1.8749418739827808,0.25,0.75,0.4125523857516121,0.1851851851851851,53.60714285714285,1.5936293032134563,4.413333333333333,0.0405722159510425,1.0,0.0001056187799415,0.0756302521008403,0.4957983193277311,0.6974789915966386,0.8333333333333334,1.0,3,4,3,2,4,dictated,0,1,0,0.048220631734891786,0.5262613161901882,,-0.3902572236787958,-0.4400179457135275,-1.8032492842215868,-0.17526960109508702,0.006040918669461111,-0.6114860377077699,1.1211958317014195,0.7147171239677681,2.14365748681458,0.17301771637525834,-1.2382442300838985,2.4590808939250874,0.5185753014298967,-0.5662222365034079,0.49361228513074124,3.729168607345874,2.8330511871987354,-1.3942699798117635,0.0,-0.6730106617407783,-0.7194387357586292,-0.7421936414230951,-0.6386204960963926,1.1241512657943256,0.0
G4_A_Roll25,school_a,4,sentence_05_own_hindi,own_hindi,devanagari,0.0,data/processed/school_a/G4_A_Roll25/sentence_05_own_hindi.json,0.0244870568049659,0.0165832584411235,,0.1172839506172839,0.0730380220135755,-4.749726770644542,21.76370580949045,30.589143993422116,0.4546669920690693,3.004115226337448,1.092618474543209,2.4379084967320264,0.127761421527548,0.0,1.0,0.2619223916709106,0.6296296296296297,,0.929503105976018,0.7205882352941176,0.0126326815655995,0.75,8.634801345284249e-05,0.2792990142387733,1.7875136911281488,1.7875136911281488,,1.0,3,4,3,2,4,own,0,0,1,-0.6744907594765952,0.03447510803421672,,0.9200250556600105,-1.3019702604093637,-0.9351009715615111,0.644942829763981,1.612459954434977,1.044179955631735,-0.3703018000690248,2.1541617568006424,1.6437544305513452,0.0,-3.0352084176446796,5.0,-0.6761902492331812,5.0,,0.22174207168934534,-0.6121846428940981,-0.9306459483380329,-0.3533046835353592,-0.6860871187815878,0.6870365356925041,0.21187243886057947,0.28382928319663925,,0.0
G4_A_Roll26,school_a,4,sentence_01_copy_hindi,copy_hindi,devanagari,0.0,data/processed/school_a/G4_A_Roll26/sentence_01_copy_hindi.json,0.872984755894236,-0.0078445104467315,,0.1674679487179487,0.1771810796865857,-1.2236464889854632,21.32660221450951,33.142007526003454,0.4488371896502173,2.239185750636133,1.100165237246402,0.3283018867924528,3.3171426053272346,0.6,0.0666666666666666,0.3012161207508746,0.6794871794871795,30.176470588235293,0.9003018197638806,0.0660377358490566,0.0221768709670812,0.9333333333333332,0.0010802969431366,0.4024297646165528,3.5413819286256647,2.3743356112376617,2.2857142857142856,1.0,1,1,1,3,4,copy,1,0,0,-1.3081377677422845,-0.24391059025260672,,2.822238319220706,0.0,-0.10326301891971963,-0.863977769693261,3.235844084959308,1.1356630419072629,-3.0256050059604793,1.0814682108324554,0.9124359913084588,3.5190122477544046,0.6070416835289353,-1.4838796708485105,-2.507554437041929,5.0,-2.4104751732114393,-0.8532320380752838,-1.3087788644556302,-1.3354874403262662,-0.6620863317161064,-0.8060523044647787,2.401937216934016,5.0,4.5204052286879515,0.33724537973829743,0.0
G4_A_Roll26,school_a,4,sentence_03_dictated_hindi,dictated_hindi,devanagari,0.0,data/processed/school_a/G4_A_Roll26/sentence_03_dictated_hindi.json,2.8348886160736773,-0.0652189047170229,,-0.1086369770580296,0.2084562828546532,-0.2802647232528863,21.61271240641714,22.134612209562523,0.3079169630235792,2.794392523364486,1.087456466737588,0.8703703703703705,5.676023598902197,0.5,0.3888888888888889,0.3274163902600851,0.1923076923076923,37.75,0.942408901125786,1.8842105263157896,0.061020225823104,0.5789473684210527,0.0069508995814581,0.1257861635220125,0.7337526205450733,0.90146750524109,0.1666666666666666,1.0,1,1,1,3,4,dictated,0,1,0,0.7020156350317162,-3.0754536789231013,,0.04159238852822585,0.6169979580981353,-0.048977636880851064,0.09971646780675537,0.30956075358118235,-0.12122808578347331,-1.3233379008080308,0.7147171239677681,0.3920841717716843,0.562638548969618,0.45301618173801206,0.3278774525233451,-0.11990201106740785,0.11670229301978312,-1.0075100066367193,0.0,-0.4465438823488119,0.021073076226449477,-0.6435508163813385,-0.09465593783167281,0.1304790193474484,-0.06752363835403298,-0.011442622010324735,-0.6744907594765952,0.0
G4_A_Roll26,school_a,4,sentence_05_own_hindi,own_hindi,devanagari,0.0,data/processed/school_a/G4_A_Roll26/sentence_05_own_hindi.json,2.0854874618373405,0.0508994617236848,,1.0408340855860842e-18,0.2051282051282051,-0.0882513647824258,20.30448442378402,20.312499310077776,0.2694187271120929,3.3220502901353965,1.0818349799946332,0.8888888888888888,6.110544165620604,0.3333333333333333,0.3333333333333333,0.2575542858275272,0.1923076923076923,,0.4655886982089821,1.913333333333333,0.0697315696254136,0.8888888888888888,0.0277709741175511,0.199203187250996,0.8366533864541832,0.9760956175298804,,1.0,1,1,1,3,4,own,0,0,1,1.2860669185670413,1.9556592812644753,,0.11910819846850383,0.9189738523568027,-0.1327884177248929,-0.38879490620454166,-0.23716575161290468,-0.886923949353098,0.3307230817808943,0.0165276686600607,0.5563805934449007,1.1420886026000658,-0.6744907594765952,0.0,-0.7049547033228617,-0.11481197664882599,,-1.34475460000043,0.15473329754291876,0.41068059282416725,0.0,1.5167487869513903,0.06726184592812044,-0.6967861585968702,-0.3950424025517909,,0.0
G5_A_Roll01,school_a,5,sentence_01_copy_hindi,copy_hindi,devanagari,0.0,data/processed/school_a/G5_A_Roll01/sentence_01_copy_hindi.json,1.736824538751175,0.0088794366292035,0.0653940872829356,-0.0938644688644688,0.2943667472488963,3.5554108631259926,22.846007113745078,32.72382780619471,0.426236189313824,3.761946133796697,1.08343408765981,0.8558758314855875,8.013065105923427,0.3181818181818182,0.4090909090909091,0.4166276581390803,0.2252747252747252,48.70588235294117,0.8630566396031332,1.227642276422764,0.0473906899137722,0.4761904761904761,0.0265115457301397,0.4716425896201177,1.0200642054574638,1.2504012841091492,0.8571428571428571,2.0,0,2,0,1,3,copy,1,0,0,0.12985663147397336,0.5080479065410569,0.0,-0.15146804692338434,0.9236262699826263,-0.10714219417345212,1.3919990462823022,2.0092942460225336,1.119024879817173,1.2988984971182345,-1.1334288069381195,1.2035326605571037,0.30116087603574726,-0.763239543618252,0.3434112657221315,0.473274368441256,0.5337462992326846,0.5819721154775901,0.04276036705127739,-0.22852214149474587,-0.10037939187191652,-0.6147328748033509,0.09914524085133267,0.6667051263942197,0.09372149251502496,0.08629624949902553,-1.226346835411991,5.0
G5_A_Roll01,school_a,5,sentence_03_dictated_hindi,dictated_hindi,devanagari,0.0,data/processed/school_a/G5_A_Roll01/sentence_03_dictated_hindi.json,2.053132450436548,-0.0121606076549862,,-0.0796703296703296,0.3616611463642879,8.17462738763022,20.35293905028141,20.159513489796264,0.2667257930354658,3.393876491956409,1.1000436654708683,-0.7473684210526317,-17.288439287804405,0.2631578947368421,0.3684210526315789,0.3993827471846867,0.1648351648351648,63.42857142857143,0.1389960403879511,1.73,0.062587866482775,0.5555555555555556,0.0070146756685826,0.2100840336134453,0.6638655462184874,0.5630252100840336,0.1666666666666666,1.0,0,2,0,1,3,dictated,0,1,0,0.6108721260659146,-0.8718700266060218,,-0.14276263577450427,1.823428460216118,0.18749197523752578,0.7266697645196343,-0.6820768013224714,-0.6926668580116133,-0.047726476835031895,0.10605732944413206,-0.6809424369471632,-1.316381181539913,-0.8983621983667361,0.11646960389136736,0.274625520219876,-0.7225448950639951,2.510460988527212,-3.1279330706487705,0.43249451236619985,0.17285925908652483,-0.7879212907541518,-0.8494283353517588,2.143367584211626,-0.6947329050744074,-1.2475139535267568,-0.6744907594765953,0.0
G5_A_Roll01,school_a,5,sentence_05_own_hindi,own_hindi,devanagari,0.0,data/processed/school_a/G5_A_Roll01/sentence_05_own_hindi.json,0.7173724073468944,0.0231796996348359,,0.1604395604395604,0.1745489468972507,7.387293943120182,20.760180107310696,26.358919176817597,0.4924092264131917,2.587800369685767,1.0863508543442937,2.5170454545454546,0.8824270102988369,0.25,0.75,0.2767325263798744,0.4835164835164835,,0.8725194574983742,0.1454545454545454,0.0257412407547354,1.8,0.0131012852567598,0.7307692307692307,1.3461538461538465,1.0,,1.0,0,2,0,1,3,own,0,0,1,-1.188128596502086,0.18148660853138834,,0.9224725010334808,-0.4595815133492092,0.1487524030032645,0.02591288517771787,0.49012360487285034,3.484406055380092,-0.6634893095428288,-0.5841354803933807,2.580376955803099,0.6723448297736435,-1.1524156404771542,2.028188997027524,-0.3345014718286147,1.7538238622531401,,0.5798215176310231,-1.0493268227317203,-0.41879415403657655,2.8103781644858152,-0.45098830388189787,3.5203368350740503,0.23943754603428358,-0.299978272996079,,0.0
G5_A_Roll02,school_a,5,sentence_01_copy_hindi,copy_hindi,devanagari,0.0,data/processed/school_a/G5_A_Roll02/sentence_01_copy_hindi.json,2.178235978328798,0.0138819071502297,,-0.2238095238095238,0.1555359474795079,-0.2557998132903386,23.1430980941086,19.27056816025586,0.2622925476578139,3.020757465404224,1.0925119217794834,-0.4771929824561405,-12.44883704726254,0.4210526315789473,0.3157894736842105,0.4015693470510428,0.1785714285714285,45.61764705882353,0.9614828329486704,2.2233333333333336,0.0825168711821731,1.0526315789473684,0.0030287358356196,0.3737024221453287,0.9238754325259516,1.204152249134948,2.857142857142857,1.0,2,1,0,4,1,copy,1,0,0,0.47567873861202503,0.8268920755833441,,-0.9487334459045484,-0.6751383367089151,-0.7159137422647992,1.7233636468263436,-0.6648271321507376,-0.2673758335296796,0.3502406099118282,-0.5728960666127675,-0.7017137340435223,-0.8198310963765908,0.0,-0.11841767783521777,0.32419020216829686,-0.5337462992326846,-0.044767085805969796,0.6091099584779704,0.6713848253496756,0.7901324094668407,0.542682996762644,-1.389727671007627,0.25581242488963113,-0.10109579106056783,-0.0066900848084144055,0.49053873416479665,0.0
G5_A_Roll02,school_a,5,sentence_03_dictated_hindi,dictated_hindi,devanagari,0.0,data/processed/school_a/G5_A_Roll02/sentence_03_dictated_hindi.json,2.3674151105492744,0.0303601632800342,,-0.1428571428571428,0.2620670492870011,-4.836427975279382,19.51163400245657,19.261882434516583,0.2969363854974581,3.434010152284264,1.0820886187973473,-2.106666666666667,-6.746474580217015,0.5,0.5,0.5621598721867197,0.1785714285714285,48.5,0.5547166723980301,1.7939393939393935,0.0776247041725951,2.1818181818181817,0.0044209712947791,0.1119402985074626,1.021455223880597,0.9654850746268656,1.8333333333333333,1.0,2,1,0,4,1,dictated,0,1,0,0.8907559031264175,1.1007261334193696,,-0.5304392568435692,0.6161723921222862,-1.7082416457045424,-0.0825730200954623,-0.7867357041401999,-0.29298366926483393,0.04229208944382996,-1.3360679199306693,-1.9193202579008743,-0.4239998008171109,0.6065084892526696,0.8851689895743916,1.6193747189737164,-0.6354467743118336,0.3509965430031382,-1.0608033495547793,0.500425166211379,0.6900172127833827,2.798095043137536,-1.0073260259732681,0.11486266068246737,-0.4309579214005516,-0.8960385180095174,5.0,0.0
G5_A_Roll02,school_a,5,sentence_05_own_hindi,own_hindi,devanagari,0.0,data/processed/school_a/G5_A_Roll02/sentence_05_own_hindi.json,2.1178414004281008,0.0277482470441857,,-0.3197278911564626,0.1609333836119108,-1.4343625002798082,21.09566306513649,19.04257408919194,0.2577867563523727,3.206168831168831,1.0790065949302077,-0.7999999999999997,-8.782215826021064,0.3076923076923077,0.3846153846153846,0.3929008847961083,0.1785714285714285,,0.6435344912377223,2.0190476190476185,0.0792547392094717,0.9166666666666666,0.009954863796138,0.2078891257995735,1.199360341151386,1.0714285714285714,,1.0,2,1,0,4,1,own,0,0,1,0.28340381113457697,0.5472466191387338,,-1.5999315673532906,-0.6735876680047693,-0.9309869378368498,0.1765322703691459,-0.7854182823632546,-1.354042920181017,0.5071035304815216,-1.3191331079141873,-0.28700249460582195,-0.6766366891795469,-0.7477211847911968,0.05660062317286132,0.7105510031396647,-0.6264272849295701,,-0.3939358539253221,0.873653393982653,0.9605554297826143,-0.16862268986914866,-0.6405942865366091,0.12510777342091883,0.004670745982258647,-0.18370703117902273,,0.0
G5_A_Roll03,school_a,5,sentence_01_copy_hindi,copy_hindi,devanagari,0.0,data/processed/school_a/G5_A_Roll03/sentence_01_copy_hindi.json,0.3511706165346191,-0.0019952819232763,,0.0738372093023255,0.1639786607063871,3.80591242034036,23.224200005981267,28.888337071548943,0.4883224473616424,2.1691176470588225,1.1256193538977173,-0.2105263157894737,-11.962536395845149,0.631578947368421,0.0526315789473684,0.4662304821143327,0.7325581395348837,59.02941176470589,1.2492123666587434,0.0722222222222222,0.0157806907426872,0.5882352941176471,0.0201886669028931,0.9176470588235296,3.5294117647058827,2.2588235294117647,2.857142857142857,1.0,1,4,1,0,2,copy,1,0,0,-0.9557286438047136,-0.18507773725041896,,0.8774494860292463,-0.5779127130432562,-0.06712912910508988,1.8138218041159433,1.2469089179137494,1.6440616032732704,-0.739785270387506,1.471402100298108,-0.32058884393035314,-0.7931894321590289,1.5619786008931682,-1.4210121340226125,0.9643650102735606,5.0,2.677071731196929,2.264721115622059,-1.2727923990111956,-0.9017496600223606,-0.3897620148570193,-0.3017421765037271,2.5378473345314836,5.0,2.1137869436740466,0.49053873416479665,0.0
G5_A_Roll03,school_a,5,sentence_03_dictated_hindi,dictated_hindi,devanagari,0.0,data/processed/school_a/G5_A_Roll03/sentence_03_dictated_hindi.json,0.5929257740501728,0.012402831406134,,0.1104651162790697,0.1779058202279399,6.8878071070971085,20.88734798438712,26.00950142650496,0.4835225878975642,2.197253433208489,1.0935479632400371,-0.5244565217391305,-4.253005944449998,0.6521739130434783,0.0,0.4037937058439112,0.7441860465116279,77.96428571428571,0.815649584061771,0.0182291666666666,0.0156498202144471,0.65,0.0191785809090824,0.1727395411605937,2.677462887989204,2.763832658569501,0.5,1.0,1,4,1,0,2,dictated,0,1,0,-0.6895119286235621,0.26766118375302117,,1.0237951238832672,-0.40401010324126774,0.0,1.2407122929426062,0.0,2.1755335716747144,-2.731715209603357,-0.41566875514002316,-0.47786032967069336,-0.21292671855064518,1.5734060808148964,-2.0358886760211004,0.3110657333189489,2.9509702629853245,4.613097422326966,0.2366597431565647,-1.3861294184715085,-1.4414684645604896,-0.5796650626678954,-0.10892276123450513,1.3715049001034365,0.7905913062501909,0.6744907594765952,0.6744907594765952,0.0
G5_A_Roll03,school_a,5,sentence_05_own_hindi,own_hindi,devanagari,0.0,data/processed/school_a/G5_A_Roll03/sentence_05_own_hindi.json,2.0253048486768934,0.0213040427158929,,-0.2948504983388704,0.2013293148247503,8.46157175844544,24.23670877035942,21.16211923111953,0.3024613299804007,3.488675958188153,1.1155032308816908,0.6102564102564103,7.180761186311578,0.4615384615384615,0.3846153846153846,0.2430937307910567,0.1744186046511628,,0.8929428461385048,1.690476190476191,0.073046197401526,0.4545454545454545,0.0314422630075031,0.0635593220338983,0.5720338983050848,0.8421610169491526,,1.0,1,4,1,0,2,own,0,0,1,0.18617171569685032,0.03132065136865611,,-1.4692462477936792,-0.03865412016554807,0.28024018283697977,1.5867451051579786,-0.41589380285379884,-0.4327516007769997,1.0418992724110692,2.333371429899585,0.9320764435604957,1.5514602350220479,0.3314640303713554,0.05660062317286132,-0.6371166336878129,-0.6588421863682613,,0.666671871019942,0.5364209576411083,0.8005257212753771,-1.727105126538555,0.6542543194603162,-0.8120721642941537,-0.9986122097083021,-0.5569081569265656,,0.0
G5_A_Roll04,school_a,5,sentence_01_copy_hindi,copy_hindi,devanagari,0.0,data/processed/school_a/G5_A_Roll04/sentence_01_copy_hindi.json,0.3445585257704737,-0.0086579087035023,,0.0239463601532567,0.2051936322448778,13.094331799264085,23.12002400055549,27.520433606787226,0.2156189383732059,1.8040089086859683,1.1013628294200637,0.0224403927068724,65.34761045180876,0.6956521739130435,0.0434782608695652,0.3447276216921979,0.7126436781609196,49.26470588235294,0.8734753593403137,0.023521505376344,0.0147009041211773,0.4166666666666667,0.0277299677298366,1.0210107893242475,3.1334469051675184,2.4293015332197614,3.4285714285714284,1.0,0,3,0,4,0,copy,1,0,0,-0.960908861070566,-0.609735851766257,,0.5713489747850123,-0.10328433179793481,1.4165268334527177,1.6976276322769068,0.975009021928257,-0.662074429663253,-1.2070931221070937,-0.026375448507489085,0.012371447978509021,3.442196572203486,2.03736339246935,-1.4663197672813046,-0.23856887387256864,5.0,0.6953820661860463,0.10271023878538499,-1.316808174864307,-0.929124190775787,-0.7342486441498394,0.1763964522144612,2.971493749052522,4.374090855437648,2.4565427365894674,0.9810774683295929,0.0
G5_A_Roll04,school_a,5,sentence_03_dictated_hindi,dictated_hindi,devanagari,0.0,data/processed/school_a/G5_A_Roll04/sentence_03_dictated_hindi.json,1.587527807457343,-0.0194891486870497,,0.0875331564986737,0.3333107709062733,15.48617167816226,20.133582206953424,20.22457691549803,0.2905191173556404,3.703703703703704,1.1011523436589057,0.7786666666666666,4.554582620298392,0.52,0.32,0.2327312965153222,0.1724137931034483,41.07142857142857,0.7588084162941373,1.3666666666666667,0.0571600258574437,0.28,0.0661047511663058,0.1019021739130434,0.3260869565217391,1.059782608695652,4.333333333333333,1.0,0,3,0,4,0,dictated,0,1,0,0.19622886815539062,-1.2118509719310442,,0.8830982880439351,1.4797719202319615,1.2527968214593923,0.5156726438223678,-0.6744907594765952,-0.3778835002493359,0.6472064340390722,0.19510487342839353,0.7093396536289546,0.5326390523716984,0.7335864584294195,-0.16641177003998536,-1.1021306103236146,-0.6744907594765952,-0.7235694968748698,-0.04597734104597422,0.0464809864876673,-0.013819017868567863,-1.3955394621117,2.747815264950695,-0.09261247912945941,-0.9438942974421901,-0.8136867861351429,5.0,0.0
G5_A_Roll04,school_a,5,sentence_05_own_hindi,own_hindi,devanagari,0.0,data/processed/school_a/G5_A_Roll04/sentence_05_own_hindi.json,2.331372440134131,-0.019122872104527,,0.0109945027486256,0.4048356836207109,13.265307780347124,22.67116644610729,19.41159422606357,0.2916474000729561,3.4175084175084174,1.0893582053244972,-0.6,-14.651507317223937,0.3636363636363636,0.3636363636363636,0.4866637099419968,0.1724137931034483,,0.7513006679811755,1.6927536231884055,0.0579636268742587,0.9090909090909092,0.0321138912785346,0.1448863636363636,0.7840909090909092,0.8522727272727273,,1.0,0,3,0,4,0,own,0,0,1,0.507769967412308,-3.2052767763558543,,0.13741133067107075,3.1600101231884214,0.8682003691281359,0.8838747599750187,-0.7210827929657584,-0.6557594314800945,0.907176661620024,-0.28316628650399744,-0.11411493610223528,-1.4958667305865125,-0.35529019745935997,-0.05660062317286102,1.5540429299829353,-0.6744907594765952,,0.06433924911760504,0.5387584225432859,0.4117614285183513,-0.19417158227356476,0.6947271994928741,-0.2839894690021099,-0.6594695081974193,-0.5404483412995363,,0.0
G5_A_Roll05,school_a,5,sentence_01_copy_hindi,copy_hindi,devanagari,1.0,data/processed/school_a/G5_A_Roll05/sentence_01_copy_hindi.json,2.0397792102735783,0.119345751124469,0.1582220515592113,-0.203559510567297,0.1704148115139279,5.780133746592064,21.581703184878577,21.811786366683144,0.2738338057383322,3.501098901098901,1.1022171307985846,0.4666666666666667,11.643639638159694,0.3448275862068966,0.2068965517241379,0.4544467010945062,0.1724137931034483,51.23529411764706,0.9709710578519144,2.264516129032258,0.0553096073480028,0.3,0.0346174981632614,0.1501000667111407,0.9706470980653767,1.210807204803202,4.428571428571429,2.0,2,3,4,0,3,copy,1,0,0,0.3672053122726506,5.0,0.9607448697357374,-0.824491435358135,-0.5037945048969521,0.24821680033780766,-0.01816011049346875,-0.15970598595612673,-0.16977638853672322,0.9650364250072008,0.026375448507502793,0.6472677849096682,0.5000595353790014,-0.5655439761854566,-0.6574222803955191,0.8477001891914966,-0.6744907594765952,1.0953013660526996,0.6637057130699613,0.708605893577992,0.10037939187191652,-0.9684995520689571,0.6130842905946285,-0.6822763925589704,-0.006366140697060293,0.0066900848084144055,1.839520253117987,5.0
G5_A_Roll05,school_a,5,sentence_03_dictated_hindi,dictated_hindi,devanagari,1.0,data/processed/school_a/G5_A_Roll05/sentence_03_dictated_hindi.json,3.048013814912449,0.0069369686051365,,-0.1467207572684246,0.1464970267413183,8.23225287759141,19.80996723012717,19.916183967156744,0.2673033045686848,3.580121703853956,1.0820696539328178,-0.4041666666666667,-11.10949060583961,0.5625,0.3125,0.368960664882819,0.1724137931034483,38.285714285714285,0.675563700457412,2.364705882352941,0.07356075314063,0.7142857142857143,0.0021771859858588,0.0891089108910891,0.5792079207920793,0.9950495049504952,2.833333333333333,1.0,2,3,4,0,3,dictated,0,1,0,1.4968616805540544,0.014092404650918457,,-0.554144091832653,-0.7847400625560709,0.1958881103469115,0.20439068293658078,-0.7104477012738762,-0.685026436810824,0.37001580768028763,-1.3375911523948454,-0.36827121698837406,-0.793330791107616,1.0036271429300128,-0.21022763502391778,0.0232998453171583,-0.6744907594765952,-1.1265317618291226,-0.4599034562789237,1.106820353309972,0.5502468273493395,-0.43791082338229237,-1.1439215925718793,-0.35703279082855915,-0.7571803557690513,-0.8702193694700217,5.0,0.0
G5_A_Roll05,school_a,5,sentence_05_own_hindi,own_hindi,devanagari,1.0,data/processed/school_a/G5_A_Roll05/sentence_05_own_hindi.json,1.9843645869630928,0.001605297152022,0.0002242319990938,0.2344827586206897,0.2062478427072799,4.839377398240522,19.38887669281676,31.636834042836348,0.3207088845145232,4.31924882629108,1.103653891308412,-1.3116036505867013,-4.050189831264607,0.4615384615384615,0.2307692307692307,0.4800143732129314,0.3390804597701149,,0.9010280792989326,1.0564971751412429,0.0260140836587874,0.8461538461538461,0.019479828144886,1.0535714285714286,3.906994047619048,2.590029761904762,,2.0,2,3,4,0,3,own,0,0,1,0.14315403934227586,-1.5457699949158368,-0.6744907594765952,1.3114344427637175,0.038654120165548506,-0.16310351071713858,-0.5897514053143077,1.4102827018322621,-0.05644552267956187,2.6142023782129873,1.147515105524065,-0.7292520249631069,-0.016145068098263195,0.3314640303713554,-0.7735418500291023,1.4942253867177613,0.6264272849295701,,0.7010542827532803,-0.11426948388747035,-0.41176142851835107,-0.40642391917179443,-0.0666119870583459,5.0,4.334988364392979,2.288268016202351,,5.0
G5_A_Roll06,school_a,5,sentence_01_copy_hindi,copy_hindi,devanagari,0.0,data/processed/school_a/G5_A_Roll06/sentence_01_copy_hindi.json,2.492961138287084,-0.0185091307476387,,-0.1262458471760797,0.314329501949793,-1.8605864734799948,21.15205856626553,19.29889649300888,0.2470095152700842,2.772785622593068,1.0807932383184948,0.0051282051282051,2248.270112775606,0.3846153846153846,0.6153846153846154,0.5139905737505569,0.1744186046511628,35.23529411764706,0.7365308502240268,1.7999999999999998,0.0664386965497747,1.5384615384615383,0.0244757900479804,0.4475806451612903,0.9314516129032258,1.2943548387096773,2.0,1.0,4,0,3,3,1,copy,1,0,0,0.7222489636389988,-1.2376265496747354,,-0.3501408822235238,1.153515788165004,-0.9722492068785321,-0.49737027449241034,-0.6591962737404694,-0.396617851032923,0.03285793189799434,-1.296494412517516,-0.012371447978509021,5.0,-0.2703424501545864,1.364536010747355,1.4372117592269034,-0.6286669817227633,-2.1518045910735633,-0.6852758058832291,0.2887755678695658,0.382521797179295,1.5181639319955225,-0.029927110538661775,0.5657569902305161,-0.08575126761987303,0.17466738901285278,-0.24526936708239813,0.0
G5_A_Roll06,school_a,5,sentence_05_own_hindi,own_hindi,devanagari,0.0,data/processed/school_a/G5_A_Roll06/sentence_05_own_hindi.json,2.3840795333877143,0.037482871797303,,-0.0348837209302325,0.3173800945106088,-1.1778849944793115,22.103333118919046,20.569256907440195,0.3260420347735056,2.9936974789915967,1.090325523878399,-2.208333333333333,-3.597918784508856,0.5,0.25,0.3052669099178243,0.1744186046511628,,0.5742464819007066,1.4370370370370371,0.0717320981307855,1.4444444444444444,0.0429944494982732,0.1693548387096774,1.0161290322580645,1.2096774193548387,,1.0,4,0,3,3,1,own,0,0,1,0.5631515547363755,1.326605162222224,,-0.10359504673593228,1.78540417142868,-0.8995950042663092,0.6289386905347705,-0.5192542537565505,0.053536165776781976,0.10488792755046139,-0.18635913385752353,-1.504419052401913,0.04698248808398243,0.6012603341619938,-0.6697740408788564,-0.07780568526009679,-0.6588421863682613,,-0.6885827512923033,0.2763012523148593,0.7666538509149263,1.6112834809718675,1.3503987167719471,-0.12510777342091883,-0.28837102080100746,0.041334082015279876,,0.0
G5_A_Roll06,school_a,0,sentence_06_custom,dictated_hindi,devanagari,0.0,data/processed/school_a/G5_A_Roll06/sentence_06_custom.json,,,,,,-0.1447613551743603,21.10681427776742,41.09793122609983,0.3198198388174019,1.5740740740740735,1.1388347759664346,,,,,,,,,,,,,0.1410392364793213,,,0.3333333333333333,1.0,4,0,3,3,1,dictated,0,1,0,,,,,,-0.04697910310490643,-0.21935154974312293,5.0,-0.45790695239945206,-3.2999736101141908,4.7919514733507285,,,,,,,,,,,,,-0.37440924173530504,,,-0.5620756328971627,0.0
G5_A_Roll07,school_a,5,sentence_01_copy_hindi,copy_hindi,devanagari,1.0,data/processed/school_a/G5_A_Roll07/sentence_01_copy_hindi.json,0.5153043378284502,-0.0340514954346603,,0.1505747126436781,0.1787658290366721,6.629606843370522,21.61426674188591,26.679014855160347,0.4078650726158208,1.799307958477509,1.1106152215317069,0.0535236396074932,32.902237812744914,0.5789473684210527,0.0526315789473684,0.3929211275286057,0.6781609195402298,46.088235294117645,0.519031320735969,0.0508474576271186,0.0169435333130436,1.0,0.0049000325726055,0.3966386554621849,3.338375350140056,2.4789915966386555,2.857142857142857,1.0,1,1,0,4,4,copy,1,0,0,-0.8271387064787671,-2.2282555464387195,,1.3482650645376464,-0.4076248417717512,0.3839046686017665,0.018160110493464783,0.8077591560267593,0.9636682643496999,-1.2131099349413912,0.5449357956211552,0.056796194451107535,1.6646979800379262,1.1714839506698767,-1.4210121340226125,0.23856887387256864,5.0,0.05073603058009642,-1.9367797549247026,-1.2921109410833485,-0.8722695117509338,0.4370058954457489,-1.2710824563053382,0.35203781548158136,4.789145562553481,2.5564474557128958,0.49053873416479665,0.0
G5_A_Roll07,school_a,5,sentence_03_dictated_hindi,dictated_hindi,devanagari,1.0,data/processed/school_a/G5_A_Roll07/sentence_03_dictated_hindi.json,1.961947040665173,-0.0015257895250221,,-0.2697318007662835,0.2079823119103675,4.990755759219067,18.14665880083452,19.99038399368185,0.2680996579385962,3.118018455560952,1.090325523878399,0.3999999999999999,8.724413138738022,0.5,0.2857142857142857,0.2932099225523075,0.1724137931034483,37.642857142857146,0.6581222395979499,1.977777777777778,0.0714679458262763,1.0,0.0250774614168736,0.1063829787234042,0.7092198581560284,0.9692671394799056,0.5,1.0,1,1,0,4,4,dictated,0,1,0,0.5296671467951265,-0.37850640820422543,,-1.3088665298267579,-0.0394299910042229,-0.2764037136509152,-1.3955288093743592,-0.7017963814253843,-0.6744907594765952,-0.6664675717155828,-0.6744907594765952,0.36435840830803434,0.8856168149273872,0.6065084892526696,-0.36671286710939066,-0.6024990809920002,-0.6744907594765952,-1.219523053741642,-0.5466293951565917,0.6957392104423861,0.4782694627931138,0.1921080178870548,0.2501850919348211,0.0,-0.6612774290408735,-0.8927355727757443,0.6744907594765952,0.0
G5_A_Roll07,school_a,5,sentence_05_own_hindi,own_hindi,devanagari,1.0,data/processed/school_a/G5_A_Roll07/sentence_05_own_hindi.json,2.596004331161516,0.0476256606491054,,-0.1077586206896551,0.2860025582705456,9.919773410537358,21.779985907171746,21.006134176355133,0.3217370169434193,3.70242214532872,1.0950818273657572,-0.1523809523809524,-64.94270311205098,0.4285714285714285,0.5714285714285714,0.3225647183027859,0.1724137931034483,,0.8398775050091258,1.8583333333333327,0.0725141826640718,1.0,0.0129881326149664,0.1204819277108433,0.9437751004016064,0.8232931726907631,,1.0,1,1,0,4,4,own,0,0,1,0.785829964216815,2.1386415111131067,,-0.48641971139291545,1.292219590477002,0.4587188734030416,0.4837678045011773,-0.443088456571175,-0.035243093534373944,1.446528181927512,0.2896414513440565,0.2728238853105544,-5.0,0.10021005569366524,1.0646307692038168,0.07780568526009629,-0.6744907594765952,,0.4410117853701872,0.7087027457721142,0.7868126520894064,0.11241512657943294,-0.4578069764932187,-0.4424553377549218,-0.40408663814278445,-0.5876211844792383,,0.0
G5_A_Roll08,school_a,5,sentence_01_copy_hindi,copy_hindi,devanagari,0.0,data/processed/school_a/G5_A_Roll08/sentence_01_copy_hindi.json,2.042535096694961,0.0063294241698096,,-0.1984496124031007,0.262060058987381,15.818553966718822,19.74490118147561,19.17333451289976,0.2910297122752428,3.417207792207792,1.090325523878399,1.0523809523809524,4.680743249235671,0.4285714285714285,0.4285714285714285,0.3051168095742555,0.1744186046511628,36.88235294117647,0.5107033225208536,1.937777777777778,0.074455671980262,1.7142857142857142,0.0254198231375397,0.2990033222591362,0.9169435215946844,1.036544850498339,2.142857142857143,1.0,1,3,1,0,4,copy,1,0,0,0.3693644009681942,0.34551689306571165,,-0.7931401461509106,0.5515849806021375,1.8516717485550234,-2.0668630411289706,-0.6841543868024529,-0.024358018854286106,0.85766300510772,-0.7079004730361464,1.4843813828368073,0.11860179512158474,0.05578495003189885,0.4398370891022368,-0.6307340287477083,-0.6286669817227633,-1.81754368372233,-1.9846995029736267,0.41329931571086165,0.5857665272950093,1.871195127603612,0.029927110538661553,-0.057576001366630096,-0.11513543432100304,-0.34367436157695297,-0.12263468354119907,0.0
G5_A_Roll08,school_a,5,sentence_03_dictated_hindi,dictated_hindi,devanagari,0.0,data/processed/school_a/G5_A_Roll08/sentence_03_dictated_hindi.json,0.7534751290193281,0.0346699566560402,,0.2281976744186046,0.206041177570578,11.528185588170093,19.38223385895127,28.574224023898733,0.3906859085483385,3.415154749199573,1.1051028083468288,1.533834586466165,1.018281329785523,0.1428571428571428,0.5714285714285714,0.3633199374709957,0.4418604651162791,41.75,,,,,,0.0994764397905759,2.520069808027923,2.3542757417102966,0.3333333333333333,1.0,1,3,1,0,4,dictated,0,1,0,-0.546535030511279,1.3006632859466403,,1.746131922139101,-0.06295996195097134,0.6761112957480282,-0.20704170446929537,0.2990327167228334,0.9473133677299352,0.0,0.5124008948093461,1.397329361548426,0.23328978344382753,-1.662740960332149,1.3024629418023188,-0.023299845317157838,1.0340013913609996,-0.6254120220783207,,,,,,-0.14274928720268373,0.6744907594765952,0.3168173405738099,0.0,0.0
G5_A_Roll08,school_a,5,sentence_05_own_hindi,own_hindi,devanagari,0.0,data/processed/school_a/G5_A_Roll08/sentence_05_own_hindi.json,2.137338565778689,0.0132870342074889,,-0.1312292358803986,0.3459645469082457,14.760312982994089,17.99819875527888,21.175327857452796,0.2898307888141596,3.90625,1.096837920517296,-1.533333333333334,-5.258030135647036,0.5,0.5,0.2605225518069405,0.1744186046511628,,0.5234960967104986,1.3809523809523812,0.076721812680339,2.0,0.0216906168835169,0.0437317784256559,0.7653061224489796,1.1588921282798834,,1.0,1,3,1,0,4,own,0,0,1,0.30389031302228964,-0.6105247437501294,,-0.6097149806742664,2.2346877311576945,1.051183683250085,-1.2141141369079842,-0.41359099237135905,-0.693222087473096,1.8323813457571794,0.465387462931146,-0.9209235424523081,-0.18473425199811203,0.6012603341619938,0.679207478074334,-0.4803266713715061,-0.6588421863682613,,-0.9043984989166964,0.2187382277541447,0.8952673948999957,3.4848689239624107,0.06661198705834569,-0.9408187959599462,-0.6895120107557711,-0.04133408201528024,,0.0
G5_A_Roll09,school_a,5,sentence_01_copy_hindi,copy_hindi,devanagari,0.0,data/processed/school_a/G5_A_Roll09/sentence_01_copy_hindi.json,0.0456852768266666,0.000993012641717,,0.013953488372093,0.0312009485232528,8.257902403336,21.299422349413977,23.41871873229338,0.3751377128622613,2.462462462462464,1.0945314945344675,2.0625,0.3509739258253667,0.0,0.5,0.2218051641964125,0.6046511627906976,19.147058823529413,0.71371583011561,0.7307692307692307,0.0122489448546674,0.2,2.629465161093561e-05,0.1147902869757174,1.664459161147903,1.1479028697571745,0.1428571428571428,1.0,1,0,4,2,4,copy,1,0,0,-1.1950599669318978,0.005388212208772514,,0.5100386701262796,-2.1069704376151086,0.6439952521332258,-0.33300600776881717,0.15970598595612745,0.6869070892899375,-0.3643290813346867,-0.448192680792539,2.9280620491806633,-0.11860179512158471,-3.123957201786335,0.7933984414959586,-1.4555574182612305,5.0,-5.0,-0.8165546543035055,-0.6775966936035147,-0.9912857632662541,-1.1692860445710578,-1.5800904669592055,-0.8304130678281314,1.3988558755766702,-0.11978268443401306,-1.8395202531179866,0.0
G5_A_Roll09,school_a,5,sentence_03_dictated_hindi,dictated_hindi,devanagari,0.0,data/processed/school_a/G5_A_Roll09/sentence_03_dictated_hindi.json,0.4745553966820078,-0.0115216600066468,,-0.0683139534883721,0.3434488322343383,10.80801488859375,20.61586990829539,24.775155417213973,0.2897463326951215,2.474849094567403,1.1424229380031248,1.0889487870619947,0.820216260257117,0.2857142857142857,0.1428571428571428,0.2497059929390345,0.6162790697674418,46.35714285714285,,,,,,0.1390163934426229,4.066229508196721,3.8924590163934423,0.5,1.0,1,0,4,2,4,dictated,0,1,0,-0.7949264249180638,-0.8422283797154314,,-0.07308668087559046,1.6026630996912823,0.5711811598040875,0.9795802875820968,-0.14391803655855612,-0.38810736585936567,-2.109076675349897,3.509903617353454,0.9920197037032398,0.21652349887340921,-0.7550411804982213,-1.2013007715652457,-0.9618977034296533,2.139944971144264,0.04102556996140377,,,,,,0.6744907594765952,1.815010956635556,1.6601404492984928,0.6744907594765952,0.0
G5_A_Roll09,school_a,5,sentence_05_own_hindi,own_hindi,devanagari,0.0,data/processed/school_a/G5_A_Roll09/sentence_05_own_hindi.json,0.4485249466896717,0.0139485705345815,,0.0045219638242894,0.1834262684424219,7.154647988088088,23.58255065807985,27.49975302012018,0.3251549807162667,2.825,1.098777697336415,0.5882352941176471,2.661907511915768,0.5882352941176471,0.2352941176470588,0.2121327305406611,0.6162790697674418,,0.9980590607374604,0.0419287211740041,0.0163905452968757,0.7333333333333333,0.1151432219019764,0.5084650112866818,2.7217832957110613,2.123589164785553,,1.0,1,0,4,2,4,own,0,0,1,-1.4706180718295747,-0.5575618405920401,,0.10340994540168112,-0.32004990472537836,0.1202773663990668,1.2930524140952704,0.6890181807957639,0.035243093534373944,-0.21446222262392556,0.6595161394370143,0.9130405585367223,0.9207230006665937,1.2202047957993403,-0.7491258949349267,-0.9156423043634508,2.7901033267085498,,1.113678023901257,-1.1555815451772664,-0.6598151722966382,-0.786905886056028,5.0,2.0768438825948845,2.439481232738696,1.5289972317491962,,0.0
G5_A_Roll10,school_a,5,sentence_01_copy_hindi,copy_hindi,devanagari,0.0,data/processed/school_a/G5_A_Roll10/sentence_01_copy_hindi.json,2.0240632032789434,-0.0016878033007457,,-0.1288515406162465,0.3147238134695868,12.574659569469562,22.078769915419983,21.491768062349397,0.2922299200273777,3.370607028753993,1.1061992736545851,1.0083333333333333,7.577673887358514,0.5,0.4375,0.3219775357513482,0.1785714285714285,42.61764705882353,0.6689737124150299,1.8745098039215689,0.0695331246944056,0.7647058823529411,0.0202449815933308,0.0504201680672268,0.6722689075630253,0.8571428571428571,2.4285714285714284,1.0,4,4,2,2,3,copy,1,0,0,0.35489266659250784,-0.16547986746048868,,-0.36612786396034785,1.1580566487154311,1.3335186518820341,0.5362502536584339,-0.22331642770389779,-0.014208379216442938,0.7980180271344768,0.272262453933563,1.4214277179520427,0.27730825191428443,0.5857419753349385,0.4840322581514524,-0.4638051288084979,-0.5337462992326846,-0.653599452767144,-1.0740031973994526,0.35611763264142426,0.46097110996205226,-0.03543291044154731,-0.2981716746128108,-1.1004678649193216,-0.6106906037324472,-0.704372346710686,0.12263468354119907,0.0
G5_A_Roll10,school_a,5,sentence_03_dictated_hindi,dictated_hindi,devanagari,0.0,data/processed/school_a/G5_A_Roll10/sentence_03_dictated_hindi.json,0.8211851578464265,-0.0207429821841728,,-0.1179653679653679,0.2991131328684525,11.854791890355942,18.896264435367662,29.44944251051712,0.3350098078390188,4.677284157585917,1.097874564235804,1.7551724137931033,0.8118622636676707,0.1,0.5,0.5167912027640669,0.3452380952380952,44.5,,,,,,0.1217464315701091,2.337531486146096,2.5323257766582703,0.3333333333333333,1.0,4,4,2,2,3,dictated,0,1,0,-0.486236003494623,-1.2700180062380164,,-0.3777181636951497,1.065236247464152,0.7236984076767273,-0.6744907594765952,0.4010784358370555,0.2107239911235749,2.830917461133529,-0.06816197036695108,1.59897742310091,0.21581632983824087,-1.9350508942823268,0.8851689895743916,1.2445709383203951,0.4213437574810637,-0.2276159400080967,,,,,,0.3175428335623758,0.539841898276165,0.4723116372492951,0.0,0.0
G5_A_Roll10,school_a,5,sentence_05_own_hindi,own_hindi,devanagari,0.0,data/processed/school_a/G5_A_Roll10/sentence_05_own_hindi.json,0.0629696094856834,0.0210406456196844,,0.0952380952380952,0.100311306823528,11.513538665461551,22.86925639585574,29.03657429520064,0.4728516877611385,2.53731343283582,1.080833212144355,2.871794871794872,0.1226392724883126,0.0,1.0,0.2365744129966859,0.4642857142857143,,0.5915302595299111,0.9076923076923078,0.0191010931856916,0.8,0.000157508922721,0.2457245724572457,1.1935193519351937,2.1062106210621065,,1.0,4,4,2,2,3,own,0,0,1,-1.8757374828525164,0.010232958482729489,,0.5799577376060704,-1.626430915752344,0.6537900663073172,0.9728097885591102,0.9569497622183247,3.0810851252449947,-0.7590628235114553,-1.136329200387187,2.887035758947209,0.5662943906635804,-2.906091615116302,3.377170515980715,-0.6957645244645827,1.6037179340524288,,-0.6150835773088862,-0.26699678646355557,-0.5899488168849731,-0.5620756328971624,-1.2309910663195838,0.37078552407890186,-0.004670745982259002,1.5007084837134361,,0.0
G5_A_Roll11,school_a,5,sentence_01_copy_hindi,copy_hindi,devanagari,0.0,data/processed/school_a/G5_A_Roll11/sentence_01_copy_hindi.json,1.4053234492922222,-0.0106898387079665,,-0.044489383215369,0.4016512357770754,2.154839765410172,21.55159289925052,19.54853271175946,0.249753086301481,2.721441661576053,1.1155154021518416,-0.2393939393939393,-33.990295230323845,0.4090909090909091,0.4090909090909091,0.3011524023736333,0.1744186046511628,47.52941176470589,0.990296887057286,1.7333333333333336,0.0642334040234471,0.4,0.0281087529131497,0.0429061784897025,0.6092677345537758,0.7637299771167049,3.2857142857142856,1.0,1,4,1,2,0,copy,1,0,0,-0.12985663147397317,-0.7392456671869334,,0.1514680469233844,2.1591060294507955,-0.33085793905328664,-0.051744040766949856,-0.6095757678633839,-0.37341665337362456,-0.03285793189799377,0.8475092547616662,-0.3618469809581542,-1.9999658422319715,-0.08874878414165649,0.3434112657221315,-0.6699834730456684,-0.6286669817227633,0.34321432451242745,0.7749075700392732,0.22852214149474587,0.32661366970329353,-0.7677130595668562,0.20041244524858318,-1.131991636587172,-0.7382909152207433,-0.8921842933940681,0.8584427847883939,0.0
G5_A_Roll11,school_a,5,sentence_03_dictated_hindi,dictated_hindi,devanagari,0.0,data/processed/school_a/G5_A_Roll11/sentence_03_dictated_hindi.json,0.4578085827428216,-0.0020988596209151,,0.0299877600979192,0.1018366718427726,-1.6206802366178557,18.55129121054373,32.134024874468764,0.3672106223984705,3.5893416927899686,1.0881158016350427,0.91005291005291,3.1971738197881665,0.3333333333333333,0.3888888888888889,0.2522056121815516,0.2441860465116279,45.17857142857143,,,,,,0.0566546762589928,1.170863309352518,1.9262589928057556,0.1666666666666666,1.0,1,4,1,2,0,dictated,0,1,0,-0.8098402656541315,-0.4050919062026373,,0.5300340376161223,-1.3261023122951612,-1.2397015515606484,-1.0063170022834622,0.7140861499557036,0.6367376239100613,0.39069595941194435,-0.8519726841517832,0.8290380423475032,0.417733873573977,-0.45247458722024564,0.23604506388650462,-0.9412476214631452,-0.21940133239336698,-0.1294584652115476,,,,,,-1.027820128089425,-0.32074748254292584,-0.0569773815428498,-0.6744907594765953,0.0
G5_A_Roll11,school_a,5,sentence_05_own_hindi,own_hindi,devanagari,0.0,data/processed/school_a/G5_A_Roll11/sentence_05_own_hindi.json,1.7205121879460323,0.0001420206467313,,-0.190406976744186,0.2258280039378161,-2.617216118567459,19.35714152162491,19.71495469789379,0.2484425339672333,2.638466220328667,1.0814453315043884,0.7333333333333331,8.091492755833722,0.4,0.4666666666666667,0.293908877606727,0.1744186046511628,,0.4249976380601167,1.2791666666666668,0.0725692064911013,1.2,0.0030876100439096,0.0382165605095541,1.089171974522293,0.7165605095541401,,1.0,1,4,1,2,0,own,0,0,1,-0.1340869120136324,-1.6629205861521827,,-0.9205860607872521,0.34641039323834,-1.07576400938964,-0.6039993182480636,-0.668194501870029,-1.5467420389613844,-0.5675771055890921,-1.075069616266118,1.0384687872550102,1.678579268474133,-0.10021005569366524,0.499343275547242,-0.17998273191295852,-0.6588421863682613,,-1.323262679233973,0.11426948388747013,0.7882309314974978,0.7869058860560283,-1.0544207278211792,-0.9766308836108724,-0.1715534693604972,-0.7613603344739521,,0.0
G5_A_Roll12,school_a,5,sentence_01_copy_hindi,copy_hindi,devanagari,0.0,data/processed/school_a/G5_A_Roll12/sentence_01_copy_hindi.json,0.4186640495641958,0.0008239371160997,,0.0492801771871539,0.1717589766231513,8.639736290067981,20.210085428908226,32.14094869093747,0.4350103077171726,2.1411764705882352,1.11217229495631,0.0769230769230769,25.50450940520125,0.6,0.1,0.2934618779620868,0.7558139534883721,46.05882352941177,0.8641072312180184,0.0,0.0160100861803491,0.55,0.043443254188531,0.3264508928571428,3.0106026785714284,2.393973214285714,0.1428571428571428,1.0,2,2,3,0,0,copy,1,0,0,-0.9028511713708242,-0.005388212208772514,,0.726782175023268,-0.4883152048731409,0.7049862668199646,-1.548013252618808,1.8934346295413609,1.193223817272252,-0.7755475783760206,0.6410810459170442,0.09023909935965187,1.2594182510635628,1.3276818107591932,-1.1865451319088813,-0.7461231817682534,5.0,0.04476708580596836,0.04880552750727215,-1.3380669442505844,-0.8959340735556655,-0.46653332081370485,1.1726608119617041,0.057576001366630096,4.125286574033258,2.3855131275013286,-1.8395202531179866,0.0
G5_A_Roll12,school_a,5,sentence_03_dictated_hindi,dictated_hindi,devanagari,0.0,data/processed/school_a/G5_A_Roll12/sentence_03_dictated_hindi.json,0.7813020815973379,0.0,,-0.3187984496124031,0.2144879646142409,11.517063304473536,19.612118011879243,30.50632345044442,0.3199350305136835,4.374079528718706,1.1425236974961863,-0.3410326086956521,-15.04999103399505,0.3478260869565217,0.1304347826086956,0.5472300080846163,0.3720930232558139,60.46428571428572,,,,,,0.1032924467398321,2.065848934796643,2.644286636539703,0.1666666666666666,1.0,2,2,3,0,0,dictated,0,1,0,-0.5217537950819258,-0.30772296538600746,,-1.6099102393046683,0.039429991004222564,0.6744907594765952,0.014081528459466768,0.5243050097519883,0.01128615889245172,2.150838800060168,3.5179964845957623,-0.3107534372145965,-1.1268956730204966,-0.3603891023095577,-1.2738736328222766,1.4960347669469405,0.5916239594476933,2.0816678091528154,,,,,,-0.06387732582452119,0.3394360559845185,0.5700890691241773,-0.6744907594765953,0.0
G5_A_Roll12,school_a,5,sentence_05_own_hindi,own_hindi,devanagari,0.0,data/processed/school_a/G5_A_Roll12/sentence_05_own_hindi.json,0.6729630539003363,0.0203097517832648,,0.0806686046511627,0.1718660114912052,11.851795124909478,18.728648041772377,27.45254011806125,0.3265274408840112,2.5761772853185594,1.08041878932947,0.2025157232704402,7.153701116210127,0.5333333333333333,0.1333333333333333,0.3865276185478105,0.6162790697674418,,0.5757216402953762,0.0365566037735849,0.0207662161790117,0.9333333333333332,0.0605571705426942,0.3683397683397683,2.905791505791506,2.7420849420849422,,1.0,2,2,3,0,0,own,0,0,1,-1.23479139526568,-0.04828273882941099,,0.5034216412741597,-0.5017512478952095,0.6951914526458732,-0.8861695427676824,0.6807870170831614,0.06354634381939758,-0.6854922094103616,-1.1778037410531401,0.5796099841825976,1.5476832165551828,0.8350837974472134,-1.2992987497236788,0.6532169944886078,2.7901033267085498,,-0.6823096479332484,-1.1610952693836982,-0.5470290531960685,-0.11241512657943256,2.408742941598059,1.1669655135332537,2.7337654973126817,2.5357830409420727,,0.0
G5_A_Roll13,school_a,5,sentence_01_copy_hindi,copy_hindi,devanagari,0.0,data/processed/school_a/G5_A_Roll13/sentence_01_copy_hindi.json,1.978713251360085,0.0286474969887518,,-0.1705882352941176,0.2885025498951526,3.181949106173372,21.807875508113373,21.120454002113306,0.2112967321073467,2.658862876254181,1.110726559153451,-4.333333333333334,-4.32520615508945,0.2727272727272727,0.3636363636363636,0.4044741107127647,0.1764705882352941,43.44117647058823,0.91504781110468,1.883333333333333,0.072221074357496,1.3636363636363635,0.0133410840996549,0.3561736770691994,0.9769335142469472,0.7835820895522388,1.7142857142857142,1.0,0,3,1,2,1,copy,1,0,0,0.31936341989650985,1.7680115090102182,,-0.6221993439299225,0.8560946329727326,-0.1667959134862718,0.234104369064653,-0.2971229915126465,-0.6986254650659716,-0.11295340663878578,0.5518106053384061,-5.0,-0.37478327292440966,-1.1004849233565497,0.11841767783521749,0.35294869083252806,-0.5817649974335475,-0.4864689990915282,0.34192035421369127,0.3640923508380912,0.5291154629760201,1.1671385954533882,-0.7358972283585618,0.18227330805924546,0.006366140697060518,-0.8522704840644427,-0.49053873416479643,0.0
G5_A_Roll13,school_a,5,sentence_03_dictated_hindi,dictated_hindi,devanagari,0.0,data/processed/school_a/G5_A_Roll13/sentence_03_dictated_hindi.json,,,,,,2.798450615220215,19.70993991390372,30.046958703327487,0.3190819509837932,2.8969957081545075,1.12716705385078,,,,,,0.4352941176470588,,,,,,,0.2445703493862134,3.1794145420207744,1.9915014164305949,0.3333333333333333,1.0,0,3,1,2,1,dictated,0,1,0,,,,,,-0.5958264240246164,0.1081754229336566,0.4707455766824385,0.0,-1.1622147992051743,2.2845714788367246,,,,,,0.9923658683573939,,,,,,,2.856155428121359,1.1608544811071306,0.0,0.0,0.0
G5_A_Roll13,school_a,5,sentence_05_own_hindi,own_hindi,devanagari,0.0,data/processed/school_a/G5_A_Roll13/sentence_05_own_hindi.json,0.6030644288143912,0.1441993257266662,,0.1941176470588235,0.1608184701029336,0.9558591372877524,19.09361759863705,29.84091362002274,0.3593611415619213,2.449941107184923,1.0940498075277236,-1.016326530612245,-7.222271228709691,0.1428571428571428,0.4285714285714285,0.4225564504962592,0.4117647058823529,,0.7851989926840229,0.2214285714285714,0.0152518317740826,1.5,0.0497430033293219,0.22508038585209,3.413719185423365,1.6881028938906752,,1.0,0,3,1,2,1,own,0,0,1,-1.3082368571583511,5.0,,1.099389412876522,-0.6753938509484211,-0.6384323193286853,-0.7223117700068674,1.0971794107756412,0.7406519312242751,-0.9244616515466344,0.18635913385752353,-0.4740033231913347,-0.4589011279174396,-1.9039910581796464,0.2937841869448506,0.9773329629955781,1.1937647687983848,,0.20849169764662628,-0.9713501526685566,-0.6891663466565521,1.7986420252709219,1.757072201760616,0.23673616620539414,3.546094053695493,0.820113818592026,,0.0
G5_A_Roll14,school_a,5,sentence_01_copy_hindi,copy_hindi,devanagari,0.0,data/processed/school_a/G5_A_Roll14/sentence_01_copy_hindi.json,0.771105126325908,0.0659187326464743,,0.204040404040404,0.2231312902680025,-4.883544133821924,19.581971995423288,28.185923117878847,0.4026420257207384,2.9623944742900994,1.0805021710371927,-0.0049999999999999,-435.0488478320621,0.4,0.2,0.5583396483336177,0.4848484848484848,16.823529411764707,0.8481939462468515,0.2916666666666667,0.0212451819101286,0.8,0.097244761704688,0.1137009664582149,0.5002842524161455,0.8868675383740762,0.4285714285714285,1.0,1,3,2,3,2,copy,1,0,0,-0.6267325553141916,4.143580962646495,,1.676298676907415,0.10328433179793481,-1.4551116804984299,-2.2485883987521875,1.107289210923003,0.9194992080322855,0.27554098996019893,-1.3144670631141764,-0.02684686447799939,-5.0,-0.15619786008931605,-0.6915592385576713,1.876287879419781,5.0,-5.0,-0.04276036705127739,-1.074458203860745,-0.7632149916581811,0.03543291044154731,4.5838201884499155,-0.8349831422090661,-0.95902214296787,-0.6446091722425045,-1.5942508860355886,0.0
G5_A_Roll14,school_a,5,sentence_03_dictated_hindi,dictated_hindi,devanagari,0.0,data/processed/school_a/G5_A_Roll14/sentence_03_dictated_hindi.json,0.7208787688364636,-0.0418894110069787,,-0.1052341597796143,0.2569156839320962,-4.015840159062293,17.912444067052522,39.070457398620086,0.4265021859972586,5.003813882532416,1.0854960950602826,-0.4699792960662524,-22.57988258251749,0.3809523809523809,0.3333333333333333,0.5040843867836299,0.2787878787878788,62.0,0.9428090415820636,0.0,,,,0.0297349709114415,1.605688429217841,1.3975436328377504,0.3333333333333333,1.0,1,3,2,3,2,dictated,0,1,0,-0.5755636520812136,-2.2510294831433364,,-0.299607059136235,0.5537287607607688,-1.588680559478383,-1.6208175840627623,1.5228364858280425,1.4211592215586386,3.5633135956250057,-1.0623840000402747,-0.4282292878900817,-1.7643038984461754,-0.14990799394227025,-0.08851689895743907,1.1395962337469379,0.0,2.303813673166056,0.8689475675241864,-1.4054964961747032,,,,-1.584215855014773,0.0,-0.518714011158078,0.0,0.0
G5_A_Roll14,school_a,5,sentence_05_own_hindi,own_hindi,devanagari,0.0,data/processed/school_a/G5_A_Roll14/sentence_05_own_hindi.json,0.8884036719307394,0.0890194244477622,,-0.0348484848484848,0.3431876713662333,-3.4558755155136733,19.09867133879313,25.91993790217538,0.4028594346535812,2.6488095238095224,1.070064018994073,-0.335978835978836,-11.865143722824056,0.2857142857142857,0.2857142857142857,0.745001899723261,0.6545454545454545,,1.3411434821753234,0.3009259259259259,0.0210108205011085,1.7142857142857142,0.0007717968455475,0.2905457340507302,3.1960030745580323,2.531898539584935,,1.0,1,3,2,3,2,own,0,0,1,-1.0084187637263633,5.0,,-0.10340994540168112,2.191041468109363,-1.1784129336883817,-0.7200428284184198,0.41359099237135905,1.6376856705478877,-0.5479968751099221,-2.214086802547745,0.11411493610223523,-1.1069487894284638,-0.9018905012429902,-0.47706239531411504,3.8780575609068015,3.0887919094199865,,2.5726427319204768,-0.8897572805907512,-0.5407241977927167,2.5213106961387024,-1.1939735635158042,0.6618237735224922,3.1979007554513412,2.193642164497776,,0.0
G5_A_Roll15,school_a,5,sentence_01_copy_hindi,copy_hindi,devanagari,0.0,data/processed/school_a/G5_A_Roll15/sentence_01_copy_hindi.json,0.3344476519646887,0.0004583792923521,,0.1209150326797385,0.1556484138985156,-2.240367130746219,21.36162727857941,33.50040563747908,0.4824326626517384,2.2711471610660485,1.0855062261651112,-0.9601518026565464,-4.608649067936214,0.5882352941176471,0.0588235294117647,0.3002418815190508,0.7294117647058823,78.08823529411765,0.6297342926021094,0.032258064516129,0.0153757288894722,1.2,0.01003423077976,0.1852958756724447,3.4465032875074715,2.2235505080693363,2.571428571428572,1.0,0,4,1,3,2,copy,1,0,0,-0.9688301865529081,-0.028687895847048155,,1.166290947938115,-0.6738431822442752,-1.032912255523354,-0.26362486573767135,2.1636556004530827,1.5942542326379183,-0.6091962485656844,-1.0054796222099136,-1.3919673363362677,-0.39031150815687654,1.2403947712975165,-1.390362852700556,-0.678998045907522,5.0,5.0,-1.2997889219458707,-1.3089120605208324,-0.9120161705383892,0.8385788804499505,-0.9455605673540932,-0.5346178639019489,5.0,2.0428685135617184,0.24526936708239888,0.0
G5_A_Roll15,school_a,5,sentence_03_dictated_hindi,dictated_hindi,devanagari,0.0,data/processed/school_a/G5_A_Roll15/sentence_03_dictated_hindi.json,0.5429847386013485,-0.0055086125921183,,-0.2338235294117647,0.3282354447154861,-6.389092685555299,19.597478572147107,27.09622838511701,0.3761412092463782,3.1086956521739126,1.0987232085264635,0.288961038961039,22.02971389753556,0.1428571428571428,0.4285714285714285,0.7737103899857494,0.5176470588235295,58.392857142857146,0.9428090415820636,0.0,,,,0.2159887798036465,3.579242636746143,3.085553997194951,0.5,1.0,0,4,1,3,2,dictated,0,1,0,-0.7339868151054186,-0.5632749652047724,,-1.0885547811396734,1.4182500176173056,-1.9344676213245633,0.0,0.12670645749365975,0.7548884159954015,-0.6873783331000487,0.0,0.2631972488229237,2.011915658777834,-1.662740960332149,0.4678750373464638,3.3670551089710954,1.5145447193609436,1.7820292018791393,0.8689475675241864,-1.4054964961747032,,,,2.265411102385035,1.455786510040549,0.95545578871502,0.6744907594765952,0.0
G5_A_Roll15,school_a,5,sentence_05_own_hindi,own_hindi,devanagari,0.0,data/processed/school_a/G5_A_Roll15/sentence_05_own_hindi.json,0.4708867550521292,0.0207850148530042,,0.1536764705882353,0.1890408620383025,-7.395746075378357,20.644745678280568,30.43313406040898,0.4813065383735324,2.882882882882882,1.0990769567899972,-1.1849056603773582,-3.81885038806918,0.6,0.0666666666666666,0.4045269978598209,0.6235294117647059,,0.5236382040232233,0.0778301886792452,0.0194016217172469,1.0,0.0181542538841232,0.1249018067556952,2.3315003927729774,2.4980361351139044,,1.0,0,4,1,3,2,own,0,0,1,-1.4471215675433076,-0.010232958482729211,,0.8869448006465748,-0.23180107063550426,-1.660639063055091,-0.025912885177716272,1.2004279548427734,3.255443375217621,-0.10488792755046139,0.6894653795161763,-0.6197294939900835,0.016145068098263132,1.3027307240176527,-1.659027154777863,0.8151397086799506,2.8466959311026896,,-0.9037941883124788,-1.1187337297489164,-0.5822024740575232,0.11241512657943294,-0.1464921980978592,-0.41375563845589475,1.8153019256484184,2.138521031035162,,0.0
G5_A_Roll16,school_a,5,sentence_01_copy_hindi,copy_hindi,devanagari,0.0,data/processed/school_a/G5_A_Roll16/sentence_01_copy_hindi.json,2.727529854894664,0.0275149776144554,,-0.1051724137931034,0.306801827906147,4.646435451832164,22.32665401246618,20.222171577275876,0.2955902377311244,3.0491329479768785,1.1215854444510371,-0.5578947368421053,-7.629230384894316,0.4210526315789473,0.3684210526315789,0.2710969702761304,0.1724137931034483,44.588235294117645,0.7773014301410474,1.91,0.0705972118432677,0.85,0.0421072098639245,0.0207325501036627,0.8085694540428473,1.161022805805114,0.2857142857142857,1.0,0,4,3,0,3,copy,1,0,0,0.9060209291402165,1.6958277355518687,,-0.2208468565210017,1.0668276840002,0.06712912910508988,0.8127312652947565,-0.4756757214170472,0.014208379216443407,0.38655879243911767,1.2223186420014156,-0.8170541613146128,-0.5557920867941615,0.0,0.14210121340226117,-0.9675459958301353,-0.6744907594765952,-0.25368015290049073,-0.4506797040389542,0.38819372138801955,0.4879476308788603,0.1358261566925976,1.0879520308198993,-1.2250176370996178,-0.3346323756690288,-0.09340430140123278,-1.7168855695767877,0.0
G5_A_Roll16,school_a,5,sentence_03_dictated_hindi,dictated_hindi,devanagari,0.0,data/processed/school_a/G5_A_Roll16/sentence_03_dictated_hindi.json,1.329039737340319,0.0053879586421331,,0.0332056194125159,0.131802137087711,3.841267660868875,17.43491923147876,18.503916298907185,0.2440519126974151,3.114441416893733,1.1008384610424913,0.8051282051282052,3.7704118498468056,0.1538461538461538,0.2692307692307692,0.2583859422469253,0.1724137931034483,49.82142857142857,,,,,,0.026978417266187,0.9847122302158272,2.036870503597122,0.3333333333333333,1.0,0,4,3,0,3,dictated,0,1,0,-0.03396715145155658,-0.05776826573840862,,0.5497769042561954,-0.9628680362503323,-0.4438861487135783,-2.0801438755924364,-0.8751104363414564,-0.9926400811841243,-0.6744907594765952,0.16989424297436112,0.7334472271102107,0.4662586940354201,-1.5929179003449236,-0.4630114714696816,-0.8901901162802653,-0.6744907594765952,0.5421453097122066,,,,,,-1.6411902776341352,-0.458061283604455,0.03962163951177722,0.0,0.0
G5_A_Roll16,school_a,5,sentence_05_own_hindi,own_hindi,devanagari,0.0,data/processed/school_a/G5_A_Roll16/sentence_05_own_hindi.json,1.9757353304042935,0.0116890914747756,,-0.1558908045977011,0.2919922969451693,5.189274375853231,20.483991963852144,20.80189373410169,0.2995720344626169,3.181818181818182,1.0962604142426775,-1.102222222222222,-5.605961661865301,0.3333333333333333,0.3333333333333333,0.2911572687307907,0.1724137931034483,,0.7210411367698566,1.7916666666666663,0.0761551221980618,0.9333333333333332,0.0228158833710865,0.0827966881324747,1.021159153633855,1.076356945722171,,1.0,0,4,3,0,3,own,0,0,1,0.1340869120136324,-0.738456775203061,,-0.739266538278924,1.3863648648431453,-0.12027736639906692,-0.09808533110869716,-0.47869602237647224,-0.49233544598368706,0.4610069108197605,0.40759188167636795,-0.5482548052334644,-0.23329819861037374,-0.567856982264105,-0.22011353456112637,-0.20473625090165512,-0.6744907594765952,,-0.06433924911760551,0.6402787731810762,0.8806605330155217,-0.11241512657943256,0.13442148454438346,-0.6871577454306983,-0.2803263494836504,-0.1756846363894374,,0.0
G6_A_Roll01,school_a,6,sentence_01_copy_hindi,copy_hindi,devanagari,0.0,data/processed/school_a/G6_A_Roll01/sentence_01_copy_hindi.json,2.970392607419613,-0.0065893374442833,,0.0269423558897243,0.3196561485532115,8.730332820448284,22.672845316067452,21.4479462525408,0.2952423299808526,3.501124859392576,1.1013791515284568,-1.3481481481481483,-7.631527815370777,0.5555555555555556,0.2777777777777778,0.5319188137202601,0.1785714285714285,52.91176470588236,0.3944959795522739,1.1298245614035087,0.0667568528364564,1.2105263157894737,0.0441344120474216,0.0518433179723502,0.6221198156682027,0.6394009216589862,0.2857142857142857,1.0,2,2,0,4,4,copy,1,0,0,1.3130046860536857,-0.7777255639738335,,0.6500175666438709,1.3782837934364502,0.7177851478896887,1.3544500102518655,0.695619670906353,0.09199994254024003,0.5530859931035759,0.9561971489035617,-0.8331462352720156,-0.9984285907638686,0.9167627434244026,-0.9134994970689017,0.9327463411621438,0.6905500632736433,0.5151076690523316,-2.388744793776869,-0.7229205905790678,-0.121855984056752,0.6211689818150143,2.579481405968216,-1.6015836193280404,-0.7671007396859544,-1.1170911940970392,-1.156269873388449,0.0
G6_A_Roll01,school_a,6,sentence_03_dictated_hindi,dictated_hindi,devanagari,0.0,data/processed/school_a/G6_A_Roll01/sentence_03_dictated_hindi.json,1.3152876786634544,-0.0045457290598644,,0.0291666666666666,0.3974624689828091,5.67328282310845,23.002082973272618,20.23964069022464,0.3027613228110853,2.881555686505598,1.0942050585394938,1.649122807017544,2.6061787926002014,0.3684210526315789,0.4736842105263157,0.332369453877073,0.1785714285714285,41.67857142857143,0.7457402616081699,1.2100000000000002,0.0708563282025463,0.85,0.0248663337170791,0.088235294117647,0.5470588235294118,0.9,0.5,1.0,2,2,0,4,4,dictated,0,1,0,0.5504914165639997,-0.033796067208177176,,0.3637408364750492,1.8126384843927161,0.41611321608437224,0.49794824627303447,-1.0340773263286247,-0.055783823190540566,-0.3464215761886296,0.5202529809018523,2.7401409373442838,-0.005207289585645448,-0.6212414889916007,0.9326690406159616,-0.18877767317275726,-1.1975196461500601,0.21799131009699857,-0.33371290868959597,2.4199275760474728,1.6308927260247081,-0.4186494369165075,0.1020506248918018,-0.9718405353625231,-0.17678352870634,-0.07782796646474056,-0.33724537973829755,0.0
G6_A_Roll01,school_a,6,sentence_05_own_hindi,own_hindi,devanagari,0.0,data/processed/school_a/G6_A_Roll01/sentence_05_own_hindi.json,0.693606502294772,-0.0014730521162555,,-0.0395021645021645,0.2370551649314172,6.348450681989214,22.14975842088134,31.997857411332824,0.3382104726696512,3.1792376317923767,1.0999139543672505,0.8308702791461412,2.1138690424012943,0.3809523809523809,0.238095238095238,0.2922109524581442,0.3452380952380952,,0.4789652435205005,0.1865203761755485,0.0343000199544043,0.65,0.0243163610677629,0.1535407015221707,1.0939774983454664,1.7657180675049635,,1.0,2,2,0,4,4,own,0,0,1,-1.0925893232153874,-0.09002336107902177,,0.17604057090471348,0.41556495404023996,0.6143248838719605,0.5047077050018426,4.399772162670974,1.2381705367520661,0.0,0.6272205819795349,0.3251967220231218,-0.13802323981636455,-0.4246793670778565,-0.24088955695592768,-0.10432786306982042,5.0,,-0.7359656442865574,-1.6909852208984695,-2.89440328333324,-0.5948633781494971,0.3885691012598085,0.35410450428638923,0.6744907594765952,2.5514242773995313,,0.0
G6_A_Roll02,school_a,6,sentence_01_copy_hindi,copy_hindi,devanagari,0.0,data/processed/school_a/G6_A_Roll02/sentence_01_copy_hindi.json,1.7745495764643586,0.0040552135028064,,0.1172668513388734,0.3276795215187175,10.211774060227366,21.305510365490395,20.54189409832042,0.2556719041515336,3.330914368650218,1.100754743512922,1.725925925925926,2.41157194951964,0.3888888888888889,0.4444444444444444,0.260570912041991,0.175438596491228,25.47058823529412,0.4923165455969843,1.1719298245614034,0.0670927254000458,1.1111111111111112,0.0160442349850797,0.1101321585903083,0.6718061674008811,1.1123348017621146,2.7142857142857144,1.0,0,2,3,3,1,copy,1,0,0,-0.5590040585560141,0.2090849258858427,,1.1104247597210661,1.4760483201006482,1.0109380736097069,0.3501715615390216,0.2312504890103171,-0.8926100985121086,0.13542060786135254,0.8955216421953569,0.866879221342533,0.2560977332834549,-0.5413835450564984,1.1525082346612092,-0.6840761669240379,-0.3392175749414651,-1.6400289014670644,-1.7313992303729437,-0.6774918397069305,-0.09501946660576915,0.3362963413603122,0.3285115402314213,-0.006141518067314157,-0.4830519342173177,0.6744907594765952,0.4817791139118538,0.0
G6_A_Roll02,school_a,6,sentence_03_dictated_hindi,dictated_hindi,devanagari,0.0,data/processed/school_a/G6_A_Roll02/sentence_03_dictated_hindi.json,1.6489918014378824,0.0005894398935589,,-0.0951267056530214,0.346445605861588,12.265101452669995,23.75721857379944,20.291677107311926,0.2657520943085175,3.077153110047847,1.0807932383184948,2.138095238095238,2.626409465607697,0.3571428571428571,0.6428571428571429,0.3305704743612317,0.175438596491228,42.42857142857143,0.5855843319536923,1.5644444444444443,0.0756344696226395,1.6,0.0210024525673545,0.1259748050389922,0.4769046190761847,1.0347930413917217,2.5,1.0,0,2,3,3,1,dictated,0,1,0,0.9547482070414207,0.1670197435684693,,-0.6744907594765952,1.3902222063669618,1.6384249558733908,0.9010712344412884,-1.0224315468525866,-0.9471372023406249,0.3158369539465087,-0.7381195480568595,3.8800161972075444,0.0,-0.6744907594765952,1.638048987300303,-0.2065226461413741,-1.2121331887926583,0.24491964840309835,-0.9871129813508469,3.326373351099977,1.8390048312450484,1.67459774766603,-0.10205062489180163,-0.6695399932598415,-0.307094831061116,0.0654838606706493,3.7096991771212737,0.0
G6_A_Roll02,school_a,6,sentence_05_own_hindi,own_hindi,devanagari,0.0,data/processed/school_a/G6_A_Roll02/sentence_05_own_hindi.json,2.0736437882964447,0.0103723931123028,,-0.0687994496044031,0.3302574911805209,12.619400130095418,22.91397989894241,20.156700869465684,0.2468901594623397,3.4169407894736845,1.0817871650860114,1.1083333333333334,4.541300270233317,0.4375,0.5,0.205402220792336,0.175438596491228,,0.6537622080810687,1.231372549019608,0.0680215010614819,0.8823529411764706,0.046142669690361,0.0609260763606823,0.7067424857839155,1.0479285134037368,,1.0,0,2,3,3,1,own,0,0,1,0.3022643457798938,0.6793512808742943,,0.0,1.3551675141618444,2.0154633621652502,0.9558003095803473,0.0,-0.6312197927803649,0.7385265154856465,-0.6965046909065518,0.6744907594765952,0.15487465000840442,0.0796273813270988,2.276406313233509,-1.0037612487266565,-0.22745984676306993,,-0.21941256082175997,-0.6231925911979234,-0.0739718681157018,0.14520287183176728,1.9239253393653966,-0.6181139259310685,-0.1407810346486704,0.3325071336163175,,0.0
G6_A_Roll03,school_a,6,sentence_01_copy_hindi,copy_hindi,devanagari,0.0,data/processed/school_a/G6_A_Roll03/sentence_01_copy_hindi.json,3.5658414305743182,0.0056274882628921,,-0.2621124031007751,0.1715462567796066,6.2493106877675455,18.860931382654364,19.75083170428037,0.2793949995527936,3.656429942418426,1.0915389837804017,-4.194202898550724,-5.050354174582245,0.5652173913043478,0.3043478260869565,0.5234818544467149,0.1744186046511628,90.47058823529412,0.8740627841261978,2.6916666666666664,0.07170142499429,1.1363636363636365,0.0151498598815733,0.0672268907563025,0.7563025210084033,1.0252100840336134,3.4285714285714284,1.0,3,3,4,4,4,copy,1,0,0,2.2451382312253605,0.3548437497109451,,-0.8233689114167125,-0.4264301997661466,0.22683155658832999,-1.4453197243397538,-0.17418422579943144,-0.302320824454898,0.9341762364203164,0.0,-2.4070723704320742,-0.6760032086496229,1.0012929630464833,-0.5841359456336671,0.8824748425844687,-0.6744907594765952,3.464849791831825,0.8339017731871826,0.9622021370842773,0.27321974223437834,0.4086570388020148,0.25684195259620946,-1.1805150335211614,0.0,0.34444235618067903,0.9635582278237073,0.0
G6_A_Roll03,school_a,6,sentence_03_dictated_hindi,dictated_hindi,devanagari,0.0,data/processed/school_a/G6_A_Roll03/sentence_03_dictated_hindi.json,0.3630674302495557,-0.012730599428725,,0.003875968992248,0.1132211420887909,8.492149895547632,19.537906162458032,25.25716487332566,0.2866683991318459,3.147077713551703,1.0950522512743783,0.3775510204081633,3.259195005183264,0.6428571428571429,0.0714285714285714,0.2594559199898619,0.5697674418604651,35.607142857142854,0.8035271656097981,0.2707482993197279,0.0211167850502134,1.0,0.0482023066665677,0.4357976653696498,1.4163424124513615,1.470817120622568,0.3333333333333333,1.0,3,3,4,4,4,dictated,0,1,0,-0.6030499249423559,-0.3538734383974484,,0.15248579592705871,-0.5408610454074427,0.9388118079563232,-1.3513743211499298,0.08884741412893093,-0.4433758504304275,0.552589382982178,0.5997413759701765,-0.2241022971906607,0.1628763189913659,0.6744907594765952,-0.7445677215001377,-0.9079902470134456,0.6272700251329171,0.0,-0.09795537317410093,0.01791296095887944,-0.5355146964512939,0.0,1.3347234373685695,1.8121990740259517,1.4379090969306143,0.5290642267223664,-0.6744907594765952,0.0
G6_A_Roll03,school_a,6,sentence_05_own_hindi,own_hindi,devanagari,0.0,data/processed/school_a/G6_A_Roll03/sentence_05_own_hindi.json,2.950370453250252,-0.0172016218178657,,0.0434516523867809,0.1162042462920614,8.353851637219593,20.66534075380194,20.27653145467216,0.3059529498273304,3.8440111420612815,1.0874685546002192,0.2629629629629629,10.211610998997058,0.6111111111111112,0.1111111111111111,0.3552536526635713,0.1744186046511628,,0.7570749725322972,2.354385964912281,0.0676229454875008,0.8235294117647058,0.0292846562403351,0.0514579759862778,0.7332761578044596,0.9391080617495712,,1.0,3,3,4,4,4,own,0,0,1,1.1884037405058798,-1.1116111907571593,,0.6744907594765952,-0.8027719385722282,1.0623980928862609,-0.3714909506864044,0.04452498125194866,0.5778366073314433,2.0654032067351995,-0.2816160546244177,-0.38973319882738305,0.8390637747355152,1.627937573798451,-1.461396645532623,0.5488634484333513,-0.4522748115870084,,0.08589323881106252,0.5244773660564017,-0.10730666316805917,-0.04215567246728707,0.7380603101425038,-0.7175049418434514,-0.08491791873406299,-0.003891695803827513,,0.0
G6_A_Roll04,school_a,6,sentence_01_copy_hindi,copy_hindi,devanagari,0.0,data/processed/school_a/G6_A_Roll04/sentence_01_copy_hindi.json,0.4932194641292888,0.0094619969623722,,-0.0802310654685494,0.2869042160263035,0.4471784185509694,19.533947245549896,34.71097913543623,0.5310675357278449,2.5190839694656475,1.0771291133145515,0.235827664399093,10.6152093975309,0.5,0.2777777777777778,0.2893419043625546,0.5975609756097561,36.55882352941177,0.3164561742640223,0.0053705692803437,0.0224609608054305,1.0526315789473684,0.0205168038574994,0.3217334208798424,2.445173998686802,1.8338804990151016,0.2857142857142857,1.0,0,1,1,1,2,copy,1,0,0,-2.564836858456933,0.7103245423638003,,0.10372706311350047,0.9792026096753536,-0.9213152645363565,-0.9510038828097667,5.0,5.0,-1.8566625766000289,-1.4002481876631587,0.042824590122980254,1.280848992595756,0.43071398059743543,-0.9134994970689017,-0.5126446294912675,5.0,-0.7691966537866655,-2.913165392117011,-1.9361309221184777,-3.661137272154799,0.1687241999163694,0.6869150395011335,5.0,5.0,3.4078712683867782,-1.156269873388449,0.0
G6_A_Roll04,school_a,6,sentence_03_dictated_hindi,dictated_hindi,devanagari,0.0,data/processed/school_a/G6_A_Roll04/sentence_03_dictated_hindi.json,1.4972418740871414,0.0135662537986752,,-0.1131436314363143,0.3644114461159535,-0.1687295793779168,20.64382836160532,18.740178455574657,0.2693065650219771,2.479338842975207,1.0886601667934317,1.9137254901960783,1.847821162089005,0.3529411764705882,0.4117647058823529,0.3271703549780612,0.1829268292682926,32.142857142857146,0.5767337449740156,1.3703703703703702,0.0680435185332137,0.9411764705882352,0.0270249121085067,0.116361071932299,0.8251057827926658,0.9732016925246828,3.0,1.0,0,1,1,1,2,dictated,0,1,0,0.7709148816513715,0.6744907594765952,,-0.8249874533953869,1.5389781844407602,-0.6671630002133299,-0.7609867652052348,-1.3696578196606162,-0.8615291091777966,-1.7082571810144538,0.0,3.3569733660844707,-0.20040533317483128,-0.6943287229906125,0.6744907594765952,-0.24006111948870162,-1.177203257598155,-0.12438327693769885,-1.02322138013503,2.830054034352315,1.508380709237747,-0.16417624977117973,0.21607290724840472,-0.7465477938071481,0.3396881733074266,0.0,4.721435316336167,0.0
G6_A_Roll04,school_a,6,sentence_05_own_hindi,own_hindi,devanagari,0.0,data/processed/school_a/G6_A_Roll04/sentence_05_own_hindi.json,1.8698912901123683,0.0131970159676221,,-0.0750469043151969,0.3222623432737375,2.321293922424481,22.17212986318116,20.17448231996906,0.2598626423651337,2.844827586206897,1.140080947760569,0.6722222222222222,8.847689679055218,0.5,0.3333333333333333,0.3022801467030092,0.1829268292682926,,0.6725084160224327,0.8871794871794871,0.0676240988058536,1.6153846153846154,0.0423143812888416,0.0555555555555555,1.0,0.9814814814814816,,1.0,0,1,1,1,2,own,0,0,1,0.09632431608516803,0.8628136291467821,,-0.037539502044353114,1.274565862421024,-0.28547575088664146,0.5179127672317163,0.006606983925940264,-0.365664044702113,-1.0389878204342495,3.560451804875366,0.12547708547750014,0.6744907594765952,0.6370190506167854,0.6744907594765952,0.0,1.4230109925542447,,-0.16401450777359894,-0.97494265132992,-0.10721020075872216,2.4799785777122905,1.6546271002460957,-0.6744907594765952,0.4766336411941044,0.12709810050435102,,0.0
G6_A_Roll05,school_a,6,sentence_01_copy_hindi,copy_hindi,devanagari,0.0,data/processed/school_a/G6_A_Roll05/sentence_01_copy_hindi.json,2.183765054493409,-0.2064836083514295,,0.1204152249134948,0.2880109995185601,5.53973408730301,19.383138900081104,26.172031754482887,0.3933531629635334,2.4344569288389506,1.0939127723130624,-2.217447916666667,-2.892030569141993,0.8125,0.0625,0.499452795924718,0.5647058823529412,100.79411764705884,0.6964089538570428,0.0980392156862745,0.0182972352653569,1.125,0.0118989599706627,0.2189281641961231,2.2713797035347776,1.9703534777651084,2.4285714285714284,1.0,4,2,4,2,3,copy,1,0,0,0.08159419177462211,-5.0,,1.1264728298823428,0.9926887288805061,0.08641798441069656,-1.0617694060463605,3.116804488497099,2.5332400673605,-2.0643218423192042,0.23066779806459545,-1.3138866794839028,-0.40639782363659555,3.1647382714991243,-3.5820928172202957,0.7392980484165553,5.0,4.275624643120474,-0.35991627419323163,-1.8361476769016887,-3.993822657120894,0.3760947249532484,-0.003664690695704006,2.9717480050781795,5.0,3.924862197067197,0.2890674683471121,0.0
G6_A_Roll05,school_a,6,sentence_03_dictated_hindi,dictated_hindi,devanagari,0.0,data/processed/school_a/G6_A_Roll05/sentence_03_dictated_hindi.json,11.501949010697864,3.0526315789473686,,0.0235294117647058,0.170892224074517,6.765450186260678,20.115063275621928,29.962230026131355,0.3949063340517841,3.4088200238379005,1.082308726433571,1.0172413793103448,2.0374263186731034,0.5,0.5,0.64341950378038,0.3411764705882353,8.571428571428571,,0.0,,,,0.2095608671484158,0.11284046692607,0.2740411339633129,0.5,1.0,4,2,4,2,3,dictated,0,1,0,5.0,5.0,,0.3166524355054834,-0.06334827194969543,0.6186322878028518,-1.0432636984500163,1.141843647479392,2.163494191089618,1.438802884904256,-0.5959279155602304,1.2671212723643017,-0.15160176856285654,0.0,1.0423948101001927,2.8793921858041434,-0.4390252057898744,-0.9707024808436927,,-0.6744907594765952,,,,0.0,-0.983343306503509,-0.7433468083656086,-0.33724537973829755,0.0
G6_A_Roll05,school_a,6,sentence_05_own_hindi,own_hindi,devanagari,0.0,data/processed/school_a/G6_A_Roll05/sentence_05_own_hindi.json,0.3697593593878545,-0.0591564993078294,,-0.0392156862745098,0.2685515851077749,4.797719826069065,19.52193214485824,28.66763048349648,0.3143121604449023,3.12455003599712,1.1130145710795585,3.583333333333333,0.1638943760609765,0.0,1.0,0.3819904602684124,0.4235294117647059,,,,,,,0.0799112097669256,1.258601553829079,1.5382907880133183,,1.0,4,2,4,2,3,own,0,0,1,-1.4199133600797111,-3.836626437057422,,0.17776195193275451,0.7330904732346285,0.26784008285628974,-1.0464041562331876,3.162372785282013,0.7489554629527418,-0.16991040403892102,1.5839050319071444,3.7902307819810126,-0.3733104267134921,-3.8221143037007077,5.0,0.8258860119959239,5.0,,,,,,,-0.4188182254355697,1.0210848037043725,1.8483737989624758,,0.0
G6_A_Roll07,school_a,6,sentence_01_copy_hindi,copy_hindi,devanagari,0.0,data/processed/school_a/G6_A_Roll07/sentence_01_copy_hindi.json,1.7385131369917146,-0.0028235458393035,,-0.1714285714285714,0.3159739508646318,6.4627206223110845,20.873369293710432,19.76647356197504,0.2406472182851056,3.459764223475141,1.093927635091623,-0.2461538461538462,-27.90928073936855,0.4615384615384615,0.3076923076923077,0.4622095663908019,0.1764705882352941,49.70588235294117,0.6840259428478689,2.161904761904762,0.0700207359931383,1.2307692307692308,0.0074907742267891,0.0756302521008403,0.7563025210084033,0.6386554621848739,2.0,1.0,1,1,4,3,3,copy,1,0,0,-0.6154165876849412,-0.4286152373014258,,-0.3611300891562614,1.3334163398535674,0.2690618827121562,0.03277313256656677,-0.16616747242913704,-1.2664614346476273,0.4515945641148225,0.2321120566228091,-0.22372098354031272,-3.5314089883712563,0.09421868325568884,-0.5426775965019586,0.5173848093171356,0.0,0.2633285841792175,-0.44312901439289454,0.3906246242510615,0.1389311917583659,0.6791747230840716,-0.3569089315564181,-0.9505039998645409,0.0,-1.119915165474706,0.0,0.0
G6_A_Roll07,school_a,6,sentence_03_dictated_hindi,dictated_hindi,devanagari,0.0,data/processed/school_a/G6_A_Roll07/sentence_03_dictated_hindi.json,0.9328844328029584,0.0282327306667529,,0.1633986928104575,0.1908317656564147,7.074142883746326,22.216600732184776,25.033082357412788,0.3050774819321447,2.9145152036718303,1.0821350770631444,-1.1677631578947367,-3.22499800363425,0.75,0.25,0.3866832370057564,0.4470588235294118,32.57142857142857,0.6548783193538462,0.1052631578947368,0.038695852168177,1.3333333333333333,0.0013271681882598,0.3541666666666667,0.5416666666666666,0.9583333333333334,0.6666666666666666,1.0,1,1,4,3,3,dictated,0,1,0,0.08723939691721537,1.2480377002323673,,1.4849907320257205,0.10174982356730264,0.6758727443942592,0.07862495127870775,0.0386976207567298,0.0,-0.23482643859849575,-0.6122206777517171,-3.826484126123499,-1.5061275106696694,1.1803588290840412,0.0,0.3469686235220589,0.054878150723734656,-0.10899565504849915,-0.70440914078791,-0.40529386208433205,0.23014214458412632,0.930332082036683,-1.1413554005853463,1.158319504369475,-0.18679944990111375,-0.015808024659264196,0.0,0.0
G6_A_Roll07,school_a,6,sentence_05_own_hindi,own_hindi,devanagari,0.0,data/processed/school_a/G6_A_Roll07/sentence_05_own_hindi.json,1.645877925380528,-0.0112470470494199,,-0.3017301038062283,0.1776889888415894,4.875899102373345,21.212785607310355,19.499889457037224,0.260207753906876,3.3419188667095945,1.110726559153451,1.4249999999999998,3.5173436559412523,0.3125,0.25,0.2106428285551473,0.1764705882352941,,0.7280094652281037,1.8823529411764703,0.0764198983956955,0.4705882352941176,0.0500880260913277,0.0402414486921529,0.663983903420523,0.744466800804829,,1.0,1,1,4,3,3,own,0,0,1,-0.13009410526450468,-0.7248550374795991,,-1.3996261156554914,-0.18292451809531876,0.28530793092961926,-0.048353834128584565,-0.24404884424166828,-0.35859937139904907,0.5054388285383828,1.416820880143549,1.0731376310428167,0.03132234164244538,-1.0351559572522744,-0.12646701740186148,-0.9494628216841908,0.0,,0.0,0.04208052866609782,0.6284618003130472,-1.1663069382616131,2.2014586440810784,-0.8352500014317282,-0.23080354043155066,-0.6055901021545037,,0.0
G6_A_Roll08,school_a,6,sentence_01_copy_hindi,copy_hindi,devanagari,0.0,data/processed/school_a/G6_A_Roll08/sentence_01_copy_hindi.json,,,,,,-0.229778795459603,20.995121637215828,25.05793345725504,0.3164985504026091,3.3368532206969377,1.0933770619389231,,,,,,0.4,,,,,,,0.1663043478260869,0.5358695652173913,0.258695652173913,0.2857142857142857,1.0,4,3,2,0,1,copy,1,0,0,,,,,,-1.055273995092599,0.12219764015422767,2.545807650814368,0.6209072672265575,0.14999346360703267,0.1786112939982649,,,,,,5.0,,,,,,,1.53136505568902,-1.2601794173826861,-2.559290028088617,-1.156269873388449,0.0
G6_A_Roll08,school_a,6,sentence_03_dictated_hindi,dictated_hindi,devanagari,0.0,data/processed/school_a/G6_A_Roll08/sentence_03_dictated_hindi.json,,,,,,5.808036626202331,20.193095965983467,23.964013048322,0.3909158097467404,2.538293216630197,1.086719626035697,,,,,,0.6470588235294118,,,,,,,0.5342687533729088,,0.059363194819212,0.5,1.0,4,3,2,0,1,dictated,0,1,0,,,,,,0.44110042595149573,-1.0016065824414404,-0.20056069323109993,2.067383910821699,-1.508648023926768,-0.18207246597554788,,,,,,0.9878067130272183,,,,,,,2.600970909115886,,-0.9715921790965241,-0.33724537973829755,0.0
G6_A_Roll08,school_a,6,sentence_05_own_hindi,own_hindi,devanagari,0.0,data/processed/school_a/G6_A_Roll08/sentence_05_own_hindi.json,0.1755189963782481,0.0007650069185277,,0.1029411764705882,0.106115522906315,3.5989720607416262,19.579006980692068,23.691829627455945,0.3076929185979041,2.724703222159412,1.0924391974830114,0.7685714285714286,0.8272551884372721,0.4285714285714285,0.0,0.2773051980176583,0.5882352941176471,,1.0425443353674877,0.7825,0.0137772087661443,0.125,0.0004878976903945,0.4319654427645788,3.077753779697624,2.7807775377969763,,1.0,4,3,2,0,1,own,0,0,1,-1.6162391302303853,0.05534102458419915,,1.0319494709584633,-0.9044795965578268,0.0,-1.0127149220369795,1.3135339479610169,0.6134549783067464,-1.4122055297415013,0.08136966250163681,0.24676964239013008,-0.2932682076344407,0.0,-2.5293403480372323,-0.2587677785588316,5.0,,0.9295010210054321,-1.0819204495258485,-4.610910966377972,-2.267038386018557,-1.2876272965604931,3.2768574106702912,4.851067762012101,5.0,,0.0
G6_A_Roll09,school_a,6,sentence_01_copy_hindi,copy_hindi,devanagari,0.0,data/processed/school_a/G6_A_Roll09/sentence_01_copy_hindi.json,2.418884455379065,-0.0067490586508422,,0.0365448504983388,0.1957942635755111,6.696654199024167,20.85123230963132,19.52198822178465,0.3282392877486246,3.793831168831169,1.081851939055441,-0.4933333333333334,-12.851598524590967,0.5,0.3,0.2654874557721387,0.1744186046511628,55.35294117647059,0.8247501948570377,2.2507936507936512,0.0771414835388159,0.9047619047619048,0.0289664622930123,0.0924887892376681,0.6978699551569506,0.9753363228699552,0.5714285714285714,1.0,3,0,2,0,2,copy,1,0,0,0.4496571925965172,-0.792532629379299,,0.6989639523093195,-0.1309690617705057,0.3153535010336598,0.01651398844041954,-0.2914709186832601,0.9130458439026761,1.2713336931207853,-0.9413177482812151,-0.36041626492666884,-1.6504898339468455,0.43071398059743543,-0.6380317995048871,-0.6547810129326944,-0.6744907594765952,0.7068293575336919,0.5025255290420975,0.4865297649811294,0.707885272828334,-0.25499392916331365,1.3640174469333257,-0.4890637030836862,-0.3340494914955977,0.15550911579162682,-0.9635582278237075,0.0
G6_A_Roll09,school_a,6,sentence_03_dictated_hindi,dictated_hindi,devanagari,0.0,data/processed/school_a/G6_A_Roll09/sentence_03_dictated_hindi.json,0.6727171196744964,-0.0468227424749163,,0.0271317829457364,0.4593145911422798,2.845694708867257,20.28004881294468,24.775021161900543,0.2770724468649733,2.111706197398623,1.1040546062769694,3.1574074074074074,0.4935232079835728,0.0,1.0,0.3099130434596717,0.627906976744186,8.857142857142858,0.9001740842040713,0.5493827160493827,0.0192374286761213,1.6666666666666667,0.0522673751932068,0.1795013850415512,0.4487534626038781,0.5385041551246538,0.6666666666666666,1.0,3,0,2,0,2,dictated,0,1,0,-0.22793322402022614,-1.687080078535423,,0.34674330447693524,2.3247699960561583,-0.10820250641219646,-0.9551875135056268,-0.019056620262923117,-0.6744907594765952,-2.952996764389648,1.4443930373052885,5.0,-0.5489958931458824,-2.3607176581680824,3.127184430300578,-0.4102856960935183,0.8984701885932321,-0.9604440662508927,0.29634225769241024,0.7304844056169769,-0.6173701245528637,1.8606641640733665,1.5494519796277353,-0.24078207465829898,-0.35938555107270337,-0.4621699881005774,0.0,0.0
G6_A_Roll09,school_a,6,sentence_05_own_hindi,own_hindi,devanagari,0.0,data/processed/school_a/G6_A_Roll09/sentence_05_own_hindi.json,1.9580109228723512,-0.0081960592173147,,-0.2480620155038759,0.1918552832695747,2.1340027905982297,21.107374343170687,19.61819152325414,0.3106745359547659,3.6305732484076434,1.1008416472288818,0.1294117647058825,37.05711844636879,0.5882352941176471,0.2352941176470588,0.2968173619264637,0.1744186046511628,,0.3175446138680868,2.274074074074074,0.0738399029553238,1.1875,0.0170811387660843,0.1279317697228145,0.5863539445628998,0.9488272921108742,,1.0,3,0,2,0,2,own,0,0,1,0.18539002055022114,-0.5266900360264999,,-1.0771470575741409,-0.04010955791507942,-0.32732281306063354,-0.11057433310398232,-0.20009180880452232,0.6744907594765952,1.4022671112359817,0.6949661969014416,-0.5578587800245578,4.0782873590975175,1.4239249366728137,-0.2678125074392365,-0.05660042385595877,-0.4522748115870084,,-1.2129895113279725,0.44240217174357827,0.4126735267186503,1.1171253203831115,-0.12038749268578702,0.0852757374463433,-0.3942430894978046,0.026153554576108094,,0.0
G6_A_Roll10,school_a,6,sentence_01_copy_hindi,copy_hindi,devanagari,0.0,data/processed/school_a/G6_A_Roll10/sentence_01_copy_hindi.json,0.4515838195410036,-0.0081787898429235,,0.189925681255161,0.2063572635189506,3.743661098333638,20.267719031683747,27.58948845659277,0.3353004240272853,2.7106227106227103,1.0991263554996498,2.003623188405797,0.32137840003371,0.0,0.5,0.218872308498544,0.5317919075144508,35.35294117647059,0.7771394875532536,0.9503105590062112,0.0144045139399895,0.2857142857142857,8.491631769692993e-05,0.1288515406162465,2.448179271708684,1.7781512605042018,1.0,1.0,4,2,4,3,0,copy,1,0,0,-2.6300145521333933,-0.9250768527136944,,1.4807855103423027,-0.0022592667673283465,-0.2689954045142578,-0.4120641074630184,3.843278352132678,1.0887443746993062,-1.3866615692281212,0.7372865373205124,1.0204514528737947,-0.004997236553541713,-3.9437248848452673,1.8411774785712467,-0.9325366869716364,5.0,-0.8639025480967357,0.182585781378393,-0.9166041417870364,-4.304854563578564,-2.028864740734191,-0.9503677391067453,0.506232546627393,5.0,3.196756137492039,-0.6744907594765952,0.0
G6_A_Roll10,school_a,6,sentence_03_dictated_hindi,dictated_hindi,devanagari,0.0,data/processed/school_a/G6_A_Roll10/sentence_03_dictated_hindi.json,1.9200483618693416,0.2828282828282827,,-0.2297687861271676,0.2248336963348841,4.349732853546293,22.53400533296096,24.8601711720236,0.3248366949398429,3.0708742886704603,1.1132502721793458,0.3333333333333333,10.69626833292808,0.6666666666666666,0.3333333333333333,0.283128021141052,0.1849710982658959,3.857142857142857,0.2719641466102106,1.125,0.0736813880120129,0.25,0.0087149553253533,0.070213933077345,0.0263302249040043,0.0965441579813494,0.6666666666666666,1.0,4,2,4,3,0,dictated,0,1,0,1.2831123106876337,5.0,,-1.7991658687284173,0.38328357778423533,0.17068919019596115,0.24806881147279644,0.0,0.4758932297801373,0.29457796729390107,2.3071822162800504,-0.32718100744409334,2.0771475087287663,0.7869058860560273,0.3474649367000641,-0.6744907594765952,-1.1676674729136767,-1.1399663216248914,-2.2666126060825804,2.2025510814032194,1.7539382980643068,-2.093247184582537,-0.7511113611372161,-1.1161950084044663,-1.1440359177701411,-0.9320614161550271,0.0,0.0
G6_A_Roll10,school_a,6,sentence_05_own_hindi,own_hindi,devanagari,0.0,data/processed/school_a/G6_A_Roll10/sentence_05_own_hindi.json,1.4854537960382928,-0.0089569592017023,,0.0328323699421965,0.378582269437172,4.399693988201015,21.08236216574621,20.893393301886,0.2527673292994998,3.0955088118249003,1.1002839187854314,0.8916666666666666,4.318184435589988,0.375,0.25,0.2685625677729971,0.1734104046242774,,0.4859764555049436,1.2133333333333334,0.0739586163911232,0.76,0.013941917086252,0.0257437070938215,0.7723112128146453,0.8409610983981693,,1.0,4,2,4,3,0,own,0,0,1,-0.29224058324605623,-0.5761113234289443,,0.6106819615753796,1.8423451114881224,0.17890788504368083,-0.12533812682672907,0.2737299220015364,-0.510910038326663,-0.26013938670183656,0.6542375700857277,0.40173237366812753,0.1279531222616066,-0.47776428796258785,-0.12646701740186148,-0.34935098798497144,-0.6744907594765952,,-0.715246387642175,-0.641627870423071,0.4226026013839601,-0.2445029003102656,-0.34121382077759127,-0.9874394807267236,-0.002734804347230352,-0.30729535826500587,,0.0
G6_A_Roll11,school_a,6,sentence_01_copy_hindi,copy_hindi,devanagari,0.0,data/processed/school_a/G6_A_Roll11/sentence_01_copy_hindi.json,2.411836897193515,0.001532612137908,,-0.177437641723356,0.2234769807191529,2.31292222975134,21.84551929378973,17.853464135205357,0.2894728086743787,3.275726630007856,1.0779037724321063,1.3866666666666667,2.469872578564417,0.4,0.4,0.1831349944318316,0.1785714285714285,38.1764705882353,0.7342394577045337,2.092063492063492,0.0765408810786999,0.8095238095238095,0.0343827254968574,0.1978211009174312,0.5418577981651376,0.9375,3.0,1.0,2,1,1,2,2,copy,1,0,0,0.4386247324742584,-0.024774585989261737,,-0.391759866534679,0.20634390497830374,-0.5521151624931807,0.7467966376220017,-1.1466216530527953,-0.0515600139515761,0.0,-1.3249723530896613,0.6792619540824214,0.2633803129209567,-0.4441737924911049,0.6015728395331801,-1.1454769507593217,0.6905500632736433,-0.6421521614194986,-0.10569862987785228,0.31527058510600803,0.6598966004885752,-0.5278971309434486,1.7980426661299291,2.394019969457851,-1.225945661907406,0.012176451131155811,0.6744907594765952,0.0
G6_A_Roll11,school_a,6,sentence_03_dictated_hindi,dictated_hindi,devanagari,0.0,data/processed/school_a/G6_A_Roll11/sentence_03_dictated_hindi.json,1.0199842429535229,-0.0110730913782464,,-0.3214285714285714,0.2600039246171614,3.914777402737792,22.567391826706537,18.50035361707205,0.3166678361575742,3.358707760861493,1.0781808667321195,0.2333333333333332,6.641448903470913,0.5,0.25,0.3544301609556304,0.1785714285714285,10.785714285714286,,,,,,0.1993355481727574,0.1162790697674418,0.1827242524916943,1.1666666666666667,1.0,2,1,1,2,2,dictated,0,1,0,0.19275409481760974,-0.2890549628916355,,-2.56480673438371,0.6744907594765952,0.09003600726034112,0.2658919191554278,-1.423330753702037,0.2791493317313077,1.2691315619415955,-0.9832269671512451,-0.5602974752480102,1.0334541536504698,0.0,0.0,0.02882716742183199,-1.1975196461500601,-0.8911997677494933,,,,,,-0.0819067177621016,-0.9769561082160743,-0.8404348256466492,1.0117361392148931,0.0
G6_A_Roll11,school_a,6,sentence_05_own_hindi,own_hindi,devanagari,0.0,data/processed/school_a/G6_A_Roll11/sentence_05_own_hindi.json,,,,,,0.7586295755052944,20.185307236731106,21.98253059667267,0.4120189394202351,3.1920199501246884,1.0802716921177395,,,,,,0.5119047619047619,,,,,,,0.2770221904080172,0.1539012168933428,0.2770221904080172,,1.0,2,1,1,2,2,own,0,0,1,,,,,,-0.634626890318446,-0.6548375664473893,0.678416401230664,2.749081188886256,0.03971373838645809,-0.8071734826794742,,,,,,5.0,,,,,,,1.6503466374935805,-1.3047147661917717,-2.0506109357013176,,0.0
G6_A_Roll12,school_a,6,sentence_01_copy_hindi,copy_hindi,devanagari,0.0,data/processed/school_a/G6_A_Roll12/sentence_01_copy_hindi.json,2.413678286375502,0.0006448640692054,,-0.1784883720930233,0.1693584634623791,-4.490030426648797,21.212926865452594,19.034080475072543,0.2839648811411021,3.5849909584086803,1.081676187408662,-1.0526315789473684,-5.438173826561747,0.4736842105263157,0.3157894736842105,0.3390825453861644,0.1744186046511628,55.94117647058823,0.9254633471410906,2.16,0.0863668731765144,1.263157894736842,0.0070595171515036,0.1132404181184669,0.7578397212543554,0.9668989547038328,1.1428571428571428,1.0,2,3,1,2,0,copy,1,0,0,0.4415072986319217,-0.10707388737857117,,-0.397115709573424,-0.4530883869172851,-1.8983079247898937,0.28217094928587333,-0.5415330372115175,-0.18861087051917608,0.7588780474097011,-0.9583960367685709,-0.6697195648707691,-0.7244474115133654,0.2004803561004504,-0.4423047512357188,-0.2162657466025342,-0.6744907594765952,0.753027354758116,1.1793090164744522,0.38856951409255985,1.4450021345285156,0.7719839091145624,-0.3914671573269079,0.07893562637911716,0.008787924216653656,0.1235464309892919,-0.5781349366942246,0.0
G6_A_Roll12,school_a,6,sentence_03_dictated_hindi,dictated_hindi,devanagari,0.0,data/processed/school_a/G6_A_Roll12/sentence_03_dictated_hindi.json,1.417646112525221,-0.0039817439864339,,-0.1346899224806201,0.1783321204292419,-4.655245810738763,23.33278486981354,32.25311404938847,0.3303976334897865,4.436650591845682,1.120975306407662,0.1843478260869565,12.77423096435314,0.6086956521739131,0.1739130434782608,0.3561789961405295,0.2906976744186046,55.642857142857146,,,,,,0.1589595375722543,0.8815028901734103,1.416184971098266,1.5,1.0,2,3,1,2,0,dictated,0,1,0,0.6744907594765952,-0.011740878603064034,,-1.0049651925159533,-0.0017464184685666365,-1.4990914509982551,0.6744907594765952,1.6545447832105333,0.6098263477697298,4.918856706010794,3.0319884467541693,-0.6744907594765952,2.6120062930099905,0.5131994909061051,-0.31725059437831976,0.04607752119703216,-0.6744907594765952,0.7193713233200949,,,,,,-0.40532611548334374,0.44444569381678944,0.47097937985027566,1.6862268986914881,0.0
G6_A_Roll12,school_a,6,sentence_05_own_hindi,own_hindi,devanagari,0.0,data/processed/school_a/G6_A_Roll12/sentence_05_own_hindi.json,2.523997890246476,0.0148265239562155,,-0.1723044397463002,0.1456148778377966,0.3759532763048345,21.455430663564076,19.554487182943213,0.2172891414226885,3.7106768350810295,1.114455737439885,-1.1809523809523812,-6.597745708886173,0.4285714285714285,0.1904761904761904,0.3319091599763262,0.1744186046511628,,0.6407003244843822,2.4090909090909083,0.0762148780263805,0.85,0.0204624971160661,0.1261467889908256,0.5963302752293578,0.9403669724770642,,1.0,2,3,1,2,0,own,0,0,1,0.7574535481470789,0.9686519578118417,,-0.6219374079366159,-0.5062739239056491,-0.7201294911570741,0.09487086388865971,-0.2237621810481732,-1.237173221148683,1.6511431603422086,1.689147516055829,-2.207456360906279,-1.189181166913362,0.0,-0.6985797151721884,0.3069889769232438,-0.4522748115870084,,-0.2580125231534212,0.5803833953687761,0.6113140988660254,0.04215567246728742,0.11747176815779005,0.0665379715460146,-0.37323925271293407,0.0,,0.0
G6_A_Roll13,school_a,6,sentence_01_copy_hindi,copy_hindi,devanagari,0.0,data/processed/school_a/G6_A_Roll13/sentence_01_copy_hindi.json,2.228414138480204,0.0036535140162083,,-0.1955602536997886,0.1471578753826416,2.9863959706713605,19.25356657497848,18.82932932998183,0.2693850478854224,3.126356925749023,1.0816256222789171,-1.313333333333333,-10.516970802228002,0.4,0.5,0.5028685712987043,0.1744186046511628,53.41176470588236,0.886029681463584,2.7878787878787885,0.0677900177945449,1.2727272727272727,0.0145748083275865,0.1243339253996447,0.7904085257548846,0.7904085257548846,0.2857142857142857,1.0,2,1,3,4,3,copy,1,0,0,0.15148921436410498,0.1718450959374849,,-0.48413548258219824,-0.7236017975007721,-0.4188457541326094,-1.1569375238475352,-0.646471943095873,-0.5513931737051775,-0.36652591036362553,-0.9633095945588386,-0.8138929349199951,-1.358861551532094,-0.4441737924911049,1.8411774785712467,0.759650896082117,-0.6744907594765952,0.5543759666930924,0.9143182662674376,1.0660085536131299,-0.039305182255085606,0.7994048049872077,0.21076094298218578,0.3825794864970111,0.19497849147121207,-0.5450397726771806,-1.156269873388449,0.0
G6_A_Roll13,school_a,6,sentence_03_dictated_hindi,dictated_hindi,devanagari,0.0,data/processed/school_a/G6_A_Roll13/sentence_03_dictated_hindi.json,0.0374707658416395,0.0192950554790515,,-0.0145348837209302,0.0438943862515741,3.654106651317714,19.79987329178989,30.47721189404976,0.4055571399816358,1.869158878504673,1.1018360141365593,0.6214689265536724,1.4496508556565562,0.6666666666666666,0.0,0.0856937289377507,0.686046511627907,7.678571428571429,1.0844485003104332,0.0254237288135593,0.016614510884942,0.75,0.0098280548965877,0.4966329966329966,0.5297418630751964,0.7283950617283951,0.8333333333333334,1.0,2,1,3,4,3,dictated,0,1,0,-0.9974851553175937,0.8985211593831958,,-0.0013013983415925453,-1.1148820333065597,0.04170019318749865,-1.2115253034312021,1.2570968798046658,2.42001485472859,-3.774219396006931,1.2362322241977126,0.3445105099570224,-0.3028926843979336,0.7869058860560273,-1.0423948101001927,-2.621964951025236,1.169670352053547,-1.0027600264461924,1.0481403155805542,-0.6094728647674469,-0.7316113944003266,-0.6977490615275124,-0.692314259254637,2.299501457414932,-0.20894975006402736,-0.26027816563852285,0.33724537973829777,0.0
G6_A_Roll13,school_a,6,sentence_05_own_hindi,own_hindi,devanagari,0.0,data/processed/school_a/G6_A_Roll13/sentence_05_own_hindi.json,2.115887848197581,-0.0090594550227273,,-0.2238372093023256,0.1743152148349344,7.160431441667721,22.572999718434637,18.64815069398794,0.3218863493852931,3.154853620955316,1.090325523878399,1.382222222222222,3.257755475646805,0.4666666666666667,0.3333333333333333,0.23718173220763,0.1744186046511628,,1.009183437093427,2.083333333333333,0.0558308936995513,0.6875,0.0409987325135376,0.1198083067092651,0.646964856230032,0.8985623003194888,,1.0,2,1,3,4,3,own,0,0,1,0.3449619471737484,-0.5827685392685569,,-0.9315858323993512,-0.21693661652140556,0.7957483661427276,0.7545319048697839,-0.5605260807583927,0.9040043788174371,-0.07575935773307009,-0.07298327478071959,1.0192853343575552,0.0,0.33974349366228596,0.6744907594765952,-0.6744907594765952,-0.4522748115870084,,0.8309142125105381,0.2474735852506225,-1.0935822424344879,-0.47542230615885006,1.5620787179590625,0.0,-0.2666348797660556,-0.12923161560470306,,0.0
G6_A_Roll14,school_a,6,sentence_01_copy_hindi,copy_hindi,devanagari,1.0,data/processed/school_a/G6_A_Roll14/sentence_01_copy_hindi.json,3.610424125047532,3.650708510368196,5.167026272309025,-0.184257602862254,0.2367229923280074,5.6488550980775445,21.460978191437423,20.35457306668578,0.3383125828826121,3.794225294835299,1.0972404341748052,0.7805555555555556,5.748905845831042,0.5,0.3333333333333333,0.367962188094809,0.1744186046511628,45.41176470588236,0.6856214231906201,1.9256410256410257,0.0769061876131033,0.76,0.0036826692482301,0.0591216216216216,0.5067567567567567,0.945945945945946,3.7142857142857135,2.0,4,4,3,4,3,copy,1,0,0,2.3149293256681243,5.0,5.0,-0.42652296318129485,0.3677461058600951,0.10801124285869998,0.46435937411628864,0.1352448520203067,1.1636943352327624,1.2723008061855023,0.5540261864764715,0.3440701878475167,0.6729783103035675,0.43071398059743543,-0.22483025315886496,-0.04418681741963331,-0.6744907594765952,-0.07391679555907868,-0.4324075274171767,0.13571192189847722,0.6890849184646152,-0.6698067958691187,-0.6620664794520568,-1.4023668919973955,-1.4266126164143171,0.04417163052983991,1.1562698733884484,5.0
G6_A_Roll14,school_a,6,sentence_03_dictated_hindi,dictated_hindi,devanagari,1.0,data/processed/school_a/G6_A_Roll14/sentence_03_dictated_hindi.json,0.7010598207248904,0.4436047615713491,0.7386337069132595,-0.0674418604651162,0.2666048879116639,1.0923375355812193,22.15172376545816,27.994395540309306,0.378043165355785,3.213675213675214,1.0856160668037262,0.6741071428571428,4.002266620315976,0.625,0.125,0.4873656829442747,0.5697674418604651,72.85714285714286,0.8797347201164447,0.141656662665066,0.0224876489222169,0.7666666666666667,0.0119115088738469,0.2937649880095923,4.1420863309352525,6.110311750599521,0.1666666666666666,3.0,4,4,3,4,3,dictated,0,1,0,-0.19359822910067492,5.0,5.0,-0.4432372302925608,0.7291463022845288,-0.43332508295574496,0.043990911151504844,0.70144118032288,1.7573511016892598,0.7780768241955555,-0.2856146100475778,0.4672188605186581,0.35413980693542285,0.5901794145420206,-0.5211974050500964,1.3400912610289843,0.6272700251329171,1.3374408025362903,0.21295426195090134,-0.312222185675002,-0.4758066758444886,-0.6512324574256781,-0.582260263247143,0.6744907594765952,5.0,5.0,-1.011736139214893,5.0
G6_A_Roll14,school_a,6,sentence_05_own_hindi,own_hindi,devanagari,1.0,data/processed/school_a/G6_A_Roll14/sentence_05_own_hindi.json,2.1229960365973177,0.0010583526650401,,-0.1915544675642595,0.2133673728453196,5.235539611527205,21.93238765120989,19.12006494470247,0.2911299290400889,3.753948753948754,1.0807932383184948,0.2333333333333334,28.482087207869547,0.3888888888888889,0.3333333333333333,0.4093967140085552,0.1744186046511628,,0.9849059684466,2.571929824561404,0.0778867130504047,0.8888888888888888,0.0101078123078922,0.0756302521008403,0.7815126050420168,0.8319327731092437,,1.0,4,4,3,4,3,own,0,0,1,0.3521464506432225,0.07439415212282312,,-0.7376063470611574,0.17676072046093436,0.3656635708368491,0.37640151436832925,-0.38517875078093416,0.27439906161013816,1.7855858819765755,-0.7690870970429386,-0.4270334909037545,3.0436098258513704,-0.35389947256487964,0.6744907594765952,1.109844769561507,-0.4522748115870084,,0.7591703963649609,0.7467975525930788,0.751144731092591,0.16602048786499546,-0.6109212088106867,-0.46375741225073724,0.016637502666116077,-0.3352048000349308,,0.0
G6_A_Roll15,school_a,6,sentence_01_copy_hindi,copy_hindi,devanagari,0.0,data/processed/school_a/G6_A_Roll15/sentence_01_copy_hindi.json,2.07951997991129,0.0072300849162322,,0.0952941176470588,0.3420379856237358,4.7961877926288805,20.162231456345378,19.17316592907325,0.2915449505607735,2.8756476683937824,1.0859931334224429,0.6,12.791189955058616,0.5263157894736842,0.3157894736842105,0.2584118108429745,0.1764705882352941,44.38235294117647,0.7795337230055939,1.5033333333333332,0.0707661854954588,1.05,0.0056914982771101,0.0614035087719298,0.6842105263157895,0.868421052631579,0.4285714285714285,1.0,2,0,4,2,1,copy,1,0,0,-0.0815941917746228,0.5034135857135061,,0.9984240826846092,1.6510057168073664,-0.060717633148123944,-0.48954248865600053,-0.47024906289822704,0.0,-0.981720532624413,-0.5389060874063026,0.24421929506443327,1.5526599826226462,0.6609476050944195,-0.4423047512357188,-0.6969411398765276,0.0,-0.15476329070182196,0.19867483213711523,-0.3199297130508161,0.19849327198325403,0.16118345355139227,-0.5010915735484484,-1.3399086445639077,-0.41213822835014624,-0.24951043721386748,-1.0599140506060782,0.0
G6_A_Roll15,school_a,6,sentence_03_dictated_hindi,dictated_hindi,devanagari,0.0,data/processed/school_a/G6_A_Roll15/sentence_03_dictated_hindi.json,0.8125780391029225,0.0126402523798793,,0.2023529411764705,0.2466944091135615,-0.8493651818571533,19.222911383760074,24.39894053639655,0.3116905821482798,2.5989367985823986,1.0823624258880973,0.7083333333333335,4.521496635086047,0.5,0.25,0.4539112025635577,0.4235294117647059,8.535714285714286,0.929852891962014,0.0833333333333333,0.022413374270559,1.0,0.031190709272999,0.1368821292775665,0.2737642585551331,0.4693101575230853,0.3333333333333333,1.0,2,0,4,2,1,dictated,0,1,0,-0.058502514170784115,0.6382785671646249,,1.810378407131356,0.5642888447097477,-0.7933723112064752,-1.5195317174606446,-0.10322367623995705,0.15927403685005834,-1.30331950416168,-0.5908895302193455,0.5470057468205943,0.4877874145787741,0.0,0.0,1.0100992601154408,-0.054878150723734136,-0.9719847826677926,0.41742509981618253,-0.46137654904105346,-0.4790417107172596,0.0,0.43612222415828744,-0.5821702857646178,-0.6844276672985493,-0.5357369773212212,-0.6744907594765952,0.0
G6_A_Roll15,school_a,6,sentence_05_own_hindi,own_hindi,devanagari,0.0,data/processed/school_a/G6_A_Roll15/sentence_05_own_hindi.json,1.7761038631670951,0.002609917090854,,0.0717647058823529,0.3731256197321863,5.48401677739576,20.152011651583056,18.20730276133913,0.2603253148635232,2.9621451104100944,1.081584730217627,0.8982456140350878,6.417400631893392,0.5263157894736842,0.2631578947368421,0.2071005804825653,0.1764705882352941,,0.4925948400791478,1.3733333333333333,0.0697903375165435,0.8,0.0058192881715554,0.0192184497117232,0.5765534913516976,0.7591287636130686,,1.0,2,0,4,2,1,own,0,0,1,0.0015299667533032137,0.17516996101349158,,0.8446173116135147,1.7873348747394375,0.42118162611009574,-0.6744907594765952,-0.7243302205973754,-0.3561928168465259,-0.6744907594765952,-0.7112876812771193,0.4100145108890326,0.38124804041769483,0.87171027979139,0.0,-0.9861643851746492,0.0,,-0.6956879990399725,-0.4781149590348055,0.0739718681157018,-0.11709909018690853,-0.9125944050823568,-1.0559381166357578,-0.4148766397025849,-0.5602652845240055,,0.0
G6_A_Roll16,school_a,6,sentence_01_copy_hindi,copy_hindi,devanagari,1.0,data/processed/school_a/G6_A_Roll16/sentence_01_copy_hindi.json,2.5301271003062755,0.012899289059626,,-0.1536107711138311,0.1397274160168214,-9.908551858588242,19.84329571978095,20.0906905906354,0.2893499001151862,3.7390579408086704,1.0874112473281157,1.3888888888888888,2.6898774955704714,0.3333333333333333,0.3888888888888889,0.3053513798105736,0.1744186046511628,40.05882352941177,0.8266184064257317,2.329824561403509,0.0731758088208151,0.7222222222222222,0.0023914635373623,0.1103565365025466,0.797962648556876,0.8149405772495756,2.7142857142857144,1.0,4,0,3,3,0,copy,1,0,0,0.6237997837950456,1.0289810939780515,,-0.27030817657399925,-0.8141416921211585,-2.970544452434113,-0.7237940059018916,0.0,-0.054618282822227214,1.1369302184395156,-0.4011039169409817,0.6804908881474439,0.29086206320375435,-1.0274323078834655,0.46383899075117246,-0.4172524039132682,-0.6744907594765952,-0.49431857030134063,0.5150797457660078,0.5717988092768472,0.39102432522008096,-0.7780583992419057,-0.7655355725510506,0.0,0.23816418499553288,-0.4521067378680792,0.4817791139118538,0.0
G6_A_Roll16,school_a,6,sentence_03_dictated_hindi,dictated_hindi,devanagari,1.0,data/processed/school_a/G6_A_Roll16/sentence_03_dictated_hindi.json,0.7087253299583437,-0.0439584091841376,,0.0655391120507399,0.2861161159062992,-8.977022714250696,22.32777514854761,25.04529578948852,0.2952858807087137,3.063511830635117,1.1133546996418828,0.1,22.679698583554305,0.5,0.1,0.5525261541258415,0.5,36.35714285714285,0.9855293221532676,0.160676532769556,0.0274987512462762,1.2,0.006198682571954,0.1576535288725939,2.285976168652612,1.7341888175985334,1.8333333333333333,1.0,4,0,3,3,0,dictated,0,1,0,-0.18431205626490935,-1.5750675201679298,,0.6675625231426398,0.8906979894124156,-2.3004725178591676,0.13797450770377873,0.04143099373974982,-0.2358270407390346,0.2696499771989035,2.3169801891099957,-0.8711194323198987,5.0,0.0,-0.6254368860601156,1.9828283180979813,0.30182982898053906,0.026928338306099545,0.6445723781652803,-0.2635813304761425,-0.2575479508622179,0.5581992492220098,-0.884028082398643,-0.41578748947202626,3.053252157627924,0.8090807522022337,2.360717658168083,0.0
G6_A_Roll16,school_a,6,sentence_05_own_hindi,own_hindi,devanagari,1.0,data/processed/school_a/G6_A_Roll16/sentence_05_own_hindi.json,,,,,,-3.429877862881227,19.694812305644557,18.280195766471472,0.2379941920706124,3.2312565997888067,1.0742354042408953,,,,,,0.1744186046511628,,,,,,,0.2645329849771391,0.2547354670150228,0.1665578053559765,,1.0,4,0,3,3,0,own,0,0,1,,,,,,-1.570478628098493,-0.9443591807283007,-0.6972456521516528,-0.8133264329117675,0.16161917051631933,-1.2479788946596635,,,,,,-0.4522748115870084,,,,,,,1.519241688599173,-1.0924216693920317,-2.392091689174189,,0.0
G6_A_Roll17,school_a,6,sentence_01_copy_hindi,copy_hindi,devanagari,0.0,data/processed/school_a/G6_A_Roll17/sentence_01_copy_hindi.json,2.59489009906432,-0.0010881279494821,,-0.1717647058823529,0.1336065745286928,-1.1011232552489802,19.910422572996435,18.20724390538216,0.2220967058456139,3.0157217722725105,1.081676187408665,0.0809523809523808,79.91413744672562,0.5,0.3571428571428571,0.5404454600864445,0.1764705882352941,47.294117647058826,0.6749443391886424,2.4222222222222225,0.0687738661907071,1.0666666666666669,0.0117856217207177,0.0904159132007233,0.7414104882459314,0.8318264014466547,2.142857142857143,1.0,4,1,4,4,2,copy,1,0,0,0.7251817351581449,-0.2677321163056904,,-0.362843452951902,-0.8887239374494164,-1.2276987736381701,-0.6744907594765952,-0.9653027061432435,-1.7280440542882003,-0.6380043239241876,-0.9583960367682903,-0.042824590122980254,5.0,0.43071398059743543,0.07031370851686489,0.9835522389710902,0.0,0.07391679555907868,-0.5041565888117221,0.6714896792462599,0.03930518225508672,0.20894151386291634,-0.01274690419316032,-0.5458010419117519,-0.08513533333939442,-0.388139364889626,0.0963558227823707,0.0
G6_A_Roll17,school_a,6,sentence_03_dictated_hindi,dictated_hindi,devanagari,0.0,data/processed/school_a/G6_A_Roll17/sentence_03_dictated_hindi.json,2.351249378706062,0.0408227036492219,,-0.3105882352941177,0.0894427190999915,-3.554032704542622,22.03179668767961,19.091280167990416,0.2157228676515208,2.9971988795518203,1.0798220897071722,-4.050000000000001,-5.189118198328469,0.25,0.75,0.5404517116102103,0.1764705882352941,25.392857142857142,1.0365947542735885,2.293333333333333,0.0511350667280478,0.2,0.0105028952994516,0.0584307178631051,0.3171953255425709,0.3839732888146911,1.0,1.0,4,1,4,4,2,dictated,0,1,0,1.8054790638093636,1.7403809230284055,,-2.474256616742857,-0.7377448269991138,-1.2948950397564907,-0.02003118226145064,-1.2910810585128503,-2.1520723507154527,0.04512596907023132,-0.8292381817611356,-5.0,-2.011683733687936,-1.1803588290840412,2.0847896202003855,1.8637270975647424,-1.2073193159221551,-0.3667383216925972,0.8529078243137959,5.0,0.7719325399993627,-2.2327969968880397,-0.6566672596985533,-1.210580766460557,-0.6037545423461617,-0.6264670509981843,0.6744907594765953,0.0
G6_A_Roll17,school_a,6,sentence_05_own_hindi,own_hindi,devanagari,0.0,data/processed/school_a/G6_A_Roll17/sentence_05_own_hindi.json,1.506812924773908,0.2962962962962963,,0.3137254901960784,0.241200381406773,-0.8844461739501994,19.03679410013981,18.59421377067985,0.24298453494877,3.090371167294244,1.090325523878399,-0.0999999999999999,-8.01387685344754,0.5,0.0,0.5717298313014636,0.1764705882352941,,0.8323460818673926,2.533333333333333,0.063402655555219,1.0,0.016548019618215,0.0355660936573799,0.1244813278008298,0.2311796087729697,,1.0,4,1,4,4,2,own,0,0,1,-0.27065213821952144,5.0,,2.2985033784793423,0.4573542115539708,-1.0017446089930757,-1.3327637920908324,-0.5805672121184916,-0.7111706431445904,-0.2761016766017317,-0.07298327478071959,-0.8466617767629353,-1.3600539064585344,0.6370190506167854,-2.5293403480372323,2.7917933764491445,0.0,,0.30833144716671596,0.7073536485301195,-0.460287549996177,0.519919960429876,-0.1578893819648194,-0.8843293593051802,-1.3666544281163426,-2.19232502129101,,0.0
G6_A_Roll18,school_a,6,sentence_01_copy_hindi,copy_hindi,devanagari,1.0,data/processed/school_a/G6_A_Roll18/sentence_01_copy_hindi.json,2.261333136086184,0.0086889315531789,,-0.2525490196078432,0.2083224745893123,5.103022887337492,22.16865493045585,19.902251554764824,0.277447964969817,3.1039834454216244,1.0965078501190555,1.3142857142857145,3.575688640577969,0.3571428571428571,0.5,0.4446433543364237,0.1764705882352941,41.20588235294117,0.7384977421786376,1.4888888888888887,0.0800211712479024,1.1333333333333333,0.0011779186586471,0.1027984009137635,0.8994860079954312,0.9080525414049114,2.142857142857143,1.0,3,2,3,1,2,copy,1,0,0,0.20302160597987906,0.6386569765893901,,-0.7746218851708767,0.021686763277036933,0.0,0.9841328921936641,-0.09657863569652023,-0.3507678593426181,-0.4214263353573877,0.4828389055910879,0.6392338159645437,0.40151250236709884,-0.8191256952433371,1.8411774785712467,0.41271679141217904,0.0,-0.4042324757137142,-0.0770833343429171,-0.33551429841945213,0.9379748896532307,0.3999737551090101,-0.8627814157027203,-0.20687609493585477,0.8185567469376162,-0.09937727258612816,0.0963558227823707,0.0
G6_A_Roll18,school_a,6,sentence_03_dictated_hindi,dictated_hindi,devanagari,1.0,data/processed/school_a/G6_A_Roll18/sentence_03_dictated_hindi.json,0.5951644026100947,-0.0644569468361483,,-0.1466063348416289,0.177358250147534,3.429221213862032,23.74039933717032,29.922476896070137,0.2873076986204657,3.0319148936170213,1.1216515851241935,-0.2657657657657656,-30.43398713706346,0.6666666666666666,0.25,0.6245021757324161,0.4352941176470588,63.642857142857146,,,,,,0.1636263128800442,1.3090105030403536,1.513543394140409,0.5,1.0,3,2,3,1,2,dictated,0,1,0,-0.32188235546218574,-2.3766829091961674,,-1.1045038532883615,-0.009810000478724053,0.0,0.892092421995007,1.132946874563635,-0.4279785621721587,0.16266829672775657,3.0954407257722183,-1.7237796659089986,-5.0,0.7869058860560273,0.0,2.6927933546926095,0.0,1.0066069319184927,,,,,,-0.3679443722923271,1.2385402777902257,0.5744907581019327,-0.33724537973829755,0.0
G6_A_Roll18,school_a,6,sentence_05_own_hindi,own_hindi,devanagari,1.0,data/processed/school_a/G6_A_Roll18/sentence_05_own_hindi.json,0.5920699358677084,0.0145878784397885,,0.1191176470588235,0.1998326866476699,7.31396259610684,24.30166128301201,25.485282707298406,0.5566475428417634,2.18034993270525,1.0913249400488862,0.105952380952381,17.262440908121057,0.6,0.2,0.3057390850504663,0.6588235294117647,,0.4318884807222969,0.0111607142857142,0.0212382253128153,1.0,0.0388712271605346,0.35,2.975,2.49375,,1.0,3,2,3,1,2,own,0,0,1,-1.19521600849018,0.9531516701306217,,1.1291501196751819,0.040313205537705746,0.8300523275893319,1.7748989973759768,1.9799202851272975,5.0,-3.1034718215958366,0.0,-0.5873914429999415,1.6898286401690978,1.528845721480284,-0.6070416835289355,0.035838383638739604,5.0,,-0.8750850337112333,-1.8701950262463987,-3.986878902339358,0.519919960429876,1.4124208590962861,2.4164283590198807,4.6347333510995075,4.802003889494361,,0.0
G6_A_Roll19,school_a,6,sentence_01_copy_hindi,copy_hindi,devanagari,0.0,data/processed/school_a/G6_A_Roll19/sentence_01_copy_hindi.json,1.0885098720003556,0.0048990781414764,,0.2157382847038019,0.1552187986691534,2.842034136576573,17.704412413955318,27.80041317892764,0.383498100804446,2.721791559000861,1.1186340818712557,0.2535460992907802,17.347394406673516,0.4166666666666667,0.5,0.3487185821857085,0.5402298850574713,42.64705882352941,0.7041756852582906,0.188216039279869,0.0183348115933282,0.5384615384615384,0.0257812061210502,0.2549728752260398,2.0397830018083183,1.8414707655213984,0.4285714285714285,1.0,3,0,0,4,3,copy,1,0,0,-1.6329513013477162,0.28731598341005676,,1.6123589914971919,-0.6253797214524183,-0.4474125935662853,-2.294758316765028,3.951381335273392,2.288021752074064,-1.3592552598976746,2.6329079144873035,0.05262324482075572,2.1217948668816455,-0.2983591636430148,1.8411774785712467,-0.1588495621032628,5.0,-0.2910473825138737,-0.3077245252063505,-1.738852941131679,-3.990820274995457,-1.304621628317679,1.1087710794281909,3.958339072857775,5.0,3.436624937911428,-1.0599140506060782,0.0
G6_A_Roll19,school_a,6,sentence_03_dictated_hindi,dictated_hindi,devanagari,0.0,data/processed/school_a/G6_A_Roll19/sentence_03_dictated_hindi.json,0.0227309935052876,-0.0036815116737729,,0.0086206896551724,0.0110049092845556,2.494203260035629,16.969893201787183,24.85681838949101,0.3950197037332324,2.784660766961652,1.0883978746976055,0.7156862745098039,1.2365242845366309,0.6666666666666666,0.0,0.228174662029587,0.3908045977011494,6.428571428571429,,,,,,0.2391559202813599,0.1395076201641266,0.3388042203985932,0.5,1.0,3,0,0,4,3,dictated,0,1,0,-1.0153412519325262,0.0,,0.19211879336108562,-1.3872047438113289,-0.173379075806207,-2.7222871183193496,-0.0007503546206905845,2.1662246573203614,-0.6744907594765953,-0.02460972205949267,0.564146663570882,-0.3577505615336034,0.7869058860560273,-1.0423948101001927,-1.2165457764352599,-0.207527719403547,-1.047640590289692,,,,,,0.23706191170025312,-0.9338091196984631,-0.6744907594765952,-0.33724537973829755,0.0
G6_A_Roll19,school_a,6,sentence_05_own_hindi,own_hindi,devanagari,0.0,data/processed/school_a/G6_A_Roll19/sentence_05_own_hindi.json,1.774590147991924,-0.0027891281871382,,-0.0389527458492975,0.2434515795319779,3.2850801093630464,18.03598992026775,17.298564851084095,0.3077666741698294,3.0324074074074074,1.0789896707552538,0.5725490196078431,4.989227111883547,0.3529411764705882,0.2352941176470588,0.4212075127415184,0.1724137931034483,,,0.0,,,,0.1205626255860683,0.7736101808439384,1.0850636302746148,,1.0,3,0,0,4,3,own,0,0,1,0.0,-0.1755039433856728,,0.17934189978139548,0.48004926227759837,-0.07013389196366653,-1.9235027036913597,-1.0619864070152472,0.6149648061650158,-0.4561908854757052,-0.900794258624539,0.0,0.20892224781919794,-0.6744907594765952,-0.2678125074392365,1.2322175595775682,-0.8941525010685712,,,-1.8816007817840845,,,,0.007918433109352557,0.0,0.4473036599663847,,0.0
G6_A_Roll20,school_a,6,sentence_01_copy_hindi,copy_hindi,devanagari,0.0,data/processed/school_a/G6_A_Roll20/sentence_01_copy_hindi.json,0.2589365155951101,-0.0084860765338598,,0.0855614973262032,0.1098713823835687,5.682015807931889,20.82874835252067,28.37188198138004,0.4050717008588234,3.000852514919012,1.0821177820104957,0.6574468085106384,2.2277896555254038,0.2,0.0,0.141119646286749,0.5529411764705883,38.91176470588236,0.7407150891913808,0.6479690522243714,0.0138190807069246,0.3,0.0003306695556512,0.3959085439229843,3.0258724428399515,2.375451263537906,1.5714285714285714,1.0,4,0,4,4,0,copy,1,0,0,-2.9315904515422933,-0.9535640788557342,,0.948814412783559,-1.1779364463690374,0.1145732035033243,0.0,4.24427010446601,2.8248262668096342,-0.6744907594765952,-0.9154850305686989,0.27598854802193157,0.23314070496480913,-2.193949338668186,-4.3568457166190875,-1.3958247888885114,5.0,-0.5844046648889677,-0.06218295827386523,-1.2428103202971337,-4.3516312011450005,-1.9879292604671708,-0.9306746224768787,5.0,5.0,5.0,-0.2890674683471123,0.0
G6_A_Roll20,school_a,6,sentence_03_dictated_hindi,dictated_hindi,devanagari,0.0,data/processed/school_a/G6_A_Roll20/sentence_03_dictated_hindi.json,0.8719723370695363,-0.0178250975415284,,0.14984520123839,0.1785430422061669,-0.2082475341288649,21.67088866899148,25.861156267522933,0.4002800091436331,2.9146426092990976,1.0951412879092737,0.2276422764227643,9.444886571735047,0.3888888888888889,0.1666666666666666,0.3515076722156746,0.4823529411764706,54.25,0.8515471598269789,0.2567394094993582,0.0281279737414778,1.1578947368421053,0.0093453454336116,0.1845807540799099,2.21496904895892,2.099606077658976,3.1666666666666665,1.0,4,0,4,4,0,dictated,0,1,0,0.01344909394546672,-0.5530987761228414,,1.3717774293132328,0.0,-0.6744907594765952,-0.21269898768068984,0.22402102860833212,2.292917138969818,-0.2343950655163919,0.608095294646167,-0.5735642660986391,1.7550471411180217,-0.5246039240373516,-0.3474649367000645,0.0,0.2195126028949376,0.6693615521801951,0.09795537317410093,-0.017912960958879582,-0.23014214458412618,0.44068361780685006,-0.717812353232713,-0.20009537850487988,2.9213565668238743,1.1975920185507813,5.0,0.0
G6_A_Roll20,school_a,6,sentence_05_own_hindi,own_hindi,devanagari,0.0,data/processed/school_a/G6_A_Roll20/sentence_05_own_hindi.json,0.174785438068744,0.0147693238840361,,0.0870588235294117,0.1227143982155792,0.547370487732088,23.27495738550789,31.10660292448446,0.288658200453798,2.6368159203980097,1.103014334410452,1.988888888888889,0.1291779902869618,0.0,0.5,0.3455980584638329,0.5294117647058824,,1.0868131876454157,0.8977777777777778,0.013559090308137,0.6,0.0003120050444755,0.2137767220902612,2.5653206650831355,2.209026128266033,,1.0,4,0,4,4,0,own,0,0,1,-1.6169805641827957,0.9649367504723463,,0.9365161067638667,-0.7371410078831271,-0.6818291902600554,1.1688724088128308,4.068612223417885,0.22380105822888008,-1.685265018552777,0.85362865431174,1.7830088146212646,-0.37749936356944297,-3.8221143037007077,2.276406313233509,0.44882093410388746,5.0,,1.0603225842007569,-0.9641116678832613,-4.629154179042598,-0.7541181408036934,-1.3000003402949258,0.98642979046168,3.7722080226579613,3.921831314364165,,0.0
G6_A_Roll21,school_a,6,sentence_01_copy_hindi,copy_hindi,devanagari,0.0,data/processed/school_a/G6_A_Roll21/sentence_01_copy_hindi.json,1.3672242822237486,-0.0014816390133144,,-0.1209302325581395,0.2185613514762228,1.1006284882265085,18.535173465096253,16.279393892608386,0.3414422060452063,3.1533058852022284,1.0786970263613371,19.35,0.6627916770897279,0.0,1.0,0.3170674749453353,0.1744186046511628,7.323529411764706,1.043713717138513,1.5466666666666664,0.0869306771314302,0.2,0.0181712950352346,0.1315020455873758,0.1578024547048509,0.587375803623612,0.4285714285714285,1.0,4,1,0,2,1,copy,1,0,0,-1.1966433581805085,-0.30421283283340117,,-0.1037270631135004,0.146447129861675,-0.7920082123269147,-1.684581988471244,-1.9533629729612525,1.241567098186885,-0.3003980971905977,-1.2478896076621806,5.0,0.03765014856388671,-3.9437248848452673,5.0,-0.34744222221073234,-0.6744907594765952,-3.0652371158405556,1.9739410578914884,-0.27317595694490815,1.490050573476116,-2.274477622336312,0.49896073551008224,0.5787803478138467,-3.421527702840258,-1.3141742674949313,-1.0599140506060782,0.0
G6_A_Roll21,school_a,6,sentence_03_dictated_hindi,dictated_hindi,devanagari,0.0,data/processed/school_a/G6_A_Roll21/sentence_03_dictated_hindi.json,,,,,,-2.3562593972424817,20.33561337699222,26.13597402124173,0.3719106584294901,2.643764002987303,1.081445331504399,,,,,,0.5116279069767442,,,,,,,0.2693377851975514,0.5876460767946577,0.244852531997774,0.8333333333333334,1.0,4,1,0,2,1,dictated,0,1,0,,,,,,-1.0727936050244702,-0.925524823679477,0.2855253967999532,1.609651973861318,-1.1515424614909373,-0.6769364917720584,,,,,,0.35606986167260213,,,,,,,0.4788242955544153,-0.10139278237518355,-0.7743801008562247,0.33724537973829777,0.0
G6_A_Roll21,school_a,6,sentence_05_own_hindi,own_hindi,devanagari,0.0,data/processed/school_a/G6_A_Roll21/sentence_05_own_hindi.json,0.8162566967524143,-8.703451858039485e-05,,-0.12,0.1958338847135988,1.1500805398952263,22.472918468556188,28.31122858726058,0.3602572167936883,3.455882352941176,1.082392200050723,0.048611111111111,52.823927787876464,0.5,0.0833333333333333,0.3874280558494415,0.4186046511627907,,,,,,,0.1377551020408163,1.607142857142857,1.8137755102040816,,1.0,4,1,0,2,1,own,0,0,1,-0.9686223293685126,0.0,,-0.3076521968101311,0.0,-0.5471637377112459,0.6954575226740844,3.0299459284764696,1.6894827236648358,0.859515136149104,-0.652321462352264,-0.6595774993173841,5.0,0.6370190506167854,-1.7283825711587755,0.8822254482418751,5.0,,,,,,,0.1883957868884206,1.7548921415266872,2.6999852071068116,,0.0
G6_A_Roll22,school_a,6,sentence_01_copy_hindi,copy_hindi,devanagari,1.0,data/processed/school_a/G6_A_Roll22/sentence_01_copy_hindi.json,1.7369233916839342,0.0399867938184911,,-0.0624277456647398,0.3694089364704306,8.511545672789294,19.779594380562934,18.7746605235016,0.3592527040828066,3.2928311057108144,1.0952521592738838,5.55,1.4146449871465556,0.25,0.75,0.2362770046294532,0.1734104046242774,41.44117647058823,1.0460859049102869,5.4,0.0624540916921126,0.8,0.0001240820668703,0.1171875,0.6863839285714286,0.6947544642857143,0.7142857142857143,1.0,0,0,4,0,4,copy,1,0,0,-0.6179052229329051,3.540147039168086,,0.1944751648058287,1.98451982183282,0.6744907594765952,-0.770581285129854,-0.6744907594765952,1.6847363296630624,0.041971252198878824,0.3608198468921301,2.981669924902197,0.13156734458595534,-1.7565054521239158,4.940189076166414,-0.828831059337118,-1.0058879534391083,-0.38575327682394395,1.9898819501842597,3.88431189370353,-0.465650437832845,-0.555187451121462,-0.9472292426507565,0.18697244001546828,-0.3997132405418523,-0.907399285336369,-0.8672024050413366,0.0
G6_A_Roll22,school_a,6,sentence_03_dictated_hindi,dictated_hindi,devanagari,1.0,data/processed/school_a/G6_A_Roll22/sentence_03_dictated_hindi.json,1.2871457667835446,-0.0014258555810306,,-0.0731339532545865,0.1402700361543876,8.0778809934277,23.310449187625437,28.94688635259866,0.4163707281755197,4.174757281553398,1.0823311570865866,0.318181818181818,11.381921353983229,0.6363636363636364,0.1363636363636363,0.383534951737394,0.3005780346820809,54.392857142857146,,,,,,0.2613065326633165,0.6968174204355109,1.4517029592406476,1.3333333333333333,1.0,0,0,4,0,4,dictated,0,1,0,0.5163996622281959,0.08820964046282438,,-0.49078369613240114,-0.31689797796534575,0.8619945029079314,0.6625670375117415,0.9146091610135465,2.680456068105602,4.032131944582991,-0.5938233453306565,-0.36250168438408104,2.2536316936386775,0.6438320885912951,-0.47381582277281514,0.3159142193486685,-0.6284024079983682,0.6744907594765952,,,,,,0.4144924604142419,0.10139278237518334,0.5087420694097862,1.3489815189531904,0.0
G6_A_Roll22,school_a,6,sentence_05_own_hindi,own_hindi,devanagari,1.0,data/processed/school_a/G6_A_Roll22/sentence_05_own_hindi.json,0.1276460546006698,0.0064037013784625,,0.1618497109826589,0.0772637289239438,10.2558190122682,21.27226278817521,25.24019485058138,0.2267644835163466,3.162055335968379,1.0962404609687604,-1.2631578947368425,-4.4362282997809945,0.3333333333333333,0.3333333333333333,0.1242937853107344,0.4393063583815029,,0.7740096543903551,1.3289473684210529,0.0196513607419239,0.0,0.0006595114123713,0.2449856733524355,1.9326647564469916,1.9326647564469916,,1.0,0,0,4,0,4,own,0,0,1,-1.6646260464111209,0.4215804058391401,,1.3859171512563402,-1.195343790413694,1.4873608031890653,-0.013246581585270192,1.8888539500459576,-1.043206377882558,-0.05338415015905579,0.35896038565263516,-2.3109436374189194,-0.9283688807865812,-0.8493587341557124,0.6744907594765952,-1.8441333326247533,5.0,,0.13593794155098948,-0.5234754487072079,-4.119602689685057,-2.6651752926540473,-1.2755552507034675,1.3140445440919872,2.440235187128904,3.0675099017649536,,0.0
G6_A_Roll23,school_a,6,sentence_01_copy_hindi,copy_hindi,devanagari,0.0,data/processed/school_a/G6_A_Roll23/sentence_01_copy_hindi.json,0.8480705427309477,-0.0384198908583886,,0.1673202614379084,0.206728092090854,-2.035656866426218,20.027642119442422,25.86029974270279,0.3473713640633577,2.7862873814733784,1.0865441576107715,-0.5227272727272727,-5.937350137398355,0.5882352941176471,0.1764705882352941,0.5165330391105055,0.5176470588235295,63.11764705882353,0.5993584024385868,0.2575757575757575,0.021132703008656,0.9375,0.0049184798385413,0.2957983193277311,2.341736694677871,1.873389355742297,2.571428571428572,1.0,2,0,3,2,2,copy,1,0,0,-2.0093422784986834,-3.728599129538924,,1.36555986933939,0.0022592667673283465,-1.4126276489414895,-0.5883954949520412,2.9570358277121263,1.3890992108014637,-1.2009943182717395,-0.4853614963640527,-0.37667171096855817,-0.786801648446726,1.202673780381442,-2.169308118316617,0.8410704279174304,5.0,1.3166429208960932,-1.0120874073235364,-1.6640184637598223,-3.767266255009498,-0.16118345355139227,-0.5630364024121298,5.0,5.0,3.557539874711481,0.3854232911294834,0.0
G6_A_Roll23,school_a,6,sentence_03_dictated_hindi,dictated_hindi,devanagari,0.0,data/processed/school_a/G6_A_Roll23/sentence_03_dictated_hindi.json,0.5806956751773175,-0.0045562019329218,,-0.0550588235294117,0.240043248698385,-2.8897745800068395,22.388776758620157,27.87397394528248,0.2300285374486217,3.139293139293139,1.1020681181111378,0.394047619047619,8.012629604642775,0.6666666666666666,0.25,0.3722840734725282,0.4117647058823529,49.92857142857143,,,,,,0.1383399209486166,0.8893280632411067,1.9565217391304348,0.6666666666666666,1.0,2,0,3,2,2,dictated,0,1,0,-0.33941010209485445,-0.034205619165134815,,-0.3398008204458856,0.509217673037446,-1.1717225816689525,0.17053972025416586,0.6744907594765952,-1.8075256624815585,0.5262321814769612,1.2580095266562135,-0.18564600913457263,1.386390261243369,0.7869058860560273,0.0,0.20493656289109716,-0.10975630144746854,0.5142030314640964,,,,,,-0.5704931017823004,0.45898093801990614,1.045464892571092,0.0,0.0
G6_A_Roll23,school_a,6,sentence_05_own_hindi,own_hindi,devanagari,0.0,data/processed/school_a/G6_A_Roll23/sentence_05_own_hindi.json,0.239160158745758,0.0181414182459069,,0.1196078431372549,0.118448252270663,-0.7960728023887145,24.016112078359036,29.53841294192708,0.2061993616713617,2.085308056872038,1.1068363878025729,2.0350877192982457,0.1953494688555976,0.0,0.4,0.2310154174505705,0.6705882352941176,,0.9562511332283216,0.7134502923976608,0.0115943575081912,0.3333333333333333,0.000149105092437,0.6067226890756303,3.6722689075630255,2.2672268907563025,,1.0,2,0,3,2,2,own,0,0,1,-1.5519147023849353,1.1839579727428495,,1.132095593878719,-0.7801493941865131,-0.9819990613091121,1.6063495151119664,3.485926013110638,-1.46418872619532,-3.3987600544868255,1.1327375792831804,1.8411678226613968,-0.36951500289338446,-3.8221143037007077,1.315256980979361,-0.738380523242747,5.0,,0.6744907594765952,-1.152486191529392,-4.793482492318032,-1.6034768749594064,-1.3114594221705693,5.0,5.0,4.101748490551855,,0.0
G6_A_Roll24,school_a,6,sentence_01_copy_hindi,copy_hindi,devanagari,1.0,data/processed/school_a/G6_A_Roll24/sentence_01_copy_hindi.json,2.7019774498529725,0.0020670903289399,,-0.1710407239819004,0.186023201119657,6.19492047268982,21.05650620694652,19.31392669187217,0.2723596214455991,3.423469387755102,1.0973029207359215,-0.3093333333333333,-17.786362558817974,0.44,0.36,0.3827937483046564,0.1764705882352941,54.0,0.7458316748162618,2.094871794871795,0.0758716554715537,0.68,0.0061409925553052,0.0857142857142857,0.8742857142857142,0.9342857142857144,3.7142857142857135,1.0,4,0,0,2,3,copy,1,0,0,0.8928195035977926,0.024774585989261758,,-0.35915313093052204,-0.2500291254257479,0.21606862502382604,0.16728330145325843,-0.39810646055516435,-0.47737842825281,0.3625336814559563,0.5600981837344448,-0.2586605243428004,-2.2669122064042098,-0.09421868325568884,0.10573098391795294,0.044186817419633644,0.0,0.6005739639175159,-0.027799954818799297,0.3183005552114909,0.6064248774847896,-0.899045485364432,-0.46507193320254564,-0.6744907594765952,0.6744907594765952,0.0,1.1562698733884484,0.0
G6_A_Roll24,school_a,6,sentence_03_dictated_hindi,dictated_hindi,devanagari,1.0,data/processed/school_a/G6_A_Roll24/sentence_03_dictated_hindi.json,0.0845145894844337,0.0017912543983738,,-0.0143790849673202,0.0534661484874487,2.5128299981330358,19.94641304644585,24.885280990118996,0.2980762620345937,2.704291593180482,1.0815568605943668,0.6870588235294118,0.9384705990866052,0.2941176470588235,0.0588235294117647,0.1959636324169328,0.5882352941176471,34.642857142857146,,0.0,,,,0.5277777777777778,1.0,1.8888888888888888,0.8333333333333334,1.0,4,0,0,2,3,dictated,0,1,0,-0.9404951936728071,0.2140178767120048,,0.0,-1.0356284702597998,-0.16992514572561712,-1.1332962492836542,0.0056195914436599536,-0.16862175371804583,-0.9466066694542976,-0.6664722042493613,0.4974113610230942,-0.4344683183591973,-0.9720602121868577,-0.7971254430177944,-1.5342724902386493,0.7134159594085466,-0.03462214925069952,,-0.6744907594765952,,,,2.5489769803849875,0.6645538516546411,0.9735577136661918,0.33724537973829777,0.0
G6_A_Roll24,school_a,6,sentence_05_own_hindi,own_hindi,devanagari,1.0,data/processed/school_a/G6_A_Roll24/sentence_05_own_hindi.json,2.6756408565931027,-0.0201672881551416,,-0.1380804953560371,0.1308795023711408,0.5802144422622361,21.294704570761763,18.40856277198041,0.2667145950767648,3.3208606173994384,1.0820886187973335,-1.7925925925925923,-6.34677985147582,0.4444444444444444,0.1666666666666666,0.254421866997042,0.1764705882352941,,0.9160127049572137,2.8526315789473684,0.0775205560244805,1.2105263157894737,0.0186294223591592,0.1252086811352253,1.1769616026711185,0.7929883138564274,,1.0,4,0,0,2,3,own,0,0,1,0.9107245866410806,-1.3042344676681576,,-0.41629368743321915,-0.6548259726583597,-0.6744907594765952,0.0,-0.6495488266391509,-0.22539980679418586,0.44001237128404336,-0.6744907594765952,-2.9774409616256645,-1.1588992090927872,0.14155978902595265,-0.927424794280319,-0.495864110921049,0.0,,0.5555797460647138,1.033662309414597,0.7205197186401432,1.1904663295001756,-0.011474578730064102,0.05669022077062574,0.8492027494124198,-0.45559458252437374,,0.0
G6_A_Roll25,school_a,6,sentence_01_copy_hindi,copy_hindi,devanagari,1.0,data/processed/school_a/G6_A_Roll25/sentence_01_copy_hindi.json,2.206720112943635,0.0108056906737197,,-0.1726296958855098,0.1670839031409046,-2.157357785453593,18.938041658120948,16.9248586978735,0.2644378874011255,3.206955530216648,1.0823166867164158,-4.227777777777779,-3.5298543688615376,0.5,0.3333333333333333,0.5724946170453451,0.1744186046511628,70.11764705882354,1.2530763969572465,3.123076923076923,0.0722201791549829,1.2307692307692308,0.0385693333536969,0.1214247166756611,0.6961683756071236,0.6961683756071236,0.5714285714285714,1.0,3,1,2,3,0,copy,1,0,0,0.11752873254584968,0.8348926012802474,,-0.3672525295530274,-0.4808038270637343,-1.4367102649222696,-1.3886838665400838,-1.622549826976788,-0.6744907594765952,-0.1687516895260211,-0.8961568933281632,-2.42563996119709,-0.48607110833793366,0.43071398059743543,-0.22483025315886496,1.174516672511382,-0.6744907594765952,1.8663990878667434,3.3808397734264006,1.4276648273102555,0.31466866243622005,0.6791747230840716,2.133531050716742,0.3029506239155781,-0.3437771455028515,-0.9020430651247021,-0.9635582278237075,0.0
G6_A_Roll25,school_a,6,sentence_03_dictated_hindi,dictated_hindi,devanagari,1.0,data/processed/school_a/G6_A_Roll25/sentence_03_dictated_hindi.json,0.0619978317982568,-0.0062830357580467,,-0.0129958960328317,0.0537409281685513,-3.805515912854296,21.725112963275198,23.116400007407275,0.282180038661012,2.8922091782283883,1.095848935300887,0.7749999999999999,1.340694215004959,0.625,0.1875,0.3067111685955933,0.5813953488372093,38.71428571428572,,,,,,0.4851752021563342,1.4285714285714286,2.398921832884097,0.6666666666666666,1.0,3,1,2,3,0,dictated,0,1,0,-0.9677725078351037,-0.10173514697898031,,0.011553877959502239,-1.0333533125361138,-1.3415272205177524,-0.18375178994863126,-0.3902569695705899,-0.5514763279165732,-0.31035072391782687,0.6744907594765952,0.7024167253565381,-0.3309376624340947,0.5901794145420206,-0.2605987025250482,-0.4418687032437663,0.6815100578249802,0.11156025869669957,,,,,,2.2077223803406416,1.4606244712911909,1.5158242309026246,0.0,0.0
G6_A_Roll25,school_a,6,sentence_05_own_hindi,own_hindi,devanagari,1.0,data/processed/school_a/G6_A_Roll25/sentence_05_own_hindi.json,2.3517510244711604,0.0102975595567641,,-0.127906976744186,0.1289288862761665,0.979952895194348,22.096037934336184,19.825501092572047,0.2597299256079913,3.649453823237338,1.0955457817692271,0.8549019607843139,8.657598097545181,0.2941176470588235,0.3529411764705882,0.3066317265037437,0.1744186046511628,,0.82008218341787,2.9333333333333336,0.0719657431609045,0.4444444444444444,0.0227382083111376,0.0408997955010225,0.4805725971370143,0.7668711656441718,,1.0,3,1,2,3,0,own,0,0,1,0.5833574022409561,0.6744907594765952,,-0.35516338070718234,-0.6744907594765952,-0.585175906551771,0.4729984232156761,-0.12306260402074605,-0.3683808490324447,1.4609276914123508,0.3082308053224783,0.35544984213954167,0.6515539930465657,-1.1990946835139475,0.8629514128597614,0.045087125200703355,-0.4522748115870084,,0.27208965901366744,1.1161359270007836,0.2559206502796488,-1.2495774023945259,0.2775550621263438,-0.828339031377681,-0.616951641419312,-0.5363310429308851,,0.0
G6_A_Roll26,school_a,6,sentence_01_copy_hindi,copy_hindi,devanagari,1.0,data/processed/school_a/G6_A_Roll26/sentence_01_copy_hindi.json,2.0076124764772656,0.0026344329299641,,-0.2611749680715198,0.1785391764443908,5.9938834560536405,21.425296243556005,20.09698464806959,0.2656033400063671,3.5275819162173376,1.0950072901452363,-0.5176470588235295,-13.766117734305029,0.5294117647058824,0.3529411764705882,0.4680783358182641,0.1724137931034483,52.8235294117647,0.9139937678167582,2.4074074074074074,0.0757137952255142,0.8888888888888888,0.027167054191461,0.0924369747899159,0.7226890756302521,0.865546218487395,2.571428571428572,1.0,3,4,4,0,1,copy,1,0,0,-0.19416036621978885,0.07737047592560742,,-0.8185905638780356,-0.3412217115196734,0.1762866964380465,0.4381517420724505,0.0032258256745011844,-0.6454914168250623,0.6180067672749854,0.33702521567627214,-0.37386224940279805,-1.7647263196227163,0.688033913858771,0.01822947998585386,0.5523537862150646,-1.3334759842525834,0.5081779694686671,1.1022344565141957,0.6555054891245816,0.593811703004619,-0.30047779612666964,1.2198242151225986,-0.49048193255129985,-0.19216260953749154,-0.26040096798132745,0.3854232911294834,0.0
G6_A_Roll26,school_a,6,sentence_03_dictated_hindi,dictated_hindi,devanagari,1.0,data/processed/school_a/G6_A_Roll26/sentence_03_dictated_hindi.json,4.240405237145943,-0.0537365343005871,,-0.0317782285327924,0.3814275943174223,5.549888303815052,25.132905254881013,19.2743098003672,0.2900253629356137,3.0227177114009254,1.1020668626829009,-0.2833333333333334,-34.49056504724109,0.4375,0.375,0.579612270436689,0.1724137931034483,64.5,0.6415853420133044,1.815686274509804,0.0769170967973382,1.6470588235294117,0.0296421681954364,0.1176470588235294,0.8823529411764706,0.9831932773109244,2.833333333333333,1.0,3,4,4,0,1,dictated,0,1,0,4.094045587036767,-1.957450678530477,,-0.14533631403700037,1.67987077465196,0.39323234237805565,1.6354703612656256,-1.2501189236167276,-0.3625246370644057,0.1315282527255867,1.2578917353065389,-1.7647325589015792,-5.0,-0.2950897072710103,0.5211974050500964,2.250003345678008,-1.2262428161717185,1.0373821756968924,-0.758641490342078,3.9688918020130926,1.894869699626059,1.8059387474829731,0.35432385691443424,-0.7362467982493065,0.44602466195049006,0.01062304297692323,4.384189936597869,0.0
G6_A_Roll26,school_a,6,sentence_05_own_hindi,own_hindi,devanagari,1.0,data/processed/school_a/G6_A_Roll26/sentence_05_own_hindi.json,3.6826598851455032,-0.0259362890405088,,-0.070607553366174,0.2155502900853147,1.5096845835429793,22.856682462133836,20.251890720440805,0.277725447453679,3.7063492063492074,1.0837810958477196,-0.5384615384615384,-10.193875712446976,0.5384615384615384,0.3076923076923077,0.3231151588488012,0.1724137931034483,,0.5590831720715356,2.2857142857142856,0.0900290883251967,1.2857142857142858,0.0178097942750804,0.1415094339622641,1.0613207547169812,1.2558962264150944,,1.0,3,4,4,0,1,own,0,0,1,1.928555192358988,-1.6789373939800258,,-0.01086447489473311,0.1987674096690025,-0.4668162454097591,0.9219796819905179,0.035369320134255776,0.0,1.637697530932804,-0.5508960836288136,-1.3986343681623195,-1.623096195072251,0.9800293086412077,0.4280422127447627,0.21587350897642624,-0.8941525010685712,,-0.49920430728113535,0.4542979523339942,1.7667210212216795,1.4299471755967115,-0.06913073642381153,0.22780674040489643,0.6057363310168182,0.9754018666444474,,0.0
G6_A_Roll27,school_a,6,sentence_01_copy_hindi,copy_hindi,devanagari,1.0,data/processed/school_a/G6_A_Roll27/sentence_01_copy_hindi.json,0.4696023542177628,-0.002748230483635,,-0.2713178294573643,0.0995188533059516,-4.929179444780534,21.490858949231868,25.253612005726303,0.3093737517422406,3.785481239804241,1.0920087497978774,5.25,0.4013890690710276,0.0,1.0,0.1675043215014208,0.1976744186046511,30.61764705882353,0.938338041702636,4.830065359477124,0.0277936940475063,0.0,0.0001121325651887,0.0857142857142857,0.7428571428571429,1.0,1.2857142857142858,1.0,2,1,1,3,2,copy,1,0,0,-2.6018077945516715,-0.4216330749358532,,-0.8702913380390912,-1.3040816610314787,-1.9852083134354737,0.4863061553870404,2.64609667617008,0.44362465895405745,1.2508444958417757,0.04564850295878874,2.815763826124151,0.004997236553541706,-3.9437248848452673,5.0,-1.238612087069998,5.0,-1.2357964257533516,1.2658258267160158,3.269390697257801,-3.235047128967763,-2.8475743460745955,-0.9481868004524092,-0.6744907594765952,-0.07686504381499637,0.2489407786814151,-0.48177911391185363,0.0
G6_A_Roll27,school_a,6,sentence_03_dictated_hindi,dictated_hindi,devanagari,1.0,data/processed/school_a/G6_A_Roll27/sentence_03_dictated_hindi.json,0.0490999141857594,-0.0138227906091197,,0.1366279069767441,0.1144723986482353,-2.335710481050866,20.97828936888297,23.835737503633453,0.3591729459591989,2.4739884393063583,1.099031071855293,0.4736842105263157,2.6674381600045685,0.3333333333333333,0.0,0.1611912381872214,0.6627906976744186,57.71428571428572,,,,,,0.3743842364532019,2.1839080459770117,2.495894909688013,0.5,1.0,2,1,1,3,2,dictated,0,1,0,-0.983397339600802,-0.396584644085793,,1.2613724072326025,-0.5305007232245612,-1.0689832481392985,-0.582437481360762,-0.22926883243879417,1.3028689493989607,-1.7263727083316933,0.9730567376568197,0.0,0.010560612242919402,-0.7869058860560275,-1.0423948101001927,-1.8772642754295783,1.061190286669421,0.7937448291178945,,,,,,1.3202660202956158,2.8636608124130802,1.6189259094182282,-0.33724537973829755,0.0
G6_A_Roll27,school_a,6,sentence_05_own_hindi,own_hindi,devanagari,1.0,data/processed/school_a/G6_A_Roll27/sentence_05_own_hindi.json,2.1662692458861508,-0.0005084050892751,,-0.1794019933554817,0.1109432534853344,-1.5727749625718304,19.943172301730048,18.37906578933287,0.2480183699747441,3.438628158844766,1.097026033157971,-2.153846153846154,-6.293913603672305,0.3846153846153846,0.3846153846153846,0.1562288233007634,0.1744186046511628,,0.7142083681102506,3.009523809523809,0.07935907219622,1.4615384615384617,0.0240798135026341,0.0591949486977111,1.1128650355169691,0.7221783741120757,,1.0,2,1,1,3,2,own,0,0,1,0.3958842505983291,-0.027368480095311738,,-0.6645849565073076,-0.8558096953420552,-1.155540132212615,-0.7977611581347009,-0.6605089049622919,-0.608124538860487,0.8059076032587783,0.4163275092176965,-3.4322175996337343,-1.1525202796932372,-0.3920117234564825,1.1673878529402608,-1.5132514179916785,-0.4522748115870084,,-0.04078445692318609,1.193999218138052,0.8742913976388815,1.9899639233916873,0.37192933014646656,-0.6362863713311901,0.7142559558480651,-0.6744907594765952,,0.0
G6_A_Roll28,school_a,6,sentence_01_copy_hindi,copy_hindi,devanagari,1.0,data/processed/school_a/G6_A_Roll28/sentence_01_copy_hindi.json,0.8995379151266204,-0.017061345963355,,0.1947637292464878,0.1695948146609259,9.67320432817755,20.71355420528718,28.928123613669207,0.2885459770455044,2.9963235294117654,1.1018337744410602,0.7566844919786097,2.573586740729334,0.5294117647058824,0.3529411764705882,0.456391447473443,0.5057471264367817,34.911764705882355,0.7541055796474145,0.1401515151515151,0.0246466965668662,1.4375,0.0119904243763733,0.1233875490745933,1.900168255748738,1.9495232753785756,2.571428571428572,1.0,1,2,0,1,4,copy,1,0,0,-1.9287737016096083,-1.7485403881863295,,1.5054462857452893,-0.45020845560263906,0.9043639561791741,-0.08460765186732276,4.52935465563613,-0.07462187666922197,-0.6856040608271202,1.000374153197373,0.330869004408404,0.27633569021067156,0.688033913858771,0.01822947998585386,0.48271763274371454,5.0,-0.8985510460150538,0.02779995481879855,-1.7907113343265313,-3.4864950349975095,1.2715583557943162,0.003664690695704006,0.3566759238833771,5.0,3.845952615294665,0.3854232911294834,0.0
G6_A_Roll28,school_a,6,sentence_03_dictated_hindi,dictated_hindi,devanagari,1.0,data/processed/school_a/G6_A_Roll28/sentence_03_dictated_hindi.json,0.8608704379724733,0.0587820380423134,,0.2620689655172414,0.1697884409442911,9.755764222290535,22.33266023707024,28.283519453569845,0.2881372086296243,2.9838709677419364,1.085655884046107,0.1726190476190476,7.718696769896097,0.5,0.0,0.3946149909394937,0.4827586206896552,11.464285714285714,1.3072281192267885,0.219047619047619,0.0199535203838795,0.75,0.0755676512980643,0.3467253714914695,0.5085305448541553,0.693450742982939,0.3333333333333333,1.0,1,2,0,1,4,dictated,0,1,0,0.0,2.4426982819837204,,2.3091907098158586,-0.07248752381843097,1.1731220511442766,0.1405823724122304,0.7661472750840435,-0.40800012491154325,0.0,-0.28187873205598246,-0.7018324735575308,1.3107331939432094,0.0,-1.0423948101001927,0.4252067345780749,0.221404952919894,-0.8668360330915934,1.957030916768,-0.11430483490317113,-0.586180726891737,-0.6977490615275124,2.780239182708091,1.0987133380337082,-0.248349733622936,-0.2974309304675264,-0.6744907594765952,0.0
G6_A_Roll28,school_a,6,sentence_05_own_hindi,own_hindi,devanagari,1.0,data/processed/school_a/G6_A_Roll28/sentence_05_own_hindi.json,1.862581766292266,0.0809290397535889,,-0.2215256008359456,0.2691271205788664,8.34638658272626,20.360487611182556,18.34143626627389,0.2279840023738741,3.140845070422535,1.0812476654948358,-1.393333333333333,-9.156162185559516,0.3,0.4,0.2817289614850328,0.1724137931034483,,1.0198656248729272,2.1575757575757577,0.0728575875787646,0.9,0.018955662863429,0.0442913385826771,0.7381889763779528,0.9153543307086616,,1.0,1,2,0,1,4,own,0,0,1,0.08893631561409533,5.0,,-0.9176959148622956,0.7388926310116033,1.0607301516630505,-0.5514348570877505,-0.6744907594765952,-1.0182419786281562,-0.11928291086083327,-0.7359021392064553,-2.4748195258965566,-1.4978839547487988,-1.1466342911102119,1.315256980979361,-0.21293275163868997,-0.8941525010685712,,0.8624817917847127,0.3233460536031325,0.33051363762892255,0.20141043512148374,0.011474578730063857,-0.7927364396151843,-0.07457463291874165,-0.07732207763975027,,0.0
G6_A_Roll29,school_a,6,sentence_01_copy_hindi,copy_hindi,devanagari,0.0,data/processed/school_a/G6_A_Roll29/sentence_01_copy_hindi.json,2.773623633565799,0.0526870079903696,,-0.0703211517165005,0.2983974728297594,9.528142063940278,23.20154964387864,20.879071403743414,0.2803965399981268,3.211805555555556,1.0873076057699207,-1.9500000000000008,-5.627862612375033,0.4,0.35,0.4226007188022256,0.1744186046511628,68.82352941176471,1.0153987376297395,1.565079365079365,0.0550972551729892,0.5714285714285714,0.0157288796779648,0.0588235294117647,0.9411764705882352,0.9243697478991596,3.0,1.0,3,0,0,0,3,copy,1,0,0,1.0049766002705773,4.717529216262251,,0.15424044324952993,1.119247552874511,0.875658513107353,1.7427720976364542,0.4040603529280424,-0.2774000216500811,-0.1568506151987305,-0.411175062575013,-1.1659825445489607,-0.7481422448566781,-0.4441737924911049,-0.01822947998585386,0.281376069597834,-0.6744907594765952,1.7647634939730097,1.7836668966332312,-0.25330989207939386,-1.053468238487864,-1.210155135393786,0.3032409521628451,-1.4105260671777822,1.0568943524562031,-0.03756395381637789,0.6744907594765952,0.0
G6_A_Roll29,school_a,6,sentence_03_dictated_hindi,dictated_hindi,devanagari,0.0,data/processed/school_a/G6_A_Roll29/sentence_03_dictated_hindi.json,0.2434749924548651,-0.0338983050847457,,0.375968992248062,0.1444546135936761,6.049793508179334,22.069319377504357,24.000459713614656,0.2769775157039452,1.890179514255544,1.1102185525714416,2.821428571428571,0.0059671458327979,0.0,1.0,0.2267786838055363,0.4883720930232558,54.21428571428572,,,,,,0.432520325203252,2.868292682926829,2.094308943089431,1.1666666666666667,1.0,3,0,0,0,3,dictated,0,1,0,-0.7479269335519632,-1.1816572975363866,,3.2606059327250803,-0.28224995143312415,0.48592906757856885,0.0,-0.19240390899433576,-0.6767771408628802,-3.703047214478318,2.02272920339826,5.0,-0.6744907594765952,-2.3607176581680824,3.127184430300578,-1.2303155807228716,0.24758979628847594,0.6680792503560954,,,,,,1.785946966227793,4.1349039837612915,1.1919601103609703,1.0117361392148931,0.0
G6_A_Roll29,school_a,6,sentence_05_own_hindi,own_hindi,devanagari,0.0,data/processed/school_a/G6_A_Roll29/sentence_05_own_hindi.json,1.1072639489564633,-0.0010041069174491,,-0.0915065722952477,0.2508235206574473,9.33598019832064,22.853642603915063,29.009563947939693,0.3964279719383988,3.1678252234359463,1.0923391178185984,0.1525974025974026,14.52324843450772,0.5,0.2272727272727272,0.4199749614607617,0.3255813953488372,,,,,,,0.0762112139357648,1.2498639085465433,1.600435492651061,,1.0,3,0,0,0,3,own,0,0,1,-0.6744907594765952,-0.05956485677919541,,-0.13644181800975883,0.5543681664650717,1.2818382476789412,0.9201853624106299,3.2894236635491514,2.4299232401784554,-0.035457527190589005,0.07406125398923512,-0.5286707315696471,1.3593131198337243,0.6370190506167854,-0.34491004745962306,1.2194469805105395,5.0,,,,,,,-0.4576587879548262,1.002688854178009,2.040482962056517,,0.0
G6_A_Roll30,school_a,6,sentence_01_copy_hindi,copy_hindi,devanagari,0.0,data/processed/school_a/G6_A_Roll30/sentence_01_copy_hindi.json,1.9910999878475024,-0.0126226933305139,,0.1269841269841269,0.3314774264516848,15.72204006294012,24.102491365450245,19.812892898707936,0.3403456360450956,3.85002516356316,1.0845978396603075,-5.854901960784313,-4.247813920539576,0.3529411764705882,0.2941176470588235,0.4869676270431908,0.1785714285714285,92.44117647058825,0.3913362370358706,1.674074074074074,0.0612711942946036,1.5294117647058822,0.0741526976788636,0.1101694915254237,0.6440677966101694,0.6440677966101694,2.571428571428572,1.0,2,1,4,0,0,copy,1,0,0,-0.2200095139005613,-1.3370520125185499,,1.1599562138625097,1.5223256625205337,2.101329347199256,2.404494636169357,-0.1423766681995954,1.2142817250781175,1.409223469219032,-0.6744907594765952,-3.3254727126305235,-0.5757544907862551,-0.8558856857092421,-0.7109497194483032,0.6649053520291525,0.6905500632736433,3.6196130825336477,-2.4099779843894353,-0.13571192189847744,-0.5601649951152919,1.5349300119240417,4.984957748374096,-0.005119666614869962,-0.6416276962523026,-1.0994120019437905,0.3854232911294834,0.0
G6_A_Roll30,school_a,6,sentence_03_dictated_hindi,dictated_hindi,devanagari,0.0,data/processed/school_a/G6_A_Roll30/sentence_03_dictated_hindi.json,1.846392344842312,0.0203095405977312,,-0.1860119047619047,0.3173996363490654,10.815233694103476,23.393330109828664,17.98644463424522,0.3247064393348834,3.093183779119931,1.0820886187973473,0.5523809523809522,11.140275010463588,0.4285714285714285,0.5714285714285714,0.3077534333153598,0.1785714285714285,21.642857142857142,0.7167334249700014,1.6083333333333334,0.0789329635975,1.0,0.0316083839367754,0.2859477124183006,0.196078431372549,0.3022875816993464,2.5,1.0,2,1,4,0,0,dictated,0,1,0,1.1938837306055567,0.9381935934309004,,-1.4336614502234928,1.1497234853073028,1.3695779984510619,0.7068123425899234,-1.5383438737390522,0.47275607241880974,0.370113984515207,-0.6165796539726011,0.18345506488829502,2.191432947825678,-0.3372453797382978,1.3402218987002477,-0.43158789731154806,-1.1975196461500601,-0.5013800132230962,-0.4520542601958557,3.4386135019293627,1.9826708437824996,0.0,0.45818499409772656,0.6118729196763197,-0.8287289446570572,-0.7133152133118905,3.7096991771212737,0.0
G6_A_Roll30,school_a,6,sentence_05_own_hindi,own_hindi,devanagari,0.0,data/processed/school_a/G6_A_Roll30/sentence_05_own_hindi.json,0.6596672291907235,-0.0029774511172688,,0.3785714285714285,0.1211195362065692,12.647340771792598,22.200293385570653,17.351794434118407,0.3136371571733115,3.2460474308300395,1.0822026527568815,1.3037037037037038,2.7827193978015146,0.3333333333333333,0.3333333333333333,0.4283622958925935,0.1785714285714285,,0.4714045207910316,1.7999999999999996,,,,0.0734893848666303,0.1878062057702776,0.3837778987479586,,1.0,2,1,4,0,0,own,0,0,1,-1.1268929757995665,-0.18773572396843305,,2.6881475374043697,-0.7532193235970643,2.0217062299341726,0.5345366871731118,-1.0422080993105152,0.7351376764822768,0.20757321259372324,-0.6661633258710642,0.9204395603551707,-0.0573186433445473,-0.8493587341557124,0.6744907594765952,1.3063489367987682,0.463043259481928,,-0.7583087933735443,-0.04208052866609782,,,,-0.4862310828844887,-1.2333323234507445,-1.7205948884089801,,0.0
G7_A_Roll01,school_a,7,sentence_01_copy_hindi,copy_hindi,devanagari,0.0,data/processed/school_a/G7_A_Roll01/sentence_01_copy_hindi.json,0.948508351197555,0.0624574212469604,0.0652649864024842,0.09,0.227050655141094,3.638747438700828,21.49499544657594,25.78480534527504,0.3508075068264992,3.804981452040277,1.0792550101177911,-0.1337719298245613,-28.34146244684757,0.5416666666666666,0.2083333333333333,0.4622075688321492,0.38,67.1470588235294,1.1459370807808311,0.3188259109311741,0.0207475934359623,0.6538461538461539,0.011947050531862,0.171,1.805,1.6720000000000002,1.0,2.0,4,2,1,0,4,copy,1,0,0,-0.07913196615962868,2.870170895201059,0.11205817958314737,0.5966276260414337,0.049238815912548035,0.16654650459064743,1.1217351918345742,0.2094451317128044,0.23109422759428686,2.1180110064692275,-0.6744907594765952,0.43747583977706794,-4.104619588104308,-0.032427440359451686,-0.26230196201867606,0.24077170552093158,0.14067950126226153,0.13787932652283957,2.1317661925105638,-0.43963866336855134,-0.41710414983021027,-1.3429511528512574,0.0,0.2119248426342228,0.03992709165614021,0.010642456288506184,1.011736139214893,5.0
G7_A_Roll01,school_a,7,sentence_03_dictated_hindi,dictated_hindi,devanagari,0.0,data/processed/school_a/G7_A_Roll01/sentence_03_dictated_hindi.json,1.4278654991626432,0.0870276262370361,0.0981004976408579,-0.1671428571428571,0.3484701257947782,7.965462409034224,22.48107138104064,21.13972606938654,0.2859793012132802,3.893856359965388,1.0918452644243124,-1.996491228070175,-5.952805289081439,0.5263157894736842,0.3157894736842105,0.3385702440831014,0.15,89.57142857142857,0.8429455404018337,2.498412698412698,0.0712873210578773,1.2857142857142858,0.0095695257015323,0.045,0.6074999999999999,0.7575,0.8333333333333334,2.0,4,2,1,0,4,dictated,0,1,0,0.7095684852219806,5.0,0.8551764773372926,-0.7497746683059967,1.6847268749160402,1.1573838502160245,1.7608364324207895,-0.6829952397624249,-0.35391409416052755,2.1895833847436457,0.1151777801727674,-1.1434785163321268,-0.8997347077615889,0.17010183627150954,0.036994230021154095,-0.6835432232618993,-0.7889829497488209,1.2577086868221834,0.6744907594765952,5.0,0.4520910931678928,0.3291023437949866,-0.10617400101839103,-0.6192270707175712,-0.5873414126970171,-0.3038855302126778,1.3489815189531904,5.0
G7_A_Roll01,school_a,7,sentence_05_own_hindi,own_hindi,devanagari,0.0,data/processed/school_a/G7_A_Roll01/sentence_05_own_hindi.json,2.0017605395995246,0.0220524850776691,,-0.2853846153846153,0.2544803654710052,10.146907004707687,23.46214724594332,20.64642429400751,0.3232029682706756,3.923841059602649,1.0840140847803834,-1.3722222222222218,-16.176028117440165,0.25,0.4166666666666667,0.4275041159766444,0.15,,0.9961331729498876,2.62051282051282,0.0723882613400425,0.8,0.0373787133907679,0.0349650349650349,0.541958041958042,0.6206293706293706,,1.0,4,2,1,0,4,own,0,0,1,0.3549799536803617,1.1437906471317094,,-1.1589112248110622,0.34085928606623184,1.0809302715734725,1.2140803449531437,0.5896802935191563,0.9530311747543369,2.2291290738782408,-0.5648787637301471,-0.6986045468198923,-1.128292476210062,-1.4754485363550511,0.4982034018861218,0.38152342026203,-3.9214892755969117,,1.0920410742059101,1.282223438485572,0.011474178715115958,-0.3975858520934341,1.6717719974473038,-0.6917369384280642,-0.7192965828322206,-1.4359268634374918,,0.0
G7_A_Roll02,school_a,7,sentence_01_copy_hindi,copy_hindi,devanagari,0.0,data/processed/school_a/G7_A_Roll02/sentence_01_copy_hindi.json,1.910738731228761,-0.0972599824802489,,0.1025219298245614,0.2332899714046521,6.648760029398493,21.482605710122144,33.21253395490988,0.410580963120115,3.50967741935484,1.0819687345084432,-0.7952853598014891,-4.937741464590022,0.6774193548387096,0.0967741935483871,0.3974320890190367,0.3040935672514619,63.88235294117647,0.4066539783566541,0.4350961538461538,0.0295095697556554,0.2258064516129032,0.0297597602579932,0.116591928251121,1.5989750160153746,1.9154388212684177,4.571428571428571,1.0,3,3,3,1,0,copy,1,0,0,0.9210410078450538,-4.028893093548372,,0.6662535066442751,0.11682562193721477,0.8330620744163408,1.1133783301880722,2.1717892448928002,1.0944087698596283,1.4343077998771625,-0.09104445135034796,-0.03962910973129724,-0.33783993760477593,1.1297301802647692,-0.9645943119396464,-0.22541131357408234,-0.16650962358006174,0.0,-1.3094493752646295,-0.3134864268800806,0.059772392652355705,-2.2609945620089094,1.5210539878446805,-0.5020193874271159,-0.12079292591165448,0.32913796734086526,5.0,0.0
G7_A_Roll02,school_a,7,sentence_03_dictated_hindi,dictated_hindi,devanagari,0.0,data/processed/school_a/G7_A_Roll02/sentence_03_dictated_hindi.json,1.460912805558485,0.0110480636907148,0.0013533396901001,-0.1418670132120424,0.3518489788844382,5.631891581460549,21.67874565363634,20.498752763616505,0.2869726522119066,3.115284974093264,1.0974815332447567,0.5573333333333335,15.459143059242528,0.32,0.4,0.3498134652713784,0.175438596491228,81.89285714285714,0.8041747900045075,1.7160493827160492,0.067700046832917,0.72,0.0072756988292294,0.0798816568047337,0.9763313609467456,1.1715976331360949,0.6666666666666666,2.0,3,3,3,1,0,dictated,0,1,0,0.7590531146979589,0.8303103858257213,-1.3343610269515973,-0.5720788457869322,1.7343502240351918,0.7929832638678137,1.2518402135154287,-0.8329254794166763,-0.3313652959657737,0.09303262226051075,0.542338148395024,0.3479843146870635,2.623522559278796,-1.1634965600971265,0.4315993502467967,-0.5711284433702578,-0.6744907594765952,0.9251042985481742,0.5057559788029407,5.0,0.24735809746280824,-0.9614076417234386,-0.31416015137080056,-0.06027467068128723,0.0,0.18086477418205843,0.674490759476595,5.0
G7_A_Roll02,school_a,7,sentence_05_own_hindi,own_hindi,devanagari,0.0,data/processed/school_a/G7_A_Roll02/sentence_05_own_hindi.json,2.337172809992237,0.0130077348092313,,-0.0981156595191682,0.2984347899972009,8.144005122613532,23.59551720738056,19.66161159662485,0.2460372845802744,3.2196339434276204,1.094708164222162,1.5921568627450975,3.2823714679466494,0.5882352941176471,0.3529411764705882,0.3752095726380728,0.175438596491228,,0.6934739381394898,1.414814814814815,0.0722639924506031,0.5625,0.0173454342492837,0.0476568705321683,0.5242255758538522,0.8339952343129468,,1.0,3,3,3,1,0,own,0,0,1,0.7306324730729878,0.16572269203150566,,0.46582557194875257,0.6744907594765952,0.7806714900625068,1.2824720132471126,-0.005985319687987863,-0.9348923044260864,-0.04874698969119342,0.0439086158506014,1.2406953509497713,0.6744907594765952,0.7869058860560281,0.0,0.004730081566936485,-0.6744907594765953,,-0.09849466155758017,-0.3753063826129796,-0.004889571517426435,-0.8059172677569613,0.2532585820123068,-0.4741974178692612,-0.8047358429428263,-0.10061211067352108,,0.0
G7_A_Roll03,school_a,7,sentence_01_copy_hindi,copy_hindi,devanagari,0.0,data/processed/school_a/G7_A_Roll03/sentence_01_copy_hindi.json,2.8036598308987197,0.0030148820011019,0.0671192582809266,-0.1386054421768707,0.1903095494302893,5.291409787306351,20.053064922200853,19.481648087585725,0.2453352002550685,3.217993079584775,1.090325523878399,-2.2616666666666667,-4.801863222363619,0.5,0.175,0.5464335125450933,0.1785714285714285,117.47058823529412,0.6879655607167501,1.6523809523809525,0.0546698584068682,1.05,0.0120239685552359,0.0807416267942583,1.0855263157894737,1.1483253588516746,6.0,2.0,1,4,2,3,0,copy,1,0,0,1.84917170330228,0.3025240868960773,0.15402321408125955,-0.6744907594765952,-0.34875575270895365,0.5325001854538114,0.14915486770830674,-1.4557965847158296,-1.2922537886573653,0.7589850939867402,1.7056516031512687,-1.0972308872134604,-0.315970620407221,-0.3891292843134202,-0.47214353163361644,0.8469378788864069,-0.6744907594765952,2.263208404726254,0.0,1.0072573501056816,1.4291382779363235,-0.4932953251873783,0.006568145329307658,-0.9724480398009996,-0.5213340764287507,-0.6744907594765952,5.0,5.0
G7_A_Roll03,school_a,7,sentence_03_dictated_hindi,dictated_hindi,devanagari,0.0,data/processed/school_a/G7_A_Roll03/sentence_03_dictated_hindi.json,2.6315130355942618,-0.0029276544104164,0.0186612752735906,-0.2160714285714285,0.206170296291489,5.016449116247173,18.642289110892115,19.32972978385251,0.3015704167940704,2.886261720342438,1.0852790393457292,-4.170370370370371,-3.742548023780616,0.5,0.3888888888888889,0.4769266219887834,0.1785714285714285,119.75,0.9473874442748264,2.298245614035088,0.0631995156853046,1.1578947368421053,0.0024714295553558,0.0683760683760683,0.8888888888888888,1.017094017094017,0.6666666666666666,2.0,1,4,2,3,0,dictated,0,1,0,2.5118954781259206,-0.12190131664140526,-0.942655731575819,-1.0937553784449419,-0.40515212593391975,0.6968783620849421,-0.6744907594765952,-1.106371961414517,0.0,-0.523685235588592,-0.38246191937880447,-2.4130488653958726,-0.5360450123953339,0.0,0.37953339688369103,0.6998060419014479,-0.6603907360440551,2.5649212825967775,1.1290339798823503,5.0,-0.009496317988222664,0.0375198111818389,-0.7497734418045996,-0.2446430996820416,-0.13924679543613025,0.0,0.674490759476595,5.0
G7_A_Roll03,school_a,7,sentence_05_own_hindi,own_hindi,devanagari,0.0,data/processed/school_a/G7_A_Roll03/sentence_05_own_hindi.json,0.4416891011516256,-0.0241313901035086,,0.2714285714285714,0.1173691194653927,6.9925794691656025,19.642662882313907,28.52680005105568,0.4745560395250437,2.732919254658385,1.1087907530042165,-2.921052631578948,-3.287966946694944,0.5,0.5,0.7186077329042775,0.6785714285714286,,0.8257281429226732,0.2596491228070176,0.0204438674650689,3.2,0.0001927734429893,0.4007029876977153,2.654657293497364,1.7530755711775046,,1.0,1,4,2,3,0,own,0,0,1,-1.3922571572317395,-3.850373593608506,,3.6719742220351894,-0.699869321328473,0.6080591085996336,-0.744538408747765,5.0,4.6560116085651435,-1.6231073076569813,0.8455954154498918,-1.711851020511417,0.06576156287815628,0.1967264715140073,1.1497001581987418,2.4789870699250325,5.0,,0.4217384550628326,-1.9633670526680775,-5.0,3.7287105588222076,-0.9612844437348032,5.0,5.0,5.0,,0.0
G7_A_Roll04,school_a,7,sentence_01_copy_hindi,copy_hindi,devanagari,0.0,data/processed/school_a/G7_A_Roll04/sentence_01_copy_hindi.json,0.8736830983949734,-0.2304918221396033,0.3407360185185448,-0.0553571428571428,0.2949194608088225,7.2120462769544655,21.13907139089065,29.218533399910488,0.2819361537488505,2.8901734104046235,1.0823356453998492,0.1590038314176246,31.1382577511859,0.5,0.4444444444444444,0.6777503864431736,0.3452380952380952,60.088235294117645,0.4530541384437243,0.1844827586206896,0.0284113310243794,1.3,0.0177039516155185,0.1771533292608429,1.7538179596823458,1.6475259621258398,2.857142857142857,2.0,4,4,4,3,1,copy,1,0,0,-0.15690772254739027,-5.0,5.0,-0.21160394969302473,0.7844212638006286,0.957792135488187,0.8816648641793928,1.1166075212398676,-0.7636222292450253,0.0,-0.012159209451973156,0.6486352183396441,5.0,-0.3891292843134202,1.2240758227538202,1.7920130355436645,0.0,-0.1602381362292464,-1.0934658735244913,-0.5853998546758709,0.0,0.04289524566846772,0.49159041412308174,0.29266900026074066,0.0,-0.02137737998752807,5.0,5.0
G7_A_Roll04,school_a,7,sentence_03_dictated_hindi,dictated_hindi,devanagari,0.0,data/processed/school_a/G7_A_Roll04/sentence_03_dictated_hindi.json,1.2439564483686516,0.0081671098068203,,0.2310924369747899,0.2382461881439716,8.112253584512892,21.095816222145,21.198117188597,0.2358376345060066,2.9980719794344477,1.0950072901452377,0.4625000000000001,23.69871582669696,0.375,0.5625,0.375235404035279,0.1785714285714285,58.71428571428572,0.4227731892019474,0.8313725490196079,0.0635322993348952,1.0588235294117647,0.0006318353604463,0.0656096227446692,0.7463094587206124,0.8529250956806999,0.3333333333333333,1.0,4,4,4,3,1,dictated,0,1,0,0.4341853382020274,0.6340215094573277,,2.049924061360749,0.065928781541716,1.1803061415744518,0.8820292173285521,-0.6693369572441122,-1.4921163260950068,-0.22260059748542446,0.35482072736140213,0.2926005604754632,3.9793139220257663,-0.8079837222896713,1.193063918182216,-0.3169484710379145,-0.6603907360440551,-0.0788968548929041,-1.154147809503387,5.0,0.009496317988221871,-0.18848187499582572,-0.9165733513486637,-0.288973316962047,-0.3662958286897384,-0.19217915838969896,-0.6744907594765952,0.0
G7_A_Roll04,school_a,7,sentence_05_own_hindi,own_hindi,devanagari,0.0,data/processed/school_a/G7_A_Roll04/sentence_05_own_hindi.json,1.6848063703573224,0.0115107659717974,,0.0198412698412698,0.3500866184500391,8.034830161609484,21.127543273670693,20.92236103793229,0.3184631751329643,3.2455315145813737,1.097026033157972,0.3151515151515153,30.5784082851681,0.4545454545454545,0.3636363636363636,0.1638092016507453,0.1785714285714285,,0.3829014738243219,1.0833333333333333,0.0772963785323843,1.5833333333333333,0.0120013663476538,0.0806451612903225,0.6912442396313364,0.783410138248848,,1.0,4,4,4,3,1,own,0,0,1,0.0,0.0038456687612337796,,1.4892144335943622,1.0665485742886058,0.7643048666868734,0.016903268879776875,0.7565810962943175,0.8370681414059201,0.0350230490953198,0.17585913700818617,0.4052771169600216,3.2034159857695257,-0.10730534809854926,0.08361455695990838,-1.5184546811336272,-0.2746140949297591,,-1.3201577558390707,-0.8310095836640587,0.657775953920802,0.9491914486915319,-0.125143373949055,0.0912256777597738,0.0,-0.41719051678888136,,0.0
G7_A_Roll05,school_a,7,sentence_01_copy_hindi,copy_hindi,devanagari,0.0,data/processed/school_a/G7_A_Roll05/sentence_01_copy_hindi.json,1.7911248511103948,-0.0070254947948478,,-0.1671511627906976,0.3036309030004943,-0.1594125273902285,20.88633391596298,19.09425561320793,0.3057909292533056,3.088779284833539,1.081075202416964,0.5866666666666666,8.971948939254787,0.2666666666666666,0.4666666666666667,0.2861369008821931,0.1744186046511628,28.08823529411765,0.4975038892303704,1.525,0.0519085657712596,0.9333333333333332,0.0411932921119244,0.0412768299394606,0.5035773252614199,0.6108970831040176,0.1428571428571428,1.0,3,3,1,0,1,copy,1,0,0,0.7967105224509572,-0.13117443543102544,,-0.8332139725137673,0.8787871412033322,-0.6744907594765952,0.7111937553924157,-1.5581424540303614,-0.41908510737759347,0.45982261725397405,-0.2831523904474909,0.9570795312921642,1.9008954668068516,-2.3866596104556463,1.363970202497114,-1.0263922860975534,-0.6912970076363107,-1.511703967372037,-0.8865611385330371,0.8690500872152188,1.278853041272077,-0.7435175915867734,2.4973804136921,-1.4903062012714285,-0.9753122793257787,-1.3776181096928801,-1.011736139214893,0.0
G7_A_Roll05,school_a,7,sentence_03_dictated_hindi,dictated_hindi,devanagari,0.0,data/processed/school_a/G7_A_Roll05/sentence_03_dictated_hindi.json,0.4874833032486928,-0.0116067556932731,,-0.0306553911205074,0.2492429167799431,-2.112674474080032,19.499257317880687,29.168115178437432,0.3088422838647999,2.9844699527346394,1.1088461198321935,0.5194444444444445,15.992991663838684,0.6,0.3,0.4287303389958397,0.4186046511627907,56.0,0.2828427124746189,0.0,,,,0.242016806722689,2.077310924369748,1.5932773109243696,0.6666666666666666,1.0,3,3,1,0,1,dictated,0,1,0,-0.6985482300472514,-0.7132370711715916,,0.20976807158314578,0.22743166130329018,-0.4163755343760496,-0.1308292985753315,1.1949274324017671,0.16506940980951745,-0.25922837493303125,1.4036350712413188,0.32585676906766603,2.711365381662122,0.6463869778317369,-0.03699423002115383,0.21791793763679215,0.4199333849058698,-0.1964686386548798,-1.7631413950846984,-0.6744907594765952,,,,2.5378195564422708,1.7532427027667514,0.6744907594765952,0.674490759476595,0.0
G7_A_Roll05,school_a,7,sentence_05_own_hindi,own_hindi,devanagari,0.0,data/processed/school_a/G7_A_Roll05/sentence_05_own_hindi.json,1.9833431520399332,0.0189311861036703,,-0.2093023255813953,0.2857722262196397,-3.696707042500472,17.0526581707937,20.7866412578442,0.2566807579369315,3.282571912013536,1.0961541484513035,-1.46,-7.101935305693951,0.3,0.4,0.3687817782917154,0.1744186046511628,,0.9173963384185524,2.0,0.0640562855635068,2.1818181818181817,0.0365326471668515,0.0359712230215827,0.8633093525179856,0.7913669064748201,,1.0,3,3,1,0,1,own,0,0,1,0.33435298607035013,0.8062641909941146,,-0.49882479855976136,0.5783768902632087,-0.994391901061746,-2.0726841261285274,0.6744907594765952,-0.6744907594765952,0.15483642893462674,0.12622490633326217,-0.7560288608471147,-0.28759525811170705,-1.1410135347812396,0.3679040506235977,-0.04158354768743874,-0.8046831618871848,,0.7823230664630619,0.4291752460581985,-1.08568192500385,1.978160566312541,1.6118638675552484,-0.6744907594765952,0.8290508409549191,-0.3673944068909041,,0.0
G7_A_Roll06,school_a,7,sentence_01_copy_hindi,copy_hindi,devanagari,1.0,data/processed/school_a/G7_A_Roll06/sentence_01_copy_hindi.json,1.7298698318557044,0.0721357338679669,0.1041048621578183,-0.1508379888268156,0.3542533824019595,3.98592804311896,17.6534170259313,18.04811908274018,0.3082449774922445,2.817195325542571,1.0804537979938893,2.2266666666666666,3.680352871606772,0.4666666666666667,0.4666666666666667,0.3824531696305449,0.1675977653631284,46.3235294117647,0.5430633854820042,1.6313725490196078,0.0511867727922613,0.6470588235294118,0.0136072773012218,0.075,0.6749999999999999,1.215,0.1428571428571428,2.0,2,3,4,0,4,copy,1,0,0,0.7330401000114881,3.288229895142529,0.9910645135108996,-0.7425075783256484,1.4271503834672177,0.24342368414176196,-1.469404618543099,-1.8345230233854475,-0.38364102126536215,-0.16896264564149235,-0.41675332565859613,2.1399007435856308,1.0492242132745342,-0.6744907594765952,1.363970202497114,-0.3332131837177661,-0.7189005660662354,-0.7415671885958145,-0.6744907594765952,0.9844634090022516,1.2395689656646964,-1.357508362919742,0.14176925280248712,-1.0477898262154528,-0.841585511034614,-0.5872590936472818,-1.011736139214893,5.0
G7_A_Roll06,school_a,7,sentence_03_dictated_hindi,dictated_hindi,devanagari,1.0,data/processed/school_a/G7_A_Roll06/sentence_03_dictated_hindi.json,0.4899245746294121,-0.016060270001117,0.0384942438858193,0.0486831604150039,0.2009324917030551,3.6488911771330135,19.13367158597156,26.277500992803063,0.3953949820643493,2.2590183323477238,1.0826697951970776,-0.1069597069597068,-36.671099932724296,0.5,0.1538461538461538,0.4830883497909868,0.5865921787709497,103.10714285714286,0.9987749565246722,0.0585034013605442,0.0188181876775096,0.7307692307692307,0.0204918326519759,0.3461538461538462,4.730769230769231,2.7692307692307696,0.3333333333333333,2.0,2,3,4,0,4,dictated,0,1,0,-0.6948927003566258,-1.0166696683624654,-0.4938050416158978,0.7675389302402655,-0.4820768689791709,0.48332627744712675,-0.36275724114487984,0.5187830848934349,2.12979217911443,-2.2127372958434908,-0.5802107718247604,-0.03997043893050886,-5.0,0.0,-0.7218617704127738,0.7614137665061307,1.1759994666531983,1.8440206084772977,1.3526783643727898,0.0,-2.542428473880597,-0.9368408238172993,0.8841747489330193,4.206537543336151,5.0,2.051083502958234,-0.6744907594765952,5.0
G7_A_Roll06,school_a,7,sentence_05_own_hindi,own_hindi,devanagari,1.0,data/processed/school_a/G7_A_Roll06/sentence_05_own_hindi.json,1.5776967924755572,0.0114752028870658,,-0.0985634477254589,0.3985326415659994,5.897786367655255,20.3902381622516,20.229068179523583,0.3213595205971831,3.1871525633106854,1.100043665470869,-1.041025641025641,-11.73892435264014,0.3076923076923077,0.3076923076923077,0.3633295929235344,0.1675977653631284,,0.4819611891859858,1.7952380952380955,0.0775502482497897,1.3846153846153846,0.0106150381706009,0.031055900621118,0.6935817805383023,0.7039337474120083,,1.0,2,3,4,0,4,own,0,0,1,-0.11995978183879827,0.0,,0.4619405821886863,1.434273058166618,0.4439366193230197,-0.36118431597231515,0.33724174706201077,0.9079296739448532,-0.15381346314852326,0.3476454490800544,-0.4819353970092931,-0.7172033603204407,-1.089561996077576,-0.35375389483038167,-0.08086770616571344,-1.675299394767009,,-0.9304979749752855,0.147679413964396,0.6912055650323884,0.6075376326167861,-0.2233062909361633,-0.7587399504413772,0.011262830809655587,-0.9145802835898784,,0.0
G7_A_Roll07,school_a,7,sentence_01_copy_hindi,copy_hindi,devanagari,0.0,data/processed/school_a/G7_A_Roll07/sentence_01_copy_hindi.json,2.0550571352285054,-0.0289664910720022,,-0.214377406931964,0.1640844879109749,-3.53488347563726,18.987572142487902,18.909290524223525,0.3223924960607404,3.139946855624446,1.0820886187973473,-3.0962962962962965,-3.876697157852637,0.5555555555555556,0.3333333333333333,0.4145569448087358,0.1829268292682926,73.73529411764706,1.0547623534192718,2.017543859649123,0.0664954727591565,1.6111111111111112,0.0295612447826479,0.0415512465373961,0.8891966759002771,1.0221606648199446,0.2857142857142857,1.0,3,4,2,4,0,copy,1,0,0,1.0710501639967775,-1.078925486728722,,-1.0958067902319115,-0.6328362626589433,-1.4219308032338478,-0.5695186713628836,-1.607008691959618,-0.1793068690430829,0.5782884299458534,-0.0652695251992736,-1.699192856929659,-0.16706708888013524,0.08647317429187179,0.5246039240373515,-0.10216534153895766,-0.6568646943334786,0.4161222917581202,1.7073659997353798,1.4034560358536476,2.0727554117074614,0.7101546227335206,1.5041024537959395,-1.4867052990443956,-0.6744907594765952,-0.8395543614650981,-0.6744907594765952,0.0
G7_A_Roll07,school_a,7,sentence_03_dictated_hindi,dictated_hindi,devanagari,0.0,data/processed/school_a/G7_A_Roll07/sentence_03_dictated_hindi.json,1.295403736696964,0.0095344444699646,,-0.0538617886178861,0.1913040000263321,-4.171097783828103,17.928927723204787,24.59572338193787,0.3006023242530154,3.443163097199339,1.0806364869436644,-1.1113467656415694,-4.634117704456333,0.6086956521739131,0.0434782608695652,0.4966574653025579,0.5,100.10714285714286,,,,,,0.0454293628808864,2.316897506925208,1.9534626038781164,0.1666666666666666,1.0,3,4,2,4,0,dictated,0,1,0,0.5112218739479693,0.7271825232967214,,0.046621001111890895,-0.6234852082251212,-0.7378102438615668,-1.1270479150605683,0.1253980281799544,-0.02197543805994048,0.9759486161864475,-0.7343107145185622,-0.6265439994719689,-0.6827495208040455,0.7025945411214536,-1.2390386315780701,0.8970838834605118,0.7862716681345638,1.7140728474772196,,,,,,-0.6123468524383358,2.1347697006341924,1.0961302870332597,-1.3489815189531904,0.0
G7_A_Roll07,school_a,7,sentence_05_own_hindi,own_hindi,devanagari,0.0,data/processed/school_a/G7_A_Roll07/sentence_05_own_hindi.json,1.5958776021051455,0.0128908534744418,,-0.1653116531165311,0.1118657618259423,-3.374241577112377,21.094580364958347,19.286799632765103,0.257125185502845,3.443223443223443,1.0978828302136288,-2.215686274509803,-3.6081822526444296,0.4705882352941176,0.1764705882352941,0.3785873277663372,0.1829268292682926,,0.7961115751510685,3.044444444444444,0.0723626312003079,0.8571428571428571,0.0236586388816239,0.0336134453781512,0.5966386554621849,0.773109243697479,,1.0,3,4,2,4,0,own,0,0,1,-0.0995977750047723,0.1530835494665786,,-0.11716375956071191,-0.7416419833015528,-0.9460504977297158,0.0,-0.23269096522165875,-0.6636174645564143,0.6744907594765952,0.22463446518725513,-1.2503996119883964,0.0360942316650826,0.0,-1.3796401898384898,0.029067527709897182,0.28131199968413656,,0.3052391771708323,1.865022203559921,0.008099197197745812,-0.2993406994525857,0.7002830257947773,-0.7149033393137132,-0.4558323171887578,-0.48165695122052826,,0.0
G7_A_Roll08,school_a,7,sentence_01_copy_hindi,copy_hindi,devanagari,0.0,data/processed/school_a/G7_A_Roll08/sentence_01_copy_hindi.json,2.6317901694916706,-0.0124301740308282,,-0.0173010380622837,0.0893186092757574,-12.257229697629452,20.81255843108774,24.424669742102523,0.3177293975901172,4.462398857686815,1.0823922002923925,0.1948529411764707,39.6279313629695,0.625,0.3125,0.5751475732547323,0.2,45.91176470588236,0.860554879211598,1.986159169550173,0.0614282923016965,1.1176470588235294,0.0040482460137273,0.0668539325842696,0.802247191011236,1.0314606741573034,0.4285714285714285,1.0,4,3,4,1,1,copy,1,0,0,1.6705248906906356,-0.3646319486233836,,0.0,-1.4427306041425283,-3.3533445057328897,0.6614322836851514,-0.14989138073730854,-0.24665650835337055,3.6400978680081866,0.0,0.6744907594765952,5.0,0.6809762475484863,0.39345294302801365,1.053590265726578,-0.5877705189724611,-0.758957373923019,0.8033688957432861,1.3694039108368004,1.7969706562456487,-0.34820846483814943,-0.6744907594765952,-1.1546827493095566,-0.7423200220670013,-0.8273869872917412,-0.3372453797382977,0.0
G7_A_Roll08,school_a,7,sentence_03_dictated_hindi,dictated_hindi,devanagari,0.0,data/processed/school_a/G7_A_Roll08/sentence_03_dictated_hindi.json,1.2264735454118014,0.0081152526991104,,-0.0815126050420168,0.2013774384900243,-15.029312657864418,18.52003911724146,25.228842572519397,0.3209274732168866,4.692820133234644,1.0917162274848775,-1.2171945701357467,-2.7198873813163558,0.7692307692307693,0.1538461538461538,0.5883352992191444,0.4,57.17857142857143,,,,,,0.2257885998893193,1.8815716657443275,1.843940232429441,0.8333333333333334,1.0,4,3,4,1,1,dictated,0,1,0,0.4080066546923459,0.6304883139206011,,-0.1477715019142658,-0.4755421812720358,-2.433383320127569,-0.7520462739067492,0.27349110962202344,0.43939992965840197,4.341047127747401,0.1053983554648211,-0.6883603311550238,-0.3677699688699076,1.7402726326239077,-0.7218617704127738,1.8137200812275034,0.33619892016788255,-0.1454177325477062,,,,,,2.2777747079829447,1.44153988989797,0.9679213849545312,1.3489815189531904,0.0
G7_A_Roll08,school_a,7,sentence_05_own_hindi,own_hindi,devanagari,0.0,data/processed/school_a/G7_A_Roll08/sentence_05_own_hindi.json,3.000420111327433,0.0080161751329089,,-0.0796380090497737,0.0633828822422458,-15.89797988015437,18.690221593587413,18.12230384986474,0.284063450863147,4.025885558583107,1.090325523878399,-3.516666666666666,-3.997766517997989,0.6666666666666666,0.3333333333333333,0.4929484380089207,0.1764705882352941,,0.8078454229310615,3.066666666666667,0.0857009497134003,1.7692307692307692,0.0028810329904052,0.0753228120516499,0.6563845050215208,0.8500717360114777,,1.0,4,3,4,1,1,own,0,0,1,1.4734512120392529,-0.37404727623590056,,0.6261368125201042,-1.1096462223525219,-2.8235076195443463,-1.2329471027752843,-0.937038194336389,-0.004550101579974418,2.5592091260496344,-0.20558421287300713,-2.101502345206458,0.0,1.3115098100933793,-0.15329335442649877,0.8530637191710023,-0.542766681743513,,0.35139526128583437,1.8955721388259164,1.7644914338626085,1.2688030830840362,-0.7709345661511501,0.0,-0.1679625335367759,0.0,,0.0
G7_A_Roll09,school_a,7,sentence_01_copy_hindi,copy_hindi,devanagari,0.0,data/processed/school_a/G7_A_Roll09/sentence_01_copy_hindi.json,0.4909904001168717,0.0251809758545389,,0.0052710843373493,0.1895294078212926,1.300286082302064,19.344891737059207,25.857207345855,0.4518924124643539,2.5036390101892274,1.0955372251957642,-0.6356321839080462,-6.531906148491153,0.4666666666666667,0.0666666666666666,0.5491837065834797,0.6987951807228916,65.08823529411765,0.8291286295971944,0.1023706896551724,0.0141551350234016,0.875,0.0133941911882939,0.4737456242707117,3.214702450408401,2.6056009334889145,0.4285714285714285,1.0,2,1,2,0,0,copy,1,0,0,-0.5546907297252269,1.2599983276912594,,0.12550812224381835,-0.35720656324199146,-0.3512655830704965,-0.328507054485269,0.22857313801021312,1.6910745341036928,-0.894924483360907,2.826158867318474,0.07551794091308334,-0.5944173893448693,-0.6744907594765952,-1.1541286328821738,0.8667307660037408,1.4308259226418307,0.05092839988681491,0.6570859642718927,-0.6744907594765952,-0.7759031992154712,-0.8686287247864706,0.12357351016666407,4.1845613407995135,1.1396354775667983,1.232089819865137,-0.3372453797382977,0.0
G7_A_Roll09,school_a,7,sentence_03_dictated_hindi,dictated_hindi,devanagari,0.0,data/processed/school_a/G7_A_Roll09/sentence_03_dictated_hindi.json,0.5171746196826752,0.0151904483921089,,-0.1457257601835914,0.1027919696503622,-6.657319553358109,22.473727329477192,20.791641616950056,0.250325355324204,3.39517625231911,1.1025873177532304,-0.4300000000000001,-24.10905712814813,0.15,0.35,0.2852687972237907,0.180722891566265,62.35714285714285,0.4714045207910317,0.0,,,,0.0585610708310094,0.4601226993865031,0.6190741773563859,0.6666666666666666,1.0,2,1,2,0,0,dictated,0,1,0,-0.6540888185965646,1.1125446982414098,,-0.5992068506471936,-1.9234125113780571,-1.1260481580072503,1.756177358992677,-0.7644157683615439,-1.1632489937188395,0.8467287937675838,0.9292942819974603,-0.2286296746794046,-3.8872791009001184,-2.2623544224110796,0.1973025601128213,-1.2164750509166797,-0.6507075874217082,0.0788968548929041,-0.9424986413686939,-0.6744907594765952,,,,-0.40192107718385567,-0.8220307615626155,-0.46592934378002154,0.674490759476595,0.0
G7_A_Roll09,school_a,7,sentence_05_own_hindi,own_hindi,devanagari,0.0,data/processed/school_a/G7_A_Roll09/sentence_05_own_hindi.json,2.9176650972890084,0.0227612165681353,,-0.015755329008341,0.1045008105121774,-1.3258499119595146,23.42022712343373,17.93016162337659,0.2866798093152305,3.071065989847716,1.100813330720131,-4.161111111111111,-3.3669365537213607,0.5,0.4166666666666667,0.6299081689479128,0.180722891566265,,0.9557059353405276,2.0461538461538464,0.0680657333983742,0.8461538461538461,0.0200154107284605,0.1842751842751842,0.9336609336609336,0.6879606879606879,,1.0,2,1,2,0,0,own,0,0,1,1.3807678719828247,1.2204304148447347,,1.1803799889146185,-0.7975448778313756,-0.6389722574352151,1.1925838469214813,-1.0532557425749827,0.05946131276138605,-0.529314961101817,0.3914605799478993,-2.5230985747734054,0.05844518091923595,0.1967264715140073,0.4982034018861218,1.8398877928257609,0.0,,0.9330171108290911,0.4926251116106482,-0.5577170961866706,-0.3182339980373642,0.4423138748507809,1.8674561840864714,1.1680215743626374,-1.014545018172517,,0.0
G7_A_Roll10,school_a,7,sentence_01_copy_hindi,copy_hindi,devanagari,0.0,data/processed/school_a/G7_A_Roll10/sentence_01_copy_hindi.json,1.67354162097845,0.0026549523415303,,-0.0886627906976744,0.3648489368354159,4.522794072891386,20.095940795578755,19.23207721682418,0.2665291421196986,2.755232806492952,1.0823922002923898,-1.048888888888889,-12.581637728565386,0.4,0.4,0.4604800268627275,0.1744186046511628,56.61764705882353,0.6143847816654777,1.475,0.0647129768860946,1.6666666666666667,0.0039416453389404,0.1034482758620689,1.043103448275862,0.9396551724137931,0.2857142857142857,1.0,1,2,3,0,3,copy,1,0,0,0.6744907594765952,0.28697676584724263,,-0.39679385990930854,1.541925729349337,0.36230344194067793,0.17807459034553236,-1.5217311327854581,-0.9861473769788487,-0.31242148220900173,-5.728707252473644e-13,-0.22253620346121175,-1.5681089584796952,-1.2452137098029452,0.9442870632672329,0.22833874889533926,-0.6912970076363107,-0.3068125554156887,-0.34250386831509505,0.8148005073890562,1.9757418570115073,0.8293080829237086,-0.683593550909483,-0.6744907594765952,-0.5544281404601921,-0.9474978227076656,-0.6744907594765952,0.0
G7_A_Roll10,school_a,7,sentence_03_dictated_hindi,dictated_hindi,devanagari,0.0,data/processed/school_a/G7_A_Roll10/sentence_03_dictated_hindi.json,2.258633679718294,-0.0315947253496349,,0.0804263565891472,0.1760989064477414,2.4819809113770708,18.676673568112296,18.177724828931773,0.2373546261730147,2.9688454489920586,1.0903255238783964,-1.1696969696969708,-17.814129030234806,0.2727272727272727,0.5454545454545454,0.7049901374220818,0.1744186046511628,69.57142857142857,,0.0,,,,0.0330943188086045,0.7032542746828462,0.9349145063430778,0.3333333333333333,1.0,1,2,3,0,3,dictated,0,1,0,1.953550524266522,-2.0750832731070052,,0.9907019379320369,-0.8467940195341381,0.30110648791567446,-0.6526772264981543,-1.3758377526094452,-1.4576810267800726,-0.30130231423948906,0.0,-0.6606211877981665,-2.8514718588092385,-1.4690613132539478,1.1131900124547243,2.9800875963975817,-0.6790814647802126,0.3913902801549968,,-0.6744907594765952,,,,-0.8100066862974787,-0.4348585792968456,-0.09620084652460652,-0.6744907594765952,0.0
G7_A_Roll10,school_a,7,sentence_05_own_hindi,own_hindi,devanagari,0.0,data/processed/school_a/G7_A_Roll10/sentence_05_own_hindi.json,1.653404212507611,0.0122748183991619,,-0.2273901808785529,0.3169063926130012,4.880030803865727,21.908816963953168,19.645321324809125,0.2269160360714537,3.2327586206896552,1.111268361437736,-1.3583333333333336,-6.474751907485446,0.5,0.25,0.3970207707852135,0.1744186046511628,,0.3830418076698903,2.0296296296296297,0.0723382567987715,1.3333333333333333,0.0177586104308829,0.0980392156862745,0.8963585434173669,0.7422969187675069,,1.0,1,2,3,0,3,own,0,0,1,-0.035169553268869724,0.08646765091031247,,-0.6557541942513472,0.8146975319094217,0.29136297196095495,0.417537793301891,-0.01583851794204698,-1.4027097627134,-0.0062930191325766,0.9866395094349187,-0.689518421182674,-0.22948792451370578,0.1967264715140073,-0.8047901107391189,0.16188441634319367,-0.8046831618871848,,-1.319605740771065,0.46990849307952404,0.004889571517426435,0.5193689058878194,0.2825146989164537,0.3893617695688938,0.9882897421379939,-0.6744907594765952,,0.0
G7_A_Roll11,school_a,7,sentence_01_copy_hindi,copy_hindi,devanagari,0.0,data/processed/school_a/G7_A_Roll11/sentence_01_copy_hindi.json,1.0246383645546642,0.031235388128143,,0.1991744066047471,0.1602391282212471,-3.010506721503516,19.335811551067028,24.99202818324564,0.3632689101152611,2.9873417721518987,1.1053090844715214,-1.1605113636363638,-4.940764560368873,0.5625,0.25,0.4595927626238235,0.5146198830409356,74.38235294117646,0.4713233826174661,0.1684491978609625,0.0215154985916639,1.4705882352941178,0.0220456272639339,0.2543352601156069,3.128323699421965,2.238150289017341,0.2857142857142857,1.0,0,3,1,2,1,copy,1,0,0,0.0,1.5215213471939157,,1.2036717722431092,-0.6744907594765952,-1.30581658093294,-0.33463162851023986,0.0,0.4110756331094022,0.22496922883771395,4.927092638488857,-0.3030419540099953,-0.338326498509767,0.14592348161753305,0.0,0.2219531918478162,0.685478704179848,0.4434497258437279,-1.0084261813470083,-0.6027961333625199,-0.3753103875276956,0.4087664587230451,0.8623326066634142,1.30545244263457,1.0722514442931437,0.7513473475359072,-0.6744907594765952,0.0
G7_A_Roll11,school_a,7,sentence_03_dictated_hindi,dictated_hindi,devanagari,0.0,data/processed/school_a/G7_A_Roll11/sentence_03_dictated_hindi.json,0.1648200813734543,0.024176840725787,,-0.2592592592592592,0.0576945364013596,-4.494839424313956,19.449454419719903,19.26379653088047,0.2888339467825245,3.3234095894703857,1.0807932383184948,2.7,2.8808054048340828,0.5,0.5,0.1548804449865576,0.175438596491228,14.178571428571429,0.7118848672862358,2.711111111111112,0.0623885468052537,1.3333333333333333,0.000228158526523,0.057883131201764,0.1901874310915104,0.2563395810363836,0.6666666666666666,1.0,0,3,1,2,1,dictated,0,1,0,-1.181700163483817,1.7248172041097527,,-1.3973771731472013,-2.5857336052845312,-0.788364374134543,-0.16242430542670006,-1.1217944264848942,-0.2891144141406287,0.6534742580286153,-0.7224308739493858,1.5993262200373863,0.5538034086788842,0.0,0.900192930514747,-2.52015641337759,-0.6744907594765952,-2.0080023068821578,0.10409958297186898,5.0,-0.05577995225324907,0.4377311304547863,-0.9531755865425801,-0.41278455150125104,-1.251886187658069,-0.8905531327376217,0.674490759476595,0.0
G7_A_Roll11,school_a,7,sentence_05_own_hindi,own_hindi,devanagari,0.0,data/processed/school_a/G7_A_Roll11/sentence_05_own_hindi.json,0.118986631024711,0.0120984527088665,,0.1052631578947368,0.0696864051918887,-4.6882134363863175,22.136637443395077,26.084393343374867,0.2790922478296808,2.5,1.1093474486963846,-0.935,-8.349105913905495,0.25,0.75,0.0581258476534726,0.5847953216374269,,0.9274041273458222,0.588,0.014565000334826,0.6,3.7879525127967926e-05,0.1581277672359266,2.5932953826691967,1.8342820999367488,,1.0,0,3,1,2,1,own,0,0,1,-1.7536750498313922,0.06739607624683075,,2.2303307821518072,-1.0617999890771426,-1.1430304860818088,0.5343633700109022,3.8788450016933567,-0.12617477303767388,-2.3765237142002222,0.87728671842777,-0.4125733117602483,-0.40314321233366823,-1.4754485363550511,3.1041904271366025,-2.2799257879624095,5.0,,0.8216895518814133,-1.5119676407430673,-5.0,-0.7414438863364043,-0.9722521489668737,1.419286450364031,5.0,5.0,,0.0
G7_A_Roll12,school_a,7,sentence_01_copy_hindi,copy_hindi,devanagari,1.0,data/processed/school_a/G7_A_Roll12/sentence_01_copy_hindi.json,1.5187102830022012,-0.0110484736662638,0.0553621549793466,-0.1075837742504409,0.2414778240091404,-0.3483712399076475,18.273565644659804,26.71574098842446,0.423483613255439,3.557562076749436,1.0773338522322395,-1.387412587412587,-4.369402060081344,0.5384615384615384,0.2692307692307692,0.5651216784684211,0.3395061728395062,105.17647058823528,0.969795467474898,0.724025974025974,0.0327162893896625,1.0714285714285714,0.0051057872474707,0.1386554621848739,1.8487394957983196,1.6638655462184877,4.0,2.0,0,3,4,2,2,copy,1,0,0,0.5135541241483627,-0.3049487894562761,-0.11205817958314737,-0.5020004981983383,0.20551976443008596,-0.7163324196531345,-1.0511151556226712,0.45539058490478773,1.280763151658641,1.5451728412703551,-1.087536564538381,-0.46669047875259506,-0.2463669062392394,-0.05986604374052611,0.12106244400861951,0.9814348465139924,-0.02319677215131119,1.7439871570997032,1.3118620720811605,0.0,0.23430029777112096,-0.4473361333997345,-0.5841857280901687,-0.21250108177075008,0.07404825694955447,0.0,5.0,5.0
G7_A_Roll12,school_a,7,sentence_03_dictated_hindi,dictated_hindi,devanagari,1.0,data/processed/school_a/G7_A_Roll12/sentence_03_dictated_hindi.json,1.5617692772148934,0.0373714042317026,0.0476513399567071,-0.1800411522633744,0.3076401705330079,-1.2725040377502363,19.836071355867343,18.945919087719457,0.3003474570085696,2.905824039653036,1.0819036711699006,-2.8969696969696965,-3.784272960922815,0.4090909090909091,0.2727272727272727,0.3694735012481525,0.1851851851851851,104.39285714285714,0.6138531091992115,1.45,0.0678199772387562,1.125,0.0096338418955207,0.0588235294117647,0.8907563025210085,0.9411764705882352,4.0,2.0,0,3,4,2,2,dictated,0,1,0,0.9100743528706364,2.6238062713163655,-0.2865658244412682,-0.840453071243108,1.0850798731939144,-0.2851780596675844,0.0828458534905152,-1.196149225358391,-0.02776085536903782,-0.47100747705443863,-0.6382736201342302,-1.6693682688210825,-0.5429106971808365,-0.5876245253015789,-0.16479247918514034,-0.3745585653983478,-0.6306240199086927,1.8997125060487592,-0.32254594311027734,5.0,0.2542027682974885,-0.0375198111818389,-0.10034231522096364,-0.39771537518854844,-0.13627305329564787,-0.08887047602487619,5.0,5.0
G7_A_Roll12,school_a,7,sentence_05_own_hindi,own_hindi,devanagari,1.0,data/processed/school_a/G7_A_Roll12/sentence_05_own_hindi.json,2.2073471723472653,0.0062203614250847,,-0.2133058984910836,0.1834977857646256,0.7930930337445659,20.95575504754049,20.71253338640779,0.2620872414039633,2.990228013029316,1.0807932383184888,2.011764705882353,2.6727367703120724,0.4117647058823529,0.4705882352941176,0.4059604195327146,0.1851851851851851,,0.6057502474984695,1.340740740740741,0.0745458852551512,0.5555555555555556,0.0068544902759323,0.0483558994197292,0.5512572533849129,0.9961315280464216,,1.0,0,3,4,2,2,own,0,0,1,0.5852313289646135,-0.5682403483300733,,-0.5335596118918494,-0.19792657927467644,-0.32131754221614256,-0.0711891565186886,0.6296664890341404,-0.5422165853999166,-0.7907989594774418,-0.7482335525405239,1.515203240789508,0.6180092791798346,-0.3934529430280135,0.9197601265589931,0.22629649231303753,0.5695699746691192,,-0.44356322900645256,-0.47713950016629314,0.29559049295814416,-0.8178567828348421,-0.4895826004858558,-0.46221598238245576,-0.6744907594765952,0.9140909034030781,,0.0
G7_A_Roll13,school_a,7,sentence_01_copy_hindi,copy_hindi,devanagari,0.0,data/processed/school_a/G7_A_Roll13/sentence_01_copy_hindi.json,0.207008906191736,-0.0186568180562354,,0.1144578313253012,0.1413631799742814,1.047158204115535,17.687757722385573,25.51372746074869,0.4009327987692274,2.728862973760933,1.0796038250085558,1.2888888888888888,1.8996056916083832,0.3333333333333333,0.6666666666666666,0.3350331268281526,0.5421686746987951,46.5,1.0290858015264708,0.6666666666666667,0.0209264945118198,3.75,4.2677228164944246e-05,0.1756832124930284,2.13329615170106,1.7317345231455663,0.5714285714285714,1.0,2,0,3,1,4,copy,1,0,0,-0.8498701599695561,-0.6335945949222123,,0.7326208848696113,-0.8789626917860153,-0.4073164024224376,-1.446241861999962,0.13782860950660075,0.9550592808594923,-0.37347428610139755,-0.5994961281363075,1.463544982626494,0.762616701358481,-1.8159366601292959,2.6230196201867577,-0.6744907594765952,0.7969671366276809,-0.7341142520270122,1.5878467657497,-0.06223436646724299,-0.40736733665147706,5.0,-1.0165322831156312,0.27337808716347195,0.2960308041688481,0.08879423741193988,0.0,0.0
G7_A_Roll13,school_a,7,sentence_03_dictated_hindi,dictated_hindi,devanagari,0.0,data/processed/school_a/G7_A_Roll13/sentence_03_dictated_hindi.json,0.7652243618979253,0.0005003459976902,,-0.0431726907630522,0.2572512095391116,0.2155901295015059,19.845346234514693,26.386619152969065,0.3969530570299099,3.398972602739728,1.0763071915120188,1.303030303030303,3.564069489217663,0.5454545454545454,0.4545454545454545,0.4591466425740996,0.3253012048192771,42.60714285714285,,,,,,0.0836431226765799,0.8866171003717472,0.9702602230483272,0.3333333333333333,1.0,2,0,3,1,4,dictated,0,1,0,-0.28266219041369883,0.1116596410883436,,0.1217681669394912,0.34504503391564634,-0.05280354560507216,0.08872984549159474,0.5443069433085141,2.165160058161519,0.8569516731508078,-1.0624184555859746,0.7834798966135886,0.666231998149145,0.2938122626507893,0.6871958485747692,0.5220338146269714,0.0,-0.7765925716909428,,,,,,0.0,-0.14286447988026696,-0.05482450055962338,-0.6744907594765952,0.0
G7_A_Roll13,school_a,7,sentence_05_own_hindi,own_hindi,devanagari,0.0,data/processed/school_a/G7_A_Roll13/sentence_05_own_hindi.json,2.000920566110035,0.0020021982241536,,-0.1518072289156626,0.318596032574631,1.5032483797951066,21.44202457368664,18.83724493691914,0.2842494285805447,3.2548899755501224,1.0809442582320803,1.342857142857143,5.734248608205853,0.5714285714285714,0.4285714285714285,0.2867569706432866,0.180722891566265,,0.5530838382280651,1.3511111111111112,0.0763241541699032,1.8461538461538465,0.0262546651217595,0.050744248985115,0.5074424898511503,1.0351826792963463,,1.0,2,0,3,1,4,own,0,0,1,0.35403920647042725,-1.0243779014707404,,0.0,0.8275225677507081,-0.21485682100213663,0.1781682233235704,-0.5046048776670683,0.0,0.06529456118731507,-0.7396363639783488,1.0776032134615439,0.9016524530694326,0.6744907594765952,0.5912743670736381,-0.6325897819244681,0.0,,-0.6507310107859894,-0.46288286370882953,0.529753270935526,1.401056173177487,0.8841020612330666,-0.4212793962887705,-0.8856007628032798,1.1584860352024842,,0.0
G7_A_Roll14,school_a,7,sentence_01_copy_hindi,copy_hindi,devanagari,0.0,data/processed/school_a/G7_A_Roll14/sentence_01_copy_hindi.json,0.526932411053934,-0.0593383495287031,,-0.0116279069767441,0.1335944801520471,10.453216893751074,19.615713624411413,26.96796399681246,0.3917950415846056,2.8773281952472707,1.1099684996794097,-1.9583333333333333,-2.838677444395232,0.6666666666666666,0.3333333333333333,0.3989416570948977,0.4651162790697674,52.97058823529412,0.8296024275268311,1.71875,0.0198032712317583,0.75,3.387516247555526e-05,0.194884287454324,3.0694275274056038,2.679658952496955,0.4285714285714285,1.0,1,4,2,0,0,copy,1,0,0,-0.5173314561908945,-2.3908513636851323,,0.031544398758031146,-0.963116401226252,1.6754936784095642,-0.145838032275861,0.5220258056742597,0.8230816581765596,-0.029739908096013713,5.0,-0.8784570451022701,0.0,1.0376780915024548,0.5246039240373515,-0.21454709450284243,0.4851403635437968,-0.460839911170933,0.6592913992481545,1.0792672090416,-0.468499530426958,-1.1367240102143936,-1.0172839047006659,0.5253351266054125,1.026306561211139,1.3289812954670657,-0.3372453797382977,0.0
G7_A_Roll14,school_a,7,sentence_03_dictated_hindi,dictated_hindi,devanagari,0.0,data/processed/school_a/G7_A_Roll14/sentence_03_dictated_hindi.json,0.5393010881985955,-0.0112986163027152,,0.2344961240310077,0.3403952675416827,8.980812331729627,18.709023532103288,20.57928873623504,0.3175292846371462,3.463559915907498,1.1009611980183394,5.413333333333333,2.903211175276212,0.4,0.6,0.4031376431883957,0.1744186046511628,48.17857142857143,,0.0,,,,0.0402144772117962,0.7882037533512065,0.482573726541555,0.1666666666666666,1.0,1,4,2,0,0,dictated,0,1,0,-0.6209569172244158,-0.6922425196532282,,2.0738528754770105,1.566135891659843,1.3159366152775918,-0.6321543779957005,-0.8140872882365007,0.3622619707513898,1.0308735294195732,0.8060542579925785,3.183944003103912,0.5574901957124448,-0.6463869778317369,1.3687865107826973,-0.03796934038165603,-0.6790814647802126,-0.5352610155479401,,-0.6744907594765952,,,,-0.695911485763242,-0.2995817235520491,-0.6257192816779795,-1.3489815189531904,0.0
G7_A_Roll14,school_a,7,sentence_05_own_hindi,own_hindi,devanagari,0.0,data/processed/school_a/G7_A_Roll14/sentence_05_own_hindi.json,2.3418236089785958,0.0020091664562375,,-0.1627906976744186,0.2768809511579223,11.390873132019868,22.861646596531383,20.52363057459747,0.2719989318578876,3.365019011406844,1.1049323979433612,0.726666666666666,21.52364098320412,0.3,0.6,0.4856077417965385,0.1744186046511628,,0.1021823299862759,1.084848484848485,0.0711959422179849,1.7272727272727273,0.0371034905230957,0.0377358490566037,0.5849056603773585,0.5660377358490566,,1.0,1,4,2,0,0,own,0,0,1,0.7358412400461483,-1.0236243809972403,,-0.09529206678139726,0.5108885945725279,1.267415569214284,0.9061456287522968,0.5154083062014024,-0.29971872584087683,0.42152540424465196,0.625948845609231,0.6744907594765952,2.3645092389226026,-1.1410135347812396,1.931496265773886,0.8001724372584244,-0.8046831618871848,,-2.4243902854081423,-0.8289266335322862,-0.14553062271869752,1.1966650339421545,1.6522840580405664,-0.6442448663909544,-0.5123646919322844,-1.7775795254010902,,0.0
G7_A_Roll15,school_a,7,sentence_01_copy_hindi,copy_hindi,devanagari,1.0,data/processed/school_a/G7_A_Roll15/sentence_01_copy_hindi.json,3.1052573326316995,-0.0039887291848185,,-0.1605545617173524,0.2330696521320073,2.13989024043363,19.994711890647014,17.555159373971215,0.2420943989212527,2.961601307189542,1.082387414902372,-3.045333333333333,-2.6310315948921827,0.76,0.12,0.6818547839034401,0.1744186046511628,85.20588235294117,0.9301980978696844,2.807692307692307,0.0627693542894151,0.9615384615384616,0.0108659458684901,0.2689075630252101,1.3361344537815123,1.4285714285714286,3.7142857142857135,1.0,4,0,3,3,1,copy,1,0,0,2.1626617744127703,0.0,,-0.7965347892606863,0.11443903415824433,-0.16534966842796822,0.10979582135828993,-1.964758877894577,-1.339061035444848,0.1653735698353852,-0.0010288510321842415,-1.6624367144699517,0.03342016258917671,1.8366902219593455,-0.8183821214982685,1.8215519969703247,-0.6912970076363107,0.9005631687302601,1.1275442048370832,2.2607604619863952,1.8699588703909757,-0.6830242964132931,-0.09231714796805743,1.4966706065319437,-0.325834756095259,-0.3078396447088627,5.0,0.0
G7_A_Roll15,school_a,7,sentence_03_dictated_hindi,dictated_hindi,devanagari,1.0,data/processed/school_a/G7_A_Roll15/sentence_03_dictated_hindi.json,,,,,,-0.2489483953486042,20.336276405480817,25.812067186648623,0.331284021204537,2.954545454545455,1.0893619213210486,,,,,,0.5581395348837209,,,,,,,0.2146450531022917,0.7512576858580212,0.6439351593068753,0.5,1.0,4,0,3,3,1,dictated,0,1,0,,,,,,-0.12534392399706618,0.4001764216555446,0.40991333716487405,0.6744907594765952,-0.3398095915483619,-0.07302931005057418,,,,,,1.047941870440774,,,,,,,2.099207724872199,-0.35841607922979196,-0.43682662112791926,0.0,0.0
G7_A_Roll15,school_a,7,sentence_05_own_hindi,own_hindi,devanagari,1.0,data/processed/school_a/G7_A_Roll15/sentence_05_own_hindi.json,0.0744396192830944,0.0072777746161517,,-0.0374677002583979,0.0389047672478386,2.9364691802006733,20.44786664769363,21.70547995048592,0.3637570872637313,3.740458015267174,1.0818183642066548,0.5277777777777777,5.522053494149055,0.375,0.25,0.2025136017258259,0.4186046511627907,,0.541003382107402,0.3055555555555556,0.0235527387330966,1.0,0.0153138129238886,0.1913621262458471,0.8132890365448505,0.908970099667774,,1.0,4,0,3,3,1,own,0,0,1,-1.8035664779910068,-0.45389534965256845,,0.9920044605103067,-1.2954448003096795,0.0,-0.3316326221863807,1.2302518851662805,1.9452218709664992,1.6359458504181037,-0.6898756820389437,0.544377440351624,0.8819929845382436,-0.6393610324205219,-0.8047901107391189,-1.239581223303398,5.0,,-0.698250508167201,-1.9002573179738527,-5.0,-0.053727817850464085,0.10940384486200762,1.9889271841141116,0.5880410027218947,0.3686056079736605,,0.0
G7_A_Roll16,school_a,7,sentence_01_copy_hindi,copy_hindi,devanagari,0.0,data/processed/school_a/G7_A_Roll16/sentence_01_copy_hindi.json,0.6222451512054964,0.0184075511135809,,-0.0835843373493975,0.2613641073169828,8.253694495321243,22.412478978736495,27.54506374793057,0.29108293120261,2.127659574468085,1.1223644405721511,-1.0136363636363637,-6.437369953515679,0.6666666666666666,0.2,0.3712875312461235,0.5301204819277109,71.29411764705883,0.7515398651056935,0.0241477272727272,0.0193572297236799,1.4375,0.0217100404896536,0.1962095875139353,2.722408026755853,2.1583054626532885,0.5714285714285714,1.0,0,1,1,2,3,copy,1,0,0,-0.4182603514365091,0.9674172462290214,,-0.36855605699648064,0.42093605616847524,1.1884472357254026,1.7405766796905513,0.6744907594765952,-0.6315143258320733,-1.7654115656996825,5.0,-0.1971109384273105,-0.5792019876683911,1.0376780915024548,-0.31476235442241085,-0.4135712301141901,0.7482087684727466,0.31302333588969056,0.29592572217102553,-0.7593620163167031,-0.4927756439902948,0.3378000596391829,0.8336763489050472,0.5427257508316593,0.7555967707667074,0.6468848848719668,0.0,0.0
G7_A_Roll16,school_a,7,sentence_03_dictated_hindi,dictated_hindi,devanagari,0.0,data/processed/school_a/G7_A_Roll16/sentence_03_dictated_hindi.json,0.3976221709331675,-0.0039492426113198,,0.0763052208835341,0.1878384994675684,8.810766442765289,19.70548225285366,25.344848825657795,0.2673458458759081,2.511848341232228,1.102108642828174,0.7052631578947368,3.445123207377645,0.6,0.4,0.4061098857965365,0.4578313253012048,26.035714285714285,,0.0,,,,0.2308626974483596,1.0619684082624543,0.8772782503037667,1.0,1.0,0,1,1,2,3,dictated,0,1,0,-0.833105182546265,-0.19150548531190947,,0.9617292713446783,-0.6743811008658548,1.2893829658607725,0.0,0.3006261637309255,-0.7768884754762528,-1.5319121878006863,0.8930165664094072,0.43437702868432804,0.6466598254041513,0.6463869778317369,0.4315993502467967,-0.00825152259763069,0.5964819551365655,-1.494399251500897,,-0.6744907594765952,,,,2.3590833173910544,0.13637176681641255,-0.16367090774576468,2.0234722784297854,0.0
G7_A_Roll16,school_a,7,sentence_05_own_hindi,own_hindi,devanagari,0.0,data/processed/school_a/G7_A_Roll16/sentence_05_own_hindi.json,1.7260674089451238,-0.0038591907671533,,-0.2501771793054571,0.2671239966094558,7.528598162511488,21.253067135081665,18.277532598752543,0.2835574584211336,3.234704112337011,1.093262638852596,0.5375000000000001,14.032614010018566,0.5625,0.375,0.1720474490898235,0.180722891566265,,0.6186396046605613,1.580392156862745,0.0666970009989509,0.9411764705882352,0.034964723730196,0.1681614349775784,0.5633408071748879,0.7987668161434978,,1.0,0,1,1,2,3,own,0,0,1,0.04621122858778013,-1.6582081980107637,,-0.8534531383224627,0.43682944905777343,0.6884146772722531,0.08127148343187547,-0.8431478249906494,-0.01692963307479781,0.0,-0.03838155289620376,0.5507377282976772,1.670480021048104,0.6147702234812719,0.1724550237298115,-1.4590963511933592,0.0,,-0.3928618508637949,-0.1476794139643963,-0.7379520304521138,-0.15486253380427903,1.5008425807472816,1.5912646688352505,-0.6162693091009913,-0.3210833036098284,,0.0
G7_A_Roll17,school_a,7,sentence_01_copy_hindi,copy_hindi,devanagari,0.0,data/processed/school_a/G7_A_Roll17/sentence_01_copy_hindi.json,0.2974896243688402,-0.053296365893143,,-0.1054421768707483,0.2395223669278494,-0.5874713996566424,20.831918698181784,26.751516811010998,0.3963434195214022,2.741721854304635,1.0838166563530818,0.6923076923076925,6.216796576274784,0.1666666666666666,0.6666666666666666,0.4477400822356783,0.4642857142857143,44.23529411764706,0.8252692064278545,1.0769230769230769,0.0157430764954015,1.5714285714285714,9.325876492005506e-06,0.154849688031764,3.074872376630743,2.278502552467385,0.4285714285714285,1.0,1,0,0,4,1,copy,1,0,0,-0.755821613106653,-2.1298652047071123,,-0.49009254107456024,0.18433745969347587,-0.7692770417829636,0.6744907594765952,0.4648422596409644,0.8887743763166468,-0.3437027391944225,0.30625572462704104,1.0332712666681663,1.457459490845319,-3.2427440359451714,2.6230196201867577,0.1366505689470553,0.48177911391185396,-0.8297602713266399,0.6391211182617315,0.3828903910807596,-0.689478400608105,0.6250450083119575,-1.0193802050344236,0.0,1.0305540861772553,0.8041409599214625,-0.3372453797382977,0.0
G7_A_Roll17,school_a,7,sentence_03_dictated_hindi,dictated_hindi,devanagari,0.0,data/processed/school_a/G7_A_Roll17/sentence_03_dictated_hindi.json,1.8146489255389084,-0.0076839956777524,,-0.2523809523809524,0.2069511975948461,0.2102832206760553,17.970603614463734,18.16206811940184,0.2263896701481726,2.816205533596838,1.0820886187973473,-11.416666666666668,-1.2160703696947743,0.5,0.0,0.4734893144322875,0.1785714285714285,31.0,0.0471404520791031,1.3333333333333337,0.0644921596104225,1.3333333333333333,0.0014574339811491,0.0418760469011725,0.1423785594639866,0.2763819095477386,0.1666666666666666,1.0,1,0,0,4,1,dictated,0,1,0,1.2887332229594892,-0.4459665119259381,,-1.3490208689373473,-0.39368345979904834,-0.05363225012298962,-1.1006086892626576,-1.3795000177785064,-1.7065825539949284,-0.7123337711029349,-0.6242568478405809,-5.0,-0.12032241630239819,0.0,-1.4427749708250048,0.6654382956912911,-0.6603907360440551,-1.2793666469888632,-2.788944837229703,5.0,0.064277485343552,0.4377311304547863,-0.8417145723668644,-0.6692860771450828,-1.3280188953786973,-0.8670912144139649,-1.3489815189531904,0.0
G7_A_Roll17,school_a,7,sentence_05_own_hindi,own_hindi,devanagari,0.0,data/processed/school_a/G7_A_Roll17/sentence_05_own_hindi.json,1.6662798435251274,0.0262108228207823,,-0.0444444444444444,0.3864260949730844,-0.117725925143968,18.504637349723016,17.098296193485492,0.3113415045270189,2.8378378378378377,1.0939368567972148,-0.8,-7.657952126334478,0.5,0.1428571428571428,0.3745530922014659,0.1785714285714285,,0.4854929800574984,1.9066666666666667,0.0709781844748206,0.7142857142857143,0.002681083572604,0.0972222222222222,1.1805555555555556,0.9305555555555556,,1.0,1,0,0,4,1,own,0,0,1,-0.020749200594124592,1.5934588825516793,,0.9314745507435522,1.3423795793816047,-0.4578601223684045,-1.328114079733088,-1.5564109442888063,0.6628304685836701,-1.2837305479528185,0.0,-0.32425617056648265,-0.33910914539785975,0.1967264715140073,-1.642428797426774,0.0,-0.2746140949297591,,-0.9166053764348407,0.30086551794102334,-0.17420500241596099,-0.544953581054707,-0.7850925544443441,0.3753584076808895,2.357618875494942,0.5036945917242949,,0.0
G7_A_Roll18,school_a,7,sentence_01_copy_hindi,copy_hindi,devanagari,0.0,data/processed/school_a/G7_A_Roll18/sentence_01_copy_hindi.json,0.5048422282202162,0.0063890976224687,,0.1213369963369963,0.1680898161397667,0.2573811484743895,17.520557955769434,30.105514422880518,0.4332750371626447,2.244725738396625,1.114353404619381,-0.7403389830508474,-3.808441337943266,0.68,0.0,0.4269884580649855,0.7023809523809523,82.88235294117646,0.6200224347588511,0.0215123859191655,0.0160184545964058,1.28,0.005070332601014,0.1343963553530751,4.132687927107062,2.8223234624145785,3.7142857142857135,1.0,4,2,1,0,4,copy,1,0,0,-0.5402926974067354,0.44827482501480426,,0.7708712127713093,-0.5894489217021162,-0.5821989613534975,-1.5590178941737984,1.350940529404685,1.4221817540404824,-1.494373913644881,5.0,0.0,-0.15608145827645087,1.1518226815677257,-1.5738117721120546,-0.012696913077467273,1.445337341735561,0.8024328372410316,-0.3162617162531626,-0.7622213395392877,-0.6744907594765953,0.0,-0.5872132535037486,-0.2683892000229879,1.8557556251747178,1.5156319116608878,5.0,0.0
G7_A_Roll18,school_a,7,sentence_03_dictated_hindi,dictated_hindi,devanagari,0.0,data/processed/school_a/G7_A_Roll18/sentence_03_dictated_hindi.json,1.0345927654731062,-5.9073245423343566e-06,,-0.0916666666666666,0.2484551665103465,1.311438780529768,18.87918194518972,22.89606506615146,0.3267184507154097,3.148308759757157,1.0823791141181245,-2.7046783625731,-3.1185217321689813,0.6666666666666666,0.2222222222222222,0.5966390634836385,0.4523809523809524,95.67857142857144,0.0,0.0,,,,0.0838852097130242,3.292494481236204,1.9713024282560707,0.3333333333333333,1.0,4,2,1,0,4,dictated,0,1,0,0.12068673865759186,0.07716693492795947,,-0.2191572224955551,0.21586240818408126,0.11831956163688577,-0.5242057158530399,-0.2721695090672576,0.570853547911288,0.18195965486158475,-0.6022408489336581,-1.5570679243440164,-0.4333637836263016,1.0773116297195615,-0.401455903562893,1.8967448493463124,0.5719513119599536,1.5222452002866287,-2.994105525658704,-0.6744907594765952,,,,0.0038792632699673306,3.6883482890815307,1.1170139135154227,-0.6744907594765952,0.0
G7_A_Roll18,school_a,7,sentence_05_own_hindi,own_hindi,devanagari,0.0,data/processed/school_a/G7_A_Roll18/sentence_05_own_hindi.json,1.5860693495859115,0.0080042432830052,,-0.2989417989417989,0.1373160239167952,1.4468196961517024,16.887540770515407,15.283576696387213,0.2409173100685543,2.617689015691869,1.0798914545368712,-1.8078431372549024,-4.936972888806685,0.3529411764705882,0.2352941176470588,0.2749973261902099,0.1785714285714285,,0.942822441384812,2.333333333333333,0.074205794901118,0.6,0.0046549191665367,0.025402201524132,0.8001693480101608,0.9398814563928872,,1.0,4,2,1,0,4,own,0,0,1,-0.11058274811078117,-0.37533754514211876,,-1.2765327221061593,-0.5484644242371461,-0.22331615090966117,-2.157355774434502,-2.6540470784602035,-1.060156795469326,-1.9958388480124665,-0.7995698632859504,-0.9835882050413638,-0.08701566090849526,-0.7869058860560273,-0.9197601265589933,-0.7173205284318922,-0.2746140949297591,,0.8823387961053354,0.8874242750481098,0.2508073325468685,-0.7414438863364043,-0.6453295006735471,-0.8556450028616128,0.5248272074889445,0.5620591902402541,,0.0
G7_A_Roll19,school_a,7,sentence_01_copy_hindi,copy_hindi,devanagari,0.0,data/processed/school_a/G7_A_Roll19/sentence_01_copy_hindi.json,0.976263351897536,-0.0269013160357039,,0.1139455782312925,0.1474176137861478,2.8866163581236157,19.62156661617912,26.84802143626236,0.3348071963526737,3.0173564753004003,1.112690128317682,0.4878048780487805,3.8790033084114097,0.6153846153846154,0.2307692307692307,0.3274048181053459,0.4880952380952381,27.235294117647054,0.7761975523995243,0.2003484320557491,0.025051978100084,1.5,0.0037452658373797,0.1834451901565995,1.4904921700223714,1.3758389261744963,0.5714285714285714,1.0,4,4,0,2,2,copy,1,0,0,-0.05028253241726263,-0.9897193364226193,,0.7297725960465955,-0.813378607513544,0.0,-0.14189019669410718,0.4903379788856076,0.0,0.2944608256876595,5.0,0.8857772016199028,1.0811965831163135,0.5986604374052631,-0.12106244400862003,-0.7293909779118278,0.5781349366942246,-1.5477264941212476,0.4107023444184761,-0.5681857323256491,-0.18283507613643032,0.47184770235314444,-0.7003626909545632,0.3752309738518473,-0.205420355928108,-0.3768305526194064,0.0,0.0
G7_A_Roll19,school_a,7,sentence_03_dictated_hindi,dictated_hindi,devanagari,0.0,data/processed/school_a/G7_A_Roll19/sentence_03_dictated_hindi.json,0.531386050312362,-0.005031776218263,,0.0714285714285714,0.1309523809523809,0.5537367138725482,18.460270347939066,25.6439734855225,0.388211839792286,2.837706511175898,1.0784294931662746,1.1556603773584904,3.700072979382407,0.25,0.75,0.3688674643747334,0.6309523809523809,43.285714285714285,,,,,,0.2116371933827724,3.809469480889904,2.600114090131204,0.1666666666666666,1.0,4,4,0,2,2,dictated,0,1,0,-0.6328087974471828,-0.2652620652161528,,0.9274451446342624,-1.5098361041482335,0.0,-0.7899636390671158,0.3705944939816426,1.9667367981655683,-0.6544355593840229,-0.9015738995523387,0.6974141699887436,0.688610871723408,-1.6159674445793426,2.071676881184623,-0.3806179945059652,1.3756526476147417,-0.7471996257504485,,,,,,2.051009027814621,4.511599397247156,1.853112408434256,-1.3489815189531904,0.0
G7_A_Roll19,school_a,7,sentence_05_own_hindi,own_hindi,devanagari,0.0,data/processed/school_a/G7_A_Roll19/sentence_05_own_hindi.json,0.8002743427024909,0.0052378034854979,,-0.1904761904761904,0.2282649774516162,1.015505584698252,20.466354069350288,22.65366370185848,0.347456862747903,3.411059293804132,1.0908012609943738,0.1940615058324496,14.122867808025314,0.6521739130434783,0.1739130434782608,0.4681645832513584,0.4880952380952381,,,,,,,0.1378151260504201,1.676750700280112,2.388795518207283,,1.0,4,4,0,2,2,own,0,0,1,-0.9906515473717292,-0.6744907594765953,,-0.3354901214113756,0.14187411847017803,-0.2879752591322226,-0.3221523344519652,1.8037624188905712,1.5464231419509926,0.5704504219331881,-0.17850168054469182,0.3260599062179007,1.6788418615627683,1.2145721284777822,-1.3996349751984682,0.6744907594765952,5.0,,,,,,,1.0711254454877193,4.7484056835252195,5.0,,0.0
G7_A_Roll20,school_a,7,sentence_01_copy_hindi,copy_hindi,devanagari,0.0,data/processed/school_a/G7_A_Roll20/sentence_01_copy_hindi.json,0.8251446621911905,-0.0196035884059058,,0.1807228915662651,0.1570181174016487,-0.3454591904656678,19.83193053229743,23.641115406210456,0.3542857666067194,2.5390625,1.10932908661425,-0.9555555555555556,-4.395287313461377,0.6153846153846154,0.1538461538461538,0.4287526764149694,0.5421686746987951,67.41176470588235,0.7149964808081178,0.1936507936507936,0.0235184802302104,2.2857142857142856,0.0316367969077453,0.1745152354570637,2.642659279778393,1.969529085872576,0.5714285714285714,1.0,4,2,3,3,3,copy,1,0,0,-0.20736012261596803,-0.6744907594765952,,1.10107552701492,-0.7093820559378846,-0.7156875963393784,0.0,-0.35689991850213265,0.2813311125970615,-0.8129101832104406,5.0,-0.1552211751193071,-0.250533083307999,0.5986604374052631,-0.6053122200430983,0.0,0.7969671366276809,0.14905873137604286,0.12582354814371305,-0.5754526137115772,-0.26629674453264396,2.1570180679000885,1.6813369613693465,0.2580518600271773,0.6933848012893383,0.39990526065216314,0.0,0.0
G7_A_Roll20,school_a,7,sentence_03_dictated_hindi,dictated_hindi,devanagari,0.0,data/processed/school_a/G7_A_Roll20/sentence_03_dictated_hindi.json,0.7507520497286155,-0.0533735022332527,,0.2024096385542168,0.1464239624329575,-0.7425394319887962,21.250098085338703,24.24855630096138,0.3722322110702965,3.331214240305149,1.0795469708136445,1.8085106382978724,0.2464043619200785,0.0,0.25,0.2611025086260503,0.5662650602409639,50.535714285714285,,,,,,0.20958751393534,1.7290969899665554,2.1220735785953178,0.5,1.0,4,2,3,3,3,dictated,0,1,0,-0.30433285236662266,-3.55894306935768,,1.8482764538093126,-1.2826135322093912,-0.20242102019770786,0.9799057808351557,0.04419208218764735,1.6040035610948036,0.6744907594765952,-0.8168827362069674,1.0786862092384364,0.12032241630239816,-3.231934889158685,-0.27129102015512896,-1.4581004684033911,1.084512645702847,-0.4331592033335933,,,,,,2.018164451283729,1.1987332824501646,1.2935093947075944,0.0,0.0
G7_A_Roll20,school_a,7,sentence_05_own_hindi,own_hindi,devanagari,0.0,data/processed/school_a/G7_A_Roll20/sentence_05_own_hindi.json,2.2870450492319745,0.0167965336781903,,-0.2295497780596068,0.1638964475478051,-1.5627791175929129,19.77926215697861,19.073065616153578,0.2773410059356695,3.2690217391304346,1.0808887351882186,-0.774074074074074,-9.254932957727153,0.3888888888888889,0.2777777777777778,0.3271068217148519,0.180722891566265,,0.7435527690463318,1.891228070175438,0.0793092245553526,0.9375,0.013625051440027,0.0681198910081743,0.6811989100817438,0.994550408719346,,1.0,4,2,3,3,3,own,0,0,1,0.6744907594765952,0.5754302740064297,,-0.6744907594765952,-0.34670849191683245,-0.6744907594765952,-0.6744907594765952,-0.36196834396229965,-0.16902038175013237,0.11100612140337889,-0.7427971529516244,-0.30729540271034106,-0.48706634290087436,-0.5464624208722408,-0.5876245253015787,-0.34186049870514235,0.0,,0.09849466155758017,0.2796413523878055,0.922827888681026,-0.16118345355139224,-0.010173724212393851,-0.12345889466755061,-0.04840079880832847,0.9041957312003898,,0.0
G7_A_Roll21,school_a,7,sentence_01_copy_hindi,copy_hindi,devanagari,0.0,data/processed/school_a/G7_A_Roll21/sentence_01_copy_hindi.json,1.825894472542597,-0.0008095676381902,,0.0354651162790697,0.3387248053390199,5.8390508393399765,19.81601564057424,18.52777428214768,0.2747428743373263,2.6454789615040286,1.081142405712996,0.5192982456140353,15.578609039759217,0.4210526315789473,0.4210526315789473,0.3651757471900105,0.1744186046511628,46.61764705882353,0.6208257736023378,0.9533333333333334,0.0669510507108481,1.3,0.0043381334520483,0.0743801652892562,0.975206611570248,1.0413223140495869,0.5714285714285714,1.0,1,1,3,0,0,copy,1,0,0,0.8328511769080892,0.13732529097593715,,0.29339646632070565,1.258938534370555,0.653765886794792,-0.010734574439558693,-1.7078021095797722,-0.8675155475775307,-0.5665292743456173,-0.26870379165140523,0.9084912401581581,2.9642235095233636,-1.0649854096998883,1.0768185809187738,-0.45755716355005127,-0.6912970076363107,-0.7291456276478108,-0.3125223339714087,0.2487965578694239,2.0975505527244125,0.04289524566846772,-0.6497368365269954,-1.0559233145215587,-0.607394438901639,-0.8144848214788203,0.0,0.0
G7_A_Roll21,school_a,7,sentence_03_dictated_hindi,dictated_hindi,devanagari,0.0,data/processed/school_a/G7_A_Roll21/sentence_03_dictated_hindi.json,1.8993478258300045,-0.010777527147048,,-0.0671247357293869,0.343235417208259,4.863215668803746,20.24074928490862,20.669682367610456,0.2741050065100749,3.0807365439093486,1.0995208657175095,-0.0888888888888889,-60.03577058720905,0.4285714285714285,0.4285714285714285,0.3231609138792397,0.1744186046511628,63.67857142857143,0.6524128510384114,1.2969696969696969,0.0759347948681516,1.380952380952381,0.0067416090838897,0.0415512465373961,0.9390581717451524,0.9806094182825486,0.1666666666666666,1.0,1,1,3,0,0,dictated,0,1,0,1.4155603128204373,-0.6567389992999623,,-0.046621001111890895,1.607847601140926,0.6729500726853869,0.3395739238003774,-0.7929432894251108,-0.6234573626908387,0.0,0.6968946533702449,-0.029416873941720916,-5.0,-0.46170498416552697,0.5654832303233535,-0.8376126339883276,-0.6790814647802126,0.13613574961912947,-0.1547294960363294,5.0,0.7173318235859617,0.5463599171145864,-0.3625872019983749,-0.6744907594765952,-0.05935527701655464,-0.042709542301988056,-1.3489815189531904,0.0
G7_A_Roll21,school_a,7,sentence_05_own_hindi,own_hindi,devanagari,0.0,data/processed/school_a/G7_A_Roll21/sentence_05_own_hindi.json,2.545178453373315,0.0278277510065652,,-0.1162790697674418,0.2967702053969241,3.6700392433225257,19.98338348243641,19.671507112995,0.3061133259722045,2.8649237472766886,1.0820886187973473,-0.2051282051282051,-41.4691300849198,0.5384615384615384,0.3846153846153846,0.3830520973828721,0.1744186046511628,,0.384168842980581,1.3095238095238095,0.0808586135547054,1.0714285714285714,0.0046073398020129,0.0496277915632754,0.6451612903225807,0.880893300248139,,1.0,1,1,3,0,0,own,0,0,1,0.9635930737465989,1.7683078941082708,,0.3082406649969674,0.6618559037415243,0.1099708654103383,-0.5698180293356006,0.0,0.5349186744423378,-1.1961166296131565,-0.6744907594765953,0.06490957980300709,-3.4716496472555884,0.4539841650323238,0.2476277263812674,0.06123714509094752,-0.8046831618871848,,-1.3151724519150845,-0.5200548854209043,1.126851717274267,0.06907862295059662,-0.6486984931584131,-0.4404156048369056,-0.22203866453320534,0.19289163091951697,,0.0
G7_A_Roll22,school_a,7,sentence_01_copy_hindi,copy_hindi,devanagari,0.0,data/processed/school_a/G7_A_Roll22/sentence_01_copy_hindi.json,0.8976634052210682,0.0023160952537516,,0.1393213572854291,0.2141320172054176,3.2164512840156583,19.76943063458086,26.86485919513169,0.3613786933671249,2.241042345276874,1.1034173771503353,-1.7670068027210886,-2.6267858166824523,0.6428571428571429,0.1428571428571428,0.58509863272661,0.5029940119760479,79.8529411764706,0.4639244030067121,0.1984126984126984,0.024856146254686,2.8,0.0051269112852189,0.2094182825484764,3.0947368421052635,2.187257617728532,0.5714285714285714,1.0,3,0,2,1,4,copy,1,0,0,-0.13198182611599485,0.27233968386950524,,0.8708699338676276,-0.09070111330071133,0.07303627707696574,-0.04215610235824952,0.4947863747186907,0.38377502665486546,-1.5029018963622576,4.5203786566256365,-0.7404661433445396,0.03410351165888539,0.8338484663859019,-0.6744907594765952,1.1252071022390713,0.6384294485550494,0.6744907594765952,-1.0428669574701028,-0.5702859870614665,-0.19349335800504067,3.260038670803543,-0.5823819148382665,0.7160506142834643,1.0460503487095607,0.684763524682622,0.0,0.0
G7_A_Roll22,school_a,7,sentence_03_dictated_hindi,dictated_hindi,devanagari,0.0,data/processed/school_a/G7_A_Roll22/sentence_03_dictated_hindi.json,0.3716842298960844,-0.0383791097059438,,-0.1330671989354624,0.2990383696419932,0.2745183137287852,21.883140508448957,27.09713722845607,0.2518297411068872,2.831518257527226,1.093271595500512,0.8500000000000001,2.4721883573759165,0.125,0.125,0.5934077220960022,0.4790419161676646,52.96428571428572,,0.0,,,,0.1772853185595568,2.2382271468144044,1.8393351800554016,0.3333333333333333,1.0,3,0,2,1,4,dictated,0,1,0,-0.8719443359167595,-2.537325723288463,,-0.5102138398084163,0.9587499744556409,-0.04360156869006978,1.3815085074637132,0.7105044188936576,-1.1290998445583846,-0.6710993979747883,0.2232762628970518,0.5189050043102096,0.48656697794995146,-2.423951166869014,-0.857032995490067,1.864436445485626,0.6919450443092112,-0.32796339680972025,,-0.6744907594765952,,,,1.5005459868624882,2.00949195764006,0.9625306259609012,-0.6744907594765952,0.0
G7_A_Roll22,school_a,7,sentence_05_own_hindi,own_hindi,devanagari,0.0,data/processed/school_a/G7_A_Roll22/sentence_05_own_hindi.json,0.780137955553512,0.0248821388970819,,0.1601796407185629,0.2095737096021715,5.888376695598522,19.171701409724616,22.159549526511064,0.3430560472093348,2.697095435684647,1.0794915637651297,-0.2296296296296294,-20.392123716705434,0.3333333333333333,0.3333333333333333,0.4603930823094867,0.5389221556886228,,0.796479282417398,0.788888888888889,0.0168742073349342,0.0,0.0001350182680143,0.3605243991260014,2.1303714493809176,1.671522214129643,,1.0,3,0,2,1,4,own,0,0,1,-1.013203747251366,1.4497796067663655,,2.706783646323308,0.0,0.4425259977187211,-0.9860458701390853,1.5048966304671532,1.4387534812227947,-1.7389854603646004,-0.8223346516319167,0.04888072226863168,-1.5189056113270847,-0.9180568670653652,-0.15329335442649877,0.6184954376013955,5.0,,0.30668558484823044,-1.2357962259384805,-5.0,-1.7730179890653146,-0.9653739634751427,4.8883879866383415,5.0,5.0,,0.0
G7_A_Roll23,school_a,7,sentence_01_copy_hindi,copy_hindi,devanagari,0.0,data/processed/school_a/G7_A_Roll23/sentence_01_copy_hindi.json,2.8890933690665976,-0.0678213500979098,,-0.055688622754491,0.3781903810341793,-9.449612193772252,22.600690932840013,18.31679662136493,0.2885058354692357,3.3945086705202314,1.0972290284551462,-0.9655172413793104,-7.029417281754132,0.6206896551724138,0.2413793103448276,0.6604006186593303,0.1796407185628742,63.97058823529412,0.5871736265872561,1.835555555555556,0.0678270180144321,0.9655172413793104,0.0357789377795043,0.1008403361344537,1.1092436974789917,1.2857142857142858,4.285714285714286,1.0,3,1,1,4,4,copy,1,0,0,1.9379740501439353,-2.7572783301759762,,-0.21344708250708486,1.6864456676023973,-2.7316458503122374,1.8675254058823145,-1.7635406525998394,-0.6687356003138973,1.1676631416198378,3.1898938026577235,-0.16240586615744143,-0.6744907594765952,0.6440760567946276,-0.05426937145213975,1.6671483930986355,-0.6701634021660096,0.0037264682844012887,-0.4691663744176541,1.2060002552466087,2.145225671193067,-0.6744907594765952,2.0350405801938742,-0.7087122170844357,-0.5028321553118152,-0.4947422861392433,5.0,0.0
G7_A_Roll23,school_a,7,sentence_03_dictated_hindi,dictated_hindi,devanagari,0.0,data/processed/school_a/G7_A_Roll23/sentence_03_dictated_hindi.json,0.9899927234747458,-0.0022710828658369,,-0.1283902782669954,0.2326924991285321,-12.433607987073543,22.230268552203828,26.771767800040948,0.349302549929957,4.020296643247463,1.101970618386335,-0.1133919843597262,-18.447714526788705,0.6666666666666666,0.0909090909090909,0.4217367955641203,0.3712574850299401,66.82142857142857,,,,,,0.1732811626607043,1.247624371157071,2.1486864169927333,1.0,1.0,3,1,1,4,4,dictated,0,1,0,0.05390318521253304,-0.07716693492795947,,-0.4773338589336147,-0.01563518161362877,-2.0280490175015555,1.601726874783013,0.6343971677190696,1.0835064735169422,2.5300640100708622,0.8825559987399331,-0.04372696269722421,-2.955726019556812,1.0773116297195615,-1.0167808069450501,0.14799334642096765,0.20683669320739914,0.2722714992382586,,,,,,1.4363823904395308,0.4320175471596235,1.324662872732221,2.0234722784297854,0.0
G7_A_Roll23,school_a,7,sentence_05_own_hindi,own_hindi,devanagari,0.0,data/processed/school_a/G7_A_Roll23/sentence_05_own_hindi.json,0.7608888984594053,0.0109674167749903,,0.1497005988023952,0.1784863698159985,-8.350640176932307,24.16512109127535,25.807149475507916,0.293006697266196,2.733529990167157,1.1106475462523069,-0.3043478260869565,-9.548747113028568,0.6470588235294118,0.2352941176470588,0.2798751371013965,0.5508982035928144,,0.798880233622838,0.0785024154589372,0.0271768596317444,1.0625,0.0139124129197813,0.184,1.932,1.901333333333333,,1.0,3,1,1,4,4,own,0,0,1,-1.03476216187009,-0.05491023074446339,,2.6158679634900084,-0.23596520916997193,-1.692071754813225,1.5745629718594134,3.7111535828075186,0.21425395816442638,-1.6211317811894839,0.9512980429721886,0.0,-0.5142876583672613,1.1803588290840419,-0.9197601265589933,-0.6821748604250022,5.0,,0.3161299297785659,-2.21239796090901,-5.0,0.053727817850464085,0.010173724212393974,1.8627394939771296,5.0,5.0,,0.0
G7_A_Roll24,school_a,7,sentence_01_copy_hindi,copy_hindi,devanagari,0.0,data/processed/school_a/G7_A_Roll24/sentence_01_copy_hindi.json,0.7259031748640689,-0.0025639463867066,,0.1431372549019607,0.1522264941652625,4.516010142250322,17.618890997727604,23.470113759662404,0.3815070281732184,2.5934579439252343,1.1060607124692554,0.4680851063829788,2.9618790104808927,0.5454545454545454,0.0909090909090909,0.3070597894314954,0.5529411764705883,30.176470588235293,0.4246062211132524,0.1205673758865248,0.016195491996898,1.3333333333333333,0.0193234411745956,0.2078496406854615,2.1824212271973464,1.8966279712548368,0.1428571428571428,1.0,0,3,3,3,3,copy,1,0,0,-0.31051489260088194,0.06154412396429961,,0.8920875285645856,-0.7612868635387479,0.360801257062495,-1.4926923811179962,-0.4020771310907001,0.6744907594765952,-0.6869710312879966,5.0,0.871554662456553,0.9335873570004198,0.0,-1.0015165822531258,-0.875812230492504,0.8405628540367992,-1.4235108846412112,-1.2258852615334872,-0.6547475078310074,-0.6648553781018396,0.11438732178258026,0.6298810554674104,0.6954668521479274,0.3343532582910706,0.3045273844552424,-1.011736139214893,0.0
G7_A_Roll24,school_a,7,sentence_03_dictated_hindi,dictated_hindi,devanagari,0.0,data/processed/school_a/G7_A_Roll24/sentence_03_dictated_hindi.json,0.91799642497583,0.0026859097048441,,-0.039366515837104,0.2348216976868864,4.873082013384642,18.710563401501968,26.943173662582613,0.4399019032652116,3.807321772639692,1.0814257955324893,0.0118518518518518,183.174321429752,0.56,0.2,0.4077604462263066,0.3176470588235294,62.392857142857146,,0.0,,,,0.1191395477109762,1.399889685603971,2.025372311086597,0.6666666666666666,1.0,0,3,3,3,3,dictated,0,1,0,-0.05390318521253304,0.26056929448718635,,0.14852657650908233,0.01563518161362877,0.6744907594765952,-0.6311774833570702,0.6744907594765952,3.140087216634692,1.956561521455378,-0.6744907594765952,0.02941687394172092,5.0,0.38783218669904257,-0.5055878102891042,0.00825152259763069,-0.03444922521644341,0.0804438520476675,,-0.6744907594765952,,,,0.5688036000340242,0.6744907594765952,1.180309112674581,0.674490759476595,0.0
G7_A_Roll24,school_a,7,sentence_05_own_hindi,own_hindi,devanagari,0.0,data/processed/school_a/G7_A_Roll24/sentence_05_own_hindi.json,0.4667417492877309,-0.0034507828631552,,-0.2117647058823529,0.0725225176819879,7.520550432915138,21.37898560782873,18.94884398799811,0.3508253169144114,3.3523375142531355,1.0820886187973473,2.066666666666667,8.493187574267752,0.3333333333333333,0.6666666666666666,0.1678458747000931,0.1764705882352941,,0.630651945764915,4.966666666666667,0.0613610677307286,2.0,9.536603610559047e-06,0.0540735400144196,0.6813266041816871,0.7462148521989906,,1.0,0,3,3,3,3,own,0,0,1,-1.3641988802379785,-1.6140443823547264,,-0.5201882961244984,-1.04027277312496,0.6872082270191816,0.14584205335179745,-0.43710400428174123,1.6288352117385032,0.3805049740996703,-0.6744907594765953,1.551120160955455,1.1572628332794452,-0.9180568670653652,2.452693670823982,-1.4893695908281843,-0.542766681743513,,-0.3456102896686682,4.507591604068413,-1.4405887052674755,1.6655623533643866,-0.9742590502894741,-0.364214965341433,-0.04778553811331062,-0.6499710250585066,,0.0
G7_A_Roll25,school_a,7,sentence_01_copy_hindi,copy_hindi,devanagari,0.0,data/processed/school_a/G7_A_Roll25/sentence_01_copy_hindi.json,1.9918744516671525,0.0016106311429552,,-0.2194039315155358,0.2225051445157009,11.32155921766744,21.364445156749674,19.193322303350318,0.2964903446183748,3.1814984171649665,1.0822404095448683,0.0666666666666667,111.5067921961812,0.5,0.3333333333333333,0.2480171132007798,0.180722891566265,48.8235294117647,0.5915395280226329,1.575438596491228,0.0637338937643173,1.263157894736842,0.007814108207147,0.118043844856661,0.7335581787521079,0.9865092748735244,0.8571428571428571,1.0,2,1,0,1,2,copy,1,0,0,1.0053760657406972,0.2418668491716455,,-1.1237558528290001,0.0,1.8677731660826495,1.033679185634807,-1.5319698585533308,-0.5534144646672926,0.6744907594765952,-0.03263476259997098,0.5820386591015528,5.0,-0.3891292843134202,0.5246039240373515,-1.3007368028784982,-0.6657839080203568,-0.635983920537784,-0.44884397297560114,0.9237755405486289,1.9224545897466088,-0.03612231214186773,-0.3529181411022289,-0.482967297365187,-0.7959042963792147,-0.8861977341266514,0.6744907594765952,0.0
G7_A_Roll25,school_a,7,sentence_03_dictated_hindi,dictated_hindi,devanagari,0.0,data/processed/school_a/G7_A_Roll25/sentence_03_dictated_hindi.json,0.5307030091580586,0.0042918494716509,,-0.0327022375215146,0.2796906306541378,16.43667061136397,21.182199927315512,24.05962880325312,0.315340298906927,2.692763938315539,1.1148121061278466,1.545138888888889,0.6361082913811476,0.1666666666666666,0.1666666666666666,0.3993553132196824,0.5783132530120482,46.642857142857146,,,,,,0.2689075630252101,1.7747899159663865,1.8554621848739496,1.1666666666666667,1.0,2,1,0,1,2,dictated,0,1,0,-0.6338315748570172,0.3699872598715189,,0.19537820370009001,0.6746004180873358,2.480212023902247,0.9368311235930756,0.0,0.3125725884986297,-1.0447394764824656,1.8557839988468043,0.9248740872467353,0.18444676309848876,-2.1546232594391235,-0.6617856703784213,-0.07578677577586475,1.1387382779879889,-0.601781893202742,,,,,,2.9687237665899153,1.271496476008632,0.9814091943689396,2.697963037906381,0.0
G7_A_Roll25,school_a,7,sentence_05_own_hindi,own_hindi,devanagari,0.0,data/processed/school_a/G7_A_Roll25/sentence_05_own_hindi.json,2.2751931886776102,-0.0150016420641386,,-0.2793674698795181,0.1743851914494315,18.666220551226665,23.319062924799272,19.260008695948105,0.2363061608507838,3.90499194847021,1.1069652827930805,-0.0711111111111112,-93.55457309678349,0.5333333333333333,0.2666666666666666,0.2078744103232311,0.180722891566265,,0.8381232459309079,1.925,0.073386152503022,1.25,0.0143274367110968,0.0934579439252336,0.5514018691588785,0.8317757009345794,,1.0,2,1,0,1,2,own,0,0,1,0.6612170015680838,-2.863114274066342,,-1.1067067488026971,-0.26709477566767453,2.358076559994306,1.1407071856277853,-0.2488955083290978,-1.172972446907872,2.1681584615655534,0.741675930618072,0.15258370287475412,-5.0,0.4196831392298817,-0.6744907594765953,-1.20095545394838,0.0,,0.47049564262731414,0.32606921453546844,0.14287667071388463,0.3760947249532486,0.03956066638735909,0.310838244963263,-0.6737939661115134,-0.11450269098106862,,0.0
