student_id,school,grade,task_id,task_name,script,label,json_path,raw_baseline_rmse_norm,raw_baseline_slope_mean,raw_baseline_slope_std,raw_rule_offset_mean,raw_rule_offset_std,raw_slant_mean_deg,raw_slant_circular_std_deg,raw_jerk_proxy,raw_tangent_variance_short_wavelength,raw_kappa_sign_changes_per_h,raw_tortuosity_median,raw_gap_mean,raw_gap_cv,raw_gap_fraction_below_0_3h,raw_gap_fraction_above_2h,raw_word_height_cv,raw_h_over_r,raw_word_width_per_char,raw_component_height_cv,raw_ascender_descender_ratio,raw_matra_ratio,raw_shirorekha_rms_deviation_norm,raw_shirorekha_breaks_per_word,raw_shirorekha_tilt_var,raw_components_per_unit_width,raw_junctions_per_unit_width,raw_endpoints_per_unit_width,raw_words_written_ratio,raw_lines_used,repeat_0_fold,repeat_1_fold,repeat_2_fold,repeat_3_fold,repeat_4_fold,task_group,task_copy,task_dictated,task_own,z_raw_baseline_rmse_norm,z_raw_baseline_slope_mean,z_raw_baseline_slope_std,z_raw_rule_offset_mean,z_raw_rule_offset_std,z_raw_slant_mean_deg,z_raw_slant_circular_std_deg,z_raw_jerk_proxy,z_raw_tangent_variance_short_wavelength,z_raw_kappa_sign_changes_per_h,z_raw_tortuosity_median,z_raw_gap_mean,z_raw_gap_cv,z_raw_gap_fraction_below_0_3h,z_raw_gap_fraction_above_2h,z_raw_word_height_cv,z_raw_h_over_r,z_raw_word_width_per_char,z_raw_component_height_cv,z_raw_ascender_descender_ratio,z_raw_matra_ratio,z_raw_shirorekha_rms_deviation_norm,z_raw_shirorekha_breaks_per_word,z_raw_shirorekha_tilt_var,z_raw_components_per_unit_width,z_raw_junctions_per_unit_width,z_raw_endpoints_per_unit_width,z_raw_words_written_ratio,z_raw_lines_used
G3_A_Roll01,school_a,3,sentence_01_copy_hindi,copy_hindi,devanagari,0.0,data/processed/school_a/G3_A_Roll01/sentence_01_copy_hindi.json,2.0735938148724977,0.0140963569056412,,-0.2401960784313725,0.1546558210484394,0.907173551523775,18.884612452185664,17.853396129962555,0.2670901652431762,2.544483985765124,1.0938726778994945,2.460606060606061,2.4376545037649,0.4545454545454545,0.3636363636363636,0.4641241810240611,0.1764705882352941,35.0,0.7360195785339446,,2.5,0.0649273156880407,1.25,0.0033426708945122,0.0985074626865671,0.6895522388059702,0.7253731343283581,0.1428571428571428,1.0,2,4,3,1,2,copy,1,0,0,0.04785406923413726,0.01140916580421599,,-0.6470606563352577,-0.7916145825926604,-0.33353850303534893,-0.7190747609049598,-0.431411007506754,0.04542350909518172,-0.9813166613545707,4.1390426384688,1.036868528800788,0.6831906518893825,0.23164329113337634,-0.5518560759353963,0.25254222604454757,-0.6744907594765952,-0.612547730545071,-0.5040327211040029,,0.6352389219298578,1.4977579840611293,1.2724843962320644,-0.1356786032243306,0.04020713746065079,-0.4725416367630231,-0.7384490755804752,-0.9635582278237075,0.0
G3_A_Roll01,school_a,3,sentence_02_copy_english,copy_english,latin,0.0,data/processed/school_a/G3_A_Roll01/sentence_02_copy_english.json,0.3610452167741299,-0.0242927411841772,0.0103741530055879,0.1176470588235294,0.1871701892357917,0.6331600564689733,22.387551462159703,18.117913215853417,0.4628084270817222,3.1612140323216384,1.0555187533963053,0.2896825396825397,34.1526414301368,0.25,0.75,0.8847934293760916,0.3705882352941176,37.35135135135136,0.7801398055324436,1.031746031746032,,,,,0.2344913151364764,3.517369727047146,2.559863523573201,0.3571428571428571,2.0,2,4,3,1,2,copy,1,0,0,-0.026946482518191525,-0.9106873016469255,-0.2735801154645496,1.5118307587432303,0.37725485594813285,1.1469603825877264,0.09333005792791772,0.3083288819996189,0.0,0.0,-2.0598843944737024,-0.06549897739468051,5.0,-0.6744907594765952,2.0234722784297854,2.7771200158940363,-0.5075398081058188,1.6862268986914892,0.6744907594765952,1.3739179091751699,,,,,0.07088624756043432,2.500681829864064,1.1242784675605937,1.3489815189531913,5.0
G3_A_Roll01,school_a,3,sentence_03_dictated_hindi,dictated_hindi,devanagari,0.0,data/processed/school_a/G3_A_Roll01/sentence_03_dictated_hindi.json,2.945648009659768,0.0062175685105567,,-0.1183823529411764,0.3252529846702546,0.3606545342549424,20.95105994787657,20.236010455867603,0.3035770347923665,2.851159793814433,1.1113347229709094,-3.52,-4.250498413953457,0.4666666666666667,0.4,0.4559483546845507,0.1764705882352941,76.32142857142857,0.8047887188391897,,1.6708333333333332,0.0628549230328451,1.375,0.0009141790377832,0.0872727272727272,0.8290909090909091,0.7527272727272727,0.6666666666666666,1.0,2,4,3,1,2,dictated,0,1,0,0.6190130687545047,-0.010687177502686765,,-0.25393854633415136,1.456625048560631,0.0,0.23545759931258547,0.3463601442980865,-0.08125441239930473,-0.5676137571309354,1.9957987303954405,-1.1497088928628116,-0.4821025422277725,-0.09992455695949556,0.7563850844046142,0.19210704462759393,-0.6427500178541665,1.6533032072658498,0.0,,0.1333531796059417,0.5881580554644237,1.0142342531388804,-0.6732411443312645,-0.13432830450353603,0.12884765836035286,-0.32541078954798613,0.0,0.0
G3_A_Roll01,school_a,3,sentence_04_dictated_english,dictated_english,latin,0.0,data/processed/school_a/G3_A_Roll01/sentence_04_dictated_english.json,0.3687479590934576,-0.0491109229466553,,0.1617647058823529,0.1823529411764705,0.3167780237882211,23.429526701977323,17.4517048421555,0.4998305153667908,2.9384679782335703,1.0661270361026398,1.088888888888889,3.3748987675131974,0.3333333333333333,0.6666666666666666,0.4704278727547354,0.3529411764705882,26.473684210526315,0.8164249563596109,0.85,,,,,0.1587301587301587,1.7724867724867726,1.2433862433862437,0.2857142857142857,1.0,2,4,3,1,2,dictated,0,1,0,-1.4138973563187802,-1.4702412399276688,,1.6290437702178397,0.0,0.8504253497033091,1.0907627738399392,0.47217215351910946,0.4735373927165536,0.05701369973419556,-0.8780931215900529,0.7066541941573818,1.2172932061564081,-1.0277954430119551,2.023472278429784,0.15436664234998332,0.3656118135480608,-0.9197601265589936,0.8175139746825075,-0.5532932011331442,,,,,-0.1197452853848711,1.7181128958246656,0.1647211094771347,0.0,0.0
G3_A_Roll02,school_a,3,sentence_01_copy_hindi,copy_hindi,devanagari,0.0,data/processed/school_a/G3_A_Roll02/sentence_01_copy_hindi.json,2.04993876003926,0.0047957124208468,,-0.2435294117647059,0.1372041775649915,-3.520962516492719,18.438627043363464,19.91686243714169,0.2430962652378543,3.2493297587131367,1.090325523878399,1.0982456140350878,5.690096145624227,0.3157894736842105,0.3684210526315789,0.2744037269144923,0.1764705882352941,35.794117647058826,0.7536644928447721,,2.043333333333333,0.0530571203019555,0.7222222222222222,0.004205411858087,0.0950570342205323,0.7224334600760456,0.9315589353612168,2.857142857142857,1.0,1,0,3,1,2,copy,1,0,0,0.0,-0.3747276318864235,,-0.6744907594765952,-1.046084592205296,-1.6675200202482197,-1.2096947763940409,0.8765207176120365,-0.9089839524625568,1.247634031356851,2.939176416951911,0.5322045212566406,1.0923825343736138,-1.005819553605449,-0.4969931911932806,-1.835810894446532,-0.6744907594765952,-0.5660904588464278,-0.4345231084151852,,-0.363439973366425,-0.026615427893717736,-0.2773363427685268,0.13567860322433073,0.0,-0.16150526711821053,-0.19320287183271362,0.8672024050413367,0.0
G3_A_Roll02,school_a,3,sentence_02_copy_english,copy_english,latin,0.0,data/processed/school_a/G3_A_Roll02/sentence_02_copy_english.json,0.057085838542889,0.0052870810400503,0.0036655449985212,-0.0058823529411764,0.0360485810016671,-7.6317086216643615,22.24639302533448,17.531773505112547,0.48805664144432,3.177811223392819,1.0781509098892892,1.3139534883720931,2.291471553976751,0.125,0.25,0.2854105375420791,0.5058823529411764,29.47297297297297,0.5613403394486453,0.3441860465116279,,,,,0.608375778155065,2.409168081494058,2.263157894736842,0.7142857142857143,2.0,1,0,3,1,2,copy,1,0,0,-0.730702856694407,0.3413665127733525,-0.6744907594765952,0.0,-1.608701657555637,-0.49301957139186714,0.0,-0.026098281305023938,0.48541561420853097,0.04322162166095381,0.7322283578904566,0.8940979039669679,0.3438465977783149,-1.3489815189531904,0.0,-1.0048851381523147,0.6767197441410927,0.8737721202310433,-0.42349895715674524,-0.4025898989676077,,,,,2.9406516922160733,0.9386805025566269,0.7259100292693247,4.721435316336169,5.0
G3_A_Roll02,school_a,3,sentence_03_dictated_hindi,dictated_hindi,devanagari,0.0,data/processed/school_a/G3_A_Roll02/sentence_03_dictated_hindi.json,2.4008861677622395,0.0245637714769668,,-0.1631372549019607,0.1834403288793137,-3.4883559721298805,20.754371611150493,19.25616698657497,0.3489634768082849,3.3884768967484318,1.0895253600055428,1.3142857142857145,3.2845873482735137,0.3571428571428571,0.4285714285714285,0.2749124695778104,0.1764705882352941,34.82142857142857,0.8254215909949278,,2.0800000000000005,0.0705401363123177,1.1538461538461535,0.0286125781864453,0.0585480093676814,0.6088992974238876,0.7962529274004684,2.5,1.0,1,0,3,1,2,dictated,0,1,0,0.2774160033349984,0.650957031711429,,-0.6476789960797597,0.015269668693915404,-1.0202786911678656,0.06344494191458341,0.0,0.6744907594765952,0.7833082146243513,0.06899876112324717,0.7701602872249036,1.2201162505101493,-0.756571645550467,0.9663205364026286,-0.7149452053817936,-0.6427500178541665,-0.41466054606344765,0.06899090076939507,,0.4902476640607547,1.09999299444302,0.45734701069922906,3.9653410232997897,-0.8773522255544444,-0.6744907594765952,-0.05532583720124993,5.0,0.0
G3_A_Roll02,school_a,3,sentence_04_dictated_english,dictated_english,latin,0.0,data/processed/school_a/G3_A_Roll02/sentence_04_dictated_english.json,0.0701417611345152,0.0056118753652605,,-0.0352941176470588,0.0476434276030978,-7.538160945925663,21.219672025665712,16.21759213939638,0.579351638377047,2.9962855963681387,1.0750931383367088,1.2857142857142856,4.210856209100166,0.2,0.8,0.2877162008731833,0.4941176470588235,30.18421052631579,0.4396491340629061,0.365079365079365,,,,,0.4353835521769178,1.190048375950242,1.0739460953697306,0.2857142857142857,1.0,1,0,3,1,2,dictated,0,1,0,-1.6259480012389043,0.02685384568462956,,0.0,-1.3732708129081914,-0.7098100494436234,-0.3976909422458301,0.15241668577791065,0.9215772429319133,0.16922354284899474,0.13174519674580906,0.7511226641271942,1.408832381946093,-2.158370430325106,3.1026574935923366,-1.1039292490856567,1.1976938719677857,-0.7232659177032086,-1.674221728401976,-1.0132416989458668,,,,,2.2142571427504403,0.16292150671559189,-0.42130460924102325,0.0,0.0
G3_A_Roll03,school_a,3,sentence_01_copy_hindi,copy_hindi,devanagari,0.0,data/processed/school_a/G3_A_Roll03/sentence_01_copy_hindi.json,1.8927511926722949,0.0363443205573508,,-0.2075351213282248,0.2453700251676453,8.429788606080946,19.060177023517515,16.703702219288022,0.3390182999764076,2.63724808895066,1.079217509516576,1.4823529411764709,3.201524546248084,0.3529411764705882,0.4117647058823529,0.3320561631795963,0.1724137931034483,29.264705882352946,0.5338413469829142,,1.8814814814814813,0.0534716254709712,0.5,0.0163050797672669,0.1817533856022808,0.6949394155381325,1.1225944404846755,2.571428571428572,1.0,3,1,0,2,1,copy,1,0,0,-0.3179897398062723,0.9350825148558753,,-0.3782926297250214,0.5311287118203342,1.9326586710685563,-0.5259395349484844,-1.1601465021040829,2.9065152228265867,-0.6879665130102668,-0.8182390044287066,0.6744907594765952,0.7792936585149886,-0.6744907594765952,0.0,-1.201200115428422,-1.9769556743279817,-0.9480724705908258,-1.3004849067968873,,-0.7173918608315302,0.026615427893717736,-0.9298924434003546,3.9413772096599873,1.0102548572318923,-0.42158221893471604,0.3119792669363974,0.6744907594765956,0.0
G3_A_Roll03,school_a,3,sentence_02_copy_english,copy_english,latin,0.0,data/processed/school_a/G3_A_Roll03/sentence_02_copy_english.json,0.8023032336375445,-0.0212457058601909,0.0300459653696716,-0.0777552400270453,0.2664687078524937,2.812379616932265,22.19317164531828,17.452975570890857,0.4603225378477813,2.902208201892745,1.0805010168190816,0.3595959595959595,10.370005657272635,0.2666666666666666,0.4,0.5557453944664676,0.3793103448275862,30.12162162162162,0.7363499946466507,0.7397504456327986,,,,,0.2252559726962457,2.4590443686006824,2.34641638225256,0.2857142857142857,2.0,3,1,0,2,1,copy,1,0,0,0.9946970799572467,-0.7817124832335262,0.902019793706072,-0.8796256686064896,1.4193520874311296,1.5793781902578656,-0.0351885058493945,-0.07105713519792427,-0.04779306100693426,-0.6744907594765952,1.0221593474595243,0.0,2.043776507221906,-0.5845586582130495,0.6070416835289357,0.7008823038879836,-0.4311932402698108,0.9406637657989706,0.4547426819035691,0.6194638254394229,,,,,0.0,1.0089807290310535,0.8376960906804564,0.6744907594765962,5.0
G3_A_Roll03,school_a,3,sentence_03_dictated_hindi,dictated_hindi,devanagari,0.0,data/processed/school_a/G3_A_Roll03/sentence_03_dictated_hindi.json,2.7879808426152635,0.0258688672977216,,-0.2488167680865449,0.1628548026812576,3.912133925571684,19.73640255157119,18.41147629799788,0.297949499859175,2.887252412392077,1.0933016298896143,0.3,22.70468851709787,0.375,0.4375,0.3726373521945587,0.1724137931034483,44.035714285714285,0.587828694784333,,2.196078431372549,0.0584291163296046,0.625,0.005762320525184,0.0898876404494382,0.651685393258427,0.8764044943820225,2.833333333333333,1.0,3,1,0,2,1,dictated,0,1,0,0.5201466698382223,0.6980244872417612,,-1.4014621254639572,-0.1939574892594354,0.94141045836886,-0.8268140637886585,-0.2985856393919955,-0.17496042164829498,-0.47686974174694746,0.40262229282140166,0.3673508552325046,5.0,-0.6495096202367213,1.031925365152009,-0.22530982393705415,-1.2559483107495224,0.04449147489951172,-0.7254572886175419,,0.5914967522587892,0.2933994818884908,-0.8743398733955864,0.13866507916237364,-0.06668819579332312,-0.5183916498287828,0.4420298559242703,5.0,0.0
G3_A_Roll03,school_a,3,sentence_04_dictated_english,dictated_english,latin,0.0,data/processed/school_a/G3_A_Roll03/sentence_04_dictated_english.json,0.2709390637877029,-0.0231175050700513,,0.2919540229885057,0.1314572731539843,1.8131842688196464,21.96319243923251,22.59274347348629,0.415783917194622,3.3604887983706733,1.0748909406791958,1.8035714285714288,1.0058808225271336,0.25,0.75,0.3609175523465667,0.3218390804597701,20.76315789473684,1.106167043836381,1.0,,,,,0.1505376344086021,1.1290322580645162,1.1792114695340503,0.1428571428571428,1.0,3,1,0,2,1,dictated,0,1,0,-1.4833548540876706,-0.7591186482151556,,2.7052914214631483,-0.5188463200906438,1.1476582122379,0.10310928431308354,1.804202209251879,0.0,0.876052801423691,0.10897198525391047,0.8681213603179305,0.6744907594765952,-1.7344048100826743,2.6979630379063795,-0.5998073237704161,0.18229871638662734,-1.2221661075639962,2.733668518918533,-0.4110178065560499,,,,,-0.18886199283183946,0.0,-0.05723377199901771,-0.6744907594765956,0.0
G3_A_Roll04,school_a,3,sentence_01_copy_hindi,copy_hindi,devanagari,0.0,data/processed/school_a/G3_A_Roll04/sentence_01_copy_hindi.json,0.4513486309125447,0.0138215512003893,,-0.0037593984962406,0.273695991863468,3.192243886659816,19.798064634423767,29.88206600034009,0.4067358112343716,2.6415094339622645,1.0932048602919613,-0.4140461215932914,-9.154357443090063,0.6111111111111112,0.3333333333333333,0.4906656019440542,0.6309523809523809,61.94117647058823,1.2338429670676834,,0.0714995034756703,0.0140672078749292,0.4736842105263157,0.0237431882331125,0.0913268236645606,2.9529006318207927,2.1309592188397475,2.7142857142857144,1.0,0,4,4,1,4,copy,1,0,0,-3.2339406209597734,0.0,,1.2985840987695194,0.9441619613369067,0.3548417874032658,0.28579650827339986,5.0,5.0,-0.6744907594765952,3.913145543319301,-0.02799906495218199,-0.7752082104501239,1.627937573798451,-0.8993210126354602,0.5446976473494302,5.0,0.9635582278237061,1.4570712159766732,,-4.675619895067347,-5.0,-1.0071688237383345,5.0,-0.04346738095210578,5.0,2.9785405172110293,0.7708465822589661,0.0
G3_A_Roll04,school_a,3,sentence_02_copy_english,copy_english,latin,0.0,data/processed/school_a/G3_A_Roll04/sentence_02_copy_english.json,,,,,,-2.788432150061526,20.23175992739027,17.378050664565148,0.4853451303439336,3.029875323453305,1.065807299015794,,,,,,0.3809523809523809,,,,,,,,0.1408915795266923,1.5674188222344525,1.268024215740231,0.1428571428571428,1.0,0,4,4,1,4,copy,1,0,0,,,,,,0.46802126716669634,-1.332019735862058,-0.1138061989863194,0.4332848057749213,-0.34202606692901416,-0.7905939741657438,,,,,,-0.4168201322608176,,,,,,,,-0.647542340547298,-0.24775832425755853,-0.6101948877410858,-0.6744907594765952,0.0
G3_A_Roll04,school_a,3,sentence_03_dictated_hindi,dictated_hindi,devanagari,0.0,data/processed/school_a/G3_A_Roll04/sentence_03_dictated_hindi.json,,,,,,2.932573666956809,21.138472753150317,17.35042195475837,0.2552840154433323,2.6117103235747305,1.081334383815161,,,,,,0.1785714285714285,,,,,,,,0.0469336670838548,0.5350438047559449,0.3097622027534418,0.3333333333333333,1.0,0,4,4,1,4,dictated,0,1,0,,,,,,0.6817529549866858,0.3993583938495185,-0.6736526240174662,-0.8853979977356771,-1.1696373084112521,-0.6546524843074137,,,,,,-0.32520090189050743,,,,,,,,-1.1777810817292267,-0.943942234849576,-3.0740931635049553,-1.3489815189531897,0.0
G3_A_Roll04,school_a,3,sentence_04_dictated_english,dictated_english,latin,0.0,data/processed/school_a/G3_A_Roll04/sentence_04_dictated_english.json,0.8312640526380237,0.0368595540593411,,0.0192307692307692,0.2928401426515946,-0.5689572118358709,19.61072943014589,18.575558701794616,0.4747026683867201,3.3633633633633635,1.06826595747134,-1.4291666666666665,-4.777626180563717,0.5,0.4166666666666667,0.4849226147849501,0.4761904761904761,56.578947368421055,0.5908186410961207,0.15,,,,,0.2272727272727273,2.765151515151515,2.121212121212121,0.2857142857142857,1.0,0,4,4,1,4,dictated,0,1,0,-1.0854485947309616,0.8817214265245837,,0.45074575042766835,1.126341005626541,0.6744907594765953,-1.4813986678901678,0.7633598349668698,0.33196146457311765,0.8816316283843993,-0.6371896942553184,0.13775363731575963,-0.6506582366767513,0.3854232911294839,0.0,0.2541888056317157,1.0920326582002013,0.6744907594765952,-0.6744907594765953,-1.2172450424929175,,,,,0.45851807663592903,4.368665588168596,3.2007698085857617,0.0,0.0
G3_A_Roll05,school_a,3,sentence_01_copy_hindi,copy_hindi,devanagari,0.0,data/processed/school_a/G3_A_Roll05/sentence_01_copy_hindi.json,2.414545296095885,0.0215261972804491,,-0.0421245421245421,0.3897367473717036,6.243830078004545,20.13693171617579,19.59812866560982,0.2436785466029716,2.867764206054169,1.0852790393457303,-0.9166666666666669,-11.272284715386371,0.4166666666666667,0.5,0.3824698855665957,0.1785714285714285,46.61764705882353,0.8639675533492913,,2.517948717948718,0.0624587873872495,0.8333333333333334,0.0007976430610622,0.0927835051546391,0.7938144329896907,0.6804123711340206,0.7142857142857143,1.0,4,1,0,2,2,copy,1,0,0,0.7375973779251888,0.3198753989100353,,0.9828761447425655,2.6362027251563758,1.27413593620735,0.6585777015796557,0.6744907594765952,-0.8858224956143276,0.04100013277099425,1.2321441617562912,-0.21418657442457997,-1.0416660728639708,-0.10616984176946324,1.011736139214893,-0.6462696786624517,0.0,0.06710494800915066,0.0,,0.6744907594765952,1.180748972331188,0.04894170754738724,-0.9361641166946834,-0.026492969372642283,0.5137153548414902,-0.8573451650614762,-0.5781349366942244,0.0
G3_A_Roll05,school_a,3,sentence_02_copy_english,copy_english,latin,0.0,data/processed/school_a/G3_A_Roll05/sentence_02_copy_english.json,0.2959753601959182,0.0035982160585503,,0.041005291005291,0.1211292867428349,-5.1470794629874215,20.164908253463977,17.5775151216242,0.4844635233481748,3.082967413912641,1.0643915514409614,1.1805555555555558,0.6012016308109681,0.25,0.0,0.2847366851041993,0.4285714285714285,14.216216216216216,0.9211001944938904,0.8888888888888888,,,,,0.3564356435643564,1.4455445544554455,1.683168316831683,0.2142857142857142,1.0,4,1,0,2,2,copy,1,0,0,-0.17760255570837544,0.26988028726128793,,0.5738405235693309,-0.49061812393945886,0.0,-1.3762202154114638,0.0,0.4163352585637423,-0.2037661507069784,-0.9652537269402662,0.7691229249591058,-0.011829365296491944,-0.6744907594765952,-1.0117361392148927,-1.0091370336065377,0.0,-0.6995751265645679,1.3818647778072783,1.004805635068407,,,,,1.0068749138684794,-0.41953912678508143,-0.05280638161049887,0.0,0.0
G3_A_Roll05,school_a,3,sentence_03_dictated_hindi,dictated_hindi,devanagari,0.0,data/processed/school_a/G3_A_Roll05/sentence_03_dictated_hindi.json,3.230589084584312,0.0068102409011614,,-0.1616541353383458,0.2047140566970152,1.4775799197021018,20.269543417865663,16.34721264908828,0.2645928665011385,2.924080664294188,1.084172105096188,-2.174074074074074,-5.095970965518185,0.3333333333333333,0.3333333333333333,0.4822104294037517,0.1785714285714285,68.10714285714286,1.023085570800865,,2.291228070175439,0.0760264367282395,0.5789473684210527,0.0038471172884215,0.0924657534246575,0.8424657534246576,0.7294520547945206,0.8333333333333334,1.0,4,1,0,2,2,dictated,0,1,0,0.797687541754787,0.010687177502686765,,-0.6346309468511873,0.2314915698271078,0.29606964400482655,-0.3605587753192476,-1.0282722451738149,-0.730393134385043,-0.3842761980011205,-0.4039472580351542,-0.6151931739779581,-0.6730996073483979,-0.8993210126354605,0.26653569640924507,0.3236891005825269,-0.32520090189050743,1.2439816381903437,0.7299272897288236,,0.6744907594765952,1.4653804126558667,-0.9903049513406852,-0.1820692540297639,0.0,0.17764391451445682,-0.4698379365587932,0.6744907594765952,0.0
G3_A_Roll05,school_a,3,sentence_04_dictated_english,dictated_english,latin,0.0,data/processed/school_a/G3_A_Roll05/sentence_04_dictated_english.json,,,,,,-1.8965760493779569,20.80871711057559,17.155146909626232,0.4891654179295079,2.982527427874847,1.0595685444966534,,,,,,0.4523809523809524,,,,,,,,0.2643478260869565,1.9165217391304348,1.3217391304347823,0.4285714285714285,1.0,4,1,0,2,2,dictated,0,1,0,,,,,,0.41078433032493583,-0.6744907594765952,0.3953347461929752,0.4134478406900291,0.14252230578685712,-1.6167659541441302,,,,,,0.9517013586651292,,,,,,,,0.7713043019472068,2.102706255717941,0.43571241516100123,0.6744907594765952,0.0
G3_A_Roll06,school_a,3,sentence_01_copy_hindi,copy_hindi,devanagari,0.0,data/processed/school_a/G3_A_Roll06/sentence_01_copy_hindi.json,1.8340252552329472,0.0262863802535826,,-0.1683501683501683,0.2680049140716484,-0.8009290159318229,19.07680098278112,16.716832687494936,0.2442305108158255,2.4447252053063804,1.0812476654948298,-5.686666666666668,-2.9926529403708657,0.4,0.4,0.4747453738288749,0.1851851851851851,56.02941176470589,1.0065063577641316,,1.975757575757576,0.0707099978880068,1.181818181818182,0.0048655660167067,0.0970425138632162,1.21996303142329,0.9288354898336412,1.5714285714285714,1.0,0,1,3,3,2,copy,1,0,0,-0.4367920463692416,0.5175049086362002,,-0.05583843919206382,0.8611778789629942,-0.8481065333511534,-0.5076518354182715,-1.1518237318830544,-0.8638669667864275,-1.2967862453992538,-0.13151506511548555,-1.9811545762074891,0.0,-0.254807620246713,-0.13489815189531854,0.3694552981820421,2.1233968353893404,0.6177096496226979,0.5615112045017365,,-0.5112205929092709,2.2403714549182494,1.0722683199018452,0.34331634835497216,0.023136388336853705,4.544822104110593,-0.20040486308325464,0.0,0.0
G3_A_Roll06,school_a,3,sentence_02_copy_english,copy_english,latin,0.0,data/processed/school_a/G3_A_Roll06/sentence_02_copy_english.json,0.664002938747936,-0.0117857524281284,,0.0864197530864197,0.1584629339875732,-7.190768754664291,21.930693915539862,26.113484764136665,0.4099631566863164,3.720298710115411,1.0707373138537986,-1.926136363636364,-2.8859268081197738,0.375,0.0,0.5367371933457162,0.2716049382716049,27.14864864864865,0.7742193161074601,0.4141414141414141,,,,,0.1121813031161473,1.4458923512747874,1.0220963172804531,0.6428571428571429,1.0,0,1,3,3,2,copy,1,0,0,0.6744907594765952,-0.38129186241076596,,1.1296513194371807,0.0,-0.4055248305856688,-0.2087315279738145,4.870272498670585,-1.0159894485450058,1.4559419311619564,-0.18238161478213305,-2.1414076146623633,-0.7456102537117862,0.0,-1.0117361392148927,0.5809437544444673,-1.373962658193065,0.6340770569459728,0.6447802824703187,-0.22184020514497313,,,,,-0.8679092380757402,-0.41904890995890604,-0.9403871838087433,4.046944556859574,0.0
G3_A_Roll06,school_a,3,sentence_03_dictated_hindi,dictated_hindi,devanagari,0.0,data/processed/school_a/G3_A_Roll06/sentence_03_dictated_hindi.json,1.3375346372822157,-0.0530059819435681,,-0.2504409171075838,0.1646678319513414,-1.2088108503917014,18.576881103837568,17.234569317629454,0.2574089556272944,2.676056338028169,1.082034183988687,-2.3000000000000003,-3.89238777997512,0.3333333333333333,0.1666666666666666,0.5894738434330719,0.1851851851851851,42.25,0.7613081486771758,,2.723809523809524,0.0772203849598194,3.0,0.0035823136252439,0.0596421471172962,1.088469184890656,0.8051689860834991,0.1666666666666666,1.0,0,1,3,3,2,dictated,0,1,0,-0.3893666792700786,-2.146547076077613,,-1.4157509103340056,-0.1755302235283464,-0.41602694662025225,-1.840866899124857,-0.7146048142098995,-0.8500148918294862,-1.0078586413162074,-0.5928269759242673,-0.6652029000156165,-0.4012033102518041,-0.8993210126354605,-0.9580877735791773,0.8611158156319674,0.6744907594765952,-0.044491474899511364,-0.14538759697640846,,1.0518087265954141,1.5448973236421335,5.0,-0.22641526635150225,-0.8490501018024892,1.0751531607577087,0.0,-2.0234722784297845,0.0
G3_A_Roll06,school_a,3,sentence_04_dictated_english,dictated_english,latin,0.0,data/processed/school_a/G3_A_Roll06/sentence_04_dictated_english.json,3.309581434771869,-0.0487356296821287,,0.0462962962962962,0.1260529497324823,-3.964652344904496,17.22872872820545,11.273701855449447,0.3246606368946406,2.1468058968058967,1.0628950796227707,-17.666666666666668,-1.75497664948222,0.6666666666666666,0.0,0.6983166993189373,0.1851851851851851,43.8421052631579,0.9355375083964248,1.4333333333333331,,,,,0.0665926748057713,0.9822419533851277,0.5993340732519422,0.1428571428571428,1.0,0,1,3,3,2,dictated,0,1,0,0.6744907594765952,-1.4599740438171254,,0.6744907594765952,-0.5739396792855198,0.0,-3.085801814634561,-1.1285327337283684,-0.5134090077106972,-1.4794086023776054,-1.242103414062985,-3.530760653933775,0.041907881025779394,1.7986420252709225,-3.3724537973829745,1.7237878578469272,-0.6231276694506866,0.0,1.605242329401391,0.0,,,,,-0.8970685219537504,-0.3919504950216042,-2.06279781276885,-0.6744907594765956,0.0
G3_A_Roll07,school_a,3,sentence_01_copy_hindi,copy_hindi,devanagari,0.0,data/processed/school_a/G3_A_Roll07/sentence_01_copy_hindi.json,1.9855677834068592,0.0073032547639371,,-0.0476190476190476,0.3443132110471327,1.844426878775114,20.59177945846364,17.969978162870238,0.2609604215727207,2.8547990155865466,1.078989670755252,-1.8166666666666669,-8.353809715653526,0.4166666666666667,0.4166666666666667,0.2556333475096803,0.1785714285714285,51.11764705882353,0.8144789089394278,,1.553846153846154,0.046856209360562,1.0769230769230769,0.0133074322684043,0.0176366843033509,0.7231040564373897,0.7495590828924162,1.8571428571428568,1.0,1,0,0,3,0,copy,1,0,0,-0.13022219538919225,-0.2706214732199388,,0.937661689015087,1.973862371016286,-0.051189768422143414,1.1589470005568885,-0.3575152821981826,-0.1983998416406902,0.0,-0.8953081229499286,-0.5475767634402231,-0.6744907594765952,-0.10616984176946324,0.0562075632897167,-2.0424263623823293,0.0,0.33036282096812764,-0.1949534265130083,,-1.4338936573195973,-0.8229379366235091,0.7642435870861214,2.998529604697914,-0.9021635086813018,-0.15516183309499412,-0.6744907594765952,0.19271164556474124,0.0
G3_A_Roll07,school_a,3,sentence_02_copy_english,copy_english,latin,0.0,data/processed/school_a/G3_A_Roll07/sentence_02_copy_english.json,0.3726836706088622,-0.0109860200315355,,-0.0119047619047619,0.1630995828409824,-9.91003512409794,22.47708825699531,15.63228911140385,0.4202700071250866,2.8110944527736126,1.0713640946652256,-0.0461538461538461,-43.87226719078967,0.55,0.15,0.3705273920786244,0.4642857142857143,23.67567567567568,0.5895079619018018,0.1672771672771672,,,,,0.4588235294117647,1.4638655462184875,2.272268907563025,0.2857142857142857,1.0,1,0,0,3,0,copy,1,0,0,0.0,-0.3474408138791259,,-0.07370603472331028,0.060932272352422545,-0.9451029544584443,0.15252931258553282,-1.1098657959245473,-0.8178326179493889,-0.9117648846974766,-0.10505612010091499,-0.3801301293459004,-5.0,0.9442870632672336,-0.4046944556859571,-0.46781211364801306,0.31261509919561403,0.2759280379676986,-0.2821468764175209,-0.8596845700349796,,,,,1.792757307546951,-0.39371583590088705,0.7381428270259863,0.6744907594765962,0.0
G3_A_Roll07,school_a,3,sentence_04_dictated_english,dictated_english,latin,0.0,data/processed/school_a/G3_A_Roll07/sentence_04_dictated_english.json,2.359774744386124,0.0195041091068559,,-0.173469387755102,0.2559135878990334,-6.022482611177753,20.412663047196546,9.442125051239447,0.2460566565795188,1.7364359214218896,1.0675088861702262,-2.8051282051282054,-4.252967616422608,0.4615384615384615,0.4615384615384615,0.2887679217969003,0.1785714285714285,60.578947368421055,0.8813214953919287,2.0102564102564107,,,,,0.1853377265238879,1.0749588138385502,1.2355848434925865,0.2857142857142857,1.0,1,0,0,3,0,dictated,0,1,0,0.0,0.40691472532336503,,-1.1422658419255156,0.7499001847981884,-0.40874914996219797,-0.9412540669133237,-1.6030896331304565,-0.9562814701905854,-2.2758362665143297,-0.7224574716705826,-0.17311531221808804,-0.5304455751854993,0.05929589094299778,0.3631873320258584,-1.0966862738360628,-0.6621085859882068,0.8863143037750301,1.2466949723583671,0.5472130560657478,,,,,0.10473100627966699,-0.14438360406827636,0.13773918675571042,0.0,0.0
G3_A_Roll07,school_a,3,sentence_05_own_hindi,own_english,devanagari,0.0,data/processed/school_a/G3_A_Roll07/sentence_05_own_hindi.json,0.3222389808337278,0.0266251948370458,,-0.0811011904761904,0.2026943768165414,0.4830146351008033,20.77692747812732,26.65325622209962,0.3666570104088216,2.205700123915737,1.122241554966241,0.2301886792452829,5.314178050083227,0.5333333333333333,0.0,0.3866432337434095,0.6309523809523809,,,,,,,,0.2772795216741405,1.822122571001495,1.2675635276532138,,1.0,1,0,0,3,0,own,0,0,1,-1.6143345401580718,0.7019682227428101,,0.1413262373553935,-0.0222781539893297,-0.19716105333329578,0.3924027064029271,3.6740787685120724,1.552707475416304,-1.8589986269449879,5.0,0.2369124882106658,1.5290584622524306,0.5261027923917442,-3.2686859882327304,-0.3732644974196852,5.0,,,,,,,,3.608960395048073,4.401239555738735,1.0292144342049763,,0.0
G3_A_Roll08,school_a,3,sentence_01_copy_hindi,copy_hindi,devanagari,0.0,data/processed/school_a/G3_A_Roll08/sentence_01_copy_hindi.json,2.5825358626964747,0.0220269715472119,,-0.1427247451343837,0.219133970330432,-0.2246134820578659,20.69312525272124,20.46924880220067,0.2306993022941865,3.10656836461126,1.092381315797992,-4.427777777777778,-3.691050190044067,0.5,0.4166666666666667,0.5009793553268912,0.180722891566265,69.05882352941177,1.0760402204637225,,2.466666666666667,0.0658433030105342,1.8461538461538465,0.0008992553659254,0.037174721189591,0.6133828996282529,0.6784386617100372,1.8571428571428568,1.0,2,0,2,1,4,copy,1,0,0,1.077441536455353,0.3406661486317134,,0.15503396136275016,0.1485693767665627,-0.6744907594765952,1.2704355698348127,1.2266517805085109,-1.4020990330233254,0.7961762508200921,3.6345720124398078,-1.5148199044115334,-0.08786583028503331,0.6370190506167854,0.0562075632897167,0.65822657158753,0.6907435488616014,1.3799530334189511,0.8354298974386661,,0.5623426522002024,1.6153893013799354,3.0230916277347575,-0.9042040819303239,-0.6744907594765952,-1.1930572934501031,-0.8625645233554872,0.19271164556474124,0.0
G3_A_Roll08,school_a,3,sentence_02_copy_english,copy_english,latin,0.0,data/processed/school_a/G3_A_Roll08/sentence_02_copy_english.json,0.130483500973146,-0.0027777166905613,,0.013143483023001,0.0613049521129,-8.054545339120454,22.12282921265657,15.421711720089608,0.5057043970123041,2.712177121771215,1.0722156528799347,0.7731707317073171,1.3566747205841303,0.4,0.2,0.4572059800971139,0.4939759036144578,18.5,0.3881479995932483,0.1352549889135255,,,,,0.0679933665008291,1.6998341625207296,1.722498618021006,0.1428571428571428,1.0,2,0,2,1,4,copy,1,0,0,-0.5607654358274943,0.0,,0.23285016588790083,-1.276796410503778,-0.5769221435245852,-0.08169697861774057,-1.2300125772171857,0.8247067809187306,-1.1693607295582806,0.0,0.38746101511095293,0.14714146835527317,0.13489815189531917,-0.20234722784297848,0.07911518624257279,0.5724999406955814,-0.25781155062638456,-1.2926208593466781,-0.9424230235785725,,,,,-1.2070755477572666,-0.061119964611554466,0.0,-0.6744907594765952,0.0
G3_A_Roll08,school_a,3,sentence_04_dictated_english,dictated_english,latin,0.0,data/processed/school_a/G3_A_Roll08/sentence_04_dictated_english.json,2.608759858339094,0.0292847232380424,,-0.1656626506024096,0.2476149442949102,-1.350262711029678,22.38415648554297,11.56512479161349,0.2590073942740803,2.3467741935483875,1.0682863018197706,-5.696969696969699,-3.536929566163028,0.4545454545454545,0.4545454545454545,0.4530515222556722,0.180722891566265,60.078947368421055,0.7094464874484709,2.6888888888888887,,,,,0.052128583840139,1.0295395308427455,0.8731537793223284,0.1428571428571428,1.0,2,0,2,1,4,dictated,0,1,0,0.17681298764099107,0.6744907594765952,,-1.0777291909065694,0.6653012225870869,0.5192991657429592,0.3866507795009554,-1.053025790922161,-0.8833141080960966,-1.0913190904024856,-0.6348983415503827,-0.8264647712388051,-0.3663829911855163,0.0,0.30658670885299694,0.03469946282085501,-0.6494280468735917,0.8598363607377257,0.1100320857907952,1.190897747200863,,,,,-1.0190956657887045,-0.26565939603978544,-1.115764940527412,-0.6744907594765956,0.0
G3_A_Roll08,school_a,3,sentence_05_own_hindi,dictated_hindi,devanagari,0.0,data/processed/school_a/G3_A_Roll08/sentence_05_own_hindi.json,0.0651920003171355,-0.0229752583222409,,0.0642570281124498,0.1010421335374226,-0.3819054992410842,20.274598151249293,25.989055374798745,0.3193603132565965,2.475158084914184,1.1009888322513497,1.2804878048780488,0.875465538611916,0.0,0.5,0.3743633313196405,0.4939759036144578,34.714285714285715,,,,,,,0.1144452198185624,1.916957431960921,0.7725052337752966,0.5,1.0,2,0,2,1,4,dictated,0,1,0,-1.1871988282353556,-1.0635080178626857,,1.3528689515423131,-0.8222090562121733,-0.19683453132490517,-0.35613818721407897,2.3799762582197093,0.18155835647848328,-1.5129567718930674,1.0817664428775906,0.7567379186562802,0.6758819116047925,-2.8978121518253723,1.4911591663976673,-0.2166620729789961,5.0,-0.41999952305138893,,,,,,,0.5685441143962332,4.097777104327376,-0.20268478560207148,-0.6744907594765948,0.0
G3_A_Roll09,school_a,3,sentence_01_copy_hindi,copy_hindi,devanagari,0.0,data/processed/school_a/G3_A_Roll09/sentence_01_copy_hindi.json,2.6656430103852378,0.1031223593203588,,-0.1823529411764705,0.1837078067117131,-6.7622276456051065,21.42520834390924,20.39959072434263,0.2539781113850582,3.3964945523448606,1.0921896301776837,-1.2444444444444445,-5.077288490756395,0.5555555555555556,0.3333333333333333,0.3305553336640137,0.1764705882352941,33.088235294117645,0.7192825581408062,,2.46,0.0655957389638395,1.3,0.00067120903122,0.0273722627737226,0.5565693430656935,0.5018248175182483,0.1428571428571428,1.0,3,0,4,3,4,copy,1,0,0,1.2455669213841434,3.7075202836756467,,-0.17106769005911734,-0.3679949345055781,-2.643955185791649,2.0757861719688435,1.1824988861169976,-0.47613580538720957,1.7130167878373364,3.5697321155560844,-0.3356064580784253,-0.26226940836612866,1.1324783122076183,-0.8993210126354602,-1.2177205376301417,-0.6744907594765952,-0.7243893105603227,-0.5699658157395491,,0.5477633982542709,1.5835970655941838,1.4193095188742257,-0.975931308223258,-0.7887168032444474,-1.7304790100793088,-1.3296094294182723,-0.9635582278237075,0.0
G3_A_Roll09,school_a,3,sentence_02_copy_english,copy_english,latin,0.0,data/processed/school_a/G3_A_Roll09/sentence_02_copy_english.json,0.0893345488809557,0.0131571548999539,,-0.0389140271493212,0.0562956062221726,-0.0248646020903285,20.83598177945316,15.971311281716572,0.4978911207207048,3.5106621773288444,1.0610832873637135,0.2836879432624116,12.91510743277034,0.5,0.0833333333333333,0.3377723747343104,0.5529411764705883,19.39189189189189,0.5031772189390723,0.2389525368248772,,,,,0.3617372182517867,1.9637163276525564,1.8603628367234744,0.2142857142857142,1.0,3,0,4,3,4,copy,1,0,0,-0.6560374997923043,0.6744907594765952,,-0.40426243731961864,-1.3426264609931227,1.0163899777467322,-0.9325249431833464,-0.9164337171258609,0.6744907594765952,0.9100163665555241,-1.373391869725544,-0.07111506563494177,2.5793309253163232,0.6744907594765952,-0.6744907594765952,-0.6744907594765952,1.0886361101400188,-0.16583553797048525,-0.7153758494996089,-0.6744907594765952,,,,,1.047567366604853,0.31081982977754186,0.18510182538882183,0.0,0.0
G3_A_Roll09,school_a,3,sentence_04_dictated_english,dictated_english,latin,0.0,data/processed/school_a/G3_A_Roll09/sentence_04_dictated_english.json,3.1696039117801504,-0.0502944338108448,,-0.0642533936651583,0.160133694475797,1.200011039277475,22.718363228941374,11.546667632936463,0.2865470765180361,2.561550550026192,1.074916881528864,-2.0388888888888888,-6.163331358002592,0.5,0.4166666666666667,0.7785842130056202,0.1764705882352941,55.8421052631579,0.630445938580159,4.342857142857143,,,,,0.1445515196441808,1.178650852483321,1.000741289844329,0.2857142857142857,1.0,3,0,4,3,4,dictated,0,1,0,0.5750878528135641,-1.5026194872615786,,-0.23940023259228838,-0.2265099336300542,1.0258629211185608,0.6117566538757157,-1.0578079938706855,-0.7281493589014811,-0.6744907594765953,0.11189366329431234,0.0,-0.9681586432408438,0.3854232911294839,0.0,2.2765729188537764,-0.6744907594765952,0.6354706328953046,-0.41242311576252666,2.759690986876337,,,,,-0.23936419785158272,0.13248853653655177,-0.6744907594765952,0.0,0.0
G3_A_Roll09,school_a,3,sentence_05_own_hindi,dictated_hindi,devanagari,0.0,data/processed/school_a/G3_A_Roll09/sentence_05_own_hindi.json,1.5344422228455807,0.0331971226772714,,-0.1,0.3111536742456045,-2.528165893087247,21.95552143272437,20.342881362497383,0.3642707732419306,3.548387096774193,1.08800866562134,-13.933333333333332,-3.624644298431094,0.6,0.4,0.265564898950665,0.1764705882352941,81.17857142857143,,,0.0,,,,0.0182370820668693,0.5744680851063829,0.3465045592705167,0.1666666666666666,1.0,3,0,4,3,4,dictated,0,1,0,-0.26589427681069666,0.9623133836634761,,-0.09221601768727018,1.3133224863200716,-0.7657557493642765,1.1139036329644971,0.3841374258758066,0.9293777887384069,1.185354234643035,-0.06499720645811433,-5.0,-0.3407185327324807,0.699471898716469,0.7563850844046142,-0.7617797595613408,-0.6427500178541665,1.895336830719193,,,-1.3240265379743004,,,,-1.9200772877555297,-0.8001082406237888,-2.84609986429946,-2.0234722784297845,0.0
G3_A_Roll10,school_a,3,sentence_01_copy_hindi,copy_hindi,devanagari,0.0,data/processed/school_a/G3_A_Roll10/sentence_01_copy_hindi.json,1.969680097367274,0.0138262357420029,,-0.2650793650793651,0.1755680923711622,-7.806947398624886,18.925140383122475,18.53401428566601,0.2774281113361883,3.3590733590733595,1.0796424711964394,-2.885714285714285,-3.03703204393305,0.4285714285714285,0.2142857142857142,0.4832444403831497,0.1785714285714285,64.20588235294117,1.0351860538420168,,2.1333333333333337,0.0519776876244323,1.2666666666666666,0.010415634553325,0.0560049782202862,0.6720597386434349,0.9147479775980086,2.142857142857143,1.0,0,2,2,1,0,copy,1,0,0,-0.1623629125876267,0.0001944890916195109,,-0.8518259921102238,-0.4866836521870187,-2.958678315295624,-0.6744907594765952,0.0,0.45663689608787444,1.5946788508504424,-0.6744907594765952,-0.9435878609746772,-0.005583365031321992,0.0,-2.264361835385713,0.4630090072071668,0.0,1.0960474841494658,0.6744907594765952,,-0.16662004509635317,-0.16523643791858092,1.3214261037794512,2.0889748452634436,-0.4550656242200998,-0.6380100572294437,-0.23765845924870874,0.385423291129483,0.0
G3_A_Roll10,school_a,3,sentence_02_copy_english,copy_english,latin,0.0,data/processed/school_a/G3_A_Roll10/sentence_02_copy_english.json,,,,,,-13.345248072129229,22.995399208810607,18.655346663192407,0.5210622816063197,3.403416557161629,1.0823548422352838,,,,,,0.4880952380952381,,,,,,,,0.1859410430839002,1.7431972789115646,1.4410430839002268,0.2142857142857142,1.0,0,2,2,1,0,copy,1,0,0,,,,,,-1.6267448040534283,0.49522219191722366,0.6149662586609534,1.1199734827965266,0.630732384116439,1.2508644461910334,,,,,,0.5210251653260226,,,,,,,,-0.3017633456862006,0.0,-0.3778930720521269,0.0,0.0
G3_A_Roll10,school_a,3,sentence_04_dictated_english,dictated_english,latin,0.0,data/processed/school_a/G3_A_Roll10/sentence_04_dictated_english.json,2.5617318463782657,0.0223236862662393,,-0.2518315018315018,0.1848017718150466,-12.7753389801021,20.433705772450285,13.026100249035215,0.2853637955502719,2.564862861378799,1.0805981240497764,-2.9166666666666665,-5.386330255174739,0.4166666666666667,0.5,0.2494455848146529,0.1785714285714285,54.60526315789474,0.7726665818920531,2.020512820512821,,,,,0.0932504440497335,1.0124333925399644,1.2921847246891651,0.2857142857142857,1.0,0,2,2,1,0,dictated,0,1,0,0.14341676099275477,0.4840521385959318,,-1.790068926663844,0.024964143604305954,-1.7500766373907044,-0.9270806812440103,-0.6744907594765952,-0.734816229381811,-0.6680623739910787,0.7517632792771114,-0.19831503139763115,-0.7901278686827589,-0.3211860759412353,0.6744907594765948,-1.3674907306990367,-0.6621085859882068,0.5699725632767096,0.5281262339694329,0.5569412881735832,,,,,-0.6721687028374798,-0.3113351604598351,0.3334955434743957,0.0,0.0
G3_A_Roll10,school_a,3,sentence_05_own_hindi,custom,devanagari,0.0,data/processed/school_a/G3_A_Roll10/sentence_05_own_hindi.json,0.5767400071289355,-0.038350863036158,,0.0952380952380952,0.2510909142727405,-5.020426275441448,21.39814328225435,26.345485478394966,0.3765371260529846,3.157216494845361,1.0821817071276143,0.0285714285714286,147.86079539490726,0.2857142857142857,0.4285714285714285,0.7000330453088518,0.3571428571428571,,,,0.0,,,,0.0943396226415094,1.2452830188679245,1.018867924528302,,1.0,0,2,2,1,0,own,0,0,1,-1.367329981216715,-1.6586191558282533,,1.4600001843328774,0.680447468854907,-1.726794799055944,0.8223778525042205,3.530317390907967,1.7521895842037514,0.6292603430902525,-0.1926814866420093,0.15291420062368577,5.0,-1.1273631265537363,0.533663018486976,1.7954233811595637,5.0,,,,-3.017976901891624,,,,0.009389590438713017,1.9399832579001854,0.3046378819015946,,0.0
G3_A_Roll12,school_a,3,sentence_01_copy_hindi,copy_hindi,devanagari,1.0,data/processed/school_a/G3_A_Roll12/sentence_01_copy_hindi.json,2.680529006993758,0.0385394203398602,,-0.1615646258503401,0.1577766582009699,5.017568287567454,19.89482541962503,18.292978345569136,0.2675170161587387,3.0873925501432664,1.0814453315044006,-1.4820512820512823,-4.175328018746261,0.4615384615384615,0.2307692307692307,0.575481895684385,0.1785714285714285,45.8235294117647,1.0347988556785537,,2.7095238095238097,0.0453042596250022,0.6428571428571429,0.002408518762241,0.5311778290993072,1.073903002309469,1.004618937644342,2.0,1.0,3,2,2,2,4,copy,1,0,0,1.2756812253815422,1.0262169305423747,,0.0,-0.7461082976999434,0.9047230413501748,0.39224119681051905,-0.15278105188812618,0.06240239534107071,0.7355361128180264,-0.06465223180867843,-0.4236240008574841,-0.14879315141561106,0.2940087925923626,-2.0753561830049088,1.4783153351861487,0.0,0.020647676310507512,0.6729654477690951,,1.0934440459448362,-1.0222397034967787,-0.5103920929941794,-0.4294967058919403,5.0,3.1631829967115155,0.0,0.2890674683471123,0.0
G3_A_Roll12,school_a,3,sentence_02_copy_english,copy_english,latin,1.0,data/processed/school_a/G3_A_Roll12/sentence_02_copy_english.json,0.066789226030312,-0.0222141643924502,0.0149520852221358,-0.0119047619047618,0.4399933002994364,1.3597766585853026,21.14735965973137,17.811857573019108,0.4636614107226989,2.9662180719582536,1.0737942520943184,-2.7346938775510203,-2.5479474265015045,0.6666666666666666,0.3333333333333333,0.786416526506456,0.5833333333333334,34.17567567567568,1.1313738783251752,0.7591836734693878,,,,,0.3312676056338028,3.8647887323943664,2.236056338028169,0.2857142857142857,2.0,3,2,2,2,4,copy,1,0,0,-0.7082366283611573,-0.8227053664980497,0.0,-0.07370603472330904,3.69971621702141,1.29114133791885,-0.7266504927612296,0.1337061451830258,0.01639924202354275,-0.507799276883365,0.1947506415802354,-2.8989115444054656,-0.6744907594765952,1.5738117721120553,0.3372453797382975,2.1563783184564747,1.3546654298476584,1.3587365505985134,2.4370700150857676,0.6696751258794107,,,,,0.8136966122622578,2.990366130245471,0.6895224323651526,0.6744907594765962,5.0
G3_A_Roll12,school_a,3,sentence_03_dictated_hindi,dictated_hindi,devanagari,1.0,data/processed/school_a/G3_A_Roll12/sentence_03_dictated_hindi.json,3.7044649228771847,0.0365993744615805,,-0.0701058201058201,0.258601813813034,4.426906747918631,19.349200592229145,18.24593608358561,0.3084567863463786,3.1260504201680672,1.0807932383184948,-4.847058823529412,-2.323323325893627,0.5882352941176471,0.2352941176470588,0.5594145256430292,0.1785714285714285,86.17857142857143,0.689501021299734,,2.107407407407408,0.0533925041175852,0.9444444444444444,0.0078429395812925,0.1344430217669654,0.7874519846350831,0.7970550576184379,1.1666666666666667,1.0,3,2,2,2,4,dictated,0,1,0,1.0948349982840622,1.0850134429344866,,0.17078417493127807,0.7791959210003002,1.0778641626551169,-1.1654393177552702,-0.35710165174278613,0.0,0.12351590344179499,-0.7024612684522762,-1.6767318050437534,-0.04674271284976313,0.6289369173332959,-0.45383105064276796,0.7105082616703342,-0.32520090189050743,2.1444890901564575,-0.38549175513912165,,0.5141536987741797,-0.04203871747592677,-0.06994718987164694,0.4871011891158407,1.0858284012331034,-0.02306615633736351,-0.05034846688200276,2.023472278429785,0.0
G3_A_Roll12,school_a,3,sentence_04_dictated_english,dictated_english,latin,1.0,data/processed/school_a/G3_A_Roll12/sentence_04_dictated_english.json,,,,,,1.9355412339611635,20.897310139415254,17.84290290185196,0.591542796697843,3.2378854625550666,1.1048213408156136,,,,,,0.8809523809523809,,,,,,,,0.8352144469525958,4.09255079006772,1.6704288939051917,0.4285714285714285,1.0,3,2,2,2,4,dictated,0,1,0,,,,,,1.1719621144174144,-0.6148186803986234,0.5735305774928933,0.9902649643980292,0.6381097397569057,3.47998696498863,,,,,,3.477664750296437,,,,,,,,5.0,5.0,1.64169087799554,0.6744907594765952,0.0
G3_A_Roll13,school_a,3,sentence_01_copy_hindi,copy_hindi,devanagari,1.0,data/processed/school_a/G3_A_Roll13/sentence_01_copy_hindi.json,6.17506472078868,-0.0945125908380484,0.1259846074199364,-0.0958333333333333,0.227737970776358,-0.1602735451445011,20.15044710454893,16.90627540088626,0.2815569488216046,3.0386542591267,1.0970260331579729,0.0666666666666666,160.86674955102177,0.5263157894736842,0.3684210526315789,0.5057351166525424,0.1875,68.05882352941177,1.060949610833916,,2.209523809523809,0.0540729310066232,1.0476190476190477,0.0128914802469151,0.2247557003257329,0.8599348534201955,1.5732899022801303,0.8571428571428571,2.0,4,3,1,3,3,copy,1,0,0,5.0,-4.497731179347401,2.3839385894028773,0.5409048400064644,0.274028052235066,-0.6551082731792588,0.6734457217475853,-1.0317451369115558,0.6208700262904089,0.5814098462042953,5.0,0.15007307653695603,5.0,0.87171027979139,-0.4969931911932806,0.7105757452775673,2.8665857277756412,1.3214512838725119,0.7759826021938077,,0.0,0.10383523272386168,0.6781922331566499,2.867700557123431,1.5113520387071415,1.1391743474127154,1.503816863702597,-0.48177911391185374,5.0
G3_A_Roll13,school_a,3,sentence_02_copy_english,copy_english,latin,1.0,data/processed/school_a/G3_A_Roll13/sentence_02_copy_english.json,0.6626657607798109,-0.0312815958860777,0.0645359483553677,0.1923076923076923,0.3213553030046817,-13.151820273387484,24.580483465425424,20.030441044683062,0.3963722735439247,4.22449632235369,1.079642697659705,2.845878136200717,2.6911154362295235,0.5555555555555556,0.4444444444444444,0.6353578209849774,0.3875,45.972972972972975,1.151903936801898,1.8621700879765395,,,,,0.3131313131313131,3.113916947250281,3.148709315375982,0.1428571428571428,4.0,4,3,1,3,3,copy,1,0,0,0.6713947947330426,-1.2065113306627773,2.9631629214897255,2.4255746239177105,2.140641335343715,-1.5883633457589805,1.5432361032193225,1.3995384431607993,-1.2772842392757693,2.768949556672711,0.9162691345124474,2.329294437089514,0.4279418779220816,0.9742644303550821,0.7869058860560275,1.2032233141524584,-0.3595073640749544,2.575328354365182,2.540094914976014,3.519555892252598,,,,,0.6744907594765952,1.932018374005309,1.9148855733133312,-0.6744907594765952,5.0
G3_A_Roll13,school_a,3,sentence_03_dictated_hindi,dictated_hindi,devanagari,1.0,data/processed/school_a/G3_A_Roll13/sentence_03_dictated_hindi.json,4.77080306808761,-0.0380435678554693,,-0.128125,0.2816444602218979,-2.183867900799771,21.25807857640884,18.466299404138717,0.3021192838996702,3.389800908138316,1.0887443661039984,-2.543859649122807,-4.065526646052576,0.5263157894736842,0.2105263157894736,0.3946301174003164,0.1875,86.64285714285714,0.8925628727298733,,2.2066666666666666,0.070513864466448,1.5,0.0226596583638661,0.0674157303370786,0.7752808988764045,0.9269662921348314,0.5,1.0,4,3,1,3,3,dictated,0,1,0,1.7634904604213661,-1.606937073104261,,-0.3396514865169993,1.0133967557744845,-0.6744907594765952,0.5039589809581813,-0.2792064838953345,-0.10552792118341707,0.7866370423643987,0.0,-0.7620483601907101,-0.44031636627935444,0.25770017321133054,-0.635818439371698,-0.11511848175067575,1.0243828409550961,2.1676246571042035,0.29349369760456023,,0.6007323109795556,1.098243290415483,1.3289966075612913,2.968420313689499,-0.6479703800217002,-0.06747066703925374,0.7557754121753159,-0.6744907594765948,0.0
G3_A_Roll13,school_a,3,sentence_04_dictated_english,dictated_english,latin,1.0,data/processed/school_a/G3_A_Roll13/sentence_04_dictated_english.json,2.966002254426615,0.0888060347200918,,-0.0999999999999999,0.1161895003862225,-13.58319967201773,21.944957401476884,11.662064998264857,0.2960707652778047,2.4345067539909944,1.0739234056365108,-10.946666666666664,-1.9378802505873487,0.4,0.2,0.5117261735144257,0.1875,31.81578947368421,0.927457285084215,2.1444444444444444,,,,,0.5212355212355213,0.2548262548262548,0.4401544401544401,0.8571428571428571,1.0,4,3,1,3,3,dictated,0,1,0,0.4305032358708187,2.302862583612125,,-0.5349098946983946,-0.6744907594765952,-1.9105429190468697,0.09082702430690574,-1.027908829520309,-0.6744907594765952,-0.9210516674102077,0.0,-2.012521021157985,0.0,-0.4625079493553792,-1.7536759746391468,0.43877913572851124,-0.6094843486625541,-0.6368642088446366,1.5518052994104545,0.6744907594765952,,,,,2.9385522679484626,-2.334251410326331,-2.6133365132081656,2.6979630379063817,0.0
G3_A_Roll14,school_a,3,sentence_01_copy_hindi,copy_hindi,devanagari,0.0,data/processed/school_a/G3_A_Roll14/sentence_01_copy_hindi.json,1.847364400482564,0.0300676038938616,,-0.1686746987951807,0.25520184522598,3.139941857915487,19.330617140775445,18.821187509452912,0.3025665604296522,2.8030810448760883,1.0816364623320882,-4.911111111111111,-4.873794704158958,0.3333333333333333,0.4444444444444444,0.501149543883049,0.180722891566265,70.94117647058823,1.3136855184246368,,2.4933333333333336,0.0567707046564529,0.8,0.002998665147408,0.0337268128161888,0.6913996627318719,0.5564924114671164,1.4285714285714286,1.0,2,3,0,2,3,copy,1,0,0,-0.40980701569400285,0.6744907594765952,,-0.058509010265822094,0.6744907594765951,0.33908573596627284,-0.22843353611242972,0.18202524978902854,1.4565711869480422,-0.16354897917392686,0.0,-1.6938627836977123,-0.23666771745798754,-0.8493587341557124,0.3747170885981083,0.6600999268037195,0.6907435488616014,1.4900739737416602,1.771599511390571,,0.6206596679839272,0.4502839885795188,-0.048941707547386915,-0.24387844822727042,-0.7146685308130415,-0.45506612919632583,-1.1850441978682384,-0.0963558227823707,0.0
G3_A_Roll14,school_a,3,sentence_02_copy_english,copy_english,latin,0.0,data/processed/school_a/G3_A_Roll14/sentence_02_copy_english.json,,,,,,-0.5161292078860047,23.166448935553102,18.72176424824949,0.4430697842133298,2.968337730870712,1.0745367823617071,,,,,,0.4578313253012048,,,,,,,,0.1676778819635962,2.22173193601765,1.257584114726972,0.2857142857142857,1.0,2,3,0,2,3,copy,1,0,0,,,,,,0.9189094082446213,0.6083155447799918,0.6528613955321769,-0.3794900230963383,-0.5022793611836762,0.2863560627973886,,,,,,0.2561183945217077,,,,,,,,-0.44194298372219193,0.6744907594765952,-0.6242121706371542,0.6744907594765962,0.0
G3_A_Roll14,school_a,3,sentence_04_dictated_english,dictated_english,latin,0.0,data/processed/school_a/G3_A_Roll14/sentence_04_dictated_english.json,1.4072315294596018,0.049766961704953,,0.1499330655957161,0.3437490606810223,-1.502337021906934,23.370119760718104,16.343206847027393,0.4878430067515759,2.9090909090909087,1.0740422514375654,-5.024305555555555,-2.503013007717441,0.375,0.5,0.5593706316209556,0.4337349397590361,76.76315789473684,0.6023266794783315,0.3809523809523809,,,,,0.2289752650176678,2.086219081272085,1.1957597173144876,0.4285714285714285,1.0,2,3,0,2,3,dictated,0,1,0,-0.6764340607130667,1.2348396359424765,,1.5312340931113115,1.6453224004221627,0.48909247361633496,1.0507490646008504,0.18496313757597468,0.4059970793871817,0.0,0.013385419967911759,-0.6744907594765952,-0.12948633163305448,-0.6744907594765952,0.6744907594765948,0.7668962465170805,0.8418033530051322,1.7433635126140916,-0.5983845222593881,-0.9981861016361215,,,,,0.47288163524323695,2.555821721358157,0.0,0.6744907594765952,0.0
G3_A_Roll14,school_a,3,sentence_05_own_hindi,dictated_english,devanagari,0.0,data/processed/school_a/G3_A_Roll14/sentence_05_own_hindi.json,1.165468025057173,0.0609911054637865,,0.1606425702811245,0.2596192186167708,2.4859000013575137,23.08275522600953,29.62882658625272,0.3818659043412546,2.909090909090909,1.0977890572323443,1.096774193548387,5.4072871502500695,0.5,0.5,0.5876505252172143,0.3734939759036144,33.81578947368421,,,0.0,,,,0.0789808917197452,1.480891719745223,0.90828025477707,0.1428571428571428,1.0,2,3,0,2,3,dictated,0,1,0,-0.4972623600468666,1.9646857980188668,,2.2008405716281323,0.7895366192912207,0.5633506741509167,2.0997194851868324,3.666581437025793,1.2223603356446795,-0.4219634213274736,0.7990747192317398,0.683778618937574,1.6996462264500196,0.09992455695949556,1.4911591663976673,0.8519803622427037,5.0,-0.46477199673973946,,,-1.3240265379743004,,,,-0.3488136890302803,2.506852106448507,0.6398250020731951,-2.1198281012121556,0.0
G3_A_Roll15,school_a,3,sentence_01_copy_hindi,copy_hindi,devanagari,1.0,data/processed/school_a/G3_A_Roll15/sentence_01_copy_hindi.json,3.332986273518174,-0.003062876642746,,-0.0337254901960784,0.2368798109124691,2.0893804894486374,19.04735663309512,16.767593299315667,0.3148485060418021,2.658831003811944,1.0798220897071724,-2.4666666666666663,-4.670980541970244,0.4285714285714285,0.5,0.4664106690738556,0.1764705882352941,66.8529411764706,0.7929421540848749,,2.24,0.0523689732500271,0.7857142857142857,0.0033024905343894,0.3619588360539389,0.8623136976579133,1.6181689141234918,0.2857142857142857,1.0,1,2,1,1,1,copy,1,0,0,2.5955993327242606,-0.7009943137645971,,1.0519922029487265,0.4073292023255883,0.022602812517991462,-0.5400430011677545,-1.119649029366329,1.945111213041434,-0.6197143437029565,-0.6137327031570825,-0.7883585666181875,-0.21115153055631597,0.0,1.011736139214893,0.27771080618612876,-0.6744907594765952,1.2509050564782764,-0.27979438760486053,,0.06664801803854438,-0.1149874416100583,-0.0908917425880046,-0.1483164988817319,3.1101521276120043,1.1616767681583708,1.622496766552183,-0.8672024050413366,0.0
G3_A_Roll15,school_a,3,sentence_02_copy_english,copy_english,latin,1.0,data/processed/school_a/G3_A_Roll15/sentence_02_copy_english.json,1.226840840650228,-0.0006211414097676,,-0.1512605042016806,0.1743911093526718,-7.161599111931412,25.32451138708914,20.543260435681127,0.4316299714659689,3.52124891587164,1.0714189350537733,-0.5178571428571429,-7.383312177102478,0.45,0.15,0.444667581235514,0.3294117647058823,21.0,0.5998909464017562,0.3639455782312925,,,,,0.3410672853828306,1.6728538283062646,1.6078886310904872,0.1428571428571428,1.0,1,2,1,1,1,copy,1,0,0,1.9776279200953637,0.09128345281908638,,-1.779229396344075,0.2093192627062377,-0.39973676168709893,2.035166805985898,1.6921320536539757,-0.5994288928889283,0.937585851413397,-0.09829050109081595,-0.8220493432253954,-1.691975003216104,0.4046944556859572,-0.4046944556859571,0.0,-0.8679666283548789,0.0,-0.23004249786045852,-0.35153549914929705,,,,,0.8889144538526781,-0.09914852919932805,-0.15387979555748368,-0.6744907594765952,0.0
G3_A_Roll15,school_a,3,sentence_04_dictated_english,dictated_english,latin,1.0,data/processed/school_a/G3_A_Roll15/sentence_04_dictated_english.json,2.9790472004018707,0.0,,-0.0654411764705882,0.2504148806615681,-2.0835323771389693,22.223336316709773,11.852662636326349,0.280577284642369,2.31219512195122,1.0767780781750589,-6.2844444444444445,-2.782914379636351,0.4666666666666667,0.4,0.3891898603118836,0.1764705882352941,69.07894736842105,0.7635679185594983,1.75,,,,,0.1108126259234385,0.8764271323035594,0.7958361316319678,0.2857142857142857,1.0,1,2,1,1,1,dictated,0,1,0,0.43976690563356585,-0.12667468884886127,,-0.2492193827572068,0.6938446475341093,0.3736489837879438,0.27832991094463794,-0.978525465446294,-0.7617845058478567,-1.1584286034568416,0.3215173818533092,-0.9591920695827197,-0.1936188764405673,0.10277954430119622,-0.13489815189531895,-0.4051020343501333,-0.6744907594765952,1.3364393354092041,0.4679539433540897,0.30035916632942145,,,,,-0.5240043350489826,-0.6744907594765952,-1.3831757672278535,0.0,0.0
G3_A_Roll15,school_a,3,sentence_05_own_hindi,dictated_hindi,devanagari,1.0,data/processed/school_a/G3_A_Roll15/sentence_05_own_hindi.json,0.7542843481388776,0.0026629894121703,,-0.0098039215686274,0.160157158720794,-0.3766687171194923,21.45307359818865,31.67083692874817,0.3561031650023077,4.100358422939068,1.0807932383184908,0.1458823529411766,24.435157162725936,0.2941176470588235,0.2941176470588235,0.2644459549375742,0.2941176470588235,46.82142857142857,,,0.0,,,,0.21484375,1.34765625,1.2890625,0.6666666666666666,1.0,1,2,1,1,1,dictated,0,1,0,-0.7550982189140023,-0.13888082503547083,,0.7013025228734305,-0.22137580121257452,-0.1954463882683752,0.6744907594765952,4.388401828802758,0.7933761499515668,2.5731198356695613,-0.7024612684526292,0.3061451801476613,5.0,-1.1344376172460384,-0.02161100241156031,-0.7673860551535661,5.0,0.18330487658598774,,,-1.3240265379743004,,,,3.165558637210945,2.0207610575908066,3.002651140535673,0.0,0.0
G3_A_Roll16,school_a,3,sentence_02_copy_english,copy_english,latin,0.0,data/processed/school_a/G3_A_Roll16/sentence_02_copy_english.json,0.865305817964201,0.0385525499938838,,0.1439842209072978,0.1077291481733331,-6.015655565584043,20.885079000438875,14.60068621684279,0.517143700866017,3.39913336543091,1.0641119415371438,1.0145454545454544,2.13447556088526,0.4,0.6,0.3501254962475094,0.650887573964497,7.486486486486487,0.4497785945417516,0.1818181818181818,,,,,0.2502844141069397,1.2514220705346986,1.2201365187713311,0.2142857142857142,1.0,4,4,2,1,3,copy,1,0,0,1.140566802969142,1.7494262697387881,,1.83416153946523,-0.6667153266156406,-0.17234967090679798,-0.9000632173258255,-1.6984558937509595,1.0446358668541669,0.6195782983622591,-0.999748998231733,0.6135949609885991,0.3108106309919468,0.13489815189531917,1.4164305949008498,-0.5965446421149112,1.9459827476555338,-1.3935759493318083,-0.9833433245581134,-0.8221137014196059,,,,,0.19210682282464045,-0.6931532102518955,-0.6744907594765952,0.0,0.0
G3_A_Roll16,school_a,3,sentence_03_dictated_hindi,copy_hindi,devanagari,0.0,data/processed/school_a/G3_A_Roll16/sentence_03_dictated_hindi.json,0.4373338642471279,-0.0261746733933357,,0.008284023668639,0.1250748174259441,4.193986364589072,18.150765090266912,18.63849142265663,0.2500048810740811,3.220545277507303,1.0820886187973473,7.466666666666666,0.2367895747728105,0.0,1.0,0.379906087224741,0.1775147928994082,38.44117647058823,0.0,,0.0,,,,0.1652173913043478,0.7478260869565218,0.6695652173913044,0.2857142857142857,1.0,4,4,2,1,3,copy,1,0,0,-3.2622924307118604,-1.6605316018245775,,1.3976897924167127,-1.2229480718028467,0.6566179591466114,-1.5263662035152183,0.0662230158758546,-0.6341793353862032,1.1566081760768558,0.1529471983112025,2.8912812973322435,0.40629834679856375,-3.8221143037007077,5.0,-0.6744907594765952,-0.33924091452966293,-0.4112328865176182,-3.4034764324224294,,-4.8319813077943135,,,,0.8175642965289815,0.07869355079602663,-0.8860298240925888,-0.8672024050413366,0.0
G3_A_Roll16,school_a,3,sentence_04_dictated_english,dictated_english,latin,0.0,data/processed/school_a/G3_A_Roll16/sentence_04_dictated_english.json,0.5772737539568626,-0.0109503376726531,,-0.0304311073541842,0.3549379988939145,-4.617836282385722,20.458360696752365,16.60382221559414,0.5056052968750032,3.4942139429861707,1.0679347706287128,0.7675438596491232,16.83868316146618,0.5,0.3333333333333333,0.6337130326922407,0.4497041420118343,31.42105263157895,0.5993261795930066,0.4736842105263157,,,,,0.1729237770193401,1.6427758816837317,1.124004550625711,0.2857142857142857,1.0,4,4,2,1,3,dictated,0,1,0,-1.2658159380980292,-0.42625177959048133,,0.04020148136594455,1.7593859276935964,-0.12974266322651104,-0.910474288936578,0.25248791784142044,0.5060738074957088,1.135580571365451,-0.6744907594765952,0.6340531883259374,4.302189682383883,0.3854232911294839,-0.6744907594765952,1.2788763344016767,0.9359244670014225,-0.6577678480846136,-0.6182277612596799,-0.910229717352872,,,,,0.0,1.3717668072939033,-0.2481724291602568,0.0,0.0
G3_A_Roll16,school_a,3,sentence_05_own_hindi,dictated_hindi,devanagari,0.0,data/processed/school_a/G3_A_Roll16/sentence_05_own_hindi.json,4.102943800796676,0.0084988078285626,,-0.0790363482671175,0.237998266293658,-1.876512902995774,18.97223469004842,18.60854559933934,0.2743199450811381,3.12821833161689,1.098550172018245,-4.071794871794872,-3.4849735097415326,0.4615384615384615,0.3076923076923077,0.6532677452100428,0.1775147928994082,72.39285714285714,0.7296094909380483,,1.8857142857142857,0.0633751054162006,1.0,0.0110805449189107,0.0933852140077821,0.7937743190661478,0.8054474708171205,0.6666666666666666,1.0,4,4,2,1,3,dictated,0,1,0,1.3447042160964222,0.07158427601571439,,0.09221601768727018,0.5697855979528902,-0.5930184552666747,-1.495112686608082,-0.22892456209908102,-0.5684242214944072,0.12896646362877293,0.8663172126697496,-1.368846534016062,-0.30916610601748173,-0.13067057448549443,0.07813208564179579,1.1807452753358378,-0.48491495429827175,1.4575407177079989,-0.25137957589704374,,0.3207824913431942,0.62280218422968,0.06994718987164694,1.0292949203960942,0.0237837394951401,0.0,0.0017280506536703744,0.0,0.0
G3_A_Roll17,school_a,3,sentence_01_copy_hindi,copy_hindi,devanagari,0.0,data/processed/school_a/G3_A_Roll17/sentence_01_copy_hindi.json,2.0932465948780123,-0.0168968436915602,,-0.2539682539682539,0.176048038555783,3.597466097258632,19.538268726066445,18.53068011107706,0.2659482136354826,2.658486707566462,1.0820886187973422,0.3589743589743589,15.286692225058813,0.4615384615384615,0.4615384615384615,0.2261607367133284,0.175438596491228,34.11764705882353,0.6717858987170576,,2.185714285714285,0.0539745018314581,1.0,0.0051881468633637,0.0595238095238095,1.011904761904762,1.2976190476190477,0.1428571428571428,1.0,1,3,0,0,1,copy,1,0,0,0.08761155454360767,-1.2753420102409265,,-0.7603923149724336,-0.4796853479682877,0.47691548410091394,0.0,-0.002113372390332035,0.0,-0.6208031199775937,0.15294719830947498,0.25835365074716493,2.299736776997246,0.2940087925923626,0.5707229503263496,-2.3668469369295217,-1.0058195536054746,-0.664166921321341,-0.7570721027069814,,-0.05206876409261097,0.09119493383221793,0.5383587830212581,0.4447774370228666,-0.41406140247943224,2.5767173219284416,0.7748215292280255,-0.9635582278237075,0.0
G3_A_Roll17,school_a,3,sentence_02_copy_english,copy_english,latin,0.0,data/processed/school_a/G3_A_Roll17/sentence_02_copy_english.json,0.3366722283019642,0.0028904259434733,,0.035987404408457,0.1071374756413949,-0.1990377192266924,20.70635597697921,19.676491627971583,0.418809661161091,3.4006946637196087,1.0722202330097796,0.9888888888888888,1.2231765829379295,0.25,0.25,0.3190204678409261,0.3508771929824561,18.905405405405407,0.4304788679647724,0.4487179487179488,,,,,0.0498338870431893,1.744186046511628,2.009966777408638,0.0714285714285714,1.0,1,3,0,0,1,copy,1,0,0,-0.08337720064514113,0.23992096882206876,,0.5124284663709291,-0.6744907594765952,0.9818291841334585,-1.0182299419488532,1.1975894927398576,-0.8459088503074286,0.623644157678129,0.0005650473012378346,0.5895583909560415,0.11905005051410714,-0.6744907594765952,0.0,-0.7928121354871347,-0.6800749526360703,-0.21600427214643014,-1.0801941153513708,-0.1325018419870425,,,,,-1.346459372962856,0.001393659998516437,0.38596585498846864,-1.3489815189531904,0.0
G3_A_Roll17,school_a,3,sentence_03_dictated_hindi,dictated_hindi,devanagari,0.0,data/processed/school_a/G3_A_Roll17/sentence_03_dictated_hindi.json,0.794360041046259,0.1838685761111327,,0.1267056530214425,0.169234013678136,2.366572217775514,19.289776608780382,30.71071362810209,0.4116792999473765,4.022842639593907,1.0811098352628092,-0.85,-3.805828812343748,0.8,0.2,0.4405824343383143,0.2807017543859649,11.25,0.6066119050490911,,0.3333333333333333,0.0302779943845108,1.0,0.0340385295181447,0.2589928057553957,0.3971223021582734,0.4143884892086331,0.3333333333333333,1.0,1,3,0,0,1,dictated,0,1,0,-0.7299684501986856,5.0,,1.9022735660179937,-0.1291204686256044,0.5317197927461901,-1.2174082218414954,4.049012471851894,1.718793384497691,2.3782297525008103,-0.6744907594765952,-0.08935561343493355,-0.3816491464331605,1.8985665822304165,-0.7131630795814924,0.11511848175067603,5.0,-1.5892354834105529,-0.6626511709948811,,-1.0332774671353493,-1.5814642673625772,0.06994718987164694,4.874011627494997,4.30756478768064,-1.4471296217063405,-2.4248671885337307,-1.3489815189531897,0.0
G3_A_Roll17,school_a,3,sentence_04_dictated_english,dictated_english,latin,0.0,data/processed/school_a/G3_A_Roll17/sentence_04_dictated_english.json,2.4466091966578905,0.0050819870259537,,-0.2185672514619883,0.1691379991504915,-4.679708680518566,19.747964758618007,13.570594904217597,0.2864670735660426,2.7059903603396838,1.0548059586096428,0.071111111111111,81.07185139914915,0.4,0.3333333333333333,0.3728670254563065,0.175438596491228,32.78947368421053,0.6698906348083081,2.235897435897436,,,,,0.0267141585040071,1.0017809439002672,1.402493321460374,0.1428571428571428,1.0,1,3,0,0,1,dictated,0,1,0,0.06166416414452841,0.012357269245359,,-1.5150803782452822,-0.13471724228791193,-0.14203244754809322,-1.3889634336495575,-0.5334135768488042,-0.7286001134843022,-0.39416844635249326,-2.15316868495331,0.47670917041025507,5.0,-0.4625079493553792,-0.6744907594765952,-0.5175138787815609,-0.6805732306638741,-0.5853018987193596,-0.151563070948922,0.7612341624381286,,,,,-1.2335059417848702,-0.3397786773981021,0.7150088711028586,-0.6744907594765956,0.0
G3_A_Roll19,school_a,3,sentence_01_copy_hindi,copy_hindi,devanagari,1.0,data/processed/school_a/G3_A_Roll19/sentence_01_copy_hindi.json,2.195587296920188,0.029516525063323,,-0.0292598967297762,0.302175055906028,4.7226734765346094,21.230487719382253,19.12342512749508,0.248991447799871,2.8091397849462365,1.080647704677849,-0.3384615384615382,-14.672691599971664,0.5384615384615384,0.3846153846153846,0.3835204935989795,0.180722891566265,37.5,1.0221185648527762,,1.8619047619047615,0.0527997570173606,0.7142857142857143,0.0025225887530862,0.0968523002421307,1.0653753026634385,1.1743341404358354,2.0,1.0,0,4,2,4,1,copy,1,0,0,0.2946463331785374,0.6516115046843955,,1.0887397097591114,1.3594275899032153,0.8158856114705626,1.8615777383930265,0.3735990922047495,-0.6744907594765952,-0.14438928013816166,-0.3344588093813369,0.0,-1.469473562599701,0.9800293086412077,-0.31130342745073636,-0.6347050818289731,0.6907435488616014,-0.46629335667897265,0.6230132582285369,,-0.7602039557521221,-0.05966608422155942,-0.300641917791092,-0.39361836539084727,0.020919867900288425,3.08251614077157,0.4488018553013565,0.2890674683471123,0.0
G3_A_Roll19,school_a,3,sentence_02_copy_english,copy_english,latin,1.0,data/processed/school_a/G3_A_Roll19/sentence_02_copy_english.json,1.933768282210908,0.0007848451415733,,-0.0609939759036144,0.1519836260799489,-4.121638028313174,23.461323213215405,18.759673337333684,0.3797401372008198,3.114857395533938,1.0775717462648426,-0.992982456140351,-12.20910113400759,0.2666666666666666,0.4666666666666667,0.4628100447950983,0.2289156626506024,27.54054054054054,0.5395727864772801,1.0,,,,,0.1821771009588268,1.350253807106599,1.6931754089114497,0.2857142857142857,1.0,0,4,2,4,1,copy,1,0,0,3.614375224861626,0.15079600875284535,,-0.6744907594765952,-0.085147477534833,0.20347611829516238,0.8032782691813021,0.6744907594765952,-1.5970493744509608,-0.12071976565910106,0.6607773610743136,-1.2671745022137035,-2.707444255386336,-0.5845586582130495,0.8768379873195737,0.11447589116115042,-1.747631397912825,0.6744907594765952,-0.5327339098127847,1.2918929593736663,,,,,-0.3306536369783592,-0.5538506705698136,-0.039370473234617655,0.6744907594765962,0.0
G3_A_Roll19,school_a,3,sentence_03_dictated_hindi,dictated_hindi,devanagari,1.0,data/processed/school_a/G3_A_Roll19/sentence_03_dictated_hindi.json,2.62481804514551,0.0166062542589315,,-0.1942771084337349,0.1686055304455742,6.789352375035914,20.04198581413605,17.34805089223998,0.2655922792257773,2.862190812720848,1.082392200292394,-1.5047619047619047,-1.909498321041456,0.5714285714285714,0.1428571428571428,0.3270891626250848,0.180722891566265,16.642857142857142,0.5904211439833866,,1.3333333333333333,0.07537360642063,1.0,0.0047487343158038,0.0986842105263157,0.4440789473684211,0.518092105263158,0.8333333333333334,1.0,0,4,2,4,1,dictated,0,1,0,0.41783419397323834,0.3639742049829554,,-0.9216382585837116,-0.13550824610115228,1.7040908067217213,-0.5595679732218424,-0.6744907594765952,-0.7137515712263318,-0.5398795835299982,-0.5611971752704247,-0.34938517634082483,0.04674271284976307,0.5281726582144765,-1.1330339835775234,-0.45352196987975474,0.0,-1.3205069750175031,-0.7167888199675353,,-0.16103025461849618,1.4219019367167296,0.06994718987164694,-0.03107768795400144,0.16085318553291358,-1.2758148437070083,-1.781366558604799,0.6744907594765952,0.0
G3_A_Roll19,school_a,3,sentence_04_dictated_english,dictated_english,latin,1.0,data/processed/school_a/G3_A_Roll19/sentence_04_dictated_english.json,2.8633098901233,0.0033004436985585,,-0.1199082042455536,0.2368466386578484,-0.0461220866600452,23.03505227093698,13.1260924405118,0.2854366538048206,2.748194945848376,1.076042575785915,-3.2166666666666663,-2.8645099109475485,0.65,0.15,0.3778894654566893,0.180722891566265,54.76315789473684,0.5545325426562507,1.6952380952380952,,,,,0.0679963735267452,1.2239347234814144,1.387126019945603,0.4285714285714285,1.0,0,4,2,4,1,dictated,0,1,0,0.3575778169487226,-0.03638182748442155,,-0.6994868241734816,0.555525755037817,0.7783420908952089,0.8250634321244824,-0.6485830365558439,-0.7344057296275416,-0.3122596775126366,0.23867887785288044,-0.26609358643226455,-0.21231449422919396,1.657320151856779,-2.158370430325104,-0.482925417341831,-0.6494280468735917,0.5783340189727003,-0.9144620146837873,0.2484173556107997,,,,,-0.8852261361355045,0.2534027596724983,0.6618595200171012,0.6744907594765952,0.0
G3_A_Roll20,school_a,3,sentence_01_copy_hindi,copy_hindi,devanagari,0.0,data/processed/school_a/G3_A_Roll20/sentence_01_copy_hindi.json,1.0034451705591203,-0.0756756756756756,,0.1777777777777777,0.1959491822704184,3.643622517305508,19.00885043317046,16.198258067970166,0.2752657336051325,2.6777609682299546,1.079745920896222,3.5666666666666664,1.5728169525457787,0.5,0.5,0.4411814969842344,0.1818181818181818,24.058823529411764,1.3476925034606264,,4.688888888888889,0.0318567019189145,0.6666666666666666,2.329339815177641e-05,0.0779625779625779,0.8108108108108107,1.2318087318087316,0.1428571428571428,1.0,3,0,1,2,0,copy,1,0,0,-2.1170518114249925,-3.7156750421559925,,2.7924591395245324,-0.18949810931830435,0.4908201632475116,-0.5824029349901517,-1.4805231607799916,0.37062380772924325,-0.5598516632103834,-0.6394976918914617,1.446590478264457,0.5743848547086223,0.6370190506167854,1.011736139214893,0.0,1.042394810100242,-1.252625696170819,1.9055651582010824,,5.0,-2.7491783726713925,-0.44047536792648384,-1.179719679967317,-0.1991982037432341,0.6744907594765952,0.600790026169783,-0.9635582278237075,0.0
G3_A_Roll20,school_a,3,sentence_02_copy_english,copy_english,latin,0.0,data/processed/school_a/G3_A_Roll20/sentence_02_copy_english.json,0.9078219261346474,0.0527406889434027,,-0.0127946127946128,0.2928038742305364,-0.628094764226152,23.819175506279365,16.783318208967724,0.4494425023664095,2.836573074154067,1.0692749827928587,-0.3534482758620692,-8.375605088689568,0.5,0.25,0.5162530469813735,0.3515151515151515,7.797297297297297,0.7544636875520873,0.5,,,,,0.2246610716591349,0.4118786313750807,0.486765655261459,0.1428571428571428,1.0,3,0,1,2,0,copy,1,0,0,1.2390042399195307,2.349981383174193,,-0.0845965904764139,1.765434264651299,0.896692325906722,1.0398803171527626,-0.453136028386978,-0.25696979841710127,-0.8454146613960858,-0.36278833849377373,-0.6680215088535232,-1.900778776000521,0.6744907594765952,0.0,0.4516922389580392,-0.6744907594765952,-1.3615237024971767,0.5456416630409655,0.0,,,,,-0.004566187173189605,-1.8764829513344294,-1.6591428091546845,-0.6744907594765952,0.0
G3_A_Roll20,school_a,3,sentence_03_dictated_hindi,dictated_hindi,devanagari,0.0,data/processed/school_a/G3_A_Roll20/sentence_03_dictated_hindi.json,0.0090378059739481,0.003656700701719,,-0.0198347107438016,0.0165068723403407,1.6265302286345755,20.68182532131562,26.953366821683183,0.4762467435200255,2.65520534861509,1.1108662679214667,1.4705882352941173,1.1664571240393806,0.3,0.3,0.2838275220688385,0.4121212121212121,31.285714285714285,1.1107807673811667,,0.2147058823529411,0.017571235182293,0.6666666666666666,0.0859931173331197,0.1453879047037263,0.4569334147831398,0.9138668295662796,0.1666666666666666,1.0,3,0,1,2,0,dictated,0,1,0,-1.2224107438346823,-0.10304325572674962,,0.6130545931919585,-1.6814084896849901,0.33555273348836556,0.0,2.720846062794016,2.793927974763318,-1.0602821721830913,1.9544119564532134,0.8322336545410477,0.7416185682101235,-1.0991701265544516,0.02161100241156072,-0.6702777163026478,5.0,-0.5908467866655134,1.0231569748428073,,-1.136749930580976,-2.427733991360293,-0.7694190885881161,5.0,1.368940314185493,-1.228917110242517,0.6744907594765952,-2.0234722784297845,0.0
G3_A_Roll20,school_a,3,sentence_04_dictated_english,dictated_english,latin,0.0,data/processed/school_a/G3_A_Roll20/sentence_04_dictated_english.json,0.2816568216101039,0.0046302960417947,,0.0209366391184573,0.0912061263051022,-4.62177606703905,21.810109725508894,20.50906400721115,0.4470988912843474,3.247232472324724,1.0675455236773823,1.875,1.359859590912196,0.1,0.3,0.3186031626175018,0.2909090909090909,19.5,0.6111111111111112,0.4583333333333333,,,,,0.1963993453355155,0.5695581014729951,1.0016366612111294,0.4285714285714285,1.0,3,0,1,2,0,dictated,0,1,0,-1.4757438015580433,0.0,,0.46484781733118735,-0.9291790700752549,-0.130525227101907,0.0,1.2643261502242424,0.17643559056439484,0.6562499975828967,-0.7183310455325946,0.8842591115166527,0.7555963255862892,-3.0063016708099695,-0.9442870632672331,-0.891217402811265,0.0,-1.2890577531319227,-0.5402903436115212,-0.9247900647511126,,,,,0.19805299609438648,-1.4938736799190802,-0.6713940279469599,0.6744907594765952,0.0
G3_A_Roll21,school_a,3,sentence_01_copy_hindi,copy_hindi,devanagari,0.0,data/processed/school_a/G3_A_Roll21/sentence_01_copy_hindi.json,1.8173218248690823,0.0070549708333145,,-0.2037296037296037,0.208945029795416,2.0143507172531048,18.64640158705961,17.979514003896558,0.2496325528290505,2.7800161160354557,1.0809442582320803,1.761111111111111,4.490799100723743,0.3333333333333333,0.5,0.2574346450745194,0.1818181818181818,33.94117647058823,0.6109546873953592,,1.6205128205128203,0.0491681061483536,0.8461538461538461,0.0050030514592932,0.0799467021985343,0.7395069953364424,1.039307128580946,1.8571428571428568,1.0,3,1,0,0,1,copy,1,0,0,-0.47058301065636926,-0.28092952897299933,,-0.34697690765411654,0.0,0.0,-0.9811259760925948,-0.35147097269789146,-0.6489894685920209,-0.23648775683253895,-0.23414611067227323,0.7777521361034446,0.9414981621085786,-0.8493587341557124,1.011736139214893,-2.0225985298583136,1.042394810100242,-0.6744907594765952,-0.9967079470005534,,-1.288101117860287,-0.5260435823296813,0.08658917489153102,0.386559531654215,-0.17607760968385766,0.0,0.09173087733644066,0.19271164556474124,0.0
G3_A_Roll21,school_a,3,sentence_02_copy_english,copy_english,latin,0.0,data/processed/school_a/G3_A_Roll21/sentence_02_copy_english.json,0.2897684369582666,-0.0257962682574635,,0.1171717171717171,0.2013240530824773,-8.54625366518492,21.78128450552065,19.05573087716653,0.4954109278752195,3.610038610038609,1.0786315320903697,1.9609756097560973,0.6574180256382903,0.2,0.6,0.3031865369657111,0.4969696969696969,18.283783783783782,0.6457321550633304,0.6544715447154471,,,,,0.1607843137254901,2.4347338935574228,2.0672268907563023,0.2142857142857142,1.0,3,1,0,0,1,copy,1,0,0,-0.1919734292702915,-0.9743285498235422,,1.506013228166055,0.5632570989498291,-0.6744907594765952,-0.3075169013860655,0.8434089907564774,0.6268072157551702,1.168807782414734,0.7915223706869009,1.500266038137364,0.0,-0.9442870632672332,1.4164305949008498,-0.8927215740025412,0.5987052808837199,-0.2801087658156936,0.0,0.3991214020829212,,,,,-0.4948548478857183,0.9747153095224097,0.4628454949877179,0.0,0.0
G3_A_Roll21,school_a,3,sentence_03_dictated_hindi,dictated_hindi,devanagari,0.0,data/processed/school_a/G3_A_Roll21/sentence_03_dictated_hindi.json,1.6826467205485622,-0.0205232346703312,,0.031060606060606,0.3333480909759547,2.929714537747616,21.513712067808047,34.07357025791406,0.3058033978069982,3.3451957295373664,1.1174900481707448,0.2582417582417582,40.82324887869191,0.5714285714285714,0.2857142857142857,0.6301850393628723,0.3151515151515151,27.928571428571427,0.5693587069294279,,0.3076923076923077,0.0419980551376793,1.0,0.0022476193208525,0.1185410334346504,0.9680851063829788,1.5607902735562311,0.8333333333333334,1.0,3,1,0,0,1,dictated,0,1,0,-0.172961516834396,-0.97507733533331,,1.0608166047381342,1.5389020848324468,0.6809950696541838,0.7275217854814935,5.0,-0.0441824802447443,0.6744907594765952,2.5396055543149245,0.3507671516401848,5.0,0.5281726582144765,-0.08335672358744692,1.0650929544568248,5.0,-0.7581347322876769,-0.7872160728377652,,-1.0556427802768071,-0.8009086259926477,0.06994718987164694,-0.44993320926076696,0.6744907594765952,0.6359486223606602,4.68877357392011,0.6744907594765952,0.0
G3_A_Roll21,school_a,3,sentence_04_dictated_english,dictated_english,latin,0.0,data/processed/school_a/G3_A_Roll21/sentence_04_dictated_english.json,2.9354428538756987,0.034277262819338,,-0.0452214452214452,0.2963466499089301,-14.013583405370191,21.989556204298367,13.788388478442716,0.2854291238537559,2.8770178419711128,1.080771191140928,-4.355555555555555,-3.885915814023756,0.5833333333333334,0.3333333333333333,0.5459528328797286,0.1818181818181818,53.078947368421055,0.6928085151500731,1.9272727272727277,,,,,0.0929752066115702,0.7541322314049587,0.640495867768595,0.7142857142857143,1.0,3,1,0,0,1,dictated,0,1,0,0.40880194286522215,0.8110756327369053,,-0.08206712518788689,1.1620874346946473,-1.9960305260903632,0.12086667103309247,-0.47698381476817403,-0.7344481550614318,-0.06224597183070369,0.7712555598384047,-0.5234010638785581,-0.44634464348001823,1.0920326582002038,-0.6744907594765952,0.6744907594765953,-0.6429724996879693,0.48914515821546467,0.0,0.4685028144659878,,,,,-0.6744907594765952,-1.001035125267772,-1.9204356247176468,2.0234722784297867,0.0
G3_A_Roll22,school_a,3,sentence_01_copy_hindi,copy_hindi,devanagari,0.0,data/processed/school_a/G3_A_Roll22/sentence_01_copy_hindi.json,2.383350654895408,-0.0069807201938018,,0.0655355954757152,0.2042286676961534,-1.2560095139668912,20.940916543124143,19.01313257050434,0.3041676721955373,3.0298013245033117,1.081445331504398,0.7607843137254902,13.293838292411923,0.2941176470588235,0.3529411764705882,0.538050831751722,0.1796407185628742,45.47058823529412,0.7748488224077384,,2.574074074074074,0.0549025077549097,0.5882352941176471,0.0033320336434505,0.2184873949579832,0.7310924369747899,1.218487394957983,2.571428571428572,1.0,0,0,0,4,2,copy,1,0,0,0.6744907594765952,-0.863652241946985,,1.868814748318239,-0.0687713286072074,-0.9852001013667214,1.5430260275733023,0.3036899621982294,1.520258749862354,0.5534139987172659,-0.06465223180957974,0.4071975360392167,2.049014476027778,-1.1990946835139475,-0.6744907594765952,1.0662918686919507,0.34330367997313543,0.0,-0.3510704762825102,,0.7972306324402033,0.210369682843049,-0.6707892857965406,-0.1390243290612441,1.4383087578371345,-0.07959660815137334,0.565562535671743,0.6744907594765956,0.0
G3_A_Roll22,school_a,3,sentence_02_copy_english,copy_english,latin,0.0,data/processed/school_a/G3_A_Roll22/sentence_02_copy_english.json,0.6787022856194898,-0.0566566936118609,,-0.0633019674935842,0.0370511682253339,-3.9444010295173855,22.83162770181342,16.438768795475696,0.5004472491251908,3.430890835291604,1.0762289062424613,1.0795454545454548,0.5221307294298607,0.0,0.0,0.3604716459624753,0.5269461077844312,19.864864864864863,0.8241206852989211,1.542207792207792,,,,,0.3435582822085889,3.4355828220858897,2.9447852760736195,0.1428571428571428,1.0,0,0,0,4,2,copy,1,0,0,0.7085241198462603,-2.280587694544099,,-0.7027374144779427,-1.5955262113010416,0.2386448712963591,0.3869409968377194,-0.6497217243582903,0.7236342205404206,0.7022796025372448,0.4951121602332728,0.6744907594765952,-0.028467902499617732,-2.023472278429786,-1.0117361392148927,-0.5312621789688455,0.8610954828142651,-0.11706037974387208,0.8951976678453061,2.6928418179152387,,,,,0.9080342015832831,2.3854038435711535,1.6410892810571642,-0.6744907594765952,0.0
G3_A_Roll22,school_a,3,sentence_03_dictated_hindi,dictated_hindi,devanagari,0.0,data/processed/school_a/G3_A_Roll22/sentence_03_dictated_hindi.json,2.2343073993215685,0.0009562579017641,,-0.1572644185313583,0.1804356122066883,-2.9165771257365902,20.647030488509348,18.75406284113446,0.3143831181343166,3.076923076923077,1.0814453315043977,-0.4000000000000001,-25.183704140740808,0.5,0.2777777777777778,0.5073428711058635,0.1796407185628742,53.82142857142857,1.2477857217302404,,1.517948717948718,0.0713642514387067,0.4545454545454545,0.015969155529815,0.0829187396351575,0.845771144278607,1.285240464344942,0.8333333333333334,1.0,0,0,0,4,2,dictated,0,1,0,0.172961516834396,-0.20043301774864725,,-0.5960115108985938,-0.015269668693915122,-0.8687140820123684,-0.030429621574672615,-0.17748637381131027,0.09868137789029513,0.0,-0.6448505471966618,0.08935561343493352,-5.0,0.09992455695949556,-0.1416721269202287,0.44961130534700944,-0.1635741063401335,0.5321180397981584,1.4812655279840015,,0.0,1.1548790333969834,-1.3035612657897835,1.8479784075725707,-0.24695315176464466,0.18970317253451222,2.978934683528547,0.6744907594765952,0.0
G3_A_Roll22,school_a,3,sentence_04_dictated_english,dictated_english,latin,0.0,data/processed/school_a/G3_A_Roll22/sentence_04_dictated_english.json,0.8139305715243765,-0.0696308698475702,,0.1847733105218135,0.1352475585036923,-5.3498036652311125,21.5291614566264,15.62933208755199,0.5167985443406752,3.466776723070573,1.07355015336912,1.0510204081632653,2.803274279619349,0.3333333333333333,0.6666666666666666,0.448012964227674,0.5868263473053892,38.05263157894737,0.9940922059222854,0.8454810495626822,,,,,0.3294117647058823,2.2784313725490195,1.9490196078431368,0.5714285714285714,1.0,0,0,0,4,2,dictated,0,1,0,-1.0977577024252536,-2.031621735992245,,1.8192510564382627,-0.48020696860555045,-0.2751341711859817,-0.1892334818794411,0.0,0.5691390752899818,1.0823316441081947,-0.042038829379466784,0.6980986244742498,1.086319453396295,-1.0277954430119551,2.023472278429784,0.0,1.7441110320877247,-0.3065867088529979,1.9924827566642729,-0.5575794375101023,,,,,1.320220000499245,3.069055227343309,2.6052247586893773,1.3489815189531909,0.0
G3_A_Roll23,school_a,3,sentence_01_copy_hindi,copy_hindi,devanagari,0.0,data/processed/school_a/G3_A_Roll23/sentence_01_copy_hindi.json,0.7780211376376959,-0.0026862199075754,,-0.1934523809523809,0.1191751018102372,-7.743568257290251,23.69959762461941,19.86835482954084,0.2472450319136739,3.327094057089377,1.090899819473102,5.6571428571428575,0.2389505144232579,0.0,1.0,0.2848389805916593,0.1785714285714285,33.294117647058826,1.2595880373477364,,5.108333333333333,0.0367440438954784,0.375,0.0265443641537655,0.4319593450028233,0.6098249576510446,1.143421795595709,0.5714285714285714,1.0,0,3,4,1,3,copy,1,0,0,-2.5730836132749224,-0.6853565774996352,,-0.2624053234184012,-1.3089743930982976,-2.939585269865542,4.5777983052292015,0.8457740857576531,-0.7439580971082349,1.4935499371995935,3.1334386004240855,2.2209729807928555,0.40657021607736066,-3.8221143037007077,5.0,-1.7209445523744114,0.0,-0.7123448327125261,1.5584902329403747,,5.0,-2.121544713587882,-1.2969552500057577,5.0,3.9258537465062315,-1.2267132622144048,0.3670559805195396,-0.6744907594765952,0.0
G3_A_Roll23,school_a,3,sentence_02_copy_english,copy_english,latin,0.0,data/processed/school_a/G3_A_Roll23/sentence_02_copy_english.json,,,,,,-7.362618151331381,23.266536625098528,12.222308784246442,0.274711425991959,2.5783676927421637,1.0667484021721614,,,,,,0.1785714285714285,,,,,,,,0.1712887438825448,0.0407830342577487,0.2365415986949429,0.2142857142857142,1.0,0,3,4,1,3,copy,1,0,0,,,,,,-0.43962453338955737,0.6744907594765952,-3.0554600405022736,-3.6163041078274403,-1.5178209293208964,-0.6744907594765952,,,,,,-2.1883056943692925,,,,,,,,-0.41422766579547066,-2.3995392178371944,-1.9951032930465697,0.0,0.0
G3_A_Roll23,school_a,3,sentence_03_dictated_hindi,dictated_hindi,devanagari,0.0,data/processed/school_a/G3_A_Roll23/sentence_03_dictated_hindi.json,0.0465752886698357,-0.0009078583216514,,0.0394736842105263,0.025113947794366,-6.129911687997591,22.206262087727005,25.75535268930321,0.3467487143066691,3.196652719665272,1.1280950439657675,0.8488372093023255,1.2029219812755465,0.6111111111111112,0.2777777777777778,0.2821457843299583,0.5119047619047619,39.21428571428572,0.6838074236161762,,0.1932021466905187,0.0223887437313556,1.0,0.0597206061947816,0.1249273678094131,0.9244625217896572,1.823939570017432,0.6666666666666666,1.0,0,3,4,1,3,dictated,0,1,0,-1.1988725791800392,-0.2676611906181582,,1.1348323891408607,-1.593927901712174,-1.7204906038040546,1.3331874354646205,2.2973658225656144,0.6376119914325862,0.3010241143779673,3.476529095109323,0.5853139019575104,0.74985618715974,0.7660882700227998,-0.1416721269202287,-0.6787038026505428,5.0,-0.19576248955785028,-0.40452964912897765,,-1.1555065040712231,-2.106888088381328,0.06994718987164694,5.0,0.8396864360351747,0.47679770001693667,5.0,0.0,0.0
G3_A_Roll23,school_a,3,sentence_04_dictated_english,dictated_english,latin,0.0,data/processed/school_a/G3_A_Roll23/sentence_04_dictated_english.json,0.0299777174106633,0.0016552901297527,,-0.0218253968253968,0.0142073367009489,-8.099015873716954,25.295844585781342,18.747621920278256,0.4501194606812063,3.3567909922589725,1.0805021710371945,0.4285714285714286,2.9541684297126847,0.7272727272727273,0.0909090909090909,0.2399384232776941,0.4166666666666667,20.657894736842103,0.3417492472291818,0.4392857142857143,,,,,0.45297670405522,0.90595340811044,1.81190681622088,0.5714285714285714,1.0,0,3,4,1,3,dictated,0,1,0,-1.6544698853540283,-0.08138960118959762,,0.11134307692675836,-1.7141287561644156,-0.8212132971963992,2.3478263352239668,0.8079409779891299,0.1934541563102435,0.8688762649794336,0.7409562389004359,0.5574696497425273,1.1208931526093735,2.312539746776901,-2.6366456961357803,-1.4329645024508788,0.7412044093625203,-1.2277404113613235,-2.3216641302645407,-0.942856781522807,,,,,2.362682790782164,-0.5956515034104126,2.131006439144146,1.3489815189531909,0.0
G4_A_Roll01,school_a,4,sentence_01_copy_hindi,copy_hindi,devanagari,0.0,data/processed/school_a/G4_A_Roll01/sentence_01_copy_hindi.json,0.4743148029501161,0.0152147805005591,,-0.0097186700767263,0.1434159354134664,-2.798272050016435,23.505401517062698,31.7076972481478,0.5519235757804097,2.537764350453173,1.0809649474093348,-0.8577331759149939,-3.2509880226928645,0.6818181818181818,0.0454545454545454,0.4208889861066739,0.9058823529411764,85.55882352941177,0.9480317499126408,,0.0287972896668548,0.0141830905776909,1.3888888888888888,0.068030354632031,1.4235294117647057,3.796078431372549,2.803921568627451,3.2857142857142856,1.0,1,3,4,3,3,copy,1,0,0,-1.942666734622605,0.6744907594765952,,1.2804080985534048,-0.6744907594765952,-0.41782691603315714,1.0885002379854842,2.838647812493998,2.2505914473038073,-2.080682635808406,-0.6385780461670596,0.13206015330661225,0.3937071582187833,1.1037121518707913,-1.6019155537569145,-0.7399699841785656,5.0,1.7536759746391481,-0.44890913683710026,,-1.3341998318485115,-1.612532679333758,0.5246039240373518,3.4550293190089523,5.0,5.0,5.0,1.517604208822339,0.0
G4_A_Roll01,school_a,4,sentence_02_copy_english,copy_english,latin,0.0,data/processed/school_a/G4_A_Roll01/sentence_02_copy_english.json,0.4911970667708007,0.0250137285345031,0.0626789099742048,0.0213903743315508,0.2791394676559935,-7.670332195390924,21.909675173494104,17.561782483005256,0.545678482956656,4.15022966765739,1.076271070371806,1.691326530612245,0.554769327016738,0.125,0.5,0.2777435093480624,0.5764705882352941,48.2972972972973,1.3018393082016644,0.87569573283859,,,,,1.015686274509804,6.066666666666666,4.090196078431372,0.7857142857142857,3.0,1,3,4,3,3,copy,1,0,0,0.0,1.2718324652971307,0.7099987738111332,0.4292995986138336,1.0589396134250055,-0.3033937857957466,-0.5767911490521698,-0.39634304339944826,0.8400286223513098,1.1266531504791077,0.22453359180802943,1.2181911378873944,0.3681361905861901,-1.7424344619812047,1.481145248850632,-1.4450122538616783,0.6614573853095566,-0.5241172784677443,2.319579799660601,1.5226967313976347,,,,,1.2098053938778979,1.7578995392468457,0.2962344000174342,1.7536759746391473,0.0
G4_A_Roll01,school_a,4,sentence_03_dictated_hindi,dictated_hindi,devanagari,0.0,data/processed/school_a/G4_A_Roll01/sentence_03_dictated_hindi.json,2.459778963196416,0.0135510273862395,,-0.081447963800905,0.0792789795379284,-6.1010252098235584,21.82587882952959,22.377929955309337,0.3352851205622489,3.595959595959596,1.0812485981145818,-0.3111111111111113,-36.65730329650791,0.3333333333333333,0.3333333333333333,0.3538312794974432,0.1764705882352941,41.142857142857146,0.9079745917488512,,2.7487179487179487,0.0807846681220967,1.5454545454545454,0.0136026348742861,0.1198934280639431,0.6261101243339254,0.6927175843694494,2.1666666666666665,1.0,1,3,4,3,3,dictated,0,1,0,0.4114723500322362,0.5356851180492368,,0.2680150271609354,-1.5092439529105688,-1.4117883558976507,0.21058861691732592,0.388118153027366,0.46802513698633774,0.7785913364012004,-0.09910860069814498,-0.2232813430947076,-3.7766383372248136,-0.6744907594765952,0.0,0.07819642418094543,-1.4018004843905898,-0.6863239306954828,-0.19718569186782578,,0.6744907594765952,1.3891018643271402,0.8336908303121885,0.46734621231352774,0.030623581572626766,-0.372721581310333,-0.6532597971484683,4.721435316336167,0.0
G4_A_Roll01,school_a,4,sentence_04_dictated_english,dictated_english,latin,0.0,data/processed/school_a/G4_A_Roll01/sentence_04_dictated_english.json,0.5381038404318614,0.0020963903921539,,0.1490196078431372,0.240721713776044,-9.13578493811701,22.496438034359453,18.162525602087424,0.5410561588343626,3.312522952625781,1.082989959240685,2.113636363636364,0.5391912941669212,0.2,0.8,0.2807986397989622,0.5176470588235295,33.94736842105263,0.7823952809853499,0.8901515151515151,,,,,0.6825484764542936,1.243213296398892,2.023268698060942,0.7142857142857143,1.0,1,3,4,3,3,dictated,0,1,0,0.6315949593275137,0.5450990269373408,,2.5301403215288856,0.8848787715026696,-0.9990087431386058,0.31167773221633616,0.5851094465914054,0.6437953111749308,0.51885495116709,0.871051969432478,3.5316811901218954,-0.7792604325965712,-0.7670201777441428,2.084789620200385,-0.23287568386425445,-0.00410979874506868,-0.2374482775708424,0.7428360369559913,3.9621144160418784,,,,,0.5521950209939435,-0.10064118246016726,0.5144615347162171,0.0,0.0
G4_A_Roll01,school_a,4,sentence_05_own_hindi,own_hindi,devanagari,0.0,data/processed/school_a/G4_A_Roll01/sentence_05_own_hindi.json,0.6337382180523597,0.0095706191156085,,0.0756302521008403,0.100714206834142,-8.507079106845913,21.25697822151298,28.04245292407084,0.353569963447253,3.274853801169591,1.080717493056837,0.4999999999999998,4.063603435823118,0.5,0.3333333333333333,0.2968856125423489,0.7176470588235294,,0.8884058132451823,,0.0702576112412178,0.0197040652584187,1.4285714285714286,0.0271321412181099,1.1830303030303029,2.8836363636363638,2.44,,1.0,1,3,4,3,3,own,0,0,1,-0.09493141580833586,-0.3581257742317413,,0.6355773615756318,-0.8366271267131719,-1.5817998567965765,0.28596821859144145,1.1540977737449105,-0.00969694194295748,0.22665807962054313,-0.20499404311196384,0.2833901153527762,0.7513360418443333,0.5058680696074472,0.0,-0.4459536208998178,5.0,,0.08296911874703519,,-1.030337879173734,-0.764530022928349,1.3728410560231108,1.4659175406357947,5.0,1.2593462742355228,0.8297309519471314,,0.0
G4_A_Roll01,school_a,4,sentence_06_own_english,own_english,latin,0.0,data/processed/school_a/G4_A_Roll01/sentence_06_own_english.json,1.7286852459282078,0.0261058738216098,,-0.0294117647058823,0.2402420924313192,-6.839168569257301,19.892883430970315,13.13526067730923,0.2762488214124952,2.567856379568284,1.0782357985993676,13.133333333333333,0.145092445969101,0.0,1.0,0.241307203926171,0.1764705882352941,,0.4332335709308736,4.333333333333333,,,,,0.0968523002421307,0.2784503631961259,0.5690072639225182,,1.0,1,3,4,3,3,own,0,0,1,5.0,2.558712450383924,,-1.0485678781858714,1.0415617123656173,-0.7190565784952365,-1.2767813964077361,-2.420091652581519,-2.653032570987968,-0.8106266120781236,0.6704837483264975,5.0,-0.8416357951542753,-2.03485608871631,4.041614954721476,-0.4919713492586226,-3.571252721811178,,-0.36752897696861914,5.0,,,,,-0.9443245797728606,-1.3997012617701885,-1.5688703677406803,,0.0
G4_A_Roll02,school_a,4,sentence_01_copy_hindi,copy_hindi,devanagari,0.0,data/processed/school_a/G4_A_Roll02/sentence_01_copy_hindi.json,0.4972968813680746,0.0426601932486235,,0.0932420872540633,0.2909418886497701,0.1691197604471782,22.69016102128441,29.63484148307267,0.3530198859348081,2.9824561403508785,1.100623471662248,-2.6538461538461537,-2.2456127146738987,0.7692307692307693,0.0769230769230769,0.3883169873477904,0.5269461077844312,84.32352941176471,0.8423614036754323,,0.1948051948051948,0.0235170046848212,1.0714285714285714,0.0015687701262773,0.2561117578579743,2.3306169965075667,1.7927823050058207,0.4285714285714285,1.0,0,4,2,1,4,copy,1,0,0,-1.9060881202384061,1.7675817903028928,,2.176344870050591,2.272479981592614,0.17497073393689377,0.35794229393300947,2.2646223760473037,0.09935322786549537,-0.6733506289104122,1.1225188615514294,-1.0497288294738718,0.8720935888480223,1.6343429941163647,-1.426807375815875,-1.2210628236765986,4.802489434210304,1.6607952798915515,-1.3440485353719474,,-1.220879988073407,-1.2890416226970938,-0.3023579266619221,-0.7749630989272334,1.1173076846484382,2.778625847225352,2.758488439052304,-1.8548495885606369,0.0
G4_A_Roll02,school_a,4,sentence_02_copy_english,copy_english,latin,0.0,data/processed/school_a/G4_A_Roll02/sentence_02_copy_english.json,0.5217506917142809,-0.0250249313244337,0.0444755356483242,0.0534930139720558,0.2464862392670756,1.7985871614075697,23.84485139621332,18.57379284809136,0.5260468178060071,3.9312344656172313,1.0782703641148663,0.8037904124860648,6.792921562121812,0.4230769230769231,0.3846153846153846,0.6374087326479431,0.4131736526946107,68.89189189189189,0.8435062939354216,0.4739130434782608,,,,,1.0243697478991596,3.4016806722689075,2.5899159663865547,2.142857142857143,4.0,0,4,2,1,4,copy,1,0,0,0.11187123125205714,-1.0962969896310548,0.2816328205734587,0.8076407282237075,0.556142952552993,1.0593870069034392,0.9356175474606538,0.02942369867637733,0.5426409271855615,0.5304382817984573,0.4499234513513789,0.5850112697503607,1.2125894074009569,0.0,0.8932445193068426,1.1051138239314824,-0.46572836635086823,0.5883544936559912,0.36955097392290115,0.0,,,,,1.2319211633801674,-0.09803724060531413,-0.7285654706745616,5.0,0.6744907594765952
G4_A_Roll02,school_a,4,sentence_03_dictated_hindi,dictated_hindi,devanagari,0.0,data/processed/school_a/G4_A_Roll02/sentence_03_dictated_hindi.json,1.716739765593584,0.0192549468427993,,-0.0424151696606786,0.3357418173670382,-1.898463715182627,22.44760060790933,21.755316860166975,0.2537703350314735,3.238396624472574,1.111868756439387,-4.624242424242425,-3.86797165657684,0.3636363636363636,0.5454545454545454,0.4923689509133174,0.1796407185628742,68.0,0.7663759377902634,,2.411111111111111,0.0703833135220166,2.1,0.0219990851894033,0.0384286934244235,0.7813834329632793,0.6789069171648164,0.1666666666666666,1.0,0,4,2,1,4,dictated,0,1,0,-0.16405282693659995,0.7971763278853232,,0.5930694217010365,2.712101596248922,-0.427845473273015,0.533958633223526,0.1871017188770276,-1.2870382065921093,-0.15903707874655976,3.9150666422699887,-2.469742513068626,-0.4156459623414862,-0.4694894974375759,1.251895727816408,1.1171595515228363,-1.0978401337370203,1.856117428334091,-1.0080405936675847,,0.23670509047359364,0.6691547839646286,1.681276507796247,1.176758557054774,-1.3498383106203122,0.06752363835403329,-0.695721721804722,-0.6744907594765952,0.0
G4_A_Roll02,school_a,4,sentence_04_dictated_english,dictated_english,latin,0.0,data/processed/school_a/G4_A_Roll02/sentence_04_dictated_english.json,0.5487879923456723,-0.0022722931592496,,0.0107784431137724,0.14968691126476,-7.225435499804382,20.211086197877915,16.476763276188546,0.5032348283461551,2.8733233979135613,1.0711807927002404,0.9242424242424242,4.323371693806029,0.2857142857142857,0.3571428571428571,0.4810157354107065,0.3952095808383233,27.05263157894737,0.5634372630228871,0.4646464646464646,,,,,0.6,1.1111111111111112,1.6444444444444444,2.142857142857143,1.0,0,4,2,1,4,dictated,0,1,0,0.6735893292670859,-0.016956801870885354,,-0.10158162348312683,-0.21913964928901158,-0.6937413128021953,-1.4412597472194941,-0.23855680617916283,-0.03782502750135899,-0.6022229186841317,-0.3513867720737249,0.9684813844547994,0.020462548815725894,-0.4163823822039633,0.5233873101133318,1.0688157635666602,-0.7802295844670794,-1.1390634764630252,-0.3359788236908933,0.9104770903700559,,,,,0.3146115680133491,-0.2922243027378761,-0.021133891235259352,3.3724537973829753,0.0
G4_A_Roll02,school_a,4,sentence_05_own_hindi,own_hindi,devanagari,0.0,data/processed/school_a/G4_A_Roll02/sentence_05_own_hindi.json,,,,,,-3.9892444237599247,20.46991012925997,21.30044202728348,0.2848557991633274,3.5195530726256985,1.0807649990071695,,,,,,0.1796407185628742,,,,,,,,0.1258992805755395,0.7553956834532374,0.5935251798561151,,1.0,0,4,2,1,4,own,0,0,1,,,,,,-0.804210109601934,-0.27160446757420703,-0.05935243781720026,-0.7260015778178259,0.7662030917752735,-0.19557684181764676,,,,,,-0.5788401348916576,,,,,,,,-0.49995754273280624,-0.7744374287976705,-0.7151193719855391,,0.0
G4_A_Roll02,school_a,4,sentence_06_own_english,own_english,latin,0.0,data/processed/school_a/G4_A_Roll02/sentence_06_own_english.json,0.1109634884109627,-0.0586945274099856,,0.1526946107784431,0.1782715621670784,-1.9972323950084816,18.25265599122718,18.54353977391317,0.5683782631438643,3.02803738317757,1.065102969142047,1.6000000000000003,0.2816836933956241,0.0,0.0,0.0536982899514868,0.4790419161676646,,0.4808120679591406,0.7,,,,,0.4134366925064599,1.0852713178294573,2.222222222222222,,1.0,0,4,2,1,4,own,0,0,1,-1.5098573652469693,-5.0,,1.012023898844059,-0.04798132282743939,0.11004638412873168,-2.065107262614145,0.49271037893342684,1.3642578443596012,0.20627397625037697,-1.1810852576908049,0.7468803806345929,-0.763654138491905,-2.03485608871631,-1.4301099070552914,-2.3678894595038225,0.5561517169822469,,-0.1250206502852317,1.5681545208942713,,,,,0.6670475333202657,0.4703546235246841,1.6343189447819177,,0.0
G4_A_Roll03,school_a,4,sentence_01_copy_hindi,copy_hindi,devanagari,0.0,data/processed/school_a/G4_A_Roll03/sentence_01_copy_hindi.json,,,,,,-0.1898305260456434,22.909066144266014,23.8855419898622,0.4594212952847208,2.29934924078091,1.0623062397491398,,,,,,0.9651162790697676,,,,,,,,0.7904761904761906,5.858823529411765,2.9759103641456583,0.2857142857142857,1.0,4,2,2,4,0,copy,1,0,0,,,,,,0.10326301891971963,0.5541087962303717,0.6724980196605097,1.2501351895943704,-2.835203457627612,-2.310106994100322,,,,,,5.0,,,,,,,,5.0,5.0,5.0,-2.0234722784297854,0.0
G4_A_Roll03,school_a,4,sentence_02_copy_english,copy_english,latin,0.0,data/processed/school_a/G4_A_Roll03/sentence_02_copy_english.json,0.2129976377129663,-0.0384158093637999,0.0884053207445268,-0.054561717352415,0.2329640167173997,-1.7843033672869495,21.114009696630323,16.416863224122512,0.5979635656176806,4.248120300751878,1.0950486307708445,-1.529320987654321,-2.164729579968953,0.5555555555555556,0.1111111111111111,0.4815454544683533,0.8372093023255814,81.47297297297297,0.7566473667403156,0.2959401709401709,,,,,2.654748603351955,6.71731843575419,6.556424581005587,0.2142857142857142,4.0,4,2,2,4,0,copy,1,0,0,-1.018619319962572,-1.7300336404880328,1.3153985351809165,-0.465823060635887,0.3479268379144553,0.5437321353321605,-1.198631874768037,-0.8780263933055524,1.632062314083202,1.3931605917918768,2.3414169740505715,-1.0794609004739006,0.0,0.7744153164360911,-0.5002979507228799,0.0,2.461252111742812,1.2679550316134702,0.0,-0.6744907594765952,,,,,5.0,2.211023327388291,1.9808469135368223,-0.4046944556859573,0.6744907594765952
G4_A_Roll03,school_a,4,sentence_03_dictated_hindi,dictated_hindi,devanagari,0.0,data/processed/school_a/G4_A_Roll03/sentence_03_dictated_hindi.json,0.5863415190665155,-0.0156577159893172,,0.1744186046511628,0.1712897658448399,0.8741759857433707,20.2881454048414,25.454949289240915,0.4571124061934524,2.3543123543123543,1.0921028276015132,-0.1612021857923496,-21.05781428971572,0.6666666666666666,0.1666666666666666,0.668688761883292,0.7093023255813954,43.142857142857146,1.0772629921066543,,0.1779859484777517,0.016784094728048,1.6666666666666667,0.0496319981337697,0.4346793349168646,3.960411718131433,1.9319081551860648,0.1666666666666666,1.0,4,2,2,4,0,dictated,0,1,0,-1.0396091272994998,-0.8033642323552823,,2.398801570200814,0.005241835904404414,0.22131078613865726,-0.5892175020060002,1.3815624913240827,3.0910413403260635,-2.477349094221791,1.3238356841012682,-0.14520243584330084,-2.1776498558598707,1.5805231229526189,-0.9836323575700352,2.4394697964220815,5.0,-0.49699319119328045,0.7722326282251775,,-2.6590602921854734,-3.04080440540211,1.0189554592704528,3.5114510554549248,5.0,5.0,3.156723882358606,-0.6744907594765952,0.0
G4_A_Roll03,school_a,4,sentence_04_dictated_english,dictated_english,latin,0.0,data/processed/school_a/G4_A_Roll03/sentence_04_dictated_english.json,0.0762284417737926,0.0078680062780231,,-0.0087209302325581,0.0650193076398356,-1.8492348118241613,21.949532344674516,16.7780429052695,0.548972968113179,3.324840764331211,1.0856818806637332,0.0072463768115942,473.1429865424198,0.5333333333333333,0.0,0.2395948517188294,0.5348837209302325,45.578947368421055,0.6535690699310598,0.311141304347826,,,,,1.0413129598189022,1.0152801358234296,1.7702320316921336,2.2857142857142856,1.0,4,2,2,4,0,dictated,0,1,0,-1.1838197327981046,1.2876500293446371,,-0.47279470498445547,-1.2459402954992191,0.16535751805996465,-0.10781631060964814,-0.09135108250818376,0.7864729523950063,0.5502967546930525,1.1497091486122508,-1.0076881694020798,5.0,0.5965712493565554,-0.7358081012471944,-0.500757996220196,0.10515179926361842,1.2835972106365816,0.10810417274069585,-0.1904312920205819,,,,,1.5847580485109614,-0.43120457187478844,0.1567091473985286,3.7096991771212724,0.0
G4_A_Roll03,school_a,4,sentence_05_own_hindi,own_hindi,devanagari,0.0,data/processed/school_a/G4_A_Roll03/sentence_05_own_hindi.json,2.916259876984408,0.0103276009720041,,-0.0174418604651162,0.1426831978172253,0.1988387662834947,17.496584567852583,17.25802316527361,0.3377924377291979,2.7784290738569752,1.0823166867164202,-4.514285714285713,-3.14936578841422,0.4285714285714285,0.2857142857142857,0.5726103566325966,0.1744186046511628,,1.1982583319601976,,2.2749999999999995,0.0582322090644366,0.875,0.003164800091903,0.1145038167938931,0.8833151581243185,0.4907306434023991,,1.0,4,2,2,4,0,own,0,0,1,2.0763516915571043,-0.315746331787165,,0.0,-0.13096693876623253,-0.0833757326451593,-2.377959859740159,-0.7869208292693649,-0.17416834215936944,-0.8679241965667309,0.11201737325813371,-3.2365156817615923,-0.6255900967556229,0.0,-0.4817791139118534,1.3697239352625457,-0.7701413840615327,,1.1292460421520745,,0.3872797616455123,0.1405457784530988,-0.03533046835353581,-0.44113799983775437,-0.5881346712499878,-0.65219536035632,-0.8011222631198235,,0.0
G4_A_Roll03,school_a,4,sentence_06_own_english,own_english,latin,0.0,data/processed/school_a/G4_A_Roll03/sentence_06_own_english.json,0.2552908193360811,0.0004539085346547,,0.0647840531561461,0.1355797902455852,-0.6065189108670294,21.993038585771338,17.086450765616764,0.626416954146664,3.4669555796316365,1.0775238694396658,0.8115942028985507,1.692184540884405,0.5,0.1666666666666666,0.2710065640018159,0.5348837209302325,,0.0772415848446108,0.3633540372670807,,,,,0.8292220113851992,0.9601518026565464,1.3092979127134723,,1.0,4,2,2,4,0,own,0,0,1,-0.8958704175061534,0.18265631876601823,,0.017287873436683213,-0.7985723305011942,0.3481834905191651,-0.26740514073697147,-0.29205160314123524,2.162391287202619,1.1761883549438172,0.5701104075420468,-0.012583021243382668,0.04161848975626636,0.15652739143971633,-0.5181557634258305,-0.19500482326448235,1.3178951195123598,,-2.1820255720835293,-0.043628322748636685,,,,,2.7833390633061654,0.1803516378924157,-0.1345190255495677,,0.0
G4_A_Roll04,school_a,4,sentence_01_copy_hindi,copy_hindi,devanagari,0.0,data/processed/school_a/G4_A_Roll04/sentence_01_copy_hindi.json,1.0572146958738975,-0.0361468348750837,,-0.1172839506172839,0.1308486674533715,2.206919433262392,20.488062995118643,34.026884407237915,0.4718724050544192,4.203558129913116,1.0820886187973422,4.8,0.6910420121092495,0.0,0.6666666666666666,0.3343936343627813,0.2469135802469135,43.14705882352941,1.0287665780053097,,4.05,0.0419578444335002,1.25,0.0005671316213295,0.1232492997198879,0.8403361344537815,0.8515406162464986,0.5714285714285714,1.0,0,2,1,4,1,copy,1,0,0,-1.0149146827808169,-1.371130547487524,,0.3444040065955741,-0.9255338482425003,0.5820632024457503,-1.6154142982978976,3.480888552842867,1.384799876970401,3.1911144964589355,-0.5379146300706906,3.854680510133767,2.26943820386991,-3.035208417644677,1.8548495885606375,-2.0175180610371077,0.39963199189873716,-1.4352278783616732,0.23500009629304183,,1.4107421186161064,-0.6499263847487949,0.16280811435641956,-0.8387130578388409,-0.04918604525767489,-0.1748679746791173,-0.09316680348350154,-1.686226898691488,0.0
G4_A_Roll04,school_a,4,sentence_02_copy_english,copy_english,latin,0.0,data/processed/school_a/G4_A_Roll04/sentence_02_copy_english.json,0.5970323852167013,0.0123918769820434,0.0259856662723463,-0.0098765432098765,0.1665649374980631,-0.453553025983641,19.94327073949897,17.121144575331556,0.5548030704310554,3.745228049025518,1.058608864223186,-0.2198581560283688,-17.217900435692833,0.4074074074074074,0.2222222222222222,0.6124437682504587,0.5802469135802469,65.95945945945945,0.6105099963428102,0.3070921985815602,,,,,0.6770083102493074,3.5412742382271465,5.390027700831025,0.1428571428571428,3.0,0,2,1,4,1,copy,1,0,0,0.3875130170773065,0.6744907594765952,-0.15347499947614657,0.06080775387728355,-0.6744907594765952,0.7352556805933167,-2.113605797723643,-0.5817254988146923,0.9782512345203137,0.024035446444784808,-1.7666106194320075,-0.14527299969329138,-2.037734584424456,-0.09159751054620441,0.0658286777266949,0.928105309855265,0.6875241336436337,0.4299513607486088,-0.6217577087455984,-0.6322262306960372,,,,,0.34723307319057306,-0.000822158110608151,1.1841134486445475,-0.6744907594765952,0.0
G4_A_Roll04,school_a,4,sentence_03_dictated_hindi,dictated_hindi,devanagari,0.0,data/processed/school_a/G4_A_Roll04/sentence_03_dictated_hindi.json,0.2031776374709124,0.0162707897299372,,-0.1944444444444444,0.123611014780869,4.244657825617304,21.22927611627045,19.459317269123897,0.3179127430333747,3.36418072945019,1.0794453482778934,6.800000000000001,0.269563276173873,0.0,1.0,0.1150274493764878,0.1851851851851851,51.75,1.138399717320529,,4.766666666666668,0.0367442946803365,0.0,0.0001090556319565,0.0924369747899159,0.6218487394957983,0.7142857142857143,0.6666666666666666,1.0,0,2,1,4,1,dictated,0,1,0,-1.3363908603154853,0.660370249236044,,-0.6729886444899948,-0.7795443159492578,1.0104394215169945,-0.09971646780675353,-0.5541831243153301,0.09398719045672448,0.1708034260195286,-0.33550714490348954,3.480486019110535,0.008462205293545763,-2.929504641905809,3.93452943028014,-1.7127126594494309,-0.5662222365034079,0.31780516987869717,1.1223278581851552,,3.291229910150234,-1.659225925326891,-1.528433188905679,-0.6727202836458708,-0.43464016239326303,-0.3848038530201084,-0.5869469757683754,0.6744907594765952,0.0
G4_A_Roll04,school_a,4,sentence_04_dictated_english,dictated_english,latin,0.0,data/processed/school_a/G4_A_Roll04/sentence_04_dictated_english.json,0.346135521208406,-0.0015804122873788,,-0.0169753086419753,0.1265742993635696,4.588497617763385,22.0876594172757,17.920822704068673,0.5189154803983698,3.074817518248175,1.0791516628036697,0.5082458770614693,6.100854313784441,0.1739130434782608,0.217391304347826,0.2619442103399336,0.3580246913580246,36.36842105263158,0.7947600225213284,0.5287356321839081,,,,,0.5134209023415192,0.9605939463163906,1.2918332381496287,3.4285714285714284,1.0,0,2,1,4,1,dictated,0,1,0,-0.12294210446384331,0.07205758250835605,,-0.6299347930691026,-0.49943628955865327,1.1940855594121331,-0.0018684567071432902,0.46701301197762485,0.2447734751036237,-0.08789953928023722,0.47372653161067124,0.07198928576819057,0.3961036520763533,-0.8737360285607194,0.030658670885299596,-0.35545587362287256,-1.01594114052374,0.07914942585694777,0.8037576101470592,1.3701118129106196,,,,,0.0654275508009265,-0.5105140155379109,-0.5196683631646227,5.0,0.0
G4_A_Roll04,school_a,4,sentence_05_own_hindi,own_hindi,devanagari,0.0,data/processed/school_a/G4_A_Roll04/sentence_05_own_hindi.json,0.7033150209272883,0.0001019338583888,,0.1710758377425044,0.1265915939677344,4.021712026924487,20.37972818973097,27.857869587122345,0.4161356954555126,3.12625250501002,1.0775238694396696,-0.1195652173913043,-22.114876635311383,0.5,0.1666666666666666,0.5297558590065425,0.5679012345679012,,0.936386836294004,,0.1428571428571428,0.0237302864442193,1.8571428571428568,0.0138290342579273,1.018648018648019,1.983682983682984,2.358974358974359,,1.0,0,2,1,4,1,own,0,0,1,-0.02874543410881897,-0.8882277819533664,,1.2873628623418296,-0.40152870188740114,0.5746003246523782,-0.33549091750368587,1.1208758325911634,0.6425139137292678,-0.10099752664882791,-0.8380725575022354,-0.15152949725983145,-4.246028061365803,0.5058680696074472,-1.6862268986914875,1.0875223875669509,5.0,,0.24498631772136353,,-0.9836574246867633,-0.6699488932319774,2.463038365217933,0.4074036362215878,5.0,0.39933521689527285,0.7619409737574696,,0.0
G4_A_Roll04,school_a,4,sentence_06_own_english,own_english,latin,0.0,data/processed/school_a/G4_A_Roll04/sentence_06_own_english.json,0.4653157351152643,-0.0044720989577406,,0.0617283950617283,0.1509003613886174,-2.3885467247386,24.07739977500972,22.78565717093585,0.4756434736955265,4.011019283746557,1.070991490707322,0.125925925925926,24.556113114102292,0.4,0.2,0.2829406327519076,0.3333333333333333,,0.5298684836246847,0.4343434343434343,,,,,0.3218116805721097,0.8045292014302742,1.4481525625744935,,1.0,0,2,1,4,1,own,0,0,1,-0.0023975308240925222,-0.27362335321115067,,-0.017287873436683292,-0.5292116922608179,0.04304015801985749,0.7343802215727162,2.777438654094304,0.08899240513469078,2.37845158715752,-0.3508754345174861,-0.673080399755723,5.0,-0.28174930459148884,-0.33576493469993784,-0.07567501519241333,-1.4314730049978228,,0.125020650285232,0.2962524569267054,,,,,0.20068850646854225,-0.1803516378924157,0.1345190255495677,,0.0
G4_A_Roll05,school_a,4,sentence_01_copy_hindi,copy_hindi,devanagari,0.0,data/processed/school_a/G4_A_Roll05/sentence_01_copy_hindi.json,0.7164123683218937,-0.0438062372312819,,-0.2056277056277056,0.2981266823846007,3.2016820738986747,22.737425813810358,25.81819670600736,0.3054281278707178,2.785046728971963,1.08278113595326,-1.584848484848485,-3.421858404208537,0.6,0.2,0.4885600701530218,0.8571428571428571,66.70588235294117,1.3374246757697978,,0.1717171717171717,0.0175484365739161,5.6,0.0005768827252798,0.837748344370861,5.245033112582782,2.4403973509933774,0.4285714285714285,1.0,3,0,1,4,2,copy,1,0,0,-1.557340685079245,-1.6761878659510814,,-0.42433954869591634,2.4160030461970377,0.7807875345571406,0.40029748829913125,1.2076982905272946,-0.41537432171996264,-1.2980992512322878,-0.47587590294456494,-0.34636011973122466,0.3124021258974634,0.6070416835289353,-0.7419398354242549,0.25954110560030064,5.0,0.3361396571817786,2.849660063107141,,-1.2366402686891433,-1.495897865709834,5.0,-0.8380924422443886,5.0,5.0,4.720550747904954,-1.8548495885606369,0.0
G4_A_Roll05,school_a,4,sentence_02_copy_english,copy_english,latin,0.0,data/processed/school_a/G4_A_Roll05/sentence_02_copy_english.json,1.058624088813962,-0.0060968520688368,0.0200945317657913,0.0877922077922078,0.2290594265380179,-5.434457524490815,22.48433330735379,21.38068334613286,0.4472263449954369,3.897247706422017,1.0801689138280348,-1.5166981726528046,-4.570766593413753,0.5869565217391305,0.217391304347826,0.7789124240754839,0.448051948051948,112.47297297297295,0.8231516875104844,0.6525109538254129,,,,,0.7167851284855112,4.527063969382176,4.564789502460361,0.2142857142857142,4.0,3,0,1,4,2,copy,1,0,0,2.07761794939498,-0.20050677189226623,-0.29210651929079556,1.2118690371709584,0.287803689266369,0.018396583471427638,-0.12767548249546878,1.2103213099503862,-0.651360629031655,0.43790926298123345,0.6639559589168194,-1.07045561925216,-0.32570312797834955,0.95797238302473,0.04121447648975648,2.1084141994935033,-0.224974812471715,2.9425024366343684,0.2829500352392292,0.6768595599601954,,,,,0.4485398779910476,0.6856968041268059,0.620416048278629,-0.4046944556859573,0.6744907594765952
G4_A_Roll05,school_a,4,sentence_03_dictated_hindi,dictated_hindi,devanagari,0.0,data/processed/school_a/G4_A_Roll05/sentence_03_dictated_hindi.json,3.765369088935224,-0.0396341463414634,,-0.1948051948051948,0.1706528428088919,2.544812821446584,18.092694155372268,15.791310457295898,0.3203138920538708,2.7546468401486988,1.0784443202117378,-15.866666666666664,-2.302425165152396,0.6666666666666666,0.3333333333333333,0.7346731886908764,0.1948051948051948,49.5,1.602885406115329,,2.7666666666666666,0.060373738492053,3.75,0.0502054951273064,0.2129032258064516,0.9870967741935484,0.8129032258064517,0.5,1.0,3,0,1,4,2,dictated,0,1,0,1.4227245027971696,-1.90254275829379,,-0.6759928744631957,-0.005241835904404871,0.6124558594557028,-1.7311159058072523,-1.7384332718073654,0.14568540202536018,-1.427562009382809,-0.46673775573358084,-5.0,-0.25517334649240137,1.5805231229526189,0.0,2.9343199388506678,0.35616933583960064,0.10480808793871954,3.782173040648902,,0.6977654406134636,-0.023674621008864083,4.203191269490618,3.5599055608254178,1.6067225150836562,0.6507810951394276,-0.2837400935855915,0.22483025315886518,0.0
G4_A_Roll05,school_a,4,sentence_04_dictated_english,dictated_english,latin,0.0,data/processed/school_a/G4_A_Roll05/sentence_04_dictated_english.json,0.0793322908189166,-0.0067641246473927,,0.0487012987012987,0.0803202394600842,-3.163585100224863,20.549057747539734,16.754606198511127,0.539020110623054,3.103168155970755,1.073984194385449,1.0517241379310345,0.6709305550715123,0.3333333333333333,0.0,0.1868370462707395,0.7532467532467533,41.36842105263158,0.4058846046753414,0.3362068965517241,,,,,0.283695652173913,3.309782608695652,2.584782608695652,0.5714285714285714,1.0,3,0,1,4,2,dictated,0,1,0,-1.1716199638235514,-0.5948563087198252,,0.6203626068233661,-1.0603792779670709,-0.04467124791093468,-1.1820248290209379,-0.10280229608460528,0.6071014177174766,-0.01553318051245683,-0.06118959208936695,1.2432104653169875,-0.7514195520429591,-0.22158360690386358,-0.7358081012471944,-0.8437575983629335,1.4893347523916138,0.7329925090230348,-1.1122470359328067,-0.010665865808382025,,,,,-0.5957465921509498,2.896431093501598,1.3083502028069756,-0.33724537973829766,0.0
G4_A_Roll05,school_a,4,sentence_05_own_hindi,own_hindi,devanagari,0.0,data/processed/school_a/G4_A_Roll05/sentence_05_own_hindi.json,0.0845748005086734,0.0217937390641512,,-0.2792207792207792,0.0389610389610389,5.874303485894968,21.093349572180127,17.373029547804663,0.2924469859320086,2.5069060773480665,1.0786970263613291,-7.066666666666667,-2.4002343542871345,0.3333333333333333,0.3333333333333333,0.3135137369373041,0.1948051948051948,,1.228315425559674,,3.2333333333333334,0.0679738271923163,2.0,0.0003146542980288,0.4385964912280701,1.0745614035087718,0.986842105263158,,1.0,3,0,1,4,2,own,0,0,1,-0.6173313882377665,0.3261825800251743,,-1.7876542168411462,-1.8749354354646879,0.8934601823689544,0.17005084569805842,-0.7662215866621187,-0.6468679329446927,-1.466613671937588,-0.6055152714405767,-5.0,-0.48258398916953094,-0.6744907594765952,0.0,-0.33645560553448634,-0.023321182756792208,,1.2307396286756733,,1.0034743093828002,0.36938895548841716,2.826437468282875,-0.667921033414303,1.919666849833047,-0.4694371315756727,-0.38605137008561374,,0.0
G4_A_Roll05,school_a,4,sentence_06_own_english,own_english,latin,0.0,data/processed/school_a/G4_A_Roll05/sentence_06_own_english.json,,,,,,5.788731306384478,21.041258828195613,18.178416747637566,0.4800635947517702,2.943143812709029,1.0704862500853063,,,,,,0.5324675324675324,,,,,,,,0.2140992167101827,1.552219321148825,1.7663185378590078,,1.0,3,0,1,4,2,own,0,0,1,,,,,,1.4432662654728035,-0.7248493851437778,0.29606167170300746,0.14977679526217494,0.018677528162174595,-0.4221082087909364,,,,,,1.2849356614762737,,,,,,,,-0.34755349389748935,1.552650338229959,0.750982024824541,,0.0
G4_A_Roll06,school_a,4,sentence_01_copy_hindi,copy_hindi,devanagari,0.0,data/processed/school_a/G4_A_Roll06/sentence_01_copy_hindi.json,0.3972389553763614,-0.0066493133532741,,0.050767414403778,0.1408901831176398,-2.0039425632268766,21.55277728224869,19.48472148223512,0.513919234087757,2.1116751269035534,1.0829613927352613,-1.3369230769230769,-2.6608941539559585,0.6,0.1,0.4580906398729731,0.8441558441558441,70.1470588235294,0.7104781103433575,,0.1020979020979021,0.0182842271273121,2.4,0.0357481133512276,0.8739495798319328,3.4593837535014007,3.1316526610644257,1.5714285714285714,1.0,0,3,2,3,1,copy,1,0,0,-2.065341788439,-0.19630849241131693,,1.8067417100658318,-0.7249450554950514,-0.25914323583616994,-0.6612964832027991,-0.5461988888157232,1.8395563759218199,-3.429142435872701,-0.45972770904691224,-0.18323256637704233,0.6744907594765952,0.6070416835289353,-1.2983947119924462,-0.19049651228822545,5.0,0.5948787354072264,-2.4612392712200264,,-1.2841635763919792,-1.4703971314145055,3.158477418514539,1.4004042770802088,5.0,5.0,5.0,-0.5058680696074463,0.0
G4_A_Roll06,school_a,4,sentence_02_copy_english,copy_english,latin,0.0,data/processed/school_a/G4_A_Roll06/sentence_02_copy_english.json,0.5275120748500118,-0.052057743078502,0.082477191406299,0.0601503759398496,0.0775859182715403,-0.9058706843892304,22.072843823233825,18.220949256048897,0.5683986081423105,3.737131091283458,1.06415274455584,-0.3593004769475358,-12.077921973309769,0.4117647058823529,0.0588235294117647,0.5747236799433886,0.4805194805194805,49.94594594594594,1.0174721011215146,0.3428165007112376,,,,,0.373109243697479,3.4823529411764707,3.461624649859944,1.3571428571428572,2.0,0,3,2,3,1,copy,1,0,0,0.13296637221491672,-2.3756517514253934,1.1758964445561153,0.8861001283017909,-2.0445958290857584,0.6701574583097741,-0.4492690753684365,-0.11902247522567547,1.1842014477835803,0.0019914630518983807,-1.1416227136581674,-0.24475297416320665,-1.3419401915765086,-0.06612654504672512,-0.766710481757974,0.6606594334761677,-0.0008619724615775168,-0.43506113922949297,1.109707864538131,-0.49683643037655056,,,,,-0.4267615492900894,-0.04185584554567328,-0.13312536656823373,3.9120464049642516,-0.6744907594765952
G4_A_Roll06,school_a,4,sentence_03_dictated_hindi,dictated_hindi,devanagari,0.0,data/processed/school_a/G4_A_Roll06/sentence_03_dictated_hindi.json,2.2775408999047,0.0067398030672862,,-0.1785714285714285,0.1607804096774679,1.4431968561778157,20.862252384275717,18.046731286355588,0.3613292474523259,3.218806509945751,1.0791402337054177,-1.3777777777777775,-8.20589213161101,0.4666666666666667,0.4666666666666667,0.3558852316166961,0.1948051948051948,73.75,1.0601944425801275,,1.7333333333333332,0.0598703161038615,0.4285714285714285,0.0600837902302791,0.0809352517985611,0.5125899280575539,0.8228417266187049,0.1666666666666666,1.0,0,3,2,3,1,dictated,0,1,0,0.2703188362407816,0.22343048311049396,,-0.5408025256691742,-0.1677408241066678,0.3545352579858405,-0.29061290143209895,-1.0102496597002149,1.0287711675702338,-0.21040774489792036,-0.37550639474762537,-0.7788464474254937,-0.8602941729102197,0.22751479349509068,0.7869058860560281,0.09360003603193102,0.35616933583960064,2.400443304402923,0.6744907594765952,,-0.6421912019805334,-0.05851983997340161,-0.8733903936603882,4.3945183112193344,-0.6295427831945613,-0.6945845221286447,-0.2531834328223486,-0.6744907594765952,0.0
G4_A_Roll06,school_a,4,sentence_04_dictated_english,dictated_english,latin,0.0,data/processed/school_a/G4_A_Roll06/sentence_04_dictated_english.json,0.3259030989628074,0.005574255101683,,0.0439560439560439,0.1257505114815302,-2.4016682227597657,20.1737437442101,16.28440404710341,0.4783112066501918,3.05673991472614,1.0573444807474743,0.1666666666666666,10.870700125204507,0.75,0.1666666666666666,0.3926233433650812,0.5844155844155844,38.81578947368421,0.6780934340370985,0.2547008547008547,,,,,0.226890756302521,1.8907563025210088,2.092436974789916,1.8571428571428568,1.0,0,3,2,3,1,dictated,0,1,0,-0.20246622873775968,0.9925459772135325,,0.5300263377951963,-0.5094267214759819,0.07708051260422653,-1.4699025958012633,-0.3325438427692143,-0.4870013849205964,-0.13404348690280976,-1.783667679680398,-0.6641299567344328,1.404130466429496,1.4829056769720093,-0.14818357594561565,0.49414145619946387,0.41912967521519695,0.39918840866982175,0.22893668982187151,-0.5952109359189669,,,,,-0.7592372328873781,0.8384675034152795,0.6122541450977275,2.6979630379063795,0.0
G4_A_Roll06,school_a,4,sentence_05_own_hindi,own_hindi,devanagari,0.0,data/processed/school_a/G4_A_Roll06/sentence_05_own_hindi.json,0.7235403866771196,0.0259451299229885,,0.1277056277056276,0.0980211241364428,2.3135975809257165,17.499621495609787,23.91242412525273,0.3939929722193807,3.5779816513761467,1.081215787815219,0.2039215686274509,8.292286731099527,0.4,0.2,0.3646071347814695,0.6623376623376623,,0.5725439535339901,,0.1013071895424836,0.021767438187565,1.1666666666666667,0.0506029075615635,0.1818181818181818,2.4545454545454546,2.363636363636364,,1.0,0,3,2,3,1,own,0,0,1,-0.009505750305142191,0.5585971728989727,,0.9911933341527618,-0.8819082068177919,0.28060721215175843,-2.375808447449479,0.410761045815337,0.41168908350360456,0.8950340770270987,-0.10621605823322293,0.0755503059817977,1.5585742789855341,-0.20234722784297796,-1.3489815189531893,0.0,5.0,,-0.9835995061269683,,-1.0103734469732661,-0.7160587309606271,0.706609367070719,3.333461160044656,-0.06726184592812066,0.8492995599918602,0.7658414328017544,,0.0
G4_A_Roll06,school_a,4,sentence_06_own_english,own_english,latin,0.0,data/processed/school_a/G4_A_Roll06/sentence_06_own_english.json,0.4515930811628943,0.005651939390307,,0.0927643784786641,0.1837296816214775,0.8413936095691122,20.923086807638263,16.04176907215815,0.5559360410327873,2.6323529411764697,1.072961084843038,0.837719298245614,1.808880444801089,0.5,0.3333333333333333,0.4250546679264382,0.4935064935064935,,0.5984343514318141,0.206766917293233,,,,,0.3449319213313161,1.1497730711043872,1.264750378214826,,1.0,0,3,2,3,1,own,0,0,1,-0.06077545800609332,0.6641326091301146,,0.3338941873280143,0.0479813228274389,0.5961150032678194,-0.7816452039491397,-0.8546984090177119,1.1931555434884047,-0.6681031464632425,-0.07318664947867028,0.012583021243382668,0.10824164522624674,0.15652739143971633,0.3937983802036309,1.3453357814475548,0.7534644006443858,,0.47450192666145924,-0.7933311602947167,,,,,0.31836743227066555,0.6198572890552769,-0.22083217296510624,,0.0
G4_A_Roll07,school_a,4,sentence_01_copy_hindi,copy_hindi,devanagari,0.0,data/processed/school_a/G4_A_Roll07/sentence_01_copy_hindi.json,1.7412565546427918,-0.0037333605620712,,-0.2510822510822511,0.1838587910749194,5.84426569456154,24.161248378409333,20.660474770998544,0.3148008322694673,3.3286985539488323,1.0820886187973422,-3.472727272727272,-5.019432585800534,0.3636363636363636,0.4545454545454545,0.4276306503709612,0.1948051948051948,68.47058823529412,1.001025042349848,,1.9833333333333332,0.0896253614700629,2.0,0.0068945891968859,0.1092436974789916,0.7226890756302521,0.6974789915966386,1.7142857142857142,1.0,2,2,2,4,3,copy,1,0,0,0.07381641105298138,-0.08017244185760135,,-0.8198727572714836,0.13339361412023998,1.308698056738419,1.6762214529151356,-0.2206034923065027,-0.3140040558503909,0.4224151168752345,-0.5379146300706906,-1.5885282793923015,-0.44776952771431,-0.827784113903094,0.6744907594765952,-0.6403946886046699,-0.41965066310702254,0.4688263639640597,0.0,,0.0,1.0021153285581983,2.116505486633454,-0.4359977484092358,-0.17215115840186151,-0.4080252742512737,-0.5599232644998543,-0.33724537973829766,0.0
G4_A_Roll07,school_a,4,sentence_02_copy_english,copy_english,latin,0.0,data/processed/school_a/G4_A_Roll07/sentence_02_copy_english.json,1.0122049916500393,0.0374852141643114,0.0441427629862572,-0.1452494873547505,0.243804876518136,-4.887557888622029,23.635930445434585,21.269146604682877,0.4952699463394001,3.735668125912027,1.0676596354315104,-0.3719966859983429,-12.454347196502397,0.5588235294117647,0.1764705882352941,0.7369680132347626,0.461038961038961,85.51351351351352,0.6759947399273185,0.3172720533728688,,,,,0.5369747899159664,3.997478991596639,2.9434173669467785,2.7142857142857144,4.0,2,2,2,4,3,copy,1,0,0,1.907655741540981,1.8620579539477407,0.27380193844985695,-1.534610977414942,0.5148551441716634,0.09710718298255852,0.7723384315166327,1.1633962618804767,0.07642154132953005,-0.0019914630518983807,-0.74627428392154,-0.25381061565908475,-1.3928965450983746,0.7935185405607005,-0.16728228692901237,1.8110167060099318,-0.13532967646765978,1.486215569582629,-0.343145578130773,-0.5936460926579682,,,,,-0.00941557642466997,0.31688577082474134,-0.48709843616871806,5.0,0.6744907594765952
G4_A_Roll07,school_a,4,sentence_03_dictated_hindi,dictated_hindi,devanagari,0.0,data/processed/school_a/G4_A_Roll07/sentence_03_dictated_hindi.json,2.215122057722504,-0.0024437153257356,,-0.1925133689839572,0.1722454033111846,8.14748805009725,20.4465122182333,18.27969703981083,0.2632525559186269,3.2200772200772203,1.0805021710371898,0.383333333333333,24.005166425644177,0.5625,0.3125,0.3035119206631308,0.1948051948051948,58.392857142857146,0.8284600377259054,,1.5688888888888888,0.0465569209312872,0.5384615384615384,0.0540185596108362,0.1005586592178771,0.6536312849162011,1.1899441340782124,0.1666666666666666,1.0,2,2,2,4,3,dictated,0,1,0,0.2219719720255507,-0.19757990341968035,,-0.6569071781628634,0.020971506523787774,1.9242064244189847,-0.5068477333896279,-0.9350344973400142,-1.0828801733421318,-0.20707559357999453,-0.19696208215192576,0.13841468837064802,2.441423696386448,0.8758312846934897,-0.12295404469625425,-0.29917355674935003,0.35616933583960064,0.9466536975110124,-0.6525202878646476,,-0.855431613920223,-0.9800286580780564,-0.7054307025718519,3.882069679517364,-0.2970140361580428,-0.29469104603730684,0.8755002531798609,-0.6744907594765952,0.0
G4_A_Roll07,school_a,4,sentence_04_dictated_english,dictated_english,latin,0.0,data/processed/school_a/G4_A_Roll07/sentence_04_dictated_english.json,0.7775261785015866,-0.0007420701748723,,0.1004329004329004,0.2501218490453098,2.701661642986045,22.28099060022397,19.43171192805347,0.5272976256021245,3.230154767848228,1.0682637828810884,0.0995670995670995,57.45306548103883,0.5,0.4285714285714285,0.4864498075334234,0.4285714285714285,40.60526315789474,0.435309266340757,0.2949494949494949,,,,,0.3361629881154499,1.3820033955857385,1.5500848896434634,0.2857142857142857,1.0,2,2,2,4,3,dictated,0,1,0,1.5726514248107994,0.17991503323130945,,1.6051864239129112,0.9988782772841717,0.892575501652578,0.14642270403397276,1.2052359787338771,0.3958374535217949,0.3086062199395813,-0.6533442218287786,-0.8087326755254791,5.0,0.4602121066464856,0.775226392385437,1.1041448406629537,-0.5687519344861109,0.6331954068555794,-0.9672705579323568,-0.3065557184438694,,,,,-0.44473991853190187,0.10064118246016726,-0.15454284133217103,-1.0117361392148927,0.0
G4_A_Roll07,school_a,4,sentence_05_own_hindi,own_hindi,devanagari,0.0,data/processed/school_a/G4_A_Roll07/sentence_05_own_hindi.json,0.2429525437767228,0.0104366888140641,,0.0194805194805194,0.1801094724044564,3.473480835369897,24.018975026908365,28.270499657695243,0.3554303932932954,2.5612052730696795,1.094649771469295,0.9935897435897436,1.253490444097732,0.3333333333333333,0.3333333333333333,0.4856098207193303,0.6753246753246753,,0.6670479275350555,,0.4855769230769231,0.0154675349702281,1.0,0.0001495213354077,0.4234527687296416,2.371335504885993,2.794788273615635,,1.0,2,2,2,4,3,own,0,0,1,-0.4666721744708867,-0.3096390758669269,,0.2521381344203394,0.49831271129789706,0.48024119388534453,2.2426146550603576,1.1951424058878877,0.00969694194295748,-1.3468876913849044,2.556829883795726,0.6298780298543187,0.21489703726295328,-0.6744907594765952,0.0,0.7968159035477288,5.0,,-0.6644885704552586,,-0.7632935360191283,-0.8640515847499173,0.28264374682828763,-0.6810604855388875,1.8024860144972221,0.7697826890273115,1.1265640164672948,,0.0
G4_A_Roll07,school_a,4,sentence_06_own_english,own_english,latin,0.0,data/processed/school_a/G4_A_Roll07/sentence_06_own_english.json,0.6171285332489957,-0.0091664389509287,,0.0692640692640692,0.267266022758396,2.271678105894921,22.3840576482364,18.135235690272665,0.515308523119817,2.6334519572953736,1.0756818452200811,0.7214076246334309,2.0616946838133745,0.6363636363636364,0.2727272727272727,0.3327515021034969,0.4025974025974026,,0.3420588661439408,0.1801075268817204,,,,,0.4163614163614164,0.5677655677655677,1.249084249084249,,1.0,2,2,2,4,3,own,0,0,1,0.6434335529813945,-0.7084444361160904,,0.06798068596670111,1.5166865006458146,0.8410280030726613,-0.07947361755183245,0.2728051293965227,0.6344561623379728,-0.6656745583009097,0.3104074269771813,-0.09945884811423537,0.25257646577629533,0.7541774314822689,0.06217869161109957,0.4223882693502006,-0.4866352079633537,,-0.8322478410511625,-0.9209701426203243,,,,,0.6819339856329246,-0.7291242298979136,-0.251186106764056,,0.0
G4_A_Roll08,school_a,4,sentence_01_copy_hindi,copy_hindi,devanagari,0.0,data/processed/school_a/G4_A_Roll08/sentence_01_copy_hindi.json,1.9788709655930825,0.0074671914720153,,-0.234375,0.149687173799227,2.091775529153393,23.715760536348142,19.253996349891946,0.262114092500564,3.309037900874636,1.0869953155386214,-1.2177777777777783,-8.966374687525901,0.4666666666666667,0.3333333333333333,0.4691291789134009,0.1875,59.6764705882353,1.0435507764063283,,2.3208333333333333,0.0526745702691908,0.8125,0.0355741891895797,0.0840336134453781,0.5966386554621849,0.6722689075630253,2.2857142857142856,1.0,2,3,2,3,4,copy,1,0,0,0.4520070060118574,0.3659211578688831,,-0.6744907594765952,-0.5492168288380729,0.5590608353422544,1.277008357292482,-0.6100924298058806,-0.8838362612581759,0.36019434514882365,-0.09835119453464766,-0.1048384989603124,-2.325837875807305,-0.20234722784297843,0.0,-0.027455793473850475,-0.5345077891645605,-0.19239572483430725,0.36023786578799744,,0.23038328953206588,-0.27851039307766096,-0.9768486861385173,1.3893347563858467,-0.39348836206139864,-0.6578366666500126,-0.6363015944843482,0.33724537973829743,0.0
G4_A_Roll08,school_a,4,sentence_02_copy_english,copy_english,latin,0.0,data/processed/school_a/G4_A_Roll08/sentence_02_copy_english.json,0.9616387811685584,-0.067412670117528,0.117562725855089,-0.1504807692307692,0.2783877948632239,-5.6901050450088295,23.688050628782644,20.83271092237365,0.4330882152939895,3.823779554345977,1.0750140741134606,-0.4189342403628119,-8.757032473830115,0.5102040816326531,0.1632653061224489,0.5176400244360999,0.45,61.45945945945946,0.4564727843461785,0.2425213675213675,,,,,0.7260504201680672,3.549579831932773,3.448739495798319,3.7142857142857135,3.0,2,3,2,3,4,copy,1,0,0,1.7225089958838486,-3.102338978899101,2.0015372372986517,-1.5962635117997885,1.0473653039640407,-0.018396583471427638,0.8130721991363502,0.9797817407321389,-0.8655302256299797,0.23789207432066317,0.08282644592296212,-0.2872964804889193,-0.8923942820136366,0.5093093489925313,-0.2345650434914471,0.2559205010063898,-0.2115280420711062,0.18687189872944646,-1.2771261728973293,-0.8769400922004257,,,,,0.4721374691892756,0.004961983670693841,-0.14192685910965144,5.0,0.0
G4_A_Roll08,school_a,4,sentence_03_dictated_hindi,dictated_hindi,devanagari,0.0,data/processed/school_a/G4_A_Roll08/sentence_03_dictated_hindi.json,,,,,,2.4131854791556235,23.95144291772332,19.65013350778484,0.308515135160831,3.3203125,1.0841979523881142,,,,,,0.1875,,,,,,,,0.1479289940828402,1.0946745562130178,0.8579881656804734,0.3333333333333333,1.0,2,3,2,3,4,dictated,0,1,0,,,,,,0.5816380387596483,1.3161373008485147,-0.49257632520868383,-0.10834907267677374,0.055768867816644224,0.28753946238404626,,,,,,-0.3442717644083642,,,,,,,,0.5057006893101371,0.9557955544449807,-0.14512308894006407,-0.224830253158865,0.0
G4_A_Roll08,school_a,4,sentence_04_dictated_english,dictated_english,latin,0.0,data/processed/school_a/G4_A_Roll08/sentence_04_dictated_english.json,0.4104666238832526,-0.0048777455619024,,0.0,0.2030528718092901,-6.984497357846424,23.043021279166183,16.450897643076516,0.4680796641766599,3.1153388822829973,1.0761360948744385,0.5087209302325582,7.802521553000287,0.375,0.25,0.4215028602676128,0.5375,34.73684210526316,0.8485833949786958,0.3529411764705882,,,,,0.8672268907563025,1.4212885154061623,2.2885154061624653,2.4285714285714284,1.0,2,3,2,3,4,dictated,0,1,0,0.12991316623442845,-0.3521629783683663,,-0.3067727858341558,0.4280524339486092,-0.655240206150995,0.730924449574513,-0.2511947971780209,-0.6713954122053871,0.015533180512455697,0.161566731703487,0.0730130476653102,0.7557224477466422,-0.051134678516276226,0.14562868670517407,0.6818987505658738,0.12173614896136584,-0.1342098960183022,1.0689475063539873,0.10934905095472705,,,,,1.083719492982789,0.15761500026101957,0.8894769204831533,4.04694455685957,0.0
G4_A_Roll08,school_a,4,sentence_05_own_hindi,own_hindi,devanagari,0.0,data/processed/school_a/G4_A_Roll08/sentence_05_own_hindi.json,2.628539014441116,0.0680375346017341,,-0.2104166666666666,0.1662860236660515,3.003725171958169,21.984375690369877,19.91341708969249,0.2871473428884276,3.47085201793722,1.0816256222789171,-2.1866666666666665,-2.7105356060863666,0.6,0.2,0.4422097420180751,0.1875,,1.1869561117561835,,2.3666666666666667,0.060882299082404,1.5,0.0023011295929911,0.1466480446927374,0.7960893854748603,0.8589385474860335,,1.0,2,3,2,3,4,own,0,0,1,1.8026528874155652,2.915130062512207,,-1.3177998736112584,0.2658873609064721,0.3993889243405748,0.8012692003141969,-0.30899393643354317,-0.7021135860084977,0.6588206259939783,-0.024973737745250243,-1.6025841018665274,-0.5418192210358954,1.2140833670578726,-1.3489815189531893,0.5110216448802625,-0.2909317548909905,,1.0910819109333179,,0.44622010968994885,0.20279981173383477,1.5545406075555812,-0.5098593319797048,-0.33940537257176795,-0.7355498214145881,-0.4930616853677548,,0.0
G4_A_Roll08,school_a,4,sentence_06_own_english,own_english,latin,0.0,data/processed/school_a/G4_A_Roll08/sentence_06_own_english.json,0.5652603557027258,0.0106848187620737,,0.0829545454545454,0.2021194516301504,-3.3879211950795765,24.169810509880197,19.25278077985613,0.3886564075825812,3.1733333333333325,1.0777829574521256,0.434375,11.48034793145346,0.5,0.3,0.3933369426411549,0.4,,0.6203237377806765,0.3948863636363636,,,,,0.2726304579339723,1.4994675186368478,1.2949946751863686,,1.0,2,3,2,3,4,own,0,0,1,0.42277968366653884,1.1303114674439763,,0.22289279481896648,0.3713034849312137,-0.12808649551539064,0.7787946551130719,0.8746948523755612,-1.1072317922061692,0.5273466325232353,0.6066386618120158,-0.375954498394213,5.0,0.15652739143971633,0.21140755147773874,1.0281874433548672,-0.5220666253521462,,0.5860724635036599,0.10734114752087624,,,,,-0.04963732317864557,1.4303817999862192,-0.1622322865210336,,0.0
G4_A_Roll09,school_a,4,sentence_01_copy_hindi,copy_hindi,devanagari,1.0,data/processed/school_a/G4_A_Roll09/sentence_01_copy_hindi.json,1.9517000137301088,-0.0683333333333333,,-0.1756756756756756,0.2381856588540952,-8.139178898858512,21.8343257866623,33.50303730893832,0.4381436325251375,4.442724458204332,1.09652694304616,-7.841269841269842,-1.9015888767963536,0.6666666666666666,0.3333333333333333,0.7270598496506223,0.2837837837837837,62.23529411764706,1.0076565758544824,,2.7976190476190474,0.0607106257755097,5.25,0.0136705984265821,0.1067193675889328,1.1027667984189724,0.9130434782608696,0.5714285714285714,1.0,1,2,2,4,2,copy,1,0,0,0.4087613189781416,-2.653048699033573,,-0.1637050534698022,1.218624289042385,-1.4847830953750007,-0.40899363809070466,3.335822232118008,1.020007124176045,3.9480127267004437,0.755533843482031,-4.462899514245123,1.0357900060376377,1.011736139214892,0.0,3.7822151971575986,0.9793298272514618,0.0,0.05617609030424474,,0.555845396966254,0.0,5.0,-0.004734066108685476,-0.19431404045472692,0.3452268372688239,0.0931668034835012,-1.686226898691488,0.0
G4_A_Roll09,school_a,4,sentence_02_copy_english,copy_english,latin,1.0,data/processed/school_a/G4_A_Roll09/sentence_02_copy_english.json,0.3033743743026812,-0.0071810738599203,0.0269284052080071,-0.0617760617760617,0.2652186045109694,-10.278909463046894,21.402667032227697,17.338295161204105,0.4851802073618568,3.49527368652451,1.0723575735193491,1.038277511961723,2.953507056530926,0.2727272727272727,0.3636363636363636,0.7449953772217812,0.5135135135135135,64.66216216216216,0.9928615718274194,0.6616541353383459,,,,,0.2112284602556976,5.175097276264591,4.287937743190661,0.2857142857142857,3.0,1,2,2,4,2,copy,1,0,0,-0.6877074619575945,-0.251818648876543,-0.13129025198927788,-0.550846698853889,0.844585203428906,-0.6788240606434164,-0.9730359525236811,-0.4903672472824113,-0.07642154132953005,-0.6564657975384776,-0.21665345684864523,0.75229743162431,0.6928512208773813,-0.8788818987119273,0.7863534775716081,1.8679329406445098,0.22688512981899403,0.3598743987250667,1.004999628285549,0.7115108602102979,,,,,-0.8390525684384719,1.1369970553628679,0.4313062648304271,-0.13489815189531895,0.0
G4_A_Roll09,school_a,4,sentence_03_dictated_hindi,dictated_hindi,devanagari,1.0,data/processed/school_a/G4_A_Roll09/sentence_03_dictated_hindi.json,0.2032202323661351,-0.275229357798165,,0.072072072072072,0.1211200870247635,-11.825783875306442,23.25212883192275,29.384919058766947,0.3553643151585273,3.5223880597014925,1.0983188711755365,-1.2833333333333334,-2.810060714845241,0.5,0.0,0.8932253704972782,0.4054054054054054,12.107142857142858,0.9951873216699558,,1.1333333333333333,,,,0.106951871657754,1.390374331550802,1.0160427807486632,0.3333333333333333,1.0,1,2,2,4,2,dictated,0,1,0,-1.3363578682005468,-5.0,,1.546487742467698,-0.8205446686144668,-2.7521222334217583,0.9524099630064683,2.650389818523355,0.9003425156685386,0.5856665414908433,2.138733110802088,-0.7296557871462055,-0.3072073199345311,0.45301618173801206,-1.9672647151400697,4.123381866721241,5.0,-3.4350005595399558,0.3022319761599236,,-1.4202305428415636,,,,-0.18867775812317286,1.794190856879313,0.3408275937573849,-0.224830253158865,0.0
G4_A_Roll09,school_a,4,sentence_04_dictated_english,dictated_english,latin,1.0,data/processed/school_a/G4_A_Roll09/sentence_04_dictated_english.json,1.888235796466179,-0.0150533863983028,,-0.2139639639639639,0.176073700176488,-10.389993609421252,24.519053057292695,14.122575387150162,0.3219015727064276,2.585774058577406,1.0812953949172646,-0.3600000000000001,-8.716106214622535,0.4,0.4,0.1688552952283214,0.2027027027027027,12.31578947368421,0.2963114130686484,1.8333333333333333,,,,,0.246189917936694,0.6154747948417351,0.6506447831184056,0.2857142857142857,1.0,1,2,2,4,2,dictated,0,1,0,5.0,-1.661316680316053,,-4.380043294716901,0.10086435160370692,-1.1994270804941365,1.8630877267615156,-1.3888168915373738,-3.305833675715441,-1.3362063605191976,0.6956372971244117,-1.7991213611291872,-2.7352121410015924,0.051134678516276226,0.6744907594765952,-0.9606641565678192,-2.0005127809788843,-3.0661799321104395,-1.6521185077967606,5.0,,,,,-0.7036921561321917,-1.011028096838469,-1.426203782713752,-1.0117361392148927,0.0
G4_A_Roll09,school_a,4,sentence_06_own_english,own_english,latin,1.0,data/processed/school_a/G4_A_Roll09/sentence_06_own_english.json,0.3000291180021213,0.0022771862358483,,0.0527027027027027,0.1202711138074815,-9.28844523680028,23.610331010642305,20.20830008613235,0.4681299737482793,2.926239419588876,1.082080389410105,-0.1241830065359478,-18.74376627677124,0.6666666666666666,0.1111111111111111,0.5247639746409168,0.4594594594594595,,0.6372475740146131,0.2764705882352941,,,,,0.156441717791411,2.920245398773006,2.398773006134969,,1.0,1,2,2,4,2,own,0,0,1,-0.7055479659717959,0.3515404612908145,,-0.11941646397914267,-1.0677238404211373,-1.1384554446235553,0.5098977020597144,1.3893203971668464,-0.014331351433285039,-0.018677528162173617,1.2125242285683455,-0.9140078274660516,-5.0,0.886988551491725,-0.8221404779689839,2.3423379508163498,0.28902555108859174,,0.672333515501946,-0.45960613935193984,,,,,-0.6410224334238365,4.72347182347584,1.9763952012951231,,0.0
G4_A_Roll11,school_a,4,sentence_01_copy_hindi,copy_hindi,devanagari,1.0,data/processed/school_a/G4_A_Roll11/sentence_01_copy_hindi.json,2.02387848171509,0.0168687955775805,,-0.1568627450980392,0.3143534717523537,-9.296371359571872,25.302379084684237,20.44607950196518,0.249038122304732,3.277547950357277,1.0883908867706,-4.8,-3.44830279718443,0.5625,0.4375,0.4622200877858213,0.1851851851851851,85.5,1.213622871960604,,2.2745098039215685,0.06417682994006,1.375,0.0353597257546213,0.134453781512605,0.907563025210084,0.7394957983193278,2.4285714285714284,1.0,3,4,2,2,3,copy,1,0,0,0.5236416313349994,0.7403665785848748,,0.0,2.7401485435771775,-1.7159561305148279,2.6988179836179786,-0.27997488705210993,-1.0252591120024006,0.2605369728620375,0.02667020328336253,-2.4618343049646163,0.2998191246391357,0.3794010522055846,0.5796404964251993,-0.12950400652713712,-0.5709028455696257,1.749253084413072,1.800928075889811,,0.19876205371393918,0.12013031562527644,0.48842434306925864,1.375685086271225,0.04918604525767489,-0.041635232066456564,-0.43262604785903064,0.5058680696074461,0.0
G4_A_Roll11,school_a,4,sentence_02_copy_english,copy_english,latin,1.0,data/processed/school_a/G4_A_Roll11/sentence_02_copy_english.json,,,,,,-15.515673775536207,23.51546610905552,17.428644392590453,0.5362776201658591,4.2163998059194565,1.0843915875421275,,,,,,0.6790123456790124,,,,,,,,1.4930747922437673,2.590027700831025,1.889196675900277,0.2857142857142857,1.0,3,4,2,2,3,copy,1,0,0,,,,,,-1.432506878295579,0.6781912898659679,-0.45235607741346695,0.6976208899215354,1.3068014821638532,1.1399979805658558,,,,,,1.3692698593041,,,,,,,,2.425656925613637,-0.6632847148263845,-1.207207447273844,-0.13489815189531895,-1.3489815189531904
G4_A_Roll11,school_a,4,sentence_03_dictated_hindi,dictated_hindi,devanagari,1.0,data/processed/school_a/G4_A_Roll11/sentence_03_dictated_hindi.json,,,,,,-7.046587294036967,22.810202882867475,24.70195251051451,0.403388390375861,3.5079726651480656,1.0809598005895749,,,,,,0.7037037037037037,,,,,,,,0.5682515337423313,4.065184049079755,2.5789877300613497,0.5,1.0,3,4,2,2,3,dictated,0,1,0,,,,,,-1.6331721676581474,0.7225553780109719,1.138450471086758,1.9343303189165169,0.5478654137827694,-0.13696875356921626,,,,,,5.0,,,,,,,,5.0,5.0,5.0,0.22483025315886518,0.0
G4_A_Roll11,school_a,4,sentence_04_dictated_english,dictated_english,latin,1.0,data/processed/school_a/G4_A_Roll11/sentence_04_dictated_english.json,1.3435898775502453,0.2334801762114537,,-0.0987654320987654,0.1843603027539269,-13.425049139234364,22.09253133200985,12.874425311866077,0.2847305722869749,2.751048767697955,1.0814546642726697,-44.4,-0.1359004023902073,1.0,0.0,0.7531609801286204,0.1851851851851851,41.23684210526316,0.6917641796286618,2.955555555555556,,,,,0.1929260450160771,0.4823151125401929,0.4340836012861736,0.7142857142857143,1.0,3,4,2,2,3,dictated,0,1,0,3.7975812628528605,5.0,,-2.1869881006556646,0.2013595648507328,-1.6844187704609326,0.0018684567071432902,-1.9986650769014442,-3.9757336916004884,-0.914334760575177,0.7121242379864208,-5.0,-0.9219297261505573,2.5055992472975332,-0.7358081012471944,2.838140887507387,-2.111554695315931,0.715786112097611,0.2962929969237638,5.0,,,,,-0.8569913494202287,-1.2041448675788058,-1.7323858112419754,0.0,0.0
G4_A_Roll11,school_a,4,sentence_05_own_hindi,own_hindi,devanagari,1.0,data/processed/school_a/G4_A_Roll11/sentence_05_own_hindi.json,2.255670815091563,0.0448540337726015,0.0549273532203384,-0.0379867046533713,0.1504724289033006,5.182448707379773,25.428198028975093,20.339182536869167,0.3318602305352305,3.5109060402684564,1.0903238535531674,-3.1833333333333336,-5.5897837512899855,0.4583333333333333,0.375,0.4531069428116058,0.1851851851851851,,0.5847380581423482,,3.1578947368421053,0.0587622270640541,0.5,0.0526769973154628,0.1322233104799216,2.218413320274241,2.0568070519098924,,2.0,3,4,2,2,3,own,0,0,1,1.4479563966491853,1.6172074891360835,0.5717701599846631,-0.14029807106720674,0.0,0.7743811943008121,3.24093266896884,-0.23236321306901084,-0.23600810341224907,0.7471369819722968,1.6992943642702985,-2.3022196985769146,-1.091455841877778,0.21077836233643657,0.4215567246728719,0.582780902363995,-0.3757301666372216,,-0.9424237548172085,,0.9549683770208719,0.1529965850158451,-0.989253113899006,3.4984942496888,-0.45102273776915663,0.6236475973567331,0.5091331601291047,,5.0
G4_A_Roll11,school_a,4,sentence_06_own_english,own_english,latin,1.0,data/processed/school_a/G4_A_Roll11/sentence_06_own_english.json,0.8352845839323246,-0.0013850031517916,,-0.1888162672476397,0.1996779865522589,-6.318642504416178,20.269033982255927,17.716176828768692,0.4637759018189644,3.242811501597444,1.068991838124645,0.3009523809523809,5.024970836384705,0.6,0.1333333333333333,0.3434065103138726,0.4320987654320987,,0.0401586938046316,0.8571428571428571,,,,,0.0727650727650727,5.675675675675676,5.53014553014553,,2.0,3,4,2,2,3,own,0,0,1,1.5714973287865657,0.01232405224347923,,-2.852280715177481,0.328378545287463,-0.6299249404579539,-1.0959959748367585,0.047107549573100295,-0.07420745062309311,0.6808783724899479,-0.6328020944896897,-0.5044791699807352,1.9443479949140863,0.5948040874709215,-0.7005465921517225,0.528928638052256,-0.08420429441163703,,-2.3710376345987645,2.320518099199909,,,,,-1.0669253383278015,5.0,5.0,,5.0
G4_A_Roll12,school_a,4,sentence_01_copy_hindi,copy_hindi,devanagari,0.0,data/processed/school_a/G4_A_Roll12/sentence_01_copy_hindi.json,2.021157808569112,-0.0117767944716444,,-0.1471153846153846,0.3536327045729647,3.9838871574588217,22.37065196262737,19.71575921285204,0.3188126087742348,3.303639120545868,1.1077931540117332,-3.849999999999999,-4.078401657613153,0.5833333333333334,0.4166666666666667,0.6067543802932682,0.1875,65.26470588235294,1.0143226571608004,,2.6564102564102563,0.0640944698984796,1.7692307692307692,0.0249765350851835,0.1008403361344537,0.7478991596638656,0.7647058823529411,1.8571428571428568,1.0,2,4,4,4,0,copy,1,0,0,0.519311367898321,-0.400524900911752,,0.08481890487063556,3.5247884480458693,0.9370491154154625,0.07162202131727119,-0.4822187815706715,-0.27061478061070243,0.3431086320156128,1.764810482863284,-1.8367625263871714,0.0,0.5058680696074465,0.4637123971401596,2.0052870973894588,-0.5345077891645605,0.22777884664291592,0.11264483696404066,,0.45945385376765263,0.11727591429163513,1.5153678336251357,0.7148399058210761,-0.24593022628837446,-0.3580629957715259,-0.3562477178745368,-0.16862268986914922,0.0
G4_A_Roll12,school_a,4,sentence_02_copy_english,copy_english,latin,0.0,data/processed/school_a/G4_A_Roll12/sentence_02_copy_english.json,0.6124044328753252,0.1211802382364206,0.1815475217923255,-0.0557692307692307,0.2757383735373545,1.9376039241191925,22.23700188326385,15.710936993989169,0.5514102923764231,3.775656324582339,1.0682029348979645,0.6451612903225806,2.817874494484569,0.2,0.0,0.4169966881018927,0.775,49.94594594594594,0.5850282919316278,0.533498759305211,,,,,1.0420168067226891,5.870028011204482,5.244817927170868,0.9285714285714286,3.0,2,4,4,4,0,copy,1,0,0,0.4437973336393097,5.0,3.5072420376116273,-0.4800540396224469,1.0065693318162345,1.0793945037410375,-0.32097374253139765,-1.1750193110847793,0.9268561827947772,0.10687648655105116,-0.685025560036371,0.4718431804716675,0.6744907594765952,-1.3040154683214176,-1.0664245791724547,-0.4576686366567145,2.0318414864303658,-0.43506113922949297,-0.7301724565033689,0.22582101501718857,,,,,1.276866114304136,1.6209573887889719,1.0849246664461887,2.2932685822204233,0.0
G4_A_Roll12,school_a,4,sentence_03_dictated_hindi,dictated_hindi,devanagari,0.0,data/processed/school_a/G4_A_Roll12/sentence_03_dictated_hindi.json,2.212636217028265,0.0001460604193412,,-0.2363636363636363,0.1478443591938987,8.290783961948968,22.625381665033597,20.33740128085463,0.293908760710953,3.590133982947625,1.090690308502203,0.1599999999999999,26.52101426286077,0.5,0.3,0.4320869490785349,0.1875,41.392857142857146,0.9468743083915344,,2.363636363636364,0.0604113240181673,0.5,0.0353465013483589,0.0494641384995878,0.6430338004946414,0.6677658697444353,1.8333333333333333,1.0,2,4,4,4,0,dictated,0,1,0,0.22004655017690003,-0.07885389441100372,,-1.0220801673758888,-0.38066656256747433,1.9577561994206119,0.6264261409422185,-0.2706855263694082,-0.422833275912312,0.7633149774623471,1.1386603124221075,0.022093244651389714,2.6993046892077293,0.45301618173801206,-0.19672647151400693,0.665074739438152,-0.3442717644083642,-0.6626575882577075,0.025570845970211642,,0.17514305508560055,-0.021073076226449477,-0.7642165944528395,2.304475799246271,-1.1628370092957223,-0.3247380122431732,-0.7299757016556938,3.822114303700706,0.0
G4_A_Roll12,school_a,4,sentence_04_dictated_english,dictated_english,latin,0.0,data/processed/school_a/G4_A_Roll12/sentence_04_dictated_english.json,0.2620898190996655,-0.0186674536192459,,-0.0854166666666666,0.2836609625356768,5.73395825989626,22.350002112846536,16.35851339050554,0.5591606553741149,2.891986062717768,1.0702573832460551,0.4870967741935484,3.863714872858088,0.2,0.0,0.4502360931896548,0.775,42.21052631578947,0.6426301576386966,0.3521505376344085,,,,,0.9617728531855956,1.957894736842105,2.713573407202216,0.8571428571428571,1.0,2,4,4,4,0,dictated,0,1,0,-0.45328618180920444,-2.1262868534436605,,-1.9328652495118195,1.4056216115798463,1.3771263265946312,0.19935672717104108,-0.2963338953540176,0.9700766160284783,-0.5545855741559558,-0.44697450785534026,0.026411975706638714,-0.07667820147991103,-0.7670201777441428,-0.7358081012471944,0.8687049942454397,1.6272265604124214,0.8431134493457436,0.05420771692633315,0.10367874696950317,,,,,1.355833009599444,0.9358359966750605,1.4904392900980596,0.33724537973829743,0.0
G4_A_Roll12,school_a,4,sentence_05_own_hindi,own_hindi,devanagari,0.0,data/processed/school_a/G4_A_Roll12/sentence_05_own_hindi.json,2.1116631246451125,-0.0754388335906916,,-0.15,0.2745071340906583,8.51156419089783,21.41215202506421,18.392354824710697,0.2759509339941813,3.2178631051752924,1.08224040954487,-1.4088888888888889,-5.839115258453587,0.3333333333333333,0.2666666666666666,0.4153795936622032,0.1875,,0.8829603376403183,,1.575,0.0528878658534778,0.4,0.0305000358704849,0.093984962406015,0.6954887218045113,1.1090225563909777,,1.0,2,4,4,4,0,own,0,0,1,1.3109669120703675,-5.0,,-0.9052223083606338,2.0855005403807265,1.3473738442758503,0.39589603210619156,-0.5827599322910717,-0.8188295452241344,0.10099752664882791,0.09689679418073072,-1.056603145682279,-1.1390522004254446,-0.6744907594765952,-0.6744907594765952,0.33434218740538924,-0.2909317548909905,,0.06458141776605822,,-0.06281016887563658,0.015000261937441578,-1.2436324860444647,1.73389729369735,-0.7469078195003748,-0.8316855602866946,-0.283829283196639,,0.0
G4_A_Roll12,school_a,4,sentence_06_own_english,own_english,latin,0.0,data/processed/school_a/G4_A_Roll12/sentence_06_own_english.json,0.4304920511531846,0.0574826560951436,,0.190625,0.2294411235299083,4.197869451178661,22.95074041352029,16.802854251403442,0.5092047176391192,2.606232294617564,1.0749879599561671,0.9473684210526316,0.594037590086868,0.0,0.0,0.2309982863158149,0.7125,,0.7372435784482647,0.381578947368421,,,,,0.6627906976744187,1.6569767441860466,1.877906976744186,,1.0,2,4,4,4,0,own,0,0,1,-0.15054194178158053,5.0,,1.4412183623636095,0.8516630558640502,1.1708569998795342,0.19288536814872673,-0.4447915945462341,0.5505181685862116,-0.7258241315646274,0.2125780557384382,0.11820692219148547,-0.5853273804612854,-2.03485608871631,-1.4301099070552914,-0.5950511274662947,3.7407757792369596,,1.18201467873462,0.043628322748636685,,,,,1.936225989471847,1.795457908303682,0.967190384810409,,0.0
G4_A_Roll13,school_a,4,sentence_01_copy_hindi,copy_hindi,devanagari,0.0,data/processed/school_a/G4_A_Roll13/sentence_01_copy_hindi.json,1.9470580955966263,-0.0113210103016914,,-0.1620879120879121,0.111495621106607,3.297924573354254,21.61068349013768,20.202474165890983,0.2464247823650606,3.288856833754057,1.1013791515284608,-0.9435897435897436,-9.965206582593982,0.3846153846153846,0.3846153846153846,0.482481755684682,0.1923076923076923,57.02941176470589,0.9883643057154926,,2.971428571428572,0.0700224164275335,0.9285714285714286,0.0058811210650744,0.0504201680672268,0.6722689075630253,0.6470588235294118,2.0,1.0,3,2,4,1,2,copy,1,0,0,0.40137317373210524,-0.3823720098351414,,-0.04546799542664629,-1.3121292918463616,0.8000139566640337,-0.609405243252961,-0.3474352775514296,-1.0535236291813916,0.29632660048306153,1.1902159815636362,0.07556908229712753,-2.8011107627273044,-0.7004327117641564,0.28536147516317495,0.16976357648449764,-0.45891805663096724,-0.3914257850077284,-0.10724980639738169,,0.6744907594765952,0.3227243107906326,-0.6744907594765952,-0.5005006119094502,-0.6886046336074481,-0.5079498312107692,-0.7126799244688423,0.0,0.0
G4_A_Roll13,school_a,4,sentence_02_copy_english,copy_english,latin,0.0,data/processed/school_a/G4_A_Roll13/sentence_02_copy_english.json,0.3599548659987373,0.026028184571124,0.1651933348085304,0.0743589743589743,0.227645846238869,-1.0601629900835088,22.40443494277828,18.87546179005073,0.4992094882826757,3.5708390646492414,1.0649777628590795,-1.242753623188406,-2.9775742999707417,0.5,0.1666666666666666,0.8638524875986429,0.5897435897435898,58.0,0.908619741359605,0.9739130434782608,,,,,0.3313019390581717,4.45983379501385,5.581163434903047,0.2857142857142857,4.0,3,2,4,1,2,copy,1,0,0,-0.48053959619391906,1.3198426084109576,3.122391582342991,1.0535535600526806,0.26603728241001834,0.647951482871778,-0.19011888170763744,0.1563399902823163,0.13609917384461023,-0.45073890683162754,-1.0486144900625751,-0.8750199967865209,-0.1100340794368009,0.44966050631773025,-0.21723463649809274,2.7106627823630585,0.7530766072648324,0.0,0.6465833836950583,1.8949257542950544,,,,,-0.533239760422456,0.6388766881530829,1.3146729848198668,-0.13489815189531895,0.6744907594765952
G4_A_Roll13,school_a,4,sentence_03_dictated_hindi,dictated_hindi,devanagari,0.0,data/processed/school_a/G4_A_Roll13/sentence_03_dictated_hindi.json,2.589460787122765,0.0456378643507168,,-0.1987179487179487,0.1587536377863821,0.8981535547190579,19.899877246990457,18.71405373469076,0.2421888026782027,2.814645308924485,1.090325523878399,1.084444444444444,3.998769462697521,0.4666666666666667,0.3333333333333333,0.2803517158846414,0.1923076923076923,36.535714285714285,0.932712375076074,,2.625,0.0663354566344873,0.7333333333333333,0.0050840140587298,0.0883652430044182,0.6627393225331369,0.9278350515463918,0.5,1.0,3,2,4,1,2,dictated,0,1,0,0.5119181339230982,2.0066781574065873,,-0.7085772149417545,-0.2011012305266325,0.2269246381587535,-0.7911635893099441,-0.7947983946378604,-1.536395703681019,-1.270229529021165,1.0908385673365155,0.503583001738071,0.3907156069459882,0.22751479349509068,0.0,-0.47286348917433496,0.11670229301978312,-1.1224608127630564,-0.05552648600838776,,0.5140617073546092,0.38897562846505895,-0.40758218370818117,-0.252388263557188,-0.5036377549096147,-0.2688670969196207,0.06962636242008836,0.22483025315886518,0.0
G4_A_Roll13,school_a,4,sentence_04_dictated_english,dictated_english,latin,0.0,data/processed/school_a/G4_A_Roll13/sentence_04_dictated_english.json,0.4086930555914873,0.0051560488597141,,0.1089743589743589,0.2579122673945228,-2.604483899934124,21.691166274861235,16.83645344421156,0.5388335569739922,3.4018077239112565,1.0675832394376643,0.2666666666666666,11.544075029319089,0.2,0.0,0.3344150939725931,0.7307692307692307,44.18421052631579,0.5724032788775802,0.3391812865497076,,,,,0.631578947368421,2.3684210526315788,2.1157894736842104,0.7142857142857143,1.0,3,2,4,1,2,dictated,0,1,0,0.12294210446384353,0.9387413806624528,,1.7677917081636143,1.093356049805714,0.04467124791093468,-0.30599129616789184,-0.06281159684429469,0.6037393265426441,0.7467586002690586,-0.7237914178836721,-0.4486252596974542,1.5464369447300785,-0.7670201777441428,-0.7358081012471944,0.11570633719715324,1.3468518279154633,1.1012094032270936,-0.29180290707067263,0.010665865808382025,,,,,0.4054991976770664,1.5312077716666916,0.6452707523316005,0.0,0.0
G4_A_Roll13,school_a,4,sentence_05_own_hindi,own_hindi,devanagari,0.0,data/processed/school_a/G4_A_Roll13/sentence_05_own_hindi.json,3.172332982243942,0.0280152218650098,,-0.1072261072261072,0.202732219044764,1.4892236513710564,18.02821495312035,19.00987845277476,0.3605831773001731,2.8662420382165603,1.0963615902496904,-3.846666666666666,-2.526937970946741,0.6,0.4,0.4872226556522436,0.1923076923076923,,1.0665457201341195,,2.333333333333333,0.0574704429319916,0.6363636363636364,0.0035887641471205,0.1346801346801346,0.5387205387205387,0.7912457912457913,,1.0,3,2,4,1,2,own,0,0,1,2.319945089904433,0.6744907594765952,,-0.6131249532663885,0.8786881092318178,0.1387196132371388,-2.0013436750940414,-0.4716159147879251,0.0634116761648186,-0.6743026682278787,2.896167207258782,-2.767863456922623,-0.5067711881177155,1.2140833670578726,0.6744907594765952,0.8074365977445719,-0.11481197664882599,,0.684492948497932,,0.4247872558556082,0.12265090928267647,-0.6423721518824714,-0.40740363622158776,-0.4320120412852438,-0.9814959547966206,-0.5496967259677044,,0.0
G4_A_Roll13,school_a,4,sentence_06_own_english,own_english,latin,0.0,data/processed/school_a/G4_A_Roll13/sentence_06_own_english.json,0.4664428901009694,0.0688073394495412,,0.1623931623931624,0.1496946998986068,0.0217334394874827,22.714770653687975,18.0001244498029,0.5701560995911243,4.031690140845072,1.061170493389472,1.526315789473684,0.032510656606278,0.0,0.0,0.1385099596536652,0.7307692307692307,,0.9961199377957176,0.4385964912280702,,,,,0.434640522875817,1.9248366013071896,1.9869281045751637,,1.0,3,2,4,1,2,own,0,0,1,0.0023975308240922863,5.0,,1.1217661066785736,-0.5504091884519962,0.45576150605036064,0.07947361755183416,0.20003664080872727,1.388706202858848,2.424129715067774,-1.7355164443627678,0.6759011191974675,-0.9059101510148121,-2.03485608871631,-1.4301099070552914,-1.5198500791579643,3.989988104428322,,2.5015114397596667,0.31661510754055505,,,,,0.7749721871655237,2.4163055689488897,1.1784244471168062,,0.0
G4_A_Roll14,school_a,4,sentence_01_copy_hindi,copy_hindi,devanagari,1.0,data/processed/school_a/G4_A_Roll14/sentence_01_copy_hindi.json,0.5412450501445225,0.0264444588810469,,-0.0134028294862248,0.1627499734016528,2.7340057083080573,23.638579082273612,32.32750233953317,0.4058681329223668,2.3988005997001505,1.1050911850355345,-1.0584415584415583,-2.6820600284035785,0.8125,0.0625,0.4734283688315513,0.9746835443037974,82.8529411764706,1.055047118313326,,0.0320855614973262,0.0135224861254896,1.1875,0.0128000871754118,0.9058823529411764,4.615686274509804,3.105882352941176,2.4285714285714284,1.0,2,4,1,4,0,copy,1,0,0,-1.8361395677476438,1.121744398161293,,1.248349535926263,-0.2882750258514636,0.6873595452060013,1.2078440742377745,3.0102872936816696,0.6709322108305813,-2.520466186294712,1.5227562397514383,0.0,0.6644194288527159,1.897005261027923,-1.507065290705518,0.036043824728124466,5.0,1.5502230242396509,0.4576240194860285,,-1.331955201089461,-1.6354276438479733,0.0,-0.060138342422015545,5.0,5.0,5.0,0.5058680696074461,0.0
G4_A_Roll14,school_a,4,sentence_02_copy_english,copy_english,latin,1.0,data/processed/school_a/G4_A_Roll14/sentence_02_copy_english.json,0.3077859093108233,0.0027189290797734,0.0038451463797462,0.1806674338319907,0.2136273059140786,0.7183593205115867,23.12856472229623,19.78630011264283,0.5948338529964702,3.774250440917108,1.0996828485649917,1.0062893081761004,0.3929679734087755,0.0,0.0,0.3668907787576773,0.6708860759493671,40.7027027027027,0.765147110227803,0.6020583190394511,,,,,2.4958448753462603,4.815512465373962,4.844875346260388,0.2142857142857142,2.0,2,4,1,4,0,copy,1,0,0,-0.6715547516331941,0.21670885828404587,-0.6744907594765952,2.3064369084162983,0.05017883246892681,0.9039190281572679,0.3758141651587434,0.5395422563330731,1.5846522744451654,0.10304896550475817,2.8638543104057868,0.7294766289084914,0.3462332827394844,-2.4731327847475164,-1.0664245791724547,-0.8129334156583995,1.3131768565598845,-0.9343594936472323,0.03616310476458178,0.4856515659042721,,,,,4.979592548753994,0.8865767239198443,0.8117349454662446,-0.4046944556859573,-0.6744907594765952
G4_A_Roll14,school_a,4,sentence_03_dictated_hindi,dictated_hindi,devanagari,1.0,data/processed/school_a/G4_A_Roll14/sentence_03_dictated_hindi.json,2.440625480705498,0.0331752486711813,,-0.1301989150090416,0.2031653044682,0.5033990856454681,24.18075221049515,20.56921289625414,0.300363430721047,2.9679144385026737,1.0801143576692898,-3.333333333333333,-4.289281214065281,0.3846153846153846,0.3076923076923077,0.2522107306635902,0.189873417721519,54.60714285714285,1.0316723080541597,,2.2285714285714286,0.0619279559142919,1.7142857142857142,0.0056562519860408,0.297029702970297,1.188118811881188,1.1386138613861383,0.8333333333333334,1.0,2,4,1,4,0,dictated,0,1,0,0.3966369127690095,1.435340417352061,,-0.13796951166775073,0.5299091297461854,0.13450104109193367,1.4354056815316487,-0.19584298822525836,-0.2838602705139955,-0.8683157333621265,-0.24780279968849697,-1.7973824720319354,-0.45883129547769697,-0.3275655467951777,-0.1513280550107744,-0.6839067795150385,-0.11670229301978312,0.5882776548818424,0.5111607281266006,,0.0,0.08390312616080058,1.0917379920754848,-0.20404013613092561,3.0322890054554335,1.220737335013375,0.7176815077607662,1.1241512657943256,0.0
G4_A_Roll14,school_a,4,sentence_04_dictated_english,dictated_english,latin,1.0,data/processed/school_a/G4_A_Roll14/sentence_04_dictated_english.json,0.279578549144557,0.0211389128559102,,0.0962025316455696,0.1436583388264416,-0.3007824014224929,22.230203459972728,17.445483269438654,0.2933879874504942,2.7988614800759017,1.0957773290663606,0.4351851851851852,6.166004923731484,0.25,0.25,0.2742798229993176,0.6835443037974683,36.26315789473684,0.7546523437310191,0.2444444444444444,,,,,1.0426098535286286,2.44474034620506,2.157123834886818,0.7142857142857143,1.0,2,4,1,4,0,dictated,0,1,0,-0.3845462195545379,2.9950271620450755,,1.5246521315774282,-0.2922507544859009,0.41279501763023013,0.10746735361544461,0.23476138023765086,-3.819708766521261,-0.7922905253992109,2.1947504898434276,-0.08545993691291598,0.4098721394435644,-0.5624814636790381,0.14562868670517407,-0.27525712012243087,1.047497407968244,0.0653843083166087,0.6061454819971992,-0.6687678639242043,,,,,1.5884906490257173,1.641890939915162,0.7037107666215898,0.0,0.0
G4_A_Roll14,school_a,4,sentence_05_own_hindi,own_hindi,devanagari,1.0,data/processed/school_a/G4_A_Roll14/sentence_05_own_hindi.json,,,,,,-0.8666880923347825,20.98870735186084,17.1933959808682,0.3987986006159159,2.3203125,1.0739383575104575,,,,,,0.189873417721519,,,,,,,,0.2083333333333333,1.40625,0.8854166666666667,,1.0,2,4,1,4,0,own,0,0,1,,,,,,-0.26676950836785507,0.09592048208142828,-0.7985526512568935,0.4617849252358358,-1.8780396372017125,-1.5488358901855792,,,,,,-0.20398654791068066,,,,,,,,0.13791013896026064,-0.1524697564535283,-0.4709088075992176,,0.0
G4_A_Roll14,school_a,4,sentence_06_own_english,own_english,latin,1.0,data/processed/school_a/G4_A_Roll14/sentence_06_own_english.json,0.2938656971808861,0.0774550484094052,,0.130801687763713,0.1916931087189965,5.858794561574521,23.74335016264051,17.339702723092373,0.540805950794009,3.577981651376146,1.0821776330265234,-1.1111111111111112,-3.7476659402887016,0.5,0.0,0.2104417123236605,0.6835443037974683,,0.6397695063745794,0.3024691358024691,,,,,1.6322418136020151,2.856423173803526,2.856423173803526,,1.0,2,4,1,4,0,own,0,0,1,-0.7317679474085466,5.0,,0.7642984855007733,0.1879913645904049,1.4552634604705577,0.5738293469524793,-0.1556546452469391,0.9850903579345273,1.4215319844967083,1.2262343941330824,-1.8647057782742291,-3.064060391649858,0.15652739143971633,-1.4301099070552914,-0.8005981274435,3.3457883564319935,,0.6851878432933592,-0.3351311193985545,,,,,5.0,4.575544173937995,2.863116022801472,,0.0
G4_A_Roll15,school_a,4,sentence_01_copy_hindi,copy_hindi,devanagari,0.0,data/processed/school_a/G4_A_Roll15/sentence_01_copy_hindi.json,1.8579517663788183,0.0155004821156139,,-0.1819277108433735,0.1438844053825567,9.159754192414162,21.130713726041037,20.69101253008393,0.3006357299281188,3.8333333333333335,1.0888498208774695,-0.189473684210526,-42.16195115244257,0.4736842105263157,0.2631578947368421,0.5230059444722596,0.180722891566265,52.8235294117647,0.9214020560257632,,2.333333333333333,0.0754732274198705,0.9444444444444444,0.0122311449707965,0.0761851015801354,0.4232505643340857,0.8465011286681715,0.4285714285714285,1.0,0,2,0,4,3,copy,1,0,0,0.2595502282015236,0.6858696327249494,,-0.21810857912995255,-0.6651326278279397,1.971035191692869,-1.0395184747246682,-0.21214682552705696,-0.4672063899177889,2.01945084579005,0.06778353539600132,0.5717550470234234,-5.0,-0.1597478114549835,-0.3904946502232921,0.7683113412836364,-0.6410619904468561,-0.7076624361721657,-0.6744907594765952,,0.23891600395917925,0.5116363349639471,-0.6331426669416317,-0.09634905316061178,-0.4623960129373454,-1.0014636090459004,-0.10843480674350707,-1.8548495885606369,0.0
G4_A_Roll15,school_a,4,sentence_02_copy_english,copy_english,latin,0.0,data/processed/school_a/G4_A_Roll15/sentence_02_copy_english.json,0.4313707671330349,0.046309730639802,0.1276031971370632,-0.0150361445783131,0.3283622748118618,1.58877392795978,22.96579801119564,16.62009687244522,0.4397454257145104,3.058548009367679,1.074381280816716,0.9292149292149292,1.1146392413108903,0.1428571428571428,0.0476190476190476,0.5179326935689897,0.6686746987951807,59.87837837837838,0.9410618986894508,0.4972972972972972,,,,,1.0146814404432134,3.7204986149584487,6.057340720221607,0.3571428571428571,4.0,0,2,0,4,3,copy,1,0,0,-0.21905229949350222,2.2796869921757916,2.2378118957581794,0.0,1.8168757899629773,1.0291903779299896,0.2486062207445579,-0.792523189670695,-0.7646843499490426,-1.8454523133607732,0.011488658382578187,0.6744907594765952,0.4439252916380886,-1.6380489873003032,-0.8237988812654942,0.2579956062420305,1.2979124377176503,0.10146560126325416,0.7846121531556142,0.08862284961332917,,,,,1.2072462015353511,0.12399242377497952,1.6399365249435982,0.13489815189531895,0.6744907594765952
G4_A_Roll15,school_a,4,sentence_03_dictated_hindi,dictated_hindi,devanagari,0.0,data/processed/school_a/G4_A_Roll15/sentence_03_dictated_hindi.json,3.1163821802940173,-0.0078636267679966,,-0.0795180722891566,0.202056901069293,7.470926733830698,21.77282727778644,21.330533112118843,0.3140949683573714,3.478135788262371,1.100446307903976,-0.2000000000000001,-54.88153520067476,0.5714285714285714,0.4285714285714285,0.3270235639830779,0.180722891566265,50.92857142857143,0.9735951428806012,,2.4266666666666667,0.068313454451113,0.8,0.0091915537931475,0.0607287449392712,0.4757085020242915,0.8805668016194332,0.3333333333333333,1.0,0,2,0,4,3,dictated,0,1,0,0.9200480536257284,-0.4460510136860352,,0.28408663388798117,0.5116649513917095,1.7658035806655925,0.1829954365771432,0.04995633118143664,0.011788159394245943,0.4696249196092609,2.4176312064845153,-0.16540997806025065,-5.0,0.9362334422585578,0.5620756328971624,-0.12284801133643443,-0.9940785682528688,0.24004433044029283,0.17858585720030823,,0.2568764807922132,0.5258860413676375,-0.30568663778113575,0.09465593783167281,-0.9719524506048454,-0.7991541461604672,-0.0757033915514053,-0.224830253158865,0.0
G4_A_Roll15,school_a,4,sentence_04_dictated_english,dictated_english,latin,0.0,data/processed/school_a/G4_A_Roll15/sentence_04_dictated_english.json,0.2247989212190233,-0.0464647232287489,0.065711041762009,0.0791738382099827,0.2804803701754618,0.3665536822419576,21.40876380118688,13.832812288961115,0.550394819586569,2.637844611528823,1.0667168700781715,0.4235294117647058,5.799247134046239,0.4,0.2,0.6782272038075333,0.7168674698795181,53.76315789473684,0.7017931034948104,0.2929171668667467,,,,,0.7,2.0,2.566666666666667,1.0,2.0,0,2,0,4,3,dictated,0,1,0,-0.5998591408621541,-5.0,0.4236053012258344,1.2004738284138943,1.3670491924847272,0.5194330846484552,-0.5226029672842784,-1.5303956192202934,0.8120977220773332,-1.2032937836314554,-0.8134745861132593,-0.1105786761100367,0.3323640393933553,0.051134678516276226,-0.030658670885299596,2.3509664258919383,1.2587298585607363,2.3538350993979136,0.34570590357946873,-0.3211311699642784,,,,,0.6024223952817872,0.9968997684690744,1.2827372289941925,0.6744907594765951,5.0
G4_A_Roll15,school_a,4,sentence_05_own_hindi,own_hindi,devanagari,0.0,data/processed/school_a/G4_A_Roll15/sentence_05_own_hindi.json,1.8956074033448145,0.0159674638536107,,-0.216867469879518,0.1773640830558309,11.026758067548029,19.859487154325503,21.959974291074225,0.2767276322616968,3.4940855323020927,1.091538983780402,1.0571428571428572,3.135529403841631,0.3571428571428571,0.2142857142857142,0.2588997120711731,0.180722891566265,,0.891451647612506,,1.9111111111111112,0.0516107744801993,0.4166666666666667,0.0233240467407513,0.0487540628385698,0.4225352112676056,0.8613217768147345,,1.0,0,2,0,4,3,own,0,0,1,1.105440652955488,0.0,,-1.3618515704410923,0.45215215517398444,1.7802779029418492,-0.7040386891892095,0.05935243781720026,-0.8107329238725529,0.7100489223260371,1.9401721041871385,0.6744907594765952,0.5741705287991451,-0.5058680696074465,-1.2044477847796344,-0.6960949245528426,-0.5391969844612735,,0.09325396724289568,,0.1533044406206296,-0.015000261937441578,-1.2012359240202217,1.1629115612302363,-1.096900669333303,-1.092524668656661,-0.49106776020815646,,0.0
G4_A_Roll15,school_a,4,sentence_06_own_english,own_english,latin,0.0,data/processed/school_a/G4_A_Roll15/sentence_06_own_english.json,0.1042292871117231,-0.0017048505586614,0.0453962374436745,0.0688468158347676,0.1353683465021858,-0.3775757839198395,22.330446010193075,14.067532177230309,0.4539074543997509,2.652152399802078,1.0549793829170733,2.71,1.0049128038448818,0.0,0.4,0.3711237768037457,0.4819277108433735,,0.4378439622916909,0.7050000000000001,,,,,0.1833180568285976,0.6599450045829515,1.53987167736022,,2.0,0,2,0,4,3,own,0,0,1,-1.5385055199290343,-0.01730234806439694,0.024618488597713102,0.06325933020378646,-0.8022898565086957,0.38738628419369314,-0.10524043499141093,-1.917986958946388,-0.2099158509698932,-0.6243506208981894,-2.608387618147222,1.816132254712426,-0.35075356658941764,-2.03485608871631,0.7585800376554156,0.8060760351202948,0.5955171183088045,,-0.34402974172369116,1.5920933620221784,,,,,-0.5042254709557714,-0.5154700141346956,0.3122295445360597,,5.0
G4_A_Roll16,school_a,4,sentence_01_copy_hindi,copy_hindi,devanagari,0.0,data/processed/school_a/G4_A_Roll16/sentence_01_copy_hindi.json,2.343710671757099,0.0240939098045539,,-0.0784313725490195,0.2772747683818018,1.865229535841869,20.648758413022325,19.729668853727237,0.2742851648753178,2.948218262806236,1.1155154021518427,-3.0666666666666664,-5.35809439190634,0.3571428571428571,0.5,0.5167788920007014,0.196078431372549,59.02941176470589,0.4887524997340636,,1.5733333333333333,0.0807676890494911,1.4285714285714286,0.0070819635113726,0.0753768844221105,0.7753050969131372,0.7322325915290739,2.142857142857143,1.0,3,4,0,0,4,copy,1,0,0,1.032691254020941,1.0281271464691049,,0.6824886736205874,1.999466300536357,0.513803605753749,-1.4714110075753346,-0.4783668552530133,-0.7522003117971854,-0.7817044641091985,2.4566033735817445,-1.3213524633496303,-0.6089145362710064,-0.8672024050413366,0.9274247942803189,0.6763369316865552,-0.39963199189873716,-0.24104751732114318,-4.339489289205566,,-0.27987303320932433,0.6951296655464385,0.6279741553747612,-0.42407218365647076,-0.46949192445705196,-0.3037488940406106,-0.45463119485623843,0.16862268986914872,0.0
G4_A_Roll16,school_a,4,sentence_02_copy_english,copy_english,latin,0.0,data/processed/school_a/G4_A_Roll16/sentence_02_copy_english.json,1.014550822620044,-0.0170664185361222,0.0325075731699716,-0.1418439716312056,0.2027285421831894,-1.816708347438548,21.63549961861592,16.45455794614473,0.4757347844912996,2.894280762564992,1.0665106628969483,0.6418604651162788,9.501917449793613,0.3720930232558139,0.3488372093023256,0.3864164834996747,0.326797385620915,58.91891891891892,0.7056727663826405,0.4,,,,,0.3041362530413625,3.117396593673966,3.421532846715328,0.1428571428571428,4.0,3,4,0,0,4,copy,1,0,0,1.9162449351115993,-0.7196524391064446,0.0,-1.4944757523936174,-0.11764108249494526,0.5390683629549368,-0.7910690472098512,-0.8621677029773275,-0.21950428626153692,-2.292670216166865,-0.8758034034333713,0.4694883286226158,1.5793038134407598,-0.29803080069896104,0.7109497194483035,-0.6744907594765952,-1.0619557064703573,0.04963784810000923,-0.2168771111482354,-0.2801194593305729,,,,,-0.6024275178301365,-0.29601699678409504,-0.16051096899577835,-0.6744907594765952,0.6744907594765952
G4_A_Roll16,school_a,4,sentence_03_dictated_hindi,dictated_hindi,devanagari,0.0,data/processed/school_a/G4_A_Roll16/sentence_03_dictated_hindi.json,0.6100888327090084,-0.0378048910114903,,0.0143790849673202,0.2960142191836478,-0.3257784894968913,19.48120162350276,27.96216738664997,0.3197971592057657,2.5373134328358207,1.0732205384928983,2.993055555555556,0.6628804545320568,0.25,0.75,0.3325764764194127,0.4705882352941176,47.285714285714285,,,,,,,0.1269393511988716,1.447108603667137,2.208744710860367,0.1666666666666666,1.0,3,4,0,0,4,dictated,0,1,0,-1.0212155123586963,-1.8186821440307912,,1.0660363834086208,2.0581904051000555,-0.05963374421309043,-1.0089252117949334,2.191041195692041,0.13455982677877174,-1.997469954296598,-1.1515537853570381,1.4976683746174548,0.04877824625128882,-1.2382442300838985,2.4590808939250874,-0.08120395010928014,5.0,-0.10480808793871886,,,,,,,0.15002037855637196,1.955049102967025,4.007878485895475,-0.6744907594765952,0.0
G4_A_Roll16,school_a,4,sentence_04_dictated_english,dictated_english,latin,0.0,data/processed/school_a/G4_A_Roll16/sentence_04_dictated_english.json,,,,,,-1.50209007579508,20.10388443324266,9.533710325049007,0.2998965956066622,1.9000266951414844,1.063580357399916,,,,,,0.196078431372549,,,,,,,,0.1588235294117647,0.1676470588235294,0.1323529411764706,0.5714285714285714,1.0,3,4,0,0,4,dictated,0,1,0,,,,,,0.22083008208260332,-1.5234869072090529,-3.6309439293184798,-3.702409886803063,-3.086609304257531,-1.1381541134950812,,,,,,-2.042503420854238,,,,,,,,-0.9551420817003485,-1.6604968003755474,-2.158983527415866,-0.33724537973829766,0.0
G4_A_Roll16,school_a,4,sentence_05_own_hindi,own_hindi,devanagari,0.0,data/processed/school_a/G4_A_Roll16/sentence_05_own_hindi.json,1.9482682463677292,0.0185402608796624,,-0.2346405228758169,0.1948509143827028,0.6144639849148102,20.71790516691525,20.42384955953717,0.2482345203732014,2.8660714285714284,1.103172190561036,0.0962962962962966,113.97669880209028,0.3333333333333333,0.4444444444444444,0.3364086282451815,0.196078431372549,,0.3942862082742893,,1.84,0.0848873906568463,0.8888888888888888,0.0007348220297112,0.0173210161662817,0.918013856812933,0.4503464203233256,,1.0,3,4,0,0,4,own,0,0,1,1.155535073057848,0.14403740666428064,,-1.4832214396650922,0.746173059457595,-0.011840156123690652,-0.09592048208142828,-0.21712455235759318,-1.1077568104164957,-0.6746788507253118,4.246246378778945,0.0,5.0,-0.6744907594765952,1.1241512657943247,-0.185690245553289,0.023321182756793225,,-1.5855212399147047,,0.10758101910736999,0.7667103806769421,0.0,-0.634488739176334,-1.3401269082313625,-0.6190366821267077,-0.8349096613691072,,0.0
G4_A_Roll16,school_a,4,sentence_06_own_english,own_english,latin,0.0,data/processed/school_a/G4_A_Roll16/sentence_06_own_english.json,0.5857238888760716,0.0058755931243996,,-0.0612745098039215,0.12878767074252,-2.8912531615897983,21.239435227229983,17.239994721233057,0.4894672844036599,2.821576763485476,1.0604149862964796,1.8571428571428568,1.2905078762417486,0.4285714285714285,0.4285714285714285,0.1438043375221093,0.4052287581699346,,0.4437841360338987,0.3588709677419355,,,,,0.543859649122807,0.7614035087719297,1.631578947368421,,1.0,3,4,0,0,4,own,0,0,1,0.5098341742648186,0.6848489098230758,,-1.409105011320299,-0.9179888736098119,-0.04304015801985757,-0.6296018739480729,-0.20935558508129104,0.27909396399239217,-0.24995938406845494,-1.8420337429964646,0.9945835174866,-0.18770375703190798,-0.15652739143971633,0.9149150337061799,-1.4669111269755757,-0.4507406347917021,,-0.31375258535249345,-0.06509222057419892,,,,,1.3308828970777604,-0.2803087038312968,0.48991711365472745,,0.0
G4_A_Roll17,school_a,4,sentence_01_copy_hindi,copy_hindi,devanagari,1.0,data/processed/school_a/G4_A_Roll17/sentence_01_copy_hindi.json,2.037978014073344,0.0180797670555575,,-0.1754068716094032,0.1509918679576716,-2.956857965584835,22.321913489411838,21.124051061159093,0.2811411737093738,3.55026256564141,1.0877954660009896,-0.2871794871794867,-54.81483790071483,0.4615384615384615,0.3076923076923077,0.4709880510427128,0.189873417721519,53.26470588235294,1.1391125419174672,,3.0047619047619056,0.0744571597898242,1.4615384615384617,0.0192776383610985,0.1764705882352941,0.9495798319327732,1.050420168067227,2.0,1.0,2,1,3,2,0,copy,1,0,0,0.5460826546293552,0.7885969358148449,,-0.16136599290396267,-0.5231543264333501,-0.4495077199417616,0.02794622384035137,-0.09222766087179411,-0.678049308122609,1.1236066664278226,-0.02667020328336253,0.5074675311927438,-5.0,-0.23347757058805227,-0.1426807375815873,0.0,-0.49719133892645717,-0.6744907594765952,1.1697469130144214,,0.6972446646155649,0.47642187000471853,0.7138509629473784,0.35212977616122754,0.41808138469023626,0.041635232066456564,0.5093733552830632,0.0,0.0
G4_A_Roll17,school_a,4,sentence_02_copy_english,copy_english,latin,1.0,data/processed/school_a/G4_A_Roll17/sentence_02_copy_english.json,0.269896577103953,-4.818477602001688e-05,,-0.0280289330922242,0.1588151570595676,0.6794704502559795,24.04236513374365,18.433917723536133,0.4677008452412769,4.055496264674493,1.0783474306332066,-0.0615384615384615,-31.712448630595315,0.5384615384615384,0.0769230769230769,0.2475527341181983,0.569620253164557,21.364864864864863,0.722509254996506,0.3158730158730159,,,,,0.1916058394160584,1.7518248175182485,1.916058394160584,0.2142857142857142,1.0,2,1,3,2,0,copy,1,0,0,-0.8102854669948522,0.08575243687872793,,-0.15312467567100013,-0.7938224127072206,0.8983220847852599,1.0899815225935634,-0.029423698676378826,-0.3412053573796389,0.8687412743606443,0.4586115252297177,-0.03232566016162486,-3.9998489074096986,0.6744907594765952,-0.6744907594765952,-1.6590732145408693,0.6141717454396596,-1.9789442088106615,-0.1452443962895792,-0.5989482370373598,,,,,-0.8890290398412478,-1.247021951490497,-1.1888589500974014,-0.4046944556859573,-1.3489815189531904
G4_A_Roll17,school_a,4,sentence_03_dictated_hindi,dictated_hindi,devanagari,1.0,data/processed/school_a/G4_A_Roll17/sentence_03_dictated_hindi.json,2.763815925372946,0.0105601400904825,,-0.0585443037974683,0.2271374793442415,0.1381163321696019,18.825683348350072,18.007077049560976,0.3778820614921659,2.814113597246127,1.059388442208454,4.41904761904762,7.858449987239348,0.4285714285714285,0.2857142857142857,0.811262016524454,0.189873417721519,46.10714285714285,0.3672425547266514,,1.2666666666666666,0.0666684999265076,1.0,0.0001180895178888,0.1162790697674418,0.988372093023256,2.616279069767442,0.1666666666666666,1.0,2,1,3,2,0,dictated,0,1,0,0.6469658839214742,0.39857050003838207,,0.4587504202876305,0.9244880659119017,0.048977636880851064,-1.3498734666197223,-1.0230523992211098,1.3851634093608438,-1.2716238232240045,-2.9648840063960247,2.2403853398007443,0.7863429699835727,-0.030201078782534387,-0.2810378164485814,3.508697776100108,-0.11670229301978312,-0.21637798800251754,-3.2936503158030974,,-1.2473329115391123,0.41202777455019385,0.0,-0.6719570146499453,-0.03062358157262653,0.6543969968245458,5.0,-0.6744907594765952,0.0
G4_A_Roll17,school_a,4,sentence_04_dictated_english,dictated_english,latin,1.0,data/processed/school_a/G4_A_Roll17/sentence_04_dictated_english.json,0.1516714930661793,-0.01960137618404,,-0.0797468354430379,0.1272905641195117,-1.9319809928460925,22.8958730336438,19.69007046725969,0.5074324521102366,3.781902552204176,1.0688773289475542,0.7463768115942028,0.8553888440148592,0.1111111111111111,0.0,0.2138364779874214,0.5822784810126582,16.94736842105263,0.0206572093929522,0.2021739130434782,,,,,0.4679552390640895,1.4506612410986774,1.4506612410986774,0.5714285714285714,1.0,2,1,3,2,0,dictated,0,1,0,-0.8872886247700309,-2.246441269533014,,-1.824927651583231,-0.49074983709311487,0.1521349559757065,0.6180570693786773,1.3314703871020888,0.03782502750135899,1.7169688290187197,-0.5898323322489502,0.5851726347842838,-0.7124373902004495,-1.130644558304329,-0.7358081012471944,-0.6682234900305866,0.4055827755041032,-2.4605147603355384,-3.0102777297902,-0.9719236813370935,,,,,-0.06542755080092634,0.2002132239540972,-0.2951115902536775,-0.33724537973829766,0.0
G4_A_Roll17,school_a,0,sentence_05_custom,own_english,latin,1.0,data/processed/school_a/G4_A_Roll17/sentence_05_custom.json,,,,,,1.25041057677361,21.264356164714314,12.780447673773368,0.5883329750852392,2.9426433915211976,1.0583047666658223,,,,,,,,,,,,,,0.7374005305039788,,,,1.0,2,1,3,2,0,own,0,0,1,,,,,,0.1847250184024139,-0.13305409418801714,-1.683803896566968,1.5988862265967094,-0.3024590893726837,-1.856664541230136,,,,,,,,,,,,,,2.9176376871212835,,,,0.0
G4_A_Roll18,school_a,4,sentence_01_copy_hindi,copy_hindi,devanagari,0.0,data/processed/school_a/G4_A_Roll18/sentence_01_copy_hindi.json,1.997718353721768,-0.0017203847935858,,-0.167144906743185,0.2384592585757363,2.605170078187122,21.71164083552612,18.65485288980765,0.3114854125145258,3.133498145859085,1.0801143576692898,-2.770833333333334,-4.147353663319925,0.5,0.375,0.5515127675940134,0.1829268292682926,61.26470588235294,0.9615956752826678,,2.0352941176470587,0.0774817301938337,0.7647058823529411,0.0223381395626519,0.1092436974789916,0.6554621848739496,0.8487394957983193,2.4285714285714284,1.0,4,2,3,1,4,copy,1,0,0,0.4820047864549787,0.0,,-0.08947260050513714,1.224089702800122,0.6616219737471891,-0.5189347734150266,-0.7760101902037464,-0.3498619009001606,-0.1953425937572113,-0.7147776093518903,-1.1267029182663038,-0.032809343567215855,0.0,0.2318561985700798,1.1893609852503677,-0.6064102176721266,-0.07297768873025445,-0.33400836826914254,,0.03546932271662889,0.5812462196435892,-1.1013490088816618,0.5469174414558267,-0.17215115840186151,-0.5412580168639345,-0.10165328459288975,0.5058680696074461,0.0
G4_A_Roll18,school_a,4,sentence_02_copy_english,copy_english,latin,0.0,data/processed/school_a/G4_A_Roll18/sentence_02_copy_english.json,0.8518461978444637,0.000766047221097,0.001973484211223,-0.07226738934056,0.1912109784682926,-6.126786990311799,23.094817552321462,18.761725490143807,0.4675045162610672,3.175745118191161,1.0708546283571172,1.3935185185185184,1.3767788192003496,0.25,0.375,0.4564299685194868,0.3292682926829268,37.78378378378378,0.5420350603525712,0.6323731138545954,,,,,0.3490725126475548,1.957841483979764,3.0050590219224285,1.9285714285714288,3.0,4,2,3,1,4,copy,1,0,0,1.320506565680177,0.12428677774544152,-0.7185351401834424,-0.6744907594765952,-0.2949893222541768,-0.08124449094147404,0.34943955764066664,0.10848955758145266,-0.3441794210910342,-1.5263829538679994,-0.38608758837264723,1.005731009249734,0.4794108972245464,-1.011736139214893,0.8442527918448604,-0.1780757535772388,-1.0448998368990454,-1.0920326582002027,-0.9130919457856217,0.6005401367670464,,,,,-0.4879802321434059,-1.103548811536954,-0.4449927256809691,5.0,0.0
G4_A_Roll18,school_a,4,sentence_03_dictated_hindi,dictated_hindi,devanagari,0.0,data/processed/school_a/G4_A_Roll18/sentence_03_dictated_hindi.json,0.4772321593928578,0.0137434762398598,,-0.2804878048780487,0.1265005119989262,2.781600991359352,25.08872864990955,19.56521821742372,0.3129999545638916,3.3947816222348277,1.0802680398350195,1.3066666666666662,7.978423892813111,0.2,0.8,0.3329775066656932,0.1829268292682926,57.57142857142857,0.891403147666202,,5.788888888888889,0.0453292238362598,1.0,5.009747841805649e-05,0.1820128479657387,0.6638115631691648,1.0599571734475377,0.5,1.0,4,2,3,1,4,dictated,0,1,0,-1.1241203936468556,0.5445077677987639,,-1.3895341300491981,-0.7319835608550552,0.6678949136545486,1.907662511241329,-0.5199920172434459,-0.011788159394245943,0.2510473799290782,-0.22765570774944768,0.6193257318069848,0.7986406095404378,-1.5764963124482807,2.754170601196098,-0.07819642418094584,-0.7827592824497825,0.8688928580726074,-0.2920809206617841,,4.616778416802357,-1.0650057570347355,0.0,-0.6777016317600874,1.0832691504684018,-0.26582698127767257,0.475845663954545,0.22483025315886518,0.0
G4_A_Roll18,school_a,4,sentence_04_dictated_english,dictated_english,latin,0.0,data/processed/school_a/G4_A_Roll18/sentence_04_dictated_english.json,0.7455809368831212,0.0006554866729829,,0.0193687230989956,0.191809673282139,-1.92514611245584,23.23704082319748,22.490983783161912,0.4316055039006667,3.607004775983625,1.0661211847571477,0.9739583333333331,2.2596376753499965,0.5,0.25,0.2779900917820441,0.2926829268292683,35.26315789473684,0.6939966891350025,0.7107843137254902,,,,,0.2064220183486238,1.1697247706422018,1.2522935779816513,2.4285714285714284,1.0,4,2,3,1,4,dictated,0,1,0,1.4470897232216697,0.35971862009800115,,0.06195308338343938,0.2917013029506138,0.15322714692859943,0.8797436051401272,2.700001252812489,-1.3287368954196654,1.2705338900408643,-0.8751376011678905,1.0756215037203425,-0.4156729806212525,0.4602121066464856,0.14562868670517407,-0.2511351782503417,-1.4301365087988362,-0.0653843083166087,0.30729266002990624,2.6757286346668656,,,,,-0.8181484769238982,-0.2072189884094362,-0.5755709642453953,4.04694455685957,0.0
G4_A_Roll18,school_a,4,sentence_05_own_hindi,own_hindi,devanagari,0.0,data/processed/school_a/G4_A_Roll18/sentence_05_own_hindi.json,2.9765496436435077,-0.0082947503881607,,-0.1124661246612466,0.2796765692891456,0.7520477639750367,22.80608957915633,19.64192372720511,0.2541007184044787,3.236692015209125,1.0816682292622366,-1.4916666666666665,-4.803760225338163,0.5,0.375,0.523497643390061,0.1829268292682926,,0.6857900547181052,,1.7703703703703704,0.0811550390169427,0.875,0.0162721890736192,0.1294964028776978,0.9496402877697842,0.6906474820143884,,1.0,4,2,3,1,4,own,0,0,1,2.133703240175117,-1.3583140776095186,,-0.6489083513672542,2.172418632245609,0.011840156123690633,1.383385569583808,-0.3578582416373517,-1.046605155753253,0.14251397429745485,-0.016527668660104716,-1.114711118876174,-0.9414071857985609,0.5058680696074472,0.4215567246728719,1.046311354172171,-0.45846032443841905,,-0.6012021552004487,,0.06281016887563658,0.6790326257212131,-0.03533046835353581,0.6018028356557408,-0.47212331662256307,-0.588813916222424,-0.6338621469676514,,0.0
G4_A_Roll18,school_a,4,sentence_06_own_english,own_english,latin,0.0,data/processed/school_a/G4_A_Roll18/sentence_06_own_english.json,1.3363823493583964,-0.001651104744374,,-0.1036585365853658,0.1561304704776873,-5.724776016820735,24.046188878154915,22.62888421612761,0.2735054937194255,3.691550451189499,1.0733481623731485,0.606060606060606,6.16330764371787,0.3636363636363636,0.2727272727272727,0.2537615758289624,0.2195121951219512,,0.9411548633311492,1.273148148148148,,,,,0.1323529411764706,0.75,1.0588235294117647,,1.0,4,2,3,1,4,own,0,0,1,3.7032313915007498,-0.01232405224347925,,-1.8886938056773521,-0.43725784085760966,-0.5282349456812551,0.7193796450051175,2.693003555036863,-2.6907581216281553,1.6724944936836685,-0.018613432030942834,-0.21057147494151796,2.5942387584005653,-0.44112264860283645,0.06217869161109957,-0.36743898398237557,-2.9841180434172694,,2.221353614965179,4.312255013148755,,,,,-0.7636310768829107,-0.30673984517621933,-0.6198260714511389,,0.0
G4_A_Roll19,school_a,4,sentence_01_copy_hindi,copy_hindi,devanagari,0.0,data/processed/school_a/G4_A_Roll19/sentence_01_copy_hindi.json,1.588892059673562,0.005156618328519,,-0.2298647854203409,0.2862620944992265,-3.177959099310094,23.38731813177245,19.69345406513317,0.2230330624171908,3.1965944272445825,1.0925885888125657,-0.0333333333333331,-266.37567456507867,0.45,0.4,0.3172056092241044,0.1851851851851851,48.44117647058823,1.075091122625982,,1.606349206349206,0.0649118325310818,0.6842105263157895,0.0460492215811676,0.042016806722689,0.5798319327731093,0.7478991596638656,3.0,1.0,1,4,2,3,2,copy,1,0,0,-0.1686891624624081,0.27389606054539495,,-0.635244087307344,2.178996657924213,-0.49367722664993363,0.9826826839862272,-0.48839563302847994,-1.3065162308235065,0.004340463873510883,0.4027187810159366,0.6744907594765952,-5.0,-0.30352084176446764,0.3709699177121278,-2.271387523594249,-0.5709028455696257,-1.0371677580148304,0.6274178983135302,,-0.2573358319288214,0.14560374103624038,-1.3110337629753785,2.0560252652499087,-0.76238370149396,-0.6911448523031777,-0.407166604530866,1.1803588290840414,0.0
G4_A_Roll19,school_a,4,sentence_02_copy_english,copy_english,latin,0.0,data/processed/school_a/G4_A_Roll19/sentence_02_copy_english.json,0.3963717825858073,0.0049552713240109,0.0111515034899643,0.0790123456790123,0.1540474374154362,-14.27922169333622,22.81106318998289,21.294416687777883,0.4440511890540956,3.4233365477338484,1.0739717760412009,1.5041152263374489,1.4666249769545774,0.4074074074074074,0.3333333333333333,0.4559751500738996,0.4444444444444444,38.45945945945946,0.5981156677185402,0.2259259259259259,,,,,0.3428571428571428,2.3394957983193274,3.8319327731092434,2.142857142857143,3.0,1,4,2,3,2,copy,1,0,0,-0.34720008886752785,0.3225459841145288,-0.5025558988192688,1.1083952111266315,-0.867236088331918,-1.254554877098605,0.127675482495466,1.1740277349587493,-0.699459060822405,-0.8523147995155669,-0.034676755857343484,1.0846321462772919,0.4915732930870652,-0.09159751054620441,0.6319553061762697,-0.1813005423630765,-0.24987623913950768,-1.0555342404796075,-0.6744907594765952,-0.9398343515666291,,,,,-0.5038100365883209,-0.8377589422239174,0.1198218756003281,5.0,0.0
G4_A_Roll19,school_a,4,sentence_03_dictated_hindi,dictated_hindi,devanagari,0.0,data/processed/school_a/G4_A_Roll19/sentence_03_dictated_hindi.json,1.866286414156471,0.0035861474711268,,-0.2381989832970225,0.2581459305911372,-5.275919516024374,22.23202054603193,21.15709146692951,0.2713837581649126,3.2777777777777777,1.0960787228995272,-0.0625000000000002,-155.03696667903714,0.4375,0.375,0.3291179461059205,0.1851851851851851,52.392857142857146,0.6053604955469534,,1.7450980392156863,0.0705374953360726,0.8125,0.0298889263466072,0.0697269029633933,0.6013945380592679,0.6449738524113887,2.833333333333333,1.0,1,4,2,3,2,dictated,0,1,0,-0.048220631734891786,0.07885389441100371,,-1.0373644328081717,1.4348832123020148,-1.218606917419703,0.4218311019887955,-0.006040918669461111,-0.9078104003094721,-0.055768867816644224,1.8450590006049008,-0.09379416383011029,-5.0,0.030201078782534387,0.24590808939250883,-0.1071411947142219,-0.5662222365034079,0.37866147900440533,-1.9300843911081147,,-0.6269355286303168,0.6798267349885618,-0.2865812229198148,1.843367719844762,-0.8194740277977722,-0.44279749329204754,-0.8000514560287479,5.0,0.0
G4_A_Roll19,school_a,4,sentence_04_dictated_english,dictated_english,latin,0.0,data/processed/school_a/G4_A_Roll19/sentence_04_dictated_english.json,0.5237666667426962,-0.0017887179574696,,0.0493827160493827,0.3026076780217981,-13.556476794411086,22.052617449827142,19.10661737543128,0.489437166333553,3.125884016973125,1.0747156233266135,0.4476190476190474,8.035736022159774,0.2,0.4,0.3869688591594725,0.5185185185185185,37.21052631578947,0.4501267269643167,0.4325396825396825,,,,,0.2358225715889949,1.580011229646266,1.674340258281864,0.8571428571428571,1.0,1,4,2,3,2,dictated,0,1,0,0.5752422810197086,0.045257880797133665,,0.6333348715765986,1.6353966243567912,-1.7054204687713608,-0.028746759256966545,1.0463942441425764,-0.2864880685041906,0.04245014117159972,0.014525071708136399,-0.05866437934482646,0.8050084095370733,-0.7670201777441428,0.6744907594765952,0.4573793919632154,0.0014143032118662474,0.1892703661796566,-0.894264340272464,0.680213655028986,,,,,-0.7335305014212887,0.38780493078201705,0.021133891235259668,0.33724537973829743,0.0
G4_A_Roll19,school_a,4,sentence_05_own_hindi,own_hindi,devanagari,0.0,data/processed/school_a/G4_A_Roll19/sentence_05_own_hindi.json,0.670190962920585,0.020535309728785,,0.1203703703703703,0.1488446297345468,-8.373312814428548,21.34297242746404,29.813513540982477,0.3625017547597581,2.947368421052632,1.0813351086623215,0.903726708074534,1.631893600462939,0.5714285714285714,0.2857142857142857,0.3072664564487504,0.5679012345679012,,0.844709059208455,,0.0896739130434782,0.0190999718229015,1.0,0.073654109360509,0.270906949352179,1.7879858657243817,1.8963486454652532,,1.0,1,4,2,3,2,own,0,0,1,-0.06025519320175071,0.2557297242028979,,0.9411018150597866,-0.027369565968971766,-1.5587765934856375,0.34688800542914894,1.4728593291889718,0.0834117146271544,-0.49542459085195595,-0.08256284367990975,0.566796379210616,0.28713264242499686,1.0117361392148938,-0.4817791139118534,-0.37759462991746057,5.0,,-0.06458141776605822,,-1.0178534764177956,-0.7787209570416765,0.28264374682828763,5.0,0.6220994521117921,0.2123236570934355,0.3748858806810129,,0.0
G4_A_Roll19,school_a,4,sentence_06_own_english,own_english,latin,0.0,data/processed/school_a/G4_A_Roll19/sentence_06_own_english.json,0.1839222721046283,-0.0085305352829066,,-0.0033670033670033,0.1044784273423911,-9.687020368071032,23.76108484047888,16.710962002893957,0.4425643805780178,2.922476296709425,1.068667727319326,1.225,1.8142935726338425,0.5,0.3,0.2975659327387676,0.4444444444444444,,0.34355204870743,0.1792929292929293,,,,,0.1832993890020366,0.6598778004073319,1.1731160896130346,,1.0,1,4,2,3,2,own,0,0,1,-1.1994813566017488,-0.6495427967048366,,-0.7538630887084677,-1.3453850363421256,-1.2067049651195756,0.5823529851565893,-0.4942831099354786,-0.36590294174224774,-0.026993216641385615,-0.6784977706266929,0.38564663939208155,0.11133206781244055,0.15652739143971633,0.21140755147773874,0.07056465184612438,0.08420429441163703,,-0.8246370666988445,-0.9248702470725735,,,,,-0.5043204876902266,-0.51562578049576,-0.39837833684191415,,0.0
G4_A_Roll20,school_a,4,sentence_01_copy_hindi,copy_hindi,devanagari,0.0,data/processed/school_a/G4_A_Roll20/sentence_01_copy_hindi.json,1.6948782383530228,-0.0087107066950798,,-0.2530864197530864,0.1705691340933409,-9.188328148036549,22.2130198033992,19.014252424976178,0.341159388523341,3.3527742749054226,1.089881621981365,-12.266666666666664,-2.928292273052832,0.3846153846153846,0.3846153846153846,0.4849590477288513,0.1851851851851851,120.67647058823528,1.2397473363837768,,2.0285714285714285,0.0801721802322646,1.4285714285714286,0.0137449800102001,0.1153846153846153,0.8489010989010989,0.6263736263736264,0.5714285714285714,1.0,1,0,4,0,0,copy,1,0,0,0.0,-0.2784093007910988,,-0.8373124930993302,-0.1320798800304848,-1.694372273045278,-0.06963620464014504,-0.6764834992926807,-0.02892370532213406,0.49860841178438586,0.16021680811134834,-5.0,0.547255058806978,-0.7004327117641564,0.28536147516317495,0.20635351597877713,-0.5709028455696257,4.39414143960654,2.0222298715545026,,0.030880299831458596,0.6744907594765952,0.6279741553747612,0.0,-0.11823568571556492,-0.15789361083663894,-0.7753493234304786,-1.686226898691488,0.0
G4_A_Roll20,school_a,4,sentence_02_copy_english,copy_english,latin,0.0,data/processed/school_a/G4_A_Roll20/sentence_02_copy_english.json,2.284085834964372,-0.425586882846579,1.007311421787658,-0.0360725308641975,0.2050936219863999,-13.089648974663552,27.38542337460189,17.419712818022777,0.3030091661895928,3.637852932050884,1.0817596851831053,-3.269396551724138,-5.967219320156422,0.5344827586206896,0.2241379310344827,0.4979476087492467,0.1975308641975308,139.67567567567568,0.8426706352376646,1.4627659574468086,,,,,0.4432132963988919,2.1362880886426594,2.9961218836565098,0.1428571428571428,6.0,1,0,4,0,0,copy,1,0,0,5.0,-5.0,5.0,-0.24792136221312802,-0.08122342070706308,-1.083349822810955,3.702699835822071,-0.4561137142287411,-2.8360155770078372,-0.26829352090337266,0.8432911534220936,-2.320853553352465,-0.5147397132978704,0.651232457425678,0.07558948166548048,0.11629581803859355,-1.9542405532906735,4.411928734065524,0.3659955709770465,3.7476057077774256,,,,,-0.24821490082336647,-0.9792758819494018,-0.4510974377715579,-0.6744907594765952,2.023472278429786
G4_A_Roll20,school_a,4,sentence_03_dictated_hindi,dictated_hindi,devanagari,0.0,data/processed/school_a/G4_A_Roll20/sentence_03_dictated_hindi.json,0.7806844392854282,-0.0131546044824339,,-0.1186258722490606,0.2624394532459597,-6.351213229807963,24.478548563858578,24.245998960575378,0.266815747267269,3.4729729729729737,1.1076805951588584,-0.4545454545454545,-7.794874481111572,0.7727272727272727,0.0454545454545454,0.4945038152582653,0.4567901234567901,75.89285714285714,,,,,,,0.3316526610644257,1.699719887955182,2.010644257703081,0.6666666666666666,1.0,1,0,4,0,0,dictated,0,1,0,-0.8890797286991644,-0.6886112697171463,,-0.04159238852822585,1.5055540467299922,-1.4703647079380717,1.590295561525913,0.9912416226670255,-1.006162477510171,0.4560865985203451,3.36601613941102,-0.2979880143210064,-0.818163787196936,2.298027540089187,-1.6990013448936967,1.1331699645289814,5.0,2.603297668155282,,,,,,,3.6189928651737886,2.67127593759032,3.3988038921993375,0.6744907594765952,0.0
G4_A_Roll20,school_a,4,sentence_04_dictated_english,dictated_english,latin,0.0,data/processed/school_a/G4_A_Roll20/sentence_04_dictated_english.json,0.5066428382174808,-0.0080020718309806,,0.0109739368998628,0.2415658891811893,-10.413940488586558,23.940712547364875,20.86068817631092,0.4518635594483302,4.255492270138323,1.0823311570865837,0.157051282051282,6.074721649013116,0.75,0.125,0.3531141302500575,0.4814814814814814,16.026315789473685,1.183108501481042,0.2222222222222222,,,,,1.5753275109170306,0.638646288209607,0.7663755458515285,0.2857142857142857,1.0,1,0,4,0,0,dictated,0,1,0,0.5079365748044924,-0.7541252102333652,,-0.09785997307621075,0.8951164517299008,-1.203253711434404,1.4194821779155602,1.9034361304502594,-0.9636439041081408,2.925829235338896,0.8028553466307662,-0.6848515622187578,0.3905809522111024,1.4829056769720093,-0.2950897072710102,0.23727625370805902,-0.2333600299578893,-2.5809595388135014,2.7171660073822634,-0.8281412079355515,,,,,3.121709745760321,-0.9774233007388412,-1.2625794461777742,-1.0117361392148927,0.0
G4_A_Roll20,school_a,4,sentence_05_own_hindi,own_hindi,devanagari,0.0,data/processed/school_a/G4_A_Roll20/sentence_05_own_hindi.json,,,,,,-12.086878341178922,18.53220977359284,24.15189517157931,0.4257990077098414,3.807829181494661,1.0855020894619156,,,,,,0.6049382716049383,,,,,,,,0.276056338028169,1.7253521126760565,2.3464788732394366,,1.0,1,0,4,0,0,own,0,0,1,,,,,,-2.1979390865151776,-1.644305003814652,0.4538618648849789,0.7432482446756663,1.4018320241299904,0.7434662475126137,,,,,,5.0,,,,,,,,0.6619449832606862,0.1524697564535283,0.7514866447979299,,0.0
G4_A_Roll20,school_a,4,sentence_06_own_english,own_english,latin,0.0,data/processed/school_a/G4_A_Roll20/sentence_06_own_english.json,0.6018049248767963,-0.0114052445589493,,0.0106621773288439,0.1940947259419201,-15.364903911731046,24.577931903632525,22.68942805922772,0.4172132456332291,4.546820230345519,1.0805021710371912,0.0571428571428571,29.11700534052224,0.8095238095238095,0.1428571428571428,0.4348901503592164,0.4320987654320987,,0.638094047432172,0.3233766233766234,,,,,0.2132963988919667,1.0083102493074794,1.2022160664819943,,1.0,1,0,4,0,0,own,0,0,1,0.578244960685568,-0.9158175450740642,,-0.5951184302447226,0.23021571392675388,-2.178950343428951,0.9749458981977231,2.7256113820420302,-0.7145253566152175,3.5624559105651388,0.9900146594377254,-0.7393384404774536,5.0,1.5130981172505897,-0.6484349268014679,1.4436816394761176,-0.08420429441163703,,0.6766480034512444,-0.23503091471428209,,,,,-0.3516397289608005,0.2919736601875166,-0.34199562966076585,,0.0
G4_A_Roll22,school_a,4,sentence_01_copy_hindi,copy_hindi,devanagari,1.0,data/processed/school_a/G4_A_Roll22/sentence_01_copy_hindi.json,0.5288552768659858,0.0208471815517634,,0.0663414634146341,0.1735067734592752,-4.238855064420882,21.523329903246232,27.465500901603946,0.4040219879464346,3.062381852551984,1.080163184664208,-0.273972602739726,-5.474684823169593,0.7083333333333334,0.0,0.5126891437925827,0.8902439024390244,65.73529411764706,1.0763300838057317,,0.0421917808219178,0.0154076962209487,0.7916666666666666,0.0031473901849268,0.8179271708683473,5.643697478991596,3.72156862745098,3.571428571428572,1.0,0,1,1,1,1,copy,1,0,0,-1.855859313317266,0.8988170295022568,,1.942262888732927,-0.07339774939985137,-0.7056130528400477,-0.6876850357503913,1.6638778886304595,0.6509652728922648,-0.4204068698619083,-0.7104034727861307,0.5161572688203522,-0.6643916101683685,1.2646701740186157,-1.8548495885606375,0.6159307959489012,5.0,0.26316196845152406,0.6379132075913057,,-1.3250565224146995,-1.5700907874378311,-1.0311180575906573,-0.6744907594765952,5.0,5.0,5.0,1.8548495885606373,0.0
G4_A_Roll22,school_a,4,sentence_02_copy_english,copy_english,latin,1.0,data/processed/school_a/G4_A_Roll22/sentence_02_copy_english.json,0.8705613134205508,-0.0029783909275478,0.00605999767237,0.0306725794530672,0.210368531533884,-13.90897686030574,21.789400286778143,19.774365744258496,0.5141767906989559,3.4820322180916974,1.0817081151316137,-0.0162271805273832,-175.70536315906173,0.4137931034482758,0.1724137931034483,0.4924411490953608,0.5182926829268293,68.01351351351352,1.4169878571144872,0.8745098039215686,,,,,0.2119113573407202,6.969529085872576,7.134349030470914,0.1428571428571428,4.0,0,1,1,1,1,copy,1,0,0,1.3890314306150064,-0.05292248998795145,-0.6223703740876302,0.5386937172991414,0.0,-1.201268696486264,-0.6707902290872225,0.5345213026738695,0.36282938415889965,-0.6925157214147127,0.8374774170951144,0.0,-5.0,-0.05426937145214019,-0.18795222468173506,0.07725349353789442,0.2598741853063138,0.5409065506192181,2.809492118068099,1.5182022369023804,,,,,-0.8373133111333658,2.3866666601521906,2.3756111287836603,-0.6744907594765952,0.6744907594765952
G4_A_Roll22,school_a,4,sentence_03_dictated_hindi,dictated_hindi,devanagari,1.0,data/processed/school_a/G4_A_Roll22/sentence_03_dictated_hindi.json,0.8274111252453483,0.1318103281886951,,0.0505226480836236,0.262164733673737,-2.9800929937758087,19.926269316576175,29.37428548297336,0.4764824953121484,3.9146800501882058,1.0786002994781017,0.0751633986928104,34.1408070641912,0.3333333333333333,0.1666666666666666,0.6013961920890404,0.6219512195121951,19.964285714285715,,,,,,,1.4138613861386138,2.3227722772277226,0.9089108910891088,0.3333333333333333,1.0,0,1,1,1,1,dictated,0,1,0,-0.8528873120769869,5.0,,1.3670300551166896,1.5010321976648968,-0.681086605298642,-0.7774365424715184,2.646956669582269,3.508091243024222,1.6143639924196163,-0.44628952346735207,-0.022093244651389708,3.4803534090991204,-0.6744907594765952,-0.9836323575700352,1.934809236981662,5.0,-2.6912012257813043,,,,,,,5.0,4.43781159268129,0.011442622010324394,-0.224830253158865,0.0
G4_A_Roll22,school_a,4,sentence_04_dictated_english,dictated_english,latin,1.0,data/processed/school_a/G4_A_Roll22/sentence_04_dictated_english.json,,,,,,-18.874177319793567,22.420204060166707,13.688074792633136,0.2699821326536603,2.610708534621578,1.0800666280927802,,,,,,0.1829268292682926,,,,,,,,0.2814569536423841,0.0745033112582781,0.1655629139072847,0.4285714285714285,1.0,0,1,1,1,1,dictated,0,1,0,,,,,,-2.5551711699393804,0.25320385154921454,-1.6011145986424327,-4.241531755498349,-1.2725599178269391,0.5684401604439538,,,,,,-2.1258702034360377,,,,,,,,-0.6021898089145895,-1.7955798783279355,-2.112030067280222,-0.6744907594765953,0.0
G4_A_Roll22,school_a,4,sentence_05_own_hindi,own_hindi,devanagari,1.0,data/processed/school_a/G4_A_Roll22/sentence_05_own_hindi.json,0.382052310226818,-0.0085828966794766,,-0.1162123385939741,0.1103572331105421,-8.439581712452679,21.248421288980985,30.01148015875052,0.3863530305054688,2.7999999999999994,1.0806314373385877,-0.7198275862068965,-3.4055298377145142,0.75,0.0625,0.5385059936753555,0.7073170731707317,,,,,,,,0.2944162436548223,6.182741116751269,3.312182741116751,,1.0,0,1,1,1,1,own,0,0,1,-0.3343514265166781,-1.3744458766285674,,-0.6744907594765952,-0.6744907594765952,-1.5701825034571488,0.27990633918842145,1.508490039060315,0.3320471970815202,-0.8203617925645825,-0.22205304341846344,-0.5728989828007217,-0.6744907594765952,2.276406313233511,-2.7401187103736664,1.1451429801038386,5.0,,,,,,,,0.8040123698125331,4.412027991092426,1.5594413035010741,,0.0
G4_A_Roll22,school_a,4,sentence_06_own_english,own_english,latin,1.0,data/processed/school_a/G4_A_Roll22/sentence_06_own_english.json,,,,,,-9.226495560048695,21.60676290467098,14.633924123674587,0.2503090445429343,2.850474683544304,1.0802011299959482,,,,,,0.1829268292682926,,,,,,,,0.0970088924818108,0.036378334680679,0.0485044462409054,,1.0,0,1,1,1,1,own,0,0,1,,,,,,-1.1278475682121516,-0.45305690068167614,-1.6129384245109957,-3.009749841170433,-0.18610122460769982,0.9475715390640023,,,,,,-3.4831825200520923,,,,,,,,-0.9435275462667468,-1.9607776926572729,-2.5773714427916774,,0.0
G4_A_Roll23,school_a,4,sentence_01_copy_hindi,copy_hindi,devanagari,1.0,data/processed/school_a/G4_A_Roll23/sentence_01_copy_hindi.json,2.1186558960757718,0.0020299688718618,,-0.226890756302521,0.1885985505927239,-5.209706698841705,22.259542274194168,21.79013526718624,0.3536207800553857,3.408710217755444,1.0823767652646432,-0.2358974358974361,-37.99285037041915,0.3846153846153846,0.3846153846153846,0.4281275249674348,0.1764705882352941,49.8235294117647,0.5038157872242515,,2.085714285714286,0.0765197191772533,1.0714285714285714,0.0145988292219737,0.0536352800953516,0.6257449344457688,0.7419547079856973,2.0,1.0,1,3,0,1,2,copy,1,0,0,0.6744907594765952,0.1493684205720833,,-0.6093648871612378,0.2280748028348837,-0.8995606688322648,-0.027946223840348186,0.09222766087179313,0.10585218421480082,0.6756308900427782,-0.5121012045050034,0.5412095975127134,-5.0,-0.7004327117641564,0.28536147516317495,-0.633055783422294,-0.7079195285063344,-0.9332298377020436,-4.21188734046532,,0.0698869943554064,0.5479052271427075,-0.3023579266619221,0.05434380956641865,-0.6603768853457423,-0.6001527646785595,-0.4251763537743293,0.0,0.0
G4_A_Roll23,school_a,4,sentence_02_copy_english,copy_english,latin,1.0,data/processed/school_a/G4_A_Roll23/sentence_02_copy_english.json,0.3098165100226553,-0.0005482150299108,,0.0307692307692307,0.1046263700672986,-7.371340455332657,22.82876274930674,20.32755584370418,0.4286814462530641,3.436518618214446,1.0741774632814731,1.2444444444444442,1.3432894699898192,0.5,0.4166666666666667,0.3425717049262795,0.3529411764705882,17.66216216216216,0.2673174013268298,0.3692307692307692,,,,,0.2297592997811816,0.8041575492341357,1.1980306345733045,0.3571428571428571,1.0,1,3,0,1,2,copy,1,0,0,-0.6641197647131748,0.062088006697500794,,0.539832787747711,-1.6282250889725955,-0.2603624550626819,0.14150831442651535,0.767256020138498,-0.932285586326689,-0.8164265866811723,-0.011488658382553155,0.8993796161772403,0.47487747328681057,0.44966050631773025,1.056550277513451,-0.9853623866782545,-0.8814936026190573,-2.178955537919522,-2.0819088046300673,-0.39673027497949953,,,,,-0.7918567336321461,-1.9069918507574426,-1.6793238634630772,0.13489815189531895,-1.3489815189531904
G4_A_Roll23,school_a,4,sentence_03_dictated_hindi,dictated_hindi,devanagari,1.0,data/processed/school_a/G4_A_Roll23/sentence_03_dictated_hindi.json,0.2249569373708731,-0.002621721008262,,0.0571428571428571,0.0865668588885775,-7.122799904545489,19.068449978252623,23.77553875536409,0.3478008040556986,3.0832196452933154,1.0827606003870502,2.118421052631579,0.1044512944575299,0.0,0.6666666666666666,0.2334423699231825,0.4470588235294118,42.285714285714285,0.4603646022713354,,0.5413533834586466,0.0112950603457737,1.0,7.058254976471456e-05,0.15,3.4,5.9,0.1666666666666666,1.0,1,3,0,1,2,dictated,0,1,0,-1.3195215814542613,-0.20574041859455633,,1.4221613388200078,-1.3892863897794399,-1.6510157746515797,-1.2236056539097095,0.8393491655390785,0.7374954812454206,-0.5659537805800047,0.09910860069814498,1.042121741303457,-0.00846220529354576,-2.929504641905809,1.9672647151400697,-0.8246600819969248,5.0,-0.5781349366942247,-2.760393348972604,,-2.187870026180642,-3.4207370612407444,0.0,-0.675970857212412,0.5407949513831187,5.0,5.0,-0.6744907594765952,0.0
G4_A_Roll23,school_a,4,sentence_04_dictated_english,dictated_english,latin,1.0,data/processed/school_a/G4_A_Roll23/sentence_04_dictated_english.json,0.9221557854538548,-0.002008693361433,,0.188235294117647,0.1594396184333813,-9.371693900923791,21.06959820510772,18.2180412334934,0.5427135357059274,3.312209547950993,1.075993343486092,0.4625850340136054,4.1297196969148535,0.5,0.1666666666666666,0.4501363037871901,0.5764705882352941,13.263157894736842,0.1821335648510804,0.1166180758017492,,,,,0.6901408450704225,1.1920614596670935,0.8783610755441742,0.2857142857142857,1.0,1,3,0,1,2,dictated,0,1,0,2.1411223027582933,0.016956801870885354,,3.2766964024138967,-0.10086435160370726,-1.0367062038361434,-0.7827537570277439,0.6122344756585776,0.6736647464890178,0.5180549707448817,0.14678966619925127,-0.026411975706638835,-0.020462548815725706,0.4602121066464856,-0.14818357594561565,0.8680562234132805,0.3687670833480713,-2.9422938742473916,-2.2146773058715294,-1.5855130759778149,,,,,0.5740466799172933,-0.17482487947975267,-1.104250255521323,-1.0117361392148927,0.0
G4_A_Roll23,school_a,4,sentence_05_own_hindi,own_hindi,devanagari,1.0,data/processed/school_a/G4_A_Roll23/sentence_05_own_hindi.json,0.7335331328474767,-0.0013887330421808,,0.0029411764705882,0.1899735913171193,-6.858245258395629,18.318357771994062,26.662187719395583,0.4279618093449837,3.456221198156681,1.0904820105488615,1.324675324675325,1.6427263425784917,0.3636363636363636,0.4545454545454545,0.3608082246419218,0.3294117647058823,,0.7323605948003528,,0.5267857142857143,0.0140934727751507,0.0,0.0004544225778546,0.0853658536585365,2.475609756097561,3.158536585365854,,1.0,1,3,0,1,2,own,0,0,1,0.0,-0.9716824005587952,,0.13919311036711415,0.6641664962660979,-1.298009858861846,-1.7958014704443785,0.9056729150097947,0.7657941761277142,0.6265606777344245,1.7306461476602448,0.8622920011770772,0.28920056831070506,-0.45988006327949676,1.22634683541199,-0.025016238208917237,4.907709699339505,,-0.44394772460671145,,-0.7367968760590922,-0.8963300783264334,-2.2611499746262997,-0.6567998218030243,-0.8136017491457876,0.869428971863061,1.43089348313909,,0.0
G4_A_Roll24,school_a,4,sentence_01_copy_hindi,copy_hindi,devanagari,0.0,data/processed/school_a/G4_A_Roll24/sentence_01_copy_hindi.json,0.4720327658249229,-0.033665212954039,,-0.0339539978094194,0.1796609912065106,-3.2321909234360278,22.40845392407228,25.86394279876632,0.4025939826845107,3.193851409052092,1.078251300840327,1.002,3.772419299971861,0.4,0.6,0.3516057888530662,0.6024096385542169,35.38235294117647,0.4292540425535128,,0.1090909090909091,0.0179219443147912,1.0,0.0227580954308265,0.4986149584487534,2.326869806094183,2.0498614958448758,0.4285714285714285,1.0,3,2,3,1,1,copy,1,0,0,-1.9462988585103922,-1.2722929497914501,,1.0695188058955691,0.04953858307190891,-0.5045111508328072,0.10549732974141816,1.2203665240359305,0.6355207152805161,-0.0043404638735094776,-0.8816784193098913,1.3557093364104693,3.735645967682219,-0.6070416835289353,1.48387967084851,-1.7632922046839856,5.0,-2.01904938820371,-4.843504039519652,,-1.2793900298593284,-1.4829529840266653,-0.48842434306925864,0.5736458162223441,3.2464152364393852,2.77119952644433,3.5373545167643696,-1.8548495885606369,0.0
G4_A_Roll24,school_a,4,sentence_02_copy_english,copy_english,latin,0.0,data/processed/school_a/G4_A_Roll24/sentence_02_copy_english.json,0.3069840437956733,-0.0018601368262426,0.0098004053954487,0.0753012048192771,0.1167126717261614,-7.320604907130242,22.04862162792088,21.771130880454887,0.4624371152867608,3.9493162714841294,1.0692749827928645,-4.33448275862069,-3.2346771290473377,0.5,0.4,0.3930675219755746,0.3493975903614458,38.608108108108105,0.5851703732064271,0.824712643678161,,,,,0.5443686006825939,2.7218430034129693,2.193970420932878,0.8571428571428571,2.0,3,2,3,1,1,copy,1,0,0,-0.6744907594765953,0.0,-0.5343502470985283,1.0646580841882598,-1.442119383160348,-0.2530605203865066,-0.4681995781360105,1.374587981888756,-0.4209422776630782,0.5796660338679512,-0.5641685197470413,-3.080699975671759,-0.14483786473785834,0.44966050631773025,0.9716312832460148,-0.6273330540243328,-0.9059538275386609,-1.0475045885810768,-0.7295679559048254,1.3294783940303987,,,,,0.009415576424670252,-0.571486533251154,-0.9990249272282843,2.023472278429785,-0.6744907594765952
G4_A_Roll24,school_a,4,sentence_03_dictated_hindi,dictated_hindi,devanagari,0.0,data/processed/school_a/G4_A_Roll24/sentence_03_dictated_hindi.json,1.7322161070977538,-0.0257310549905935,,0.1295180722891566,0.1614562725118489,-2.3105987433075503,20.504598641205224,20.560291687763595,0.3042020976129829,3.8793103448275854,1.077166425773397,3.466666666666667,2.2750902186415773,0.3333333333333333,0.3333333333333333,0.1023986211504105,0.180722891566265,7.714285714285714,0.5196747004798737,,2.1166666666666667,0.0752532158126911,1.25,0.0010755544769887,0.1081730769230769,0.5769230769230769,0.6490384615384616,0.6666666666666666,1.0,3,2,3,1,1,dictated,0,1,0,-0.15206553984360013,-1.265167668149495,,2.0248822625277128,-0.1566162081899646,-0.52433836888464,-0.4766358151381047,-0.19872328344081433,-0.2012114172246574,1.5216149008579207,-0.6342643949854223,1.7443450680768273,0.2140339697709994,-0.6744907594765952,0.0,-1.807422544019682,-0.9940785682528688,-3.8508520052322934,-2.420758172266168,,-0.14511051198598587,1.0062331810221437,0.38210829722641976,-0.5910612270074311,-0.16798380584083372,-0.5121812391432243,-0.78755451261873,0.6744907594765952,0.0
G4_A_Roll24,school_a,4,sentence_04_dictated_english,dictated_english,latin,0.0,data/processed/school_a/G4_A_Roll24/sentence_04_dictated_english.json,0.12908506361684,-0.0045616084856817,,-0.019578313253012,0.0882865626192598,-6.46002022720337,19.708391122118133,19.42486894642814,0.5217074644174514,4.2164048865619534,1.0699214372039634,1.2358803986710964,2.2356715222400507,0.5714285714285714,0.4285714285714285,0.2119085026774927,0.5180722891566265,33.6578947368421,0.6206259849313555,0.3662790697674418,,,,,0.388481084133258,1.990965556182948,1.5296442687747036,0.8571428571428571,1.0,3,2,3,1,1,dictated,0,1,0,-0.9760652428452118,-0.3114901568418104,,-0.6794886605531024,-0.9637682317397878,-0.5714305204826825,-1.826842844299117,1.2018924866255767,0.2950909300450512,2.826056819252167,-0.4817503284437053,1.6400758570994864,-0.42073782462813375,0.752410269596635,0.775226392385437,-0.6807580289226038,-0.0014143032118655436,-0.2753023508067739,-0.054207716926332604,0.20500576051010114,,,,,-0.29416277357195264,0.9837974346002298,-0.18344253013614906,0.33724537973829743,0.0
G4_A_Roll24,school_a,4,sentence_05_own_hindi,own_hindi,devanagari,0.0,data/processed/school_a/G4_A_Roll24/sentence_05_own_hindi.json,0.5589028904411375,-0.0251870226647875,,0.072289156626506,0.1484178915030713,1.8989064480558189,17.541474620396126,27.21335735942797,0.4779384257275633,3.1007751937984493,1.072971843465088,0.4976415094339622,3.965300791473122,0.625,0.25,0.2621804723948961,0.6385542168674698,,0.6264065096919023,,0.0628930817610062,0.0171571293792313,1.1111111111111112,0.0035517274097685,0.5151883353584447,2.060753341433778,2.447144592952612,,1.0,3,2,3,1,1,own,0,0,1,-0.16611964836707135,-2.304023772838059,,0.6127614547717025,-0.03454467724931006,0.2092324063450303,-2.346158968019123,1.0048743144947188,1.2867709263107336,-0.15717324023194926,-1.7404299379909471,0.28173451272283756,0.7325704716206067,1.391137191420479,-0.8431134493457433,-0.6744907594765952,5.0,,-0.80172217371947,,-1.0350731656909762,-0.8243608324147548,0.5652874936565753,-0.4103506095548527,2.5123280185806878,0.47298498735592215,0.835708464673977,,0.0
G4_A_Roll24,school_a,4,sentence_06_own_english,own_english,latin,0.0,data/processed/school_a/G4_A_Roll24/sentence_06_own_english.json,0.5167636874377312,-0.0100795646836043,,0.0819277108433734,0.1861436035378228,-5.347125628191911,23.194855873197195,22.17701426412813,0.4702142690123047,3.795771015987623,1.0736122054929924,3.442307692307692,1.4732370729564814,0.25,0.5,0.2942983399436092,0.3132530120481928,,0.3738150432829725,0.8076923076923077,,,,,0.2921348314606741,0.6491885143570537,1.1036204744069913,,1.0,3,2,3,1,1,own,0,0,1,0.21646864657632994,-0.793024232314602,,0.21127383337116762,0.0904220087508828,-0.46356844765645877,0.310212103783822,2.4496345109002275,0.014331351433285802,1.9027994233263625,0.018613432030911526,2.521556914533699,-0.08338136633067128,-0.9391643486382968,1.3057525238330923,0.037891702722974194,-1.7053905892284476,,-0.6703861207182888,2.0837603298030305,,,,,0.04963732317864528,-0.5404014908601588,-0.5330296783251343,,0.0
G4_A_Roll25,school_a,4,sentence_01_copy_hindi,copy_hindi,devanagari,0.0,data/processed/school_a/G4_A_Roll25/sentence_01_copy_hindi.json,0.4723905156053746,-0.0098230360213542,,0.1332033788174139,0.1660216624083638,-9.244543086281318,20.852285437834727,30.420254942413028,0.346507965599181,3.0406852248393985,1.1432960949541031,-0.5783730158730158,-4.194991273896342,0.6111111111111112,0.0555555555555555,0.5166538984152756,0.691358024691358,62.70588235294117,0.8394518348396611,,0.106203007518797,0.0170514919825205,0.875,0.0460055768873906,0.4705882352941176,1.9137254901960783,2.47843137254902,2.7142857142857144,1.0,3,4,3,2,4,copy,1,0,0,-1.9457294586925344,-0.3227109558996144,,2.524077263209859,-0.2229199370338947,-1.7056023651305914,-1.2890252139646812,2.482122942842705,0.02892370532213406,-0.48907096332020084,4.945319798014659,0.31587083972884245,-0.055476686106453815,0.6744907594765952,-1.5457079904671982,0.6744907594765952,5.0,0.03538312180860762,-1.3686956553104157,,-1.2813613610120038,-1.5131207723185025,-0.8140405717820978,2.0532474692474088,3.0003487607181643,1.9524148157030328,4.835781424849185,0.8431134493457441,0.0
G4_A_Roll25,school_a,4,sentence_02_copy_english,copy_english,latin,0.0,data/processed/school_a/G4_A_Roll25/sentence_02_copy_english.json,0.2093482070430363,-0.0019767619371716,0.0107154604605936,-0.0182501341921631,0.1115746808965212,-13.391624496104628,20.10730766150301,14.433178329478066,0.5171967236365254,3.228540185893931,1.0725685835327987,0.5235880398671096,5.751897085291098,0.5813953488372093,0.2093023255813953,0.3569488008945618,0.4320987654320987,36.9054054054054,0.8415443610398405,0.2633540372670807,,,,,0.5294117647058824,3.294117647058824,3.901960784313725,3.2857142857142856,3.0,3,4,3,2,4,copy,1,0,0,-1.0319816068653311,-0.005519399623287592,-0.512816962761873,-0.03787802108098805,-1.521234520014959,-1.1268105837466527,-1.9854051385405211,-1.7125900341887488,0.4085764407110135,-1.3826482781118568,-0.19286529792566418,0.3851112344468615,1.071666833678644,0.925464065328352,0.0,-0.8834247931148017,-0.33509445484706635,-1.1394806012369763,0.361203712038066,-0.7979873673366751,,,,,-0.028677698249227727,-0.17294576735150152,0.16765607419498793,5.0,0.0
G4_A_Roll25,school_a,4,sentence_03_dictated_hindi,dictated_hindi,devanagari,0.0,data/processed/school_a/G4_A_Roll25/sentence_03_dictated_hindi.json,1.990798150379388,0.0133454655747649,,-0.1604938271604938,0.1442385363647891,-7.773011107665732,21.08401518909251,21.19451283584588,0.2851466898296875,3.7266112266112255,1.087456466737588,4.233333333333333,1.8749418739827808,0.25,0.75,0.4125523857516121,0.1851851851851851,53.60714285714285,1.5936293032134563,,4.413333333333333,0.0405722159510425,1.0,0.0001056187799415,0.0756302521008403,0.4957983193277311,0.6974789915966386,0.8333333333333334,1.0,3,4,3,2,4,dictated,0,1,0,0.048220631734891786,0.5262613161901882,,-0.3902572236787958,-0.4400179457135275,-1.8032492842215868,-0.17526960109508702,0.006040918669461111,-0.6114860377077699,1.1211958317014195,0.7147171239677681,2.14365748681458,0.17301771637525834,-1.2382442300838985,2.4590808939250874,0.5185753014298967,-0.5662222365034079,0.49361228513074124,3.729168607345874,,2.8330511871987354,-1.3942699798117635,0.0,-0.6730106617407783,-0.7194387357586292,-0.7421936414230951,-0.6386204960963926,1.1241512657943256,0.0
G4_A_Roll25,school_a,4,sentence_04_dictated_english,dictated_english,latin,0.0,data/processed/school_a/G4_A_Roll25/sentence_04_dictated_english.json,0.2055819030970793,-0.0037940520746821,,0.0128600823045267,0.0985289147796826,-12.19282051092882,18.30878638067197,17.093561036597414,0.4678620781483456,3.343688223665631,1.0744349892383942,0.535840188014101,2.587592159583198,0.4782608695652174,0.1739130434782608,0.2988208111289753,0.4567901234567901,31.973684210526315,0.6026318837215383,0.3277027027027027,,,,,0.2664819944598338,1.004432132963989,1.7013850415512466,0.2857142857142857,1.0,3,4,3,2,4,dictated,0,1,0,-0.6753921896861044,-0.21273968666805493,,-0.06195308338343931,-0.8395547974772086,-1.487512770225684,-2.9003841557561243,0.06281159684429295,-0.6753167724641727,0.5984057960981247,-0.014525071708136399,0.13145632198610147,-0.346365307571754,0.3712822309660053,-0.12263468354119918,-0.11570633719715288,-0.3898762520710591,-0.49554423145219245,-0.14286536906338648,-0.07165624734114928,,,,,-0.6452893628209986,-0.44693704618674357,0.05937078361120097,-1.0117361392148927,0.0
G4_A_Roll25,school_a,4,sentence_05_own_hindi,own_hindi,devanagari,0.0,data/processed/school_a/G4_A_Roll25/sentence_05_own_hindi.json,0.0244870568049659,0.0165832584411235,,0.1172839506172839,0.0730380220135755,-4.749726770644542,21.76370580949045,30.589143993422116,0.4546669920690693,3.004115226337448,1.092618474543209,2.4379084967320264,0.127761421527548,0.0,1.0,0.2619223916709106,0.6296296296296297,,0.929503105976018,,0.7205882352941176,0.0126326815655995,0.75,8.634801345284249e-05,0.2792990142387733,1.7875136911281488,1.7875136911281488,,1.0,3,4,3,2,4,own,0,0,1,-0.6744907594765952,0.03447510803421672,,0.9200250556600105,-1.3019702604093637,-0.9351009715615111,0.644942829763981,1.612459954434977,1.044179955631735,-0.3703018000690248,2.1541617568006424,1.6437544305513452,0.0,-3.0352084176446796,5.0,-0.6761902492331812,5.0,,0.22174207168934534,,-0.6121846428940981,-0.9306459483380329,-0.3533046835353592,-0.6860871187815878,0.6870365356925041,0.21187243886057947,0.28382928319663925,,0.0
G4_A_Roll25,school_a,4,sentence_06_own_english,own_english,latin,0.0,data/processed/school_a/G4_A_Roll25/sentence_06_own_english.json,0.197244871360196,-0.0061221162396567,,0.0161443494776828,0.095281214121047,-10.680941291105086,20.563275032234355,14.875353569093766,0.444567483755146,2.75726243229936,1.063427542740345,1.5303030303030305,1.5463881658104826,0.1666666666666666,0.25,0.2867193084734353,0.4074074074074074,,0.5680598813654726,0.2564102564102563,,,,,0.188034188034188,0.4700854700854701,0.9715099715099714,,1.0,3,4,3,2,4,own,0,0,1,-1.1428053133293623,-0.4264589600005449,,-0.5330859021681189,-1.5070870512478025,-1.3768977872150319,-0.9545778855051638,-1.4829088593714859,-0.33835677198018327,-0.39208015982443073,-1.417299974963736,0.6797419883228534,-0.04161848975626636,-1.3043949286643015,-0.06217869161109957,-0.037891702722974194,-0.4210214720581829,,0.31968278840018016,-0.5556503586584738,,,,,-0.48022099539706614,-0.9555279202009993,-0.789000596581854,,0.0
G4_A_Roll26,school_a,4,sentence_01_copy_hindi,copy_hindi,devanagari,0.0,data/processed/school_a/G4_A_Roll26/sentence_01_copy_hindi.json,0.872984755894236,-0.0078445104467315,,0.1674679487179487,0.1771810796865857,-1.2236464889854632,21.32660221450951,33.142007526003454,0.4488371896502173,2.239185750636133,1.100165237246402,0.3283018867924528,3.3171426053272346,0.6,0.0666666666666666,0.3012161207508746,0.6794871794871795,30.176470588235293,0.9003018197638806,,0.0660377358490566,0.0221768709670812,0.9333333333333332,0.0010802969431366,0.4024297646165528,3.5413819286256647,2.3743356112376617,2.2857142857142856,1.0,1,1,1,3,4,copy,1,0,0,-1.3081377677422845,-0.24391059025260672,,2.822238319220706,0.0,-0.10326301891971963,-0.863977769693261,3.235844084959308,1.1356630419072629,-3.0256050059604793,1.0814682108324554,0.9124359913084588,3.5190122477544046,0.6070416835289353,-1.4838796708485105,-2.507554437041929,5.0,-2.4104751732114393,-0.8532320380752838,,-1.3087788644556302,-1.3354874403262662,-0.6620863317161064,-0.8060523044647787,2.401937216934016,5.0,4.5204052286879515,0.33724537973829743,0.0
G4_A_Roll26,school_a,4,sentence_02_copy_english,copy_english,latin,0.0,data/processed/school_a/G4_A_Roll26/sentence_02_copy_english.json,0.364426390778487,-0.0051535007365997,0.0004833118971219,-0.0750377073906485,0.1880288642569747,-6.008715962249743,24.825629296984424,20.872776205673222,0.4821051377394448,3.165767959645156,1.1075423193534748,-0.0583333333333333,-44.7167758909668,0.5625,0.15625,0.4227375621959601,0.4807692307692308,45.51351351351352,0.5706161525925698,0.2207843137254902,,,,,0.8337965536409115,3.543635352973874,3.4811006114508056,0.2857142857142857,2.0,1,1,1,3,4,copy,1,0,0,-0.4641672350220435,-0.15586172978853693,-0.7536022146934004,-0.7071399519475673,-0.3439877361600747,-0.06425153502389191,1.702130182878166,0.9966377589403641,-0.12300382869363002,-1.5535457876510954,3.749889703278896,-0.03003907980411783,-5.0,0.8150096677008861,-0.27030900791524004,-0.4169642488310338,0.0008619724615775168,-0.6744907594765952,-0.7914905075207145,-0.9593202983210355,,,,,0.7465540011230539,0.0008221581106084602,-0.1198218756003278,-0.13489815189531895,-0.6744907594765952
G4_A_Roll26,school_a,4,sentence_03_dictated_hindi,dictated_hindi,devanagari,0.0,data/processed/school_a/G4_A_Roll26/sentence_03_dictated_hindi.json,2.8348886160736773,-0.0652189047170229,,-0.1086369770580296,0.2084562828546532,-0.2802647232528863,21.61271240641714,22.134612209562523,0.3079169630235792,2.794392523364486,1.087456466737588,0.8703703703703705,5.676023598902197,0.5,0.3888888888888889,0.3274163902600851,0.1923076923076923,37.75,0.942408901125786,,1.8842105263157896,0.061020225823104,0.5789473684210527,0.0069508995814581,0.1257861635220125,0.7337526205450733,0.90146750524109,0.1666666666666666,1.0,1,1,1,3,4,dictated,0,1,0,0.7020156350317162,-3.0754536789231013,,0.04159238852822585,0.6169979580981353,-0.048977636880851064,0.09971646780675537,0.30956075358118235,-0.12122808578347331,-1.3233379008080308,0.7147171239677681,0.3920841717716843,0.562638548969618,0.45301618173801206,0.3278774525233451,-0.11990201106740785,0.11670229301978312,-1.0075100066367193,0.0,,-0.4465438823488119,0.021073076226449477,-0.6435508163813385,-0.09465593783167281,0.1304790193474484,-0.06752363835403298,-0.011442622010324735,-0.6744907594765952,0.0
G4_A_Roll26,school_a,4,sentence_04_dictated_english,dictated_english,latin,0.0,data/processed/school_a/G4_A_Roll26/sentence_04_dictated_english.json,0.1624902302608472,-0.0172843832962916,,0.0512820512820512,0.1396592704134033,0.0241291490906823,24.54535657944356,18.47287575526205,0.5987007324862436,2.3751891074130125,1.1135103261056432,1.5531914893617025,1.2145054370230104,0.1666666666666666,0.5,0.1377359712978081,0.6025641025641025,34.13157894736842,0.4751036124390688,0.1793313069908814,,,,,0.8162464985994398,1.4218487394957984,2.343417366946779,1.0,1.0,1,1,1,3,4,dictated,0,1,0,-0.844765263468456,-1.9483470398770764,,0.669492858400088,-0.3407491866481849,0.46471479320772013,1.8832633640893808,0.7367470432946127,1.6826724027065545,-1.873734520420889,4.030400999944322,2.3238961617570095,-0.6365441287527409,-0.9033793204542129,1.0270654746575425,-1.162983332592293,0.5341714438663108,-0.21335932187524995,-0.7712022324146132,-1.1357462944012222,,,,,0.9369924045714283,0.15842747341514193,0.9670992975910723,0.6744907594765951,0.0
G4_A_Roll26,school_a,4,sentence_05_own_hindi,own_hindi,devanagari,0.0,data/processed/school_a/G4_A_Roll26/sentence_05_own_hindi.json,2.0854874618373405,0.0508994617236848,,1.0408340855860842e-18,0.2051282051282051,-0.0882513647824258,20.30448442378402,20.312499310077776,0.2694187271120929,3.3220502901353965,1.0818349799946332,0.8888888888888888,6.110544165620604,0.3333333333333333,0.3333333333333333,0.2575542858275272,0.1923076923076923,,0.4655886982089821,,1.913333333333333,0.0697315696254136,0.8888888888888888,0.0277709741175511,0.199203187250996,0.8366533864541832,0.9760956175298804,,1.0,1,1,1,3,4,own,0,0,1,1.2860669185670413,1.9556592812644753,,0.11910819846850383,0.9189738523568027,-0.1327884177248929,-0.38879490620454166,-0.23716575161290468,-0.886923949353098,0.3307230817808943,0.0165276686600607,0.5563805934449007,1.1420886026000658,-0.6744907594765952,0.0,-0.7049547033228617,-0.11481197664882599,,-1.34475460000043,,0.15473329754291876,0.41068059282416725,0.0,1.5167487869513903,0.06726184592812044,-0.6967861585968702,-0.3950424025517909,,0.0
G4_A_Roll26,school_a,4,sentence_06_own_english,own_english,latin,0.0,data/processed/school_a/G4_A_Roll26/sentence_06_own_english.json,0.4817302263719722,-0.0017383084972455,,-0.0102564102564102,0.2349883386938241,4.88667209491925,25.90777526438894,17.541245080649908,0.4170754218027372,2.046070460704607,1.089917096658186,0.8024691358024691,2.293412549948298,0.5555555555555556,0.3333333333333333,0.3659087370228812,0.4615384615384615,,0.3301981951439133,0.0916666666666666,,,,,0.5136741973840666,0.727705112960761,1.7550535077288942,,1.0,1,1,1,3,4,own,0,0,1,0.06743181695656679,-0.020401445511112785,,-0.8318189271417419,0.9491921494637112,1.2888032701393117,1.6140950148905375,-0.04710754957309838,-0.716420675176606,-1.9636607523672052,2.3174045056581782,-0.021373106913266573,0.384867102401391,0.400014444790386,0.3937983802036309,0.7539303914868958,0.3173854173977077,,-0.8927018624518385,-1.3444044830010389,,,,,1.1772429946017304,-0.3584151077983471,0.7291554475020514,,0.0
G5_A_Roll01,school_a,5,sentence_01_copy_hindi,copy_hindi,devanagari,0.0,data/processed/school_a/G5_A_Roll01/sentence_01_copy_hindi.json,1.736824538751175,0.0088794366292035,0.0653940872829356,-0.0938644688644688,0.2943667472488963,3.5554108631259926,22.846007113745078,32.72382780619471,0.426236189313824,3.761946133796697,1.08343408765981,0.8558758314855875,8.013065105923427,0.3181818181818182,0.4090909090909091,0.4166276581390803,0.2252747252747252,48.70588235294117,0.8630566396031332,,1.227642276422764,0.0473906899137722,0.4761904761904761,0.0265115457301397,0.4716425896201177,1.0200642054574638,1.2504012841091492,0.8571428571428571,2.0,0,2,0,1,3,copy,1,0,0,0.12985663147397336,0.5080479065410569,0.0,-0.15146804692338434,0.9236262699826263,-0.10714219417345212,1.3919990462823022,2.0092942460225336,1.119024879817173,1.2988984971182345,-1.1334288069381195,1.2035326605571037,0.30116087603574726,-0.763239543618252,0.3434112657221315,0.473274368441256,0.5337462992326846,0.5819721154775901,0.04276036705127739,,-0.22852214149474587,-0.10037939187191652,-0.6147328748033509,0.09914524085133267,0.6667051263942197,0.09372149251502496,0.08629624949902553,-1.226346835411991,5.0
G5_A_Roll01,school_a,5,sentence_02_copy_english,copy_english,latin,0.0,data/processed/school_a/G5_A_Roll01/sentence_02_copy_english.json,0.3967971651583643,-0.0124653774395313,,0.0417582417582417,0.1572235249800388,6.105183825669641,24.130980599750973,17.333998967225266,0.5156135749092394,3.123605533244086,1.0637405862213123,1.6987179487179485,2.3343539784058778,0.25,0.75,0.3439442118193326,0.4285714285714285,18.54054054054054,0.5831122005184273,0.4461538461538462,,,,,0.7362349239643419,1.1657052962768746,1.2884111169375982,0.1428571428571428,1.0,0,2,0,1,3,copy,1,0,0,-0.5241561728720298,-1.2990308612399923,,0.19271094362492663,-0.6778450034306948,0.7804863653723535,0.7925296581632635,-0.6564996167633158,0.03282163980067717,-0.5097476042253678,-1.913236006059205,1.9244606688904329,0.17006912233618632,-0.4915780111439589,1.4540652242339642,-0.2741402862180279,-0.36239464898327856,-0.9715026179594187,0.4169539314879802,-0.215899836642651,,,,,2.886432534053546,-1.440392324562784,-1.0332738250483646,-0.6744907594765952,-1.3489815189531904
G5_A_Roll01,school_a,5,sentence_03_dictated_hindi,dictated_hindi,devanagari,0.0,data/processed/school_a/G5_A_Roll01/sentence_03_dictated_hindi.json,2.053132450436548,-0.0121606076549862,,-0.0796703296703296,0.3616611463642879,8.17462738763022,20.35293905028141,20.159513489796264,0.2667257930354658,3.393876491956409,1.1000436654708683,-0.7473684210526317,-17.288439287804405,0.2631578947368421,0.3684210526315789,0.3993827471846867,0.1648351648351648,63.42857142857143,0.1389960403879511,,1.73,0.062587866482775,0.5555555555555556,0.0070146756685826,0.2100840336134453,0.6638655462184874,0.5630252100840336,0.1666666666666666,1.0,0,2,0,1,3,dictated,0,1,0,0.6108721260659146,-0.8718700266060218,,-0.14276263577450427,1.823428460216118,0.18749197523752578,0.7266697645196343,-0.6820768013224714,-0.6926668580116133,-0.047726476835031895,0.10605732944413206,-0.6809424369471632,-1.316381181539913,-0.8983621983667361,0.11646960389136736,0.274625520219876,-0.7225448950639951,2.510460988527212,-3.1279330706487705,,0.43249451236619985,0.17285925908652483,-0.7879212907541518,-0.8494283353517588,2.143367584211626,-0.6947329050744074,-1.2475139535267568,-0.6744907594765953,0.0
G5_A_Roll01,school_a,5,sentence_04_dictated_english,dictated_english,latin,0.0,data/processed/school_a/G5_A_Roll01/sentence_04_dictated_english.json,0.6808983392550496,0.0159363871266287,0.0225374548097063,-0.0164835164835164,0.2765970203576799,7.761238577275537,25.606188959540237,17.93144942346414,0.4873055085822575,2.989010989010989,1.0811736996164505,2.351724137931035,0.3090167122085714,0.0,0.6,0.3929535838701412,0.478021978021978,53.63157894736842,0.4823538772891786,0.5268199233716476,,,,,1.1047619047619046,1.4269841269841268,2.6928571428571426,0.2857142857142857,2.0,0,2,0,1,3,dictated,0,1,0,0.38455642045313065,0.4614993405351643,1.0641190678270551,-0.8005118454556224,1.4687739381272455,1.2091158120599506,1.5792554644825483,-0.4470229057830364,0.6566768944648951,-0.06087844263582657,2.101077026750607,1.1335744764910123,-0.1444132625888465,-0.6744907594765952,1.0252259544044247,0.02390631534621196,0.24555101543403912,1.6316438314506072,-0.6744907594765952,-0.19859185745834085,,,,,2.1262576695749273,0.020859284663815324,0.9762140057063601,-0.6744907594765952,5.0
G5_A_Roll01,school_a,5,sentence_05_own_hindi,own_hindi,devanagari,0.0,data/processed/school_a/G5_A_Roll01/sentence_05_own_hindi.json,0.7173724073468944,0.0231796996348359,,0.1604395604395604,0.1745489468972507,7.387293943120182,20.760180107310696,26.358919176817597,0.4924092264131917,2.587800369685767,1.0863508543442937,2.5170454545454546,0.8824270102988369,0.25,0.75,0.2767325263798744,0.4835164835164835,,0.8725194574983742,,0.1454545454545454,0.0257412407547354,1.8,0.0131012852567598,0.7307692307692307,1.3461538461538465,1.0,,1.0,0,2,0,1,3,own,0,0,1,-1.188128596502086,0.18148660853138834,,0.9224725010334808,-0.4595815133492092,0.1487524030032645,0.02591288517771787,0.49012360487285034,3.484406055380092,-0.6634893095428288,-0.5841354803933807,2.580376955803099,0.6723448297736435,-1.1524156404771542,2.028188997027524,-0.3345014718286147,1.7538238622531401,,0.5798215176310231,,-1.0493268227317203,-0.41879415403657655,2.8103781644858152,-0.45098830388189787,3.5203368350740503,0.23943754603428358,-0.299978272996079,,0.0
G5_A_Roll01,school_a,5,sentence_06_own_english,own_english,latin,0.0,data/processed/school_a/G5_A_Roll01/sentence_06_own_english.json,0.5261463175958521,-0.0095758493344365,,0.1934065934065934,0.1849617368564482,9.797412335279342,24.300208340542877,18.98170889737416,0.4996685780568607,2.949117341640705,1.0733334059660418,4.484848484848484,0.3577041747043572,0.0,1.0,0.3410690863485115,0.3626373626373626,,0.5736758275892937,0.8545454545454545,,,,,0.5152749490835031,0.9633401221995928,1.0977596741344195,,1.0,0,2,0,1,3,own,0,0,1,0.35344471962427965,-4.279431725725466,,3.06409634038703,0.2709734269114266,1.0901940707037163,1.8962399815754252,-0.27793638086753497,0.5382032180850511,-0.6173937721650535,0.6298580226768202,2.781032850318492,-0.4871092973234209,-1.199094683513947,1.686226898691488,0.08726897071380912,-0.08871724310638733,,0.058471614427599454,0.7691527330387834,,,,,1.586989556189771,-0.5388669577686391,-0.5081920562133048,,0.0
G5_A_Roll02,school_a,5,sentence_01_copy_hindi,copy_hindi,devanagari,0.0,data/processed/school_a/G5_A_Roll02/sentence_01_copy_hindi.json,2.178235978328798,0.0138819071502297,,-0.2238095238095238,0.1555359474795079,-0.2557998132903386,23.1430980941086,19.27056816025586,0.2622925476578139,3.020757465404224,1.0925119217794834,-0.4771929824561405,-12.44883704726254,0.4210526315789473,0.3157894736842105,0.4015693470510428,0.1785714285714285,45.61764705882353,0.9614828329486704,,2.2233333333333336,0.0825168711821731,1.0526315789473684,0.0030287358356196,0.3737024221453287,0.9238754325259516,1.204152249134948,2.857142857142857,1.0,2,1,0,4,1,copy,1,0,0,0.47567873861202503,0.8268920755833441,,-0.9487334459045484,-0.6751383367089151,-0.7159137422647992,1.7233636468263436,-0.6648271321507376,-0.2673758335296796,0.3502406099118282,-0.5728960666127675,-0.7017137340435223,-0.8198310963765908,0.0,-0.11841767783521777,0.32419020216829686,-0.5337462992326846,-0.044767085805969796,0.6091099584779704,,0.6713848253496756,0.7901324094668407,0.542682996762644,-1.389727671007627,0.25581242488963113,-0.10109579106056783,-0.0066900848084144055,0.49053873416479665,0.0
G5_A_Roll02,school_a,5,sentence_02_copy_english,copy_english,latin,0.0,data/processed/school_a/G5_A_Roll02/sentence_02_copy_english.json,0.9040685006574436,0.0053916553452801,,-0.1851851851851851,0.2005441074364012,-6.398345798713638,19.82582006825847,20.106534222280427,0.547873808354288,3.3037626185377795,1.066804193588354,0.740625,3.8057347573711993,0.125,0.125,0.4132969369400001,0.4761904761904761,19.094594594594597,0.7324213960281362,1.2472222222222222,,,,,0.1428571428571428,1.8571428571428568,2.261904761904762,0.2142857142857142,1.0,2,1,0,4,1,copy,1,0,0,0.5473985558046488,0.6527021998634824,,-2.078524120992217,-0.10743155204590245,-0.8451027909398907,-1.9737976598342988,0.22357975022224744,0.5042784962056677,-0.05317282570006699,-1.3461235408925951,0.7250621499050955,0.2835429862579793,-1.074612396454236,-0.727032612116982,0.14268800408987348,0.01976698085363335,-0.9369565578238278,1.2484785975987684,1.2206705613176556,,,,,-0.7358195863014823,-0.44927816775382606,-0.11689129551585414,0.0,-1.3489815189531904
G5_A_Roll02,school_a,5,sentence_03_dictated_hindi,dictated_hindi,devanagari,0.0,data/processed/school_a/G5_A_Roll02/sentence_03_dictated_hindi.json,2.3674151105492744,0.0303601632800342,,-0.1428571428571428,0.2620670492870011,-4.836427975279382,19.51163400245657,19.261882434516583,0.2969363854974581,3.434010152284264,1.0820886187973473,-2.106666666666667,-6.746474580217015,0.5,0.5,0.5621598721867197,0.1785714285714285,48.5,0.5547166723980301,,1.7939393939393935,0.0776247041725951,2.1818181818181817,0.0044209712947791,0.1119402985074626,1.021455223880597,0.9654850746268656,1.8333333333333333,1.0,2,1,0,4,1,dictated,0,1,0,0.8907559031264175,1.1007261334193696,,-0.5304392568435692,0.6161723921222862,-1.7082416457045424,-0.0825730200954623,-0.7867357041401999,-0.29298366926483393,0.04229208944382996,-1.3360679199306693,-1.9193202579008743,-0.4239998008171109,0.6065084892526696,0.8851689895743916,1.6193747189737164,-0.6354467743118336,0.3509965430031382,-1.0608033495547793,,0.500425166211379,0.6900172127833827,2.798095043137536,-1.0073260259732681,0.11486266068246737,-0.4309579214005516,-0.8960385180095174,5.0,0.0
G5_A_Roll02,school_a,5,sentence_04_dictated_english,dictated_english,latin,0.0,data/processed/school_a/G5_A_Roll02/sentence_04_dictated_english.json,0.0,-0.0161812297734627,0.0228837146015063,-0.3452380952380952,0.0486009869599836,-5.100367504807952,21.518877938875583,21.79356780907316,0.451500106690836,3.237317282889081,1.0756371787914276,0.2058823529411765,13.738074605910064,0.5,0.5,0.0525252525252525,0.4047619047619047,63.05263157894737,0.9542877610330992,2.5955882352941178,,,,,0.346742209631728,2.388668555240793,2.311614730878187,0.2857142857142857,2.0,2,1,0,4,1,dictated,0,1,0,-1.5045956829801523,-0.7936062709867551,1.0914642190786554,-3.251070975458921,-2.731026825827593,-0.7574795555900647,-0.6555213629635008,0.7654259077566282,0.03654629704282788,0.7466630255455502,0.47052453367255515,-1.3614918694095854,5.0,3.0352084176446787,0.6744907594765953,-2.689804789025397,-0.3472177516488354,2.329527334030437,2.0121874171762855,5.0,,,,,-0.42829817542211746,1.351157287277662,0.5900642826920863,-0.6744907594765952,5.0
G5_A_Roll02,school_a,5,sentence_05_own_hindi,own_hindi,devanagari,0.0,data/processed/school_a/G5_A_Roll02/sentence_05_own_hindi.json,2.1178414004281008,0.0277482470441857,,-0.3197278911564626,0.1609333836119108,-1.4343625002798082,21.09566306513649,19.04257408919194,0.2577867563523727,3.206168831168831,1.0790065949302077,-0.7999999999999997,-8.782215826021064,0.3076923076923077,0.3846153846153846,0.3929008847961083,0.1785714285714285,,0.6435344912377223,,2.0190476190476185,0.0792547392094717,0.9166666666666666,0.009954863796138,0.2078891257995735,1.199360341151386,1.0714285714285714,,1.0,2,1,0,4,1,own,0,0,1,0.28340381113457697,0.5472466191387338,,-1.5999315673532906,-0.6735876680047693,-0.9309869378368498,0.1765322703691459,-0.7854182823632546,-1.354042920181017,0.5071035304815216,-1.3191331079141873,-0.28700249460582195,-0.6766366891795469,-0.7477211847911968,0.05660062317286132,0.7105510031396647,-0.6264272849295701,,-0.3939358539253221,,0.873653393982653,0.9605554297826143,-0.16862268986914866,-0.6405942865366091,0.12510777342091883,0.004670745982258647,-0.18370703117902273,,0.0
G5_A_Roll02,school_a,5,sentence_06_own_english,own_english,latin,0.0,data/processed/school_a/G5_A_Roll02/sentence_06_own_english.json,0.4165222554862359,0.0058301472642745,,0.0527210884353741,0.1565611441524704,-7.117700827288611,21.447007449050258,21.89718644288266,0.4032545813157988,3.1782945736434107,1.0737589372941214,1.1764705882352942,0.5794393842327255,0.1666666666666666,0.0,0.1088986177821764,0.4047619047619047,,0.6333295691724767,0.6638655462184875,,,,,0.543233082706767,1.3421052631578947,1.9172932330827068,,1.0,2,1,0,4,1,own,0,0,1,0.0,1.8262271202830476,,-0.107072950010205,-0.19429612291564607,-1.1657314039863838,-0.43593255997112584,0.18603012088192916,-0.4327052511578234,-0.03313669592504545,0.7191234962763702,-0.6692325040873374,-0.14726507484075438,-0.19984911391899163,-1.686226898691488,-1.1887879976372886,0.25333131846563756,,0.4964147070940577,0.3489056913628972,,,,,1.773355672104251,0.09499995271876675,1.46275538180729,,0.0
G5_A_Roll03,school_a,5,sentence_01_copy_hindi,copy_hindi,devanagari,0.0,data/processed/school_a/G5_A_Roll03/sentence_01_copy_hindi.json,0.3511706165346191,-0.0019952819232763,,0.0738372093023255,0.1639786607063871,3.80591242034036,23.224200005981267,28.888337071548943,0.4883224473616424,2.1691176470588225,1.1256193538977173,-0.2105263157894737,-11.962536395845149,0.631578947368421,0.0526315789473684,0.4662304821143327,0.7325581395348837,59.02941176470589,1.2492123666587434,,0.0722222222222222,0.0157806907426872,0.5882352941176471,0.0201886669028931,0.9176470588235296,3.5294117647058827,2.2588235294117647,2.857142857142857,1.0,1,4,1,0,2,copy,1,0,0,-0.9557286438047136,-0.18507773725041896,,0.8774494860292463,-0.5779127130432562,-0.06712912910508988,1.8138218041159433,1.2469089179137494,1.6440616032732704,-0.739785270387506,1.471402100298108,-0.32058884393035314,-0.7931894321590289,1.5619786008931682,-1.4210121340226125,0.9643650102735606,5.0,2.677071731196929,2.264721115622059,,-1.2727923990111956,-0.9017496600223606,-0.3897620148570193,-0.3017421765037271,2.5378473345314836,5.0,2.1137869436740466,0.49053873416479665,0.0
G5_A_Roll03,school_a,5,sentence_02_copy_english,copy_english,latin,0.0,data/processed/school_a/G5_A_Roll03/sentence_02_copy_english.json,0.5283878260367145,-0.0371517027863777,,-0.2325581395348837,0.1065715277896707,-2.768998100708278,25.158214061983458,18.697836863698274,0.5111218223866733,3.663253697383391,1.0728814560066675,-1.803921568627451,-3.4586744731950696,0.5,0.5,0.8217791605611817,0.5930232558139535,24.486486486486488,1.081074743091879,0.5751633986928105,,,,,0.3375620518477661,2.2785438499724213,2.4754550468836185,0.2142857142857142,1.0,1,4,1,0,2,copy,1,0,0,-0.24618542024679818,-3.9971900636791617,,-2.5526295686920277,-1.3447931121269407,-0.3732497670658164,1.4525895950106813,-0.22357975022224744,-0.032821639800675546,0.8578907577176113,-0.2211454158915404,-2.4603546616734215,-0.2766930833481209,0.6744907594765952,0.5816260896935856,2.597774615278372,0.9573960959186161,-0.6007644116262495,3.190179890783593,0.01545532574833314,,,,,0.4527491331386625,0.15476262106829558,0.08413081833463118,0.0,-1.3489815189531904
G5_A_Roll03,school_a,5,sentence_03_dictated_hindi,dictated_hindi,devanagari,0.0,data/processed/school_a/G5_A_Roll03/sentence_03_dictated_hindi.json,0.5929257740501728,0.012402831406134,,0.1104651162790697,0.1779058202279399,6.8878071070971085,20.88734798438712,26.00950142650496,0.4835225878975642,2.197253433208489,1.0935479632400371,-0.5244565217391305,-4.253005944449998,0.6521739130434783,0.0,0.4037937058439112,0.7441860465116279,77.96428571428571,0.815649584061771,,0.0182291666666666,0.0156498202144471,0.65,0.0191785809090824,0.1727395411605937,2.677462887989204,2.763832658569501,0.5,1.0,1,4,1,0,2,dictated,0,1,0,-0.6895119286235621,0.26766118375302117,,1.0237951238832672,-0.40401010324126774,0.0,1.2407122929426062,0.0,2.1755335716747144,-2.731715209603357,-0.41566875514002316,-0.47786032967069336,-0.21292671855064518,1.5734060808148964,-2.0358886760211004,0.3110657333189489,2.9509702629853245,4.613097422326966,0.2366597431565647,,-1.3861294184715085,-1.4414684645604896,-0.5796650626678954,-0.10892276123450513,1.3715049001034365,0.7905913062501909,0.6744907594765952,0.6744907594765952,0.0
G5_A_Roll03,school_a,5,sentence_04_dictated_english,dictated_english,latin,0.0,data/processed/school_a/G5_A_Roll03/sentence_04_dictated_english.json,0.2091024997809516,0.0451904309029844,0.0311642603912526,0.1162790697674418,0.1812611310246499,1.5111792229711167,24.165229252313384,18.14213131265485,0.5238396726893491,3.6738782051282057,1.0805243627493288,1.5637480798771122,0.1547205849288579,0.0,0.0,0.3612981920757245,0.5406976744186046,59.18421052631579,0.4586291594798012,0.4910394265232976,,,,,0.4949579831932773,2.3705882352941177,3.230252100840336,1.2857142857142858,2.0,1,4,1,0,2,dictated,0,1,0,-0.9244409013918629,1.6047010487324942,1.7454032048596078,0.18910955873175528,-0.2873607405615062,0.2534546220601392,0.7913968095592535,-0.380882777211268,1.289429267493686,2.1664459983794226,1.909841794193105,0.217359423928295,-0.5277292250469879,-0.6744907594765952,-1.0791852151625525,-0.22843339999526274,0.7526784809936028,2.0429662310158143,-0.8095534955531788,-0.33335987537498407,,,,,0.07119474422740668,1.3261467819549513,1.5205262533844388,4.046944556859573,5.0
G5_A_Roll03,school_a,5,sentence_05_own_hindi,own_hindi,devanagari,0.0,data/processed/school_a/G5_A_Roll03/sentence_05_own_hindi.json,2.0253048486768934,0.0213040427158929,,-0.2948504983388704,0.2013293148247503,8.46157175844544,24.23670877035942,21.16211923111953,0.3024613299804007,3.488675958188153,1.1155032308816908,0.6102564102564103,7.180761186311578,0.4615384615384615,0.3846153846153846,0.2430937307910567,0.1744186046511628,,0.8929428461385048,,1.690476190476191,0.073046197401526,0.4545454545454545,0.0314422630075031,0.0635593220338983,0.5720338983050848,0.8421610169491526,,1.0,1,4,1,0,2,own,0,0,1,0.18617171569685032,0.03132065136865611,,-1.4692462477936792,-0.03865412016554807,0.28024018283697977,1.5867451051579786,-0.41589380285379884,-0.4327516007769997,1.0418992724110692,2.333371429899585,0.9320764435604957,1.5514602350220479,0.3314640303713554,0.05660062317286132,-0.6371166336878129,-0.6588421863682613,,0.666671871019942,,0.5364209576411083,0.8005257212753771,-1.727105126538555,0.6542543194603162,-0.8120721642941537,-0.9986122097083021,-0.5569081569265656,,0.0
G5_A_Roll03,school_a,5,sentence_06_own_english,own_english,latin,0.0,data/processed/school_a/G5_A_Roll03/sentence_06_own_english.json,0.3972776010110836,-0.0156915024437363,,0.0674418604651162,0.2256832663769131,5.123545535796591,22.43600198815941,17.942083457849215,0.5224026814724472,3.142076502732241,1.060239368480726,1.9615384615384608,0.203210872616314,0.0,0.75,0.5683660271589096,0.4534883720930232,,0.3032124049607669,0.4717948717948718,,,,,0.3181818181818182,0.6818181818181818,1.318181818181818,,1.0,1,4,1,0,2,own,0,0,1,-0.06204770535172199,-5.0,,0.2247455994644313,0.9380893531788,0.4668523834843617,0.37245983704765984,-0.4433814480227368,0.7671402427176546,-0.12546988292052955,-2.116932590206496,0.14950482543233104,-0.723894678583196,-1.199094683513947,0.843113449345744,1.3365400214078595,0.6489870863507705,,-1.9271136081510272,-0.07440651508523935,,,,,0.27318650429337715,-1.009996487092537,0.02191492397033355,,0.0
G5_A_Roll04,school_a,5,sentence_01_copy_hindi,copy_hindi,devanagari,0.0,data/processed/school_a/G5_A_Roll04/sentence_01_copy_hindi.json,0.3445585257704737,-0.0086579087035023,,0.0239463601532567,0.2051936322448778,13.094331799264085,23.12002400055549,27.520433606787226,0.2156189383732059,1.8040089086859683,1.1013628294200637,0.0224403927068724,65.34761045180876,0.6956521739130435,0.0434782608695652,0.3447276216921979,0.7126436781609196,49.26470588235294,0.8734753593403137,,0.023521505376344,0.0147009041211773,0.4166666666666667,0.0277299677298366,1.0210107893242475,3.1334469051675184,2.4293015332197614,3.4285714285714284,1.0,0,3,0,4,0,copy,1,0,0,-0.960908861070566,-0.609735851766257,,0.5713489747850123,-0.10328433179793481,1.4165268334527177,1.6976276322769068,0.975009021928257,-0.662074429663253,-1.2070931221070937,-0.026375448507489085,0.012371447978509021,3.442196572203486,2.03736339246935,-1.4663197672813046,-0.23856887387256864,5.0,0.6953820661860463,0.10271023878538499,,-1.316808174864307,-0.929124190775787,-0.7342486441498394,0.1763964522144612,2.971493749052522,4.374090855437648,2.4565427365894674,0.9810774683295929,0.0
G5_A_Roll04,school_a,5,sentence_02_copy_english,copy_english,latin,0.0,data/processed/school_a/G5_A_Roll04/sentence_02_copy_english.json,0.3282097210304737,-0.0044544163962828,,0.1057471264367816,0.1477358070166402,9.10037839139664,24.48139641530067,16.78178194173259,0.5872545118669772,3.5725269092772947,1.0791664522874371,1.9090909090909087,0.1240991727866023,0.0,0.25,0.3326091670785568,0.5057471264367817,19.16216216216216,0.3499507078391821,0.6363636363636364,,,,,0.3206278026905829,1.7757847533632287,1.3811659192825112,0.1428571428571428,1.0,0,3,0,4,0,copy,1,0,0,-0.6690395812963995,-0.4234510430397977,,0.833107541953689,-0.8027722699262274,1.1698928732432319,1.017693118648083,-0.8317885727281252,1.0797951834216752,0.6279605103541844,0.9422868739948387,2.1878182245884763,-0.00038719776179553083,-1.6576467817645129,-0.29081304484679277,-0.34226691443112944,0.25697075109723494,-0.9327436236609511,-0.8815563959445674,0.12520681814595494,,,,,0.34937465254761113,-0.5658977629145681,-0.945960589015903,-0.6744907594765952,-1.3489815189531904
G5_A_Roll04,school_a,5,sentence_03_dictated_hindi,dictated_hindi,devanagari,0.0,data/processed/school_a/G5_A_Roll04/sentence_03_dictated_hindi.json,1.587527807457343,-0.0194891486870497,,0.0875331564986737,0.3333107709062733,15.48617167816226,20.133582206953424,20.22457691549803,0.2905191173556404,3.703703703703704,1.1011523436589057,0.7786666666666666,4.554582620298392,0.52,0.32,0.2327312965153222,0.1724137931034483,41.07142857142857,0.7588084162941373,,1.3666666666666667,0.0571600258574437,0.28,0.0661047511663058,0.1019021739130434,0.3260869565217391,1.059782608695652,4.333333333333333,1.0,0,3,0,4,0,dictated,0,1,0,0.19622886815539062,-1.2118509719310442,,0.8830982880439351,1.4797719202319615,1.2527968214593923,0.5156726438223678,-0.6744907594765952,-0.3778835002493359,0.6472064340390722,0.19510487342839353,0.7093396536289546,0.5326390523716984,0.7335864584294195,-0.16641177003998536,-1.1021306103236146,-0.6744907594765952,-0.7235694968748698,-0.04597734104597422,,0.0464809864876673,-0.013819017868567863,-1.3955394621117,2.747815264950695,-0.09261247912945941,-0.9438942974421901,-0.8136867861351429,5.0,0.0
G5_A_Roll04,school_a,5,sentence_04_dictated_english,dictated_english,latin,0.0,data/processed/school_a/G5_A_Roll04/sentence_04_dictated_english.json,0.648777849780466,0.0018270212504616,0.0116920014639182,0.1063218390804597,0.2744269969911787,11.074104418223008,23.865372162996252,19.792093539532992,0.4282575311634463,3.0040816326530604,1.0801483619192136,1.886567164179104,0.2621048005170716,0.0,0.4,0.4788374431960215,0.3850574712643678,55.44736842105263,0.5147844830773051,0.8358208955223879,,,,,0.578229398663697,2.2196547884187083,2.3688752783964366,0.2857142857142857,2.0,0,3,0,4,0,dictated,0,1,0,0.2954381383897541,-0.08987233630125802,0.20762181011469832,0.11488767971802252,1.4288010243154747,1.715667371396611,0.6274470461663081,0.13709584090097993,-0.3660028013065186,-0.011865711210131571,1.799106350343078,0.5927156308446191,-0.2609559451422461,-0.6744907594765952,0.32375556454876575,0.7085261347901259,-0.5066521096918152,1.7661521042942059,-0.4898661672871722,0.9652670103368796,,,,,0.3518226520215531,1.1173605554066393,0.6480618817762048,-0.6744907594765952,5.0
G5_A_Roll04,school_a,5,sentence_05_own_hindi,own_hindi,devanagari,0.0,data/processed/school_a/G5_A_Roll04/sentence_05_own_hindi.json,2.331372440134131,-0.019122872104527,,0.0109945027486256,0.4048356836207109,13.265307780347124,22.67116644610729,19.41159422606357,0.2916474000729561,3.4175084175084174,1.0893582053244972,-0.6,-14.651507317223937,0.3636363636363636,0.3636363636363636,0.4866637099419968,0.1724137931034483,,0.7513006679811755,,1.6927536231884055,0.0579636268742587,0.9090909090909092,0.0321138912785346,0.1448863636363636,0.7840909090909092,0.8522727272727273,,1.0,0,3,0,4,0,own,0,0,1,0.507769967412308,-3.2052767763558543,,0.13741133067107075,3.1600101231884214,0.8682003691281359,0.8838747599750187,-0.7210827929657584,-0.6557594314800945,0.907176661620024,-0.28316628650399744,-0.11411493610223528,-1.4958667305865125,-0.35529019745935997,-0.05660062317286102,1.5540429299829353,-0.6744907594765952,,0.06433924911760504,,0.5387584225432859,0.4117614285183513,-0.19417158227356476,0.6947271994928741,-0.2839894690021099,-0.6594695081974193,-0.5404483412995363,,0.0
G5_A_Roll04,school_a,5,sentence_06_own_english,own_english,latin,0.0,data/processed/school_a/G5_A_Roll04/sentence_06_own_english.json,0.2073228735069976,-0.0456217791502359,,0.1264367816091954,0.2095929026300053,9.497105259316957,25.011734892941195,24.731229814153437,0.4710974917520622,3.258559622195988,1.0814332673219236,2.5390625,0.4060139619250876,0.0,0.5,0.2266696359257898,0.367816091954023,,0.3161625317138458,0.88125,,,,,0.2285714285714285,1.2285714285714286,1.542857142857143,,1.0,0,3,0,4,0,own,0,0,1,-0.6744907594765952,-5.0,,1.5545406075555834,0.6744907594765952,1.0501428823739547,2.477833339769192,0.6370372606215091,0.25048659387644434,0.17148844149278245,2.328999571869972,0.7517973214861339,-0.41306691988028543,-1.199094683513947,0.0,-0.5414940963070981,-0.046666295506827965,,-1.8320413057245717,0.828007943978618,,,,,-0.3241473693588799,-0.09499995271876675,0.5622506438688025,,0.0
G5_A_Roll05,school_a,5,sentence_01_copy_hindi,copy_hindi,devanagari,1.0,data/processed/school_a/G5_A_Roll05/sentence_01_copy_hindi.json,2.0397792102735783,0.119345751124469,0.1582220515592113,-0.203559510567297,0.1704148115139279,5.780133746592064,21.581703184878577,21.811786366683144,0.2738338057383322,3.501098901098901,1.1022171307985846,0.4666666666666667,11.643639638159694,0.3448275862068966,0.2068965517241379,0.4544467010945062,0.1724137931034483,51.23529411764706,0.9709710578519144,,2.264516129032258,0.0553096073480028,0.3,0.0346174981632614,0.1501000667111407,0.9706470980653767,1.210807204803202,4.428571428571429,2.0,2,3,4,0,3,copy,1,0,0,0.3672053122726506,5.0,0.9607448697357374,-0.824491435358135,-0.5037945048969521,0.24821680033780766,-0.01816011049346875,-0.15970598595612673,-0.16977638853672322,0.9650364250072008,0.026375448507502793,0.6472677849096682,0.5000595353790014,-0.5655439761854566,-0.6574222803955191,0.8477001891914966,-0.6744907594765952,1.0953013660526996,0.6637057130699613,,0.708605893577992,0.10037939187191652,-0.9684995520689571,0.6130842905946285,-0.6822763925589704,-0.006366140697060293,0.0066900848084144055,1.839520253117987,5.0
G5_A_Roll05,school_a,5,sentence_02_copy_english,copy_english,latin,1.0,data/processed/school_a/G5_A_Roll05/sentence_02_copy_english.json,0.0429393485657994,-0.0009426149990436,0.0057605362886016,0.0137931034482758,0.0370678517163151,1.267414410919566,23.7635790963204,16.536558564620897,0.5476429795265106,2.5475943232952587,1.075442142082643,2.204081632653061,0.1679112845835436,0.0,0.625,0.0785687834104612,0.5632183908045977,21.62162162162162,0.3549935248138907,0.1489795918367347,,,,,1.084870848708487,2.621771217712177,2.832718327183272,0.7142857142857143,2.0,2,3,4,0,3,copy,1,0,0,-1.2716417690686157,-0.03961913918335223,-0.26080339028026445,-0.08716234273509683,-2.259966212416378,0.15152592479238822,0.5564518607899268,-0.9096292545030542,0.500905122181672,-1.9695413735447633,0.25286995849584293,2.5571053980598015,0.002991621428481299,-1.6576467817645129,1.0178456569637748,-1.8691170650098479,0.7182003043486798,-0.7793928201322311,-0.8534722134075332,-0.7488277982770405,,,,,5.0,0.6467484812884073,0.42043484065942166,4.721435316336169,0.0
G5_A_Roll05,school_a,5,sentence_03_dictated_hindi,dictated_hindi,devanagari,1.0,data/processed/school_a/G5_A_Roll05/sentence_03_dictated_hindi.json,3.048013814912449,0.0069369686051365,,-0.1467207572684246,0.1464970267413183,8.23225287759141,19.80996723012717,19.916183967156744,0.2673033045686848,3.580121703853956,1.0820696539328178,-0.4041666666666667,-11.10949060583961,0.5625,0.3125,0.368960664882819,0.1724137931034483,38.285714285714285,0.675563700457412,,2.364705882352941,0.07356075314063,0.7142857142857143,0.0021771859858588,0.0891089108910891,0.5792079207920793,0.9950495049504952,2.833333333333333,1.0,2,3,4,0,3,dictated,0,1,0,1.4968616805540544,0.014092404650918457,,-0.554144091832653,-0.7847400625560709,0.1958881103469115,0.20439068293658078,-0.7104477012738762,-0.685026436810824,0.37001580768028763,-1.3375911523948454,-0.36827121698837406,-0.793330791107616,1.0036271429300128,-0.21022763502391778,0.0232998453171583,-0.6744907594765952,-1.1265317618291226,-0.4599034562789237,,1.106820353309972,0.5502468273493395,-0.43791082338229237,-1.1439215925718793,-0.35703279082855915,-0.7571803557690513,-0.8702193694700217,5.0,0.0
G5_A_Roll05,school_a,5,sentence_04_dictated_english,dictated_english,latin,1.0,data/processed/school_a/G5_A_Roll05/sentence_04_dictated_english.json,0.3136029684094377,-0.1252130769243891,0.1639880985175766,0.1160919540229885,0.215000231291459,-0.730140035387533,24.57446245571499,17.608287104656252,0.623409452174975,2.589090909090909,1.0737431808185938,1.6761904761904762,0.4301257391415997,0.0,0.1428571428571428,0.3899545958685056,0.6896551724137931,47.94736842105263,0.7027787906965952,0.2666666666666667,,,,,1.1608222490931075,3.80894800483676,3.73639661426844,1.1428571428571428,3.0,2,3,4,0,3,dictated,0,1,0,-0.6345044031838388,-5.0,5.0,0.18771478516639692,0.3341303308578331,-0.08925281609200655,1.0151490210644856,-0.548474423033087,3.0139251138145253,-1.361498106559573,-0.08727398530551649,0.34810123390531433,0.15645639655072083,-0.6744907594765952,-0.5781349366942249,0.0,1.9579373417225845,1.210574455592386,0.5803689249864319,-1.1784647448944103,,,,,2.315183209641835,3.315829750963165,2.0331858041697943,3.3724537973829776,5.0
G5_A_Roll05,school_a,5,sentence_05_own_hindi,own_hindi,devanagari,1.0,data/processed/school_a/G5_A_Roll05/sentence_05_own_hindi.json,1.9843645869630928,0.001605297152022,0.0002242319990938,0.2344827586206897,0.2062478427072799,4.839377398240522,19.38887669281676,31.636834042836348,0.3207088845145232,4.31924882629108,1.103653891308412,-1.3116036505867013,-4.050189831264607,0.4615384615384615,0.2307692307692307,0.4800143732129314,0.3390804597701149,,0.9010280792989326,,1.0564971751412429,0.0260140836587874,0.8461538461538461,0.019479828144886,1.0535714285714286,3.906994047619048,2.590029761904762,,2.0,2,3,4,0,3,own,0,0,1,0.14315403934227586,-1.5457699949158368,-0.6744907594765952,1.3114344427637175,0.038654120165548506,-0.16310351071713858,-0.5897514053143077,1.4102827018322621,-0.05644552267956187,2.6142023782129873,1.147515105524065,-0.7292520249631069,-0.016145068098263195,0.3314640303713554,-0.7735418500291023,1.4942253867177613,0.6264272849295701,,0.7010542827532803,,-0.11426948388747035,-0.41176142851835107,-0.40642391917179443,-0.0666119870583459,5.0,4.334988364392979,2.288268016202351,,5.0
G5_A_Roll05,school_a,5,sentence_06_own_english,own_english,latin,1.0,data/processed/school_a/G5_A_Roll05/sentence_06_own_english.json,0.1194296821239373,-0.1382698948618947,0.1945847186937429,0.057471264367816,0.0905058376323196,-0.9585910207729924,19.75518242862931,14.567612374081651,0.5943697711920912,2.743484224965706,1.0599700394956402,0.932,0.6013563233994753,0.2,0.0,0.0787371058906269,0.5747126436781609,,0.6578783692602618,0.1771428571428571,,,,,0.9129213483146068,2.879213483146067,3.230337078651685,,2.0,2,3,4,0,3,own,0,0,1,-0.9578718328234829,-5.0,5.0,0.0,-1.276439831980398,-0.34430664729721133,-1.8188102498988947,-0.980391772935834,1.4918634082059874,-1.1416282368052262,-2.1734308497266035,-0.9241877803944767,-0.11367390469611803,0.0,-1.686226898691488,-1.3545619122220354,1.6333203427389806,,0.6766377265789915,-0.7238018214277314,,,,,4.237660589195161,2.6673645478966566,4.620576529185328,,5.0
G5_A_Roll06,school_a,5,sentence_01_copy_hindi,copy_hindi,devanagari,0.0,data/processed/school_a/G5_A_Roll06/sentence_01_copy_hindi.json,2.492961138287084,-0.0185091307476387,,-0.1262458471760797,0.314329501949793,-1.8605864734799948,21.15205856626553,19.29889649300888,0.2470095152700842,2.772785622593068,1.0807932383184948,0.0051282051282051,2248.270112775606,0.3846153846153846,0.6153846153846154,0.5139905737505569,0.1744186046511628,35.23529411764706,0.7365308502240268,,1.7999999999999998,0.0664386965497747,1.5384615384615383,0.0244757900479804,0.4475806451612903,0.9314516129032258,1.2943548387096773,2.0,1.0,4,0,3,3,1,copy,1,0,0,0.7222489636389988,-1.2376265496747354,,-0.3501408822235238,1.153515788165004,-0.9722492068785321,-0.49737027449241034,-0.6591962737404694,-0.396617851032923,0.03285793189799434,-1.296494412517516,-0.012371447978509021,5.0,-0.2703424501545864,1.364536010747355,1.4372117592269034,-0.6286669817227633,-2.1518045910735633,-0.6852758058832291,,0.2887755678695658,0.382521797179295,1.5181639319955225,-0.029927110538661775,0.5657569902305161,-0.08575126761987303,0.17466738901285278,-0.24526936708239813,0.0
G5_A_Roll06,school_a,5,sentence_02_copy_english,copy_english,latin,0.0,data/processed/school_a/G5_A_Roll06/sentence_02_copy_english.json,0.9668142069889656,0.004536725025841,0.0064339515755127,-0.0354957160342717,0.24594767789911,-8.127542262214781,20.699228372289653,20.56098438308017,0.4614291211913655,3.192771084337352,1.0673568242060396,-0.0021786492374725,-2965.132564490485,0.2352941176470588,0.2941176470588235,0.4797382718981356,0.313953488372093,33.770270270270274,0.5196926799709937,1.2361111111111112,,,,,0.096085409252669,3.346975088967972,2.3701067615658364,0.1428571428571428,2.0,4,0,3,3,1,copy,1,0,0,0.6799419376567909,0.5592602607968589,-0.20762181011469832,-0.5804416441455443,0.4904091477857466,-1.069916351961832,-1.4125797369407793,0.36783479950030235,-0.7590397166698041,-0.33446032023924305,-1.2438246251458305,-0.2048242436692344,-5.0,-0.5601702917686975,-0.13685319757496142,0.5420180665811178,-1.2822488045209612,-0.02190725764696019,0.06376138049950547,1.200744804930903,,,,,-1.0213358570748206,1.6862636364588581,-0.01503708962297862,-0.6744907594765952,0.0
G5_A_Roll06,school_a,5,sentence_04_dictated_english,dictated_english,latin,0.0,data/processed/school_a/G5_A_Roll06/sentence_04_dictated_english.json,,,,,,-4.476575675372228,22.785507209345017,16.644152935776884,0.5376972697503084,2.5235404896421847,1.0738896960634956,,,,,,0.4069767441860465,,,,,,,,0.2981260647359455,0.2385008517887563,0.1987507098239636,0.8571428571428571,1.0,4,0,3,3,1,dictated,0,1,0,,,,,,-0.6620990786638503,0.0370204397764541,-0.8511485548014499,1.5294355092978282,-1.5746811118502748,-0.044123998987594344,,,,,,-0.32929683543470156,,,,,,,,-0.5921364739552666,-1.6231695471209056,-1.549996295200672,2.0234722784297867,0.0
G5_A_Roll06,school_a,5,sentence_05_own_hindi,own_hindi,devanagari,0.0,data/processed/school_a/G5_A_Roll06/sentence_05_own_hindi.json,2.3840795333877143,0.037482871797303,,-0.0348837209302325,0.3173800945106088,-1.1778849944793115,22.103333118919046,20.569256907440195,0.3260420347735056,2.9936974789915967,1.090325523878399,-2.208333333333333,-3.597918784508856,0.5,0.25,0.3052669099178243,0.1744186046511628,,0.5742464819007066,,1.4370370370370371,0.0717320981307855,1.4444444444444444,0.0429944494982732,0.1693548387096774,1.0161290322580645,1.2096774193548387,,1.0,4,0,3,3,1,own,0,0,1,0.5631515547363755,1.326605162222224,,-0.10359504673593228,1.78540417142868,-0.8995950042663092,0.6289386905347705,-0.5192542537565505,0.053536165776781976,0.10488792755046139,-0.18635913385752353,-1.504419052401913,0.04698248808398243,0.6012603341619938,-0.6697740408788564,-0.07780568526009679,-0.6588421863682613,,-0.6885827512923033,,0.2763012523148593,0.7666538509149263,1.6112834809718675,1.3503987167719471,-0.12510777342091883,-0.28837102080100746,0.041334082015279876,,0.0
G5_A_Roll06,school_a,0,sentence_06_custom,dictated_hindi,devanagari,0.0,data/processed/school_a/G5_A_Roll06/sentence_06_custom.json,,,,,,-0.1447613551743603,21.10681427776742,41.09793122609983,0.3198198388174019,1.5740740740740735,1.1388347759664346,,,,,,,,,,,,,,0.1410392364793213,,,0.3333333333333333,1.0,4,0,3,3,1,dictated,0,1,0,,,,,,-0.04697910310490643,-0.21935154974312293,5.0,-0.45790695239945206,-3.2999736101141908,4.7919514733507285,,,,,,,,,,,,,,-0.37440924173530504,,,-0.5620756328971627,0.0
G5_A_Roll06,school_a,5,sentence_06_own_english,own_english,latin,0.0,data/processed/school_a/G5_A_Roll06/sentence_06_own_english.json,0.7717616368979822,0.0,,-0.0077519379844961,0.2062656541961251,-6.354075714058619,22.34015129295551,28.12672348521851,0.3811942549382383,3.8377926421404673,1.068810331875253,1.1714285714285713,8.597277475192852,0.2,0.6,0.4002839900961225,0.2441860465116279,,0.2910388850613559,0.4682539682539682,,,,,0.2793791574279379,0.8148558758314857,1.14079822616408,,1.0,4,0,3,3,1,own,0,0,1,1.1453460230020371,-0.48435953924070446,,-1.4701856908665165,0.6199824822328797,-1.0638886714257272,0.2941126165244876,1.1773931013665406,-0.6548572045900524,1.6481665029960124,-0.3189660102379239,-0.6744907594765952,5.0,0.0,0.3372453797382975,0.4127263427214348,-1.0505342802467332,,-2.0164845145165664,-0.08221045337627718,,,,,0.014531857695987725,-0.7873566954020302,-0.4046859545622214,,0.0
G5_A_Roll07,school_a,5,sentence_01_copy_hindi,copy_hindi,devanagari,1.0,data/processed/school_a/G5_A_Roll07/sentence_01_copy_hindi.json,0.5153043378284502,-0.0340514954346603,,0.1505747126436781,0.1787658290366721,6.629606843370522,21.61426674188591,26.679014855160347,0.4078650726158208,1.799307958477509,1.1106152215317069,0.0535236396074932,32.902237812744914,0.5789473684210527,0.0526315789473684,0.3929211275286057,0.6781609195402298,46.088235294117645,0.519031320735969,,0.0508474576271186,0.0169435333130436,1.0,0.0049000325726055,0.3966386554621849,3.338375350140056,2.4789915966386555,2.857142857142857,1.0,1,1,0,4,4,copy,1,0,0,-0.8271387064787671,-2.2282555464387195,,1.3482650645376464,-0.4076248417717512,0.3839046686017665,0.018160110493464783,0.8077591560267593,0.9636682643496999,-1.2131099349413912,0.5449357956211552,0.056796194451107535,1.6646979800379262,1.1714839506698767,-1.4210121340226125,0.23856887387256864,5.0,0.05073603058009642,-1.9367797549247026,,-1.2921109410833485,-0.8722695117509338,0.4370058954457489,-1.2710824563053382,0.35203781548158136,4.789145562553481,2.5564474557128958,0.49053873416479665,0.0
G5_A_Roll07,school_a,5,sentence_02_copy_english,copy_english,latin,1.0,data/processed/school_a/G5_A_Roll07/sentence_02_copy_english.json,0.2827443516411195,0.0136150331651297,,0.0862068965517241,0.1241014359782672,5.941652922081383,22.65669791952209,18.60533510722032,0.5227912538244777,2.850924918389554,1.073569877506131,1.7038327526132402,0.1341405219514988,0.0,0.0,0.1795644701153588,0.4712643678160919,17.10810810810811,0.4588553644228579,0.5579268292682927,,,,,0.3445378151260504,1.9983193277310924,1.5389355742296915,0.5714285714285714,1.0,1,1,0,4,4,copy,1,0,0,-0.765080157908643,1.55149868852743,,0.6375501914573218,-1.1139722213324015,0.7592256436736893,-0.1547865738179739,-0.25294236595012254,0.13771753100452666,-1.200806138683735,-0.09370989075391112,1.9308636887906654,0.00038719776179553186,-1.6576467817645129,-1.1632521793871713,-1.2621061747466542,-0.01976698085363335,-1.0608168222124095,-0.2750504945865857,-0.01545532574833314,,,,,0.4953324150382845,-0.24691427182505943,-0.7974466708907927,3.372453797382978,-1.3489815189531904
G5_A_Roll07,school_a,5,sentence_03_dictated_hindi,dictated_hindi,devanagari,1.0,data/processed/school_a/G5_A_Roll07/sentence_03_dictated_hindi.json,1.961947040665173,-0.0015257895250221,,-0.2697318007662835,0.2079823119103675,4.990755759219067,18.14665880083452,19.99038399368185,0.2680996579385962,3.118018455560952,1.090325523878399,0.3999999999999999,8.724413138738022,0.5,0.2857142857142857,0.2932099225523075,0.1724137931034483,37.642857142857146,0.6581222395979499,,1.977777777777778,0.0714679458262763,1.0,0.0250774614168736,0.1063829787234042,0.7092198581560284,0.9692671394799056,0.5,1.0,1,1,0,4,4,dictated,0,1,0,0.5296671467951265,-0.37850640820422543,,-1.3088665298267579,-0.0394299910042229,-0.2764037136509152,-1.3955288093743592,-0.7017963814253843,-0.6744907594765952,-0.6664675717155828,-0.6744907594765952,0.36435840830803434,0.8856168149273872,0.6065084892526696,-0.36671286710939066,-0.6024990809920002,-0.6744907594765952,-1.219523053741642,-0.5466293951565917,,0.6957392104423861,0.4782694627931138,0.1921080178870548,0.2501850919348211,0.0,-0.6612774290408735,-0.8927355727757443,0.6744907594765952,0.0
G5_A_Roll07,school_a,5,sentence_04_dictated_english,dictated_english,latin,1.0,data/processed/school_a/G5_A_Roll07/sentence_04_dictated_english.json,0.5422944504731263,-0.0131331146742857,,-0.0057471264367816,0.3246074398887181,6.626967534010224,20.42718533450504,18.500209450967745,0.5695938865340963,2.804624962941002,1.0726236061702892,1.0476190476190477,1.6919840180555406,0.0909090909090909,0.1818181818181818,0.4581165839231309,0.4827586206896552,33.44736842105263,0.4726963623484256,0.4543650793650793,,,,,0.5596890616324265,2.238756246529706,1.9589117157134923,0.4285714285714285,1.0,1,1,0,4,4,dictated,0,1,0,0.0,-0.6744907594765952,,-0.7204820592486186,2.3531498354593428,1.0356808487195273,-1.2524148517650429,-0.2684700102775327,2.0818680188352268,-0.6605384829801534,-0.4169982456621979,-0.3827669169498266,3.2912753268458403,0.0,-0.4414848607483171,0.5433506169981082,0.28387658227129436,0.13645766810220128,-0.7294701443560656,-0.4714945998828096,,,,,0.2893409953631285,1.143783601080922,0.2328213125168165,0.0,0.0
G5_A_Roll07,school_a,5,sentence_05_own_hindi,own_hindi,devanagari,1.0,data/processed/school_a/G5_A_Roll07/sentence_05_own_hindi.json,2.596004331161516,0.0476256606491054,,-0.1077586206896551,0.2860025582705456,9.919773410537358,21.779985907171746,21.006134176355133,0.3217370169434193,3.70242214532872,1.0950818273657572,-0.1523809523809524,-64.94270311205098,0.4285714285714285,0.5714285714285714,0.3225647183027859,0.1724137931034483,,0.8398775050091258,,1.8583333333333327,0.0725141826640718,1.0,0.0129881326149664,0.1204819277108433,0.9437751004016064,0.8232931726907631,,1.0,1,1,0,4,4,own,0,0,1,0.785829964216815,2.1386415111131067,,-0.48641971139291545,1.292219590477002,0.4587188734030416,0.4837678045011773,-0.443088456571175,-0.035243093534373944,1.446528181927512,0.2896414513440565,0.2728238853105544,-5.0,0.10021005569366524,1.0646307692038168,0.07780568526009629,-0.6744907594765952,,0.4410117853701872,,0.7087027457721142,0.7868126520894064,0.11241512657943294,-0.4578069764932187,-0.4424553377549218,-0.40408663814278445,-0.5876211844792383,,0.0
G5_A_Roll07,school_a,5,sentence_06_own_english,own_english,latin,1.0,data/processed/school_a/G5_A_Roll07/sentence_06_own_english.json,0.45336017423167,0.0014025883416307,,0.0781609195402298,0.168421204740876,8.83906790707451,20.87347750677749,22.17560532858792,0.4784696682380009,3.196480938416422,1.069847586942355,1.818181818181818,0.858184992575308,0.25,0.5,0.3408391203065186,0.3793103448275862,,0.5665129024149864,0.503030303030303,,,,,0.3296337402885682,1.611542730299667,1.6847946725860157,,1.0,1,1,0,4,4,own,0,0,1,0.11877107645858562,0.07151010934161514,,0.46636218226667464,0.0,0.9623821200335393,-0.9047291270518234,0.2303374545537868,0.3247259038199417,0.013227038451449924,-0.10137670787979827,0.0,0.2799565862528273,0.2997736708784867,0.0,0.08600502973035298,0.046666295506827965,,0.0058855817644128065,-0.005565504580599172,,,,,0.349523868995514,0.5459060060968653,0.9036050734996045,,0.0
G5_A_Roll08,school_a,5,sentence_01_copy_hindi,copy_hindi,devanagari,0.0,data/processed/school_a/G5_A_Roll08/sentence_01_copy_hindi.json,2.042535096694961,0.0063294241698096,,-0.1984496124031007,0.262060058987381,15.818553966718822,19.74490118147561,19.17333451289976,0.2910297122752428,3.417207792207792,1.090325523878399,1.0523809523809524,4.680743249235671,0.4285714285714285,0.4285714285714285,0.3051168095742555,0.1744186046511628,36.88235294117647,0.5107033225208536,,1.937777777777778,0.074455671980262,1.7142857142857142,0.0254198231375397,0.2990033222591362,0.9169435215946844,1.036544850498339,2.142857142857143,1.0,1,3,1,0,4,copy,1,0,0,0.3693644009681942,0.34551689306571165,,-0.7931401461509106,0.5515849806021375,1.8516717485550234,-2.0668630411289706,-0.6841543868024529,-0.024358018854286106,0.85766300510772,-0.7079004730361464,1.4843813828368073,0.11860179512158474,0.05578495003189885,0.4398370891022368,-0.6307340287477083,-0.6286669817227633,-1.81754368372233,-1.9846995029736267,,0.41329931571086165,0.5857665272950093,1.871195127603612,0.029927110538661553,-0.057576001366630096,-0.11513543432100304,-0.34367436157695297,-0.12263468354119907,0.0
G5_A_Roll08,school_a,5,sentence_02_copy_english,copy_english,latin,0.0,data/processed/school_a/G5_A_Roll08/sentence_02_copy_english.json,0.9776049259707962,-0.0003051443129184,0.0015687009271182,0.0312117503059975,0.2583865426566181,10.287723831610764,19.97938394493911,23.190984674553928,0.4916945285443567,3.664582884242294,1.0718195840317764,0.5084033613445378,8.290280438192061,0.2941176470588235,0.5294117647058824,0.5151788720599502,0.3255813953488372,34.472972972972975,0.8295292787977677,1.729591836734694,,,,,0.611764705882353,2.5725490196078438,2.8705882352941177,0.2142857142857142,2.0,1,3,1,0,4,copy,1,0,0,0.7027361409591037,0.03005495665261,-0.5918449223787389,0.08716234273509683,0.6541949367876849,1.32426015435439,-1.8751235351386537,1.2026696271086603,-0.3167356077189819,0.8612593357268131,-0.4177113465817195,0.43435310142246814,0.6293941307145324,-0.28580116926974364,0.6842659878748067,0.7550254826160613,-1.1889302670026458,0.021907257646959746,1.789286546640948,2.0857127097609154,,,,,2.126608816813475,0.576192844551867,0.4560830674015193,0.0,0.0
G5_A_Roll08,school_a,5,sentence_03_dictated_hindi,dictated_hindi,devanagari,0.0,data/processed/school_a/G5_A_Roll08/sentence_03_dictated_hindi.json,0.7534751290193281,0.0346699566560402,,0.2281976744186046,0.206041177570578,11.528185588170093,19.38223385895127,28.574224023898733,0.3906859085483385,3.415154749199573,1.1051028083468288,1.533834586466165,1.018281329785523,0.1428571428571428,0.5714285714285714,0.3633199374709957,0.4418604651162791,41.75,,,,,,,0.0994764397905759,2.520069808027923,2.3542757417102966,0.3333333333333333,1.0,1,3,1,0,4,dictated,0,1,0,-0.546535030511279,1.3006632859466403,,1.746131922139101,-0.06295996195097134,0.6761112957480282,-0.20704170446929537,0.2990327167228334,0.9473133677299352,0.0,0.5124008948093461,1.397329361548426,0.23328978344382753,-1.662740960332149,1.3024629418023188,-0.023299845317157838,1.0340013913609996,-0.6254120220783207,,,,,,,-0.14274928720268373,0.6744907594765952,0.3168173405738099,0.0,0.0
G5_A_Roll08,school_a,5,sentence_04_dictated_english,dictated_english,latin,0.0,data/processed/school_a/G5_A_Roll08/sentence_04_dictated_english.json,0.4893157613359851,0.0540691546154918,,0.1813953488372093,0.1666080661356473,10.258265911985776,21.44948951272841,22.333865170263717,0.4572061969904233,3.011378671606244,1.075449581007614,2.020833333333333,0.2363235345796627,0.0,0.75,0.3177370180959788,0.4186046511627907,22.5,0.7592201620289918,0.85,,,,,0.6984126984126984,1.3968253968253967,1.037037037037037,0.5714285714285714,1.0,1,3,1,0,4,dictated,0,1,0,-0.14698934664764804,1.951667512321175,,0.6744907594765952,-0.5572775114720251,1.5909221244284544,-0.6934601559896897,0.9350434153335748,0.13537275895932196,0.011865711210130128,0.41527539007484915,0.7488329188912293,-0.32500402554722,-0.6744907594765952,1.5513287467961692,-0.5756795915248925,-0.23521202531050098,-0.6744907594765952,0.9016846978996431,1.018672915078219,,,,,0.7568450449979239,-0.020859284663815324,-0.7009196371769856,0.6744907594765956,0.0
G5_A_Roll08,school_a,5,sentence_05_own_hindi,own_hindi,devanagari,0.0,data/processed/school_a/G5_A_Roll08/sentence_05_own_hindi.json,2.137338565778689,0.0132870342074889,,-0.1312292358803986,0.3459645469082457,14.760312982994089,17.99819875527888,21.175327857452796,0.2898307888141596,3.90625,1.096837920517296,-1.533333333333334,-5.258030135647036,0.5,0.5,0.2605225518069405,0.1744186046511628,,0.5234960967104986,,1.3809523809523812,0.076721812680339,2.0,0.0216906168835169,0.0437317784256559,0.7653061224489796,1.1588921282798834,,1.0,1,3,1,0,4,own,0,0,1,0.30389031302228964,-0.6105247437501294,,-0.6097149806742664,2.2346877311576945,1.051183683250085,-1.2141141369079842,-0.41359099237135905,-0.693222087473096,1.8323813457571794,0.465387462931146,-0.9209235424523081,-0.18473425199811203,0.6012603341619938,0.679207478074334,-0.4803266713715061,-0.6588421863682613,,-0.9043984989166964,,0.2187382277541447,0.8952673948999957,3.4848689239624107,0.06661198705834569,-0.9408187959599462,-0.6895120107557711,-0.04133408201528024,,0.0
G5_A_Roll08,school_a,5,sentence_06_own_english,own_english,latin,0.0,data/processed/school_a/G5_A_Roll08/sentence_06_own_english.json,0.7280908883486938,0.0027144551541655,,0.0736434108527131,0.1918663377066943,10.039347608965883,19.295562608196256,29.06592930546689,0.3652254450635699,4.314789687924015,1.070814118870118,1.4260869565217391,1.2975059588556477,0.4,0.6,0.3251910508654185,0.2674418604651162,,0.4097282345755868,0.8115942028985508,,,,,0.1528239202657807,1.03156146179402,1.681063122923588,,1.0,1,3,1,0,4,own,0,0,1,1.004544859646573,0.5914252707800036,,0.3645337471205921,0.3840872820627554,1.1224603607302817,-2.1944980354875807,1.326857479685865,-0.815666353418146,2.8642074548359675,0.10137670787975168,-0.4089107590191614,0.9532853396043542,1.199094683513947,0.3372453797382975,0.0,-0.861698572847011,,-1.1451363071228844,0.6744907594765952,,,,,-0.8290726659951654,-0.4246979250835737,0.8946308366709786,,0.0
G5_A_Roll09,school_a,5,sentence_01_copy_hindi,copy_hindi,devanagari,0.0,data/processed/school_a/G5_A_Roll09/sentence_01_copy_hindi.json,0.0456852768266666,0.000993012641717,,0.013953488372093,0.0312009485232528,8.257902403336,21.299422349413977,23.41871873229338,0.3751377128622613,2.462462462462464,1.0945314945344675,2.0625,0.3509739258253667,0.0,0.5,0.2218051641964125,0.6046511627906976,19.147058823529413,0.71371583011561,,0.7307692307692307,0.0122489448546674,0.2,2.629465161093561e-05,0.1147902869757174,1.664459161147903,1.1479028697571745,0.1428571428571428,1.0,1,0,4,2,4,copy,1,0,0,-1.1950599669318978,0.005388212208772514,,0.5100386701262796,-2.1069704376151086,0.6439952521332258,-0.33300600776881717,0.15970598595612745,0.6869070892899375,-0.3643290813346867,-0.448192680792539,2.9280620491806633,-0.11860179512158471,-3.123957201786335,0.7933984414959586,-1.4555574182612305,5.0,-5.0,-0.8165546543035055,,-0.6775966936035147,-0.9912857632662541,-1.1692860445710578,-1.5800904669592055,-0.8304130678281314,1.3988558755766702,-0.11978268443401306,-1.8395202531179866,0.0
G5_A_Roll09,school_a,5,sentence_02_copy_english,copy_english,latin,0.0,data/processed/school_a/G5_A_Roll09/sentence_02_copy_english.json,1.6237072602589604,-0.3043264281014025,0.6204013541435324,-0.0796853625170998,0.2998780468008971,4.6381438150440735,23.14063556678171,17.575666426265002,0.546523290698782,3.597232897770945,1.0745823409214572,0.1754385964912281,23.325777955759143,0.4333333333333333,0.3333333333333333,0.5613702428869313,0.5523255813953488,71.0945945945946,0.4012777862016909,0.3052631578947369,,,,,0.1629502572898799,7.441395082904516,5.105774728416238,0.1428571428571428,4.0,1,0,4,2,4,copy,1,0,0,2.0675560372664106,-5.0,5.0,-1.02268875364149,1.2005244351485416,0.589755875279501,0.15617277927208265,-0.5797876817266345,0.48454178817877613,0.690573264142625,0.09370989075387001,0.01752773351452936,1.7889416956246997,0.3635390873111139,0.0,1.0326478845518008,0.6307812146045105,2.305317573926252,-0.595708417512106,-0.46856165446981496,,,,,-0.6131619326517082,5.0,2.5601397945650946,-0.6744907594765952,2.697963037906381
G5_A_Roll09,school_a,5,sentence_03_dictated_hindi,dictated_hindi,devanagari,0.0,data/processed/school_a/G5_A_Roll09/sentence_03_dictated_hindi.json,0.4745553966820078,-0.0115216600066468,,-0.0683139534883721,0.3434488322343383,10.80801488859375,20.61586990829539,24.775155417213973,0.2897463326951215,2.474849094567403,1.1424229380031248,1.0889487870619947,0.820216260257117,0.2857142857142857,0.1428571428571428,0.2497059929390345,0.6162790697674418,46.35714285714285,,,,,,,0.1390163934426229,4.066229508196721,3.8924590163934423,0.5,1.0,1,0,4,2,4,dictated,0,1,0,-0.7949264249180638,-0.8422283797154314,,-0.07308668087559046,1.6026630996912823,0.5711811598040875,0.9795802875820968,-0.14391803655855612,-0.38810736585936567,-2.109076675349897,3.509903617353454,0.9920197037032398,0.21652349887340921,-0.7550411804982213,-1.2013007715652457,-0.9618977034296533,2.139944971144264,0.04102556996140377,,,,,,,0.6744907594765952,1.815010956635556,1.6601404492984928,0.6744907594765952,0.0
G5_A_Roll09,school_a,5,sentence_04_dictated_english,dictated_english,latin,0.0,data/processed/school_a/G5_A_Roll09/sentence_04_dictated_english.json,0.9804097937874442,0.0079470198675496,,0.2906976744186046,0.2137764687308167,4.345813105863973,21.14445387741787,17.496539952708765,0.4401834792237671,3.21941555225359,1.073992517111379,1.4052287581699343,0.3671473650579701,0.0,0.0,0.5010382266960607,0.5930232558139535,16.236842105263158,1.175730467272151,0.7401960784313726,,,,,0.9543203082003304,1.6560264171711614,1.5718216840946615,0.2857142857142857,1.0,1,0,4,2,4,dictated,0,1,0,1.2155508020098325,0.14928751888686695,,1.4892377750125756,0.3115880135179526,0.6868824402893401,-0.8602413394843638,-0.5835556111965622,-0.1594516971491542,0.6884430359730371,-0.01384232548433334,0.03304190921998725,0.0,-0.6744907594765952,-1.0791852151625525,0.8854988105712448,1.1760601265525055,-1.1384468310240798,3.272841306894114,0.6050940614363124,,,,,1.6192636398735514,0.3376934687238203,-0.15925130006399174,-0.6744907594765952,0.0
G5_A_Roll09,school_a,5,sentence_05_own_hindi,own_hindi,devanagari,0.0,data/processed/school_a/G5_A_Roll09/sentence_05_own_hindi.json,0.4485249466896717,0.0139485705345815,,0.0045219638242894,0.1834262684424219,7.154647988088088,23.58255065807985,27.49975302012018,0.3251549807162667,2.825,1.098777697336415,0.5882352941176471,2.661907511915768,0.5882352941176471,0.2352941176470588,0.2121327305406611,0.6162790697674418,,0.9980590607374604,,0.0419287211740041,0.0163905452968757,0.7333333333333333,0.1151432219019764,0.5084650112866818,2.7217832957110613,2.123589164785553,,1.0,1,0,4,2,4,own,0,0,1,-1.4706180718295747,-0.5575618405920401,,0.10340994540168112,-0.32004990472537836,0.1202773663990668,1.2930524140952704,0.6890181807957639,0.035243093534373944,-0.21446222262392556,0.6595161394370143,0.9130405585367223,0.9207230006665937,1.2202047957993403,-0.7491258949349267,-0.9156423043634508,2.7901033267085498,,1.113678023901257,,-1.1555815451772664,-0.6598151722966382,-0.786905886056028,5.0,2.0768438825948845,2.439481232738696,1.5289972317491962,,0.0
G5_A_Roll09,school_a,5,sentence_06_own_english,own_english,latin,0.0,data/processed/school_a/G5_A_Roll09/sentence_06_own_english.json,0.2184070957995606,0.0029240486916699,,0.066860465116279,0.1268010682399658,3.907290808587839,23.647724885000905,16.24242608642845,0.5247665527725651,3.1861042183622814,1.103216351586786,4.619047619047619,0.1618333016915903,0.0,1.0,0.1759144102032186,0.6511627906976745,,0.3176124698008353,0.2321428571428571,,,,,0.3530085959885387,1.4120343839541547,1.315759312320917,,1.0,1,0,4,2,4,own,0,0,1,-0.6387535338615588,0.6744907594765952,,0.21164046062166625,-0.6818372551361437,0.30464359442971384,1.3629077499174098,-0.7138634093760843,0.7909449053502868,-0.013227038451449924,5.0,2.9209874255780264,-0.7873123398966333,-1.199094683513947,1.686226898691488,-0.8204553262320613,2.2540905992484146,,-1.8213967031709226,-0.602585131662285,,,,,0.5053383137494408,0.2120269727874001,0.01608888833335517,,0.0
G5_A_Roll10,school_a,5,sentence_01_copy_hindi,copy_hindi,devanagari,0.0,data/processed/school_a/G5_A_Roll10/sentence_01_copy_hindi.json,2.0240632032789434,-0.0016878033007457,,-0.1288515406162465,0.3147238134695868,12.574659569469562,22.078769915419983,21.491768062349397,0.2922299200273777,3.370607028753993,1.1061992736545851,1.0083333333333333,7.577673887358514,0.5,0.4375,0.3219775357513482,0.1785714285714285,42.61764705882353,0.6689737124150299,,1.8745098039215689,0.0695331246944056,0.7647058823529411,0.0202449815933308,0.0504201680672268,0.6722689075630253,0.8571428571428571,2.4285714285714284,1.0,4,4,2,2,3,copy,1,0,0,0.35489266659250784,-0.16547986746048868,,-0.36612786396034785,1.1580566487154311,1.3335186518820341,0.5362502536584339,-0.22331642770389779,-0.014208379216442938,0.7980180271344768,0.272262453933563,1.4214277179520427,0.27730825191428443,0.5857419753349385,0.4840322581514524,-0.4638051288084979,-0.5337462992326846,-0.653599452767144,-1.0740031973994526,,0.35611763264142426,0.46097110996205226,-0.03543291044154731,-0.2981716746128108,-1.1004678649193216,-0.6106906037324472,-0.704372346710686,0.12263468354119907,0.0
G5_A_Roll10,school_a,5,sentence_02_copy_english,copy_english,latin,0.0,data/processed/school_a/G5_A_Roll10/sentence_02_copy_english.json,1.6334001319582752,0.0028930598342281,0.0050274371877329,-0.0485842985842985,0.2982450873105775,6.486827937424273,22.12527005450637,18.68801213997312,0.3142287853029833,3.064946424666521,1.0775478078522565,0.4660714285714286,9.45978873663805,0.4285714285714285,0.4,0.2645560695240753,0.1904761904761904,32.932432432432435,0.6293557073778848,1.2355769230769231,,,,,0.0179271708683473,1.2280112044817928,1.68515406162465,0.0714285714285714,2.0,4,4,2,2,3,copy,1,0,0,2.088031159310589,0.37961139446423453,-0.3186983762717246,-0.7114313274958687,1.1790228299985408,0.8301040771926146,-0.49626127836945794,-0.22669838924444752,-2.910251912263724,-0.6584082548105654,0.6426553201153045,0.3813594356807521,0.7195873882386581,0.34132825358500796,0.2326504358774344,-0.7512840980304225,-2.2732027981678384,-0.07414764126663408,0.6744907594765952,1.1997868358738475,,,,,-1.4984498537980595,-1.3510823547697155,-0.6598062578936137,-1.3489815189531904,0.0
G5_A_Roll10,school_a,5,sentence_03_dictated_hindi,dictated_hindi,devanagari,0.0,data/processed/school_a/G5_A_Roll10/sentence_03_dictated_hindi.json,0.8211851578464265,-0.0207429821841728,,-0.1179653679653679,0.2991131328684525,11.854791890355942,18.896264435367662,29.44944251051712,0.3350098078390188,4.677284157585917,1.097874564235804,1.7551724137931033,0.8118622636676707,0.1,0.5,0.5167912027640669,0.3452380952380952,44.5,,,,,,,0.1217464315701091,2.337531486146096,2.5323257766582703,0.3333333333333333,1.0,4,4,2,2,3,dictated,0,1,0,-0.486236003494623,-1.2700180062380164,,-0.3777181636951497,1.065236247464152,0.7236984076767273,-0.6744907594765952,0.4010784358370555,0.2107239911235749,2.830917461133529,-0.06816197036695108,1.59897742310091,0.21581632983824087,-1.9350508942823268,0.8851689895743916,1.2445709383203951,0.4213437574810637,-0.2276159400080967,,,,,,,0.3175428335623758,0.539841898276165,0.4723116372492951,0.0,0.0
G5_A_Roll10,school_a,5,sentence_04_dictated_english,dictated_english,latin,0.0,data/processed/school_a/G5_A_Roll10/sentence_04_dictated_english.json,0.549613816043769,0.0540256508646543,,0.1476190476190476,0.2324631490070168,5.663896879680165,23.676826987502363,25.09568024383104,0.3619199915839681,2.9060743912229063,1.077022308385917,1.956896551724138,0.6386500476120682,0.25,0.75,0.3053414020077928,0.3452380952380952,18.31578947368421,0.6008329145014955,0.7586206896551724,,,,,0.110989611809732,0.983050847457627,0.7927829414980864,0.4285714285714285,1.0,4,4,2,2,3,dictated,0,1,0,0.020307576133472414,1.949967454624857,,0.4227198985460235,0.6558059936740844,0.8884231675685311,0.524358148113237,1.8020700247819093,-1.5149338529864032,-0.3306047588629877,0.8784569852806352,0.6744907594765952,0.6744907594765952,1.1803588290840419,1.5513287467961692,-0.6744907594765953,-0.8288423749036709,-0.9844446055944527,0.0,0.6744907594765952,,,,,-1.2227935963306638,-0.5932335899795705,-0.9483177449789949,0.0,0.0
G5_A_Roll10,school_a,5,sentence_05_own_hindi,own_hindi,devanagari,0.0,data/processed/school_a/G5_A_Roll10/sentence_05_own_hindi.json,0.0629696094856834,0.0210406456196844,,0.0952380952380952,0.100311306823528,11.513538665461551,22.86925639585574,29.03657429520064,0.4728516877611385,2.53731343283582,1.080833212144355,2.871794871794872,0.1226392724883126,0.0,1.0,0.2365744129966859,0.4642857142857143,,0.5915302595299111,,0.9076923076923078,0.0191010931856916,0.8,0.000157508922721,0.2457245724572457,1.1935193519351937,2.1062106210621065,,1.0,4,4,2,2,3,own,0,0,1,-1.8757374828525164,0.010232958482729489,,0.5799577376060704,-1.626430915752344,0.6537900663073172,0.9728097885591102,0.9569497622183247,3.0810851252449947,-0.7590628235114553,-1.136329200387187,2.887035758947209,0.5662943906635804,-2.906091615116302,3.377170515980715,-0.6957645244645827,1.6037179340524288,,-0.6150835773088862,,-0.26699678646355557,-0.5899488168849731,-0.5620756328971624,-1.2309910663195838,0.37078552407890186,-0.004670745982259002,1.5007084837134361,,0.0
G5_A_Roll10,school_a,5,sentence_06_own_english,own_english,latin,0.0,data/processed/school_a/G5_A_Roll10/sentence_06_own_english.json,1.3545846178874197,0.0013398435961921,,-0.0221088435374149,0.2488093881890505,6.708815285935206,21.28941116147764,14.374347225873038,0.3361639311500145,2.579415501905972,1.068975151984175,3.3666666666666667,1.7428780113296043,0.3333333333333333,0.6666666666666666,0.2024717369513254,0.1785714285714285,,0.6234414403432151,1.323809523809524,,,,,0.1331360946745562,0.6952662721893492,0.8284023668639054,,1.0,4,4,2,2,3,own,0,0,1,3.0244563309234653,0.04664329805984494,,-1.7938023847388775,1.3169504705128823,0.6782757644113849,-0.5647498947835562,-1.0111478166112802,-1.108321682949502,-1.5598997710219416,-0.28439101161668945,1.6148952119463065,1.63588833806571,0.7993964556759645,0.5620756328971626,-0.6744907594765952,-1.583320740410237,,0.4238218134172597,1.8033824985306692,,,,,-0.9603097376709776,-0.9874909854670171,-1.1559862665666176,,0.0
G5_A_Roll11,school_a,5,sentence_01_copy_hindi,copy_hindi,devanagari,0.0,data/processed/school_a/G5_A_Roll11/sentence_01_copy_hindi.json,1.4053234492922222,-0.0106898387079665,,-0.044489383215369,0.4016512357770754,2.154839765410172,21.55159289925052,19.54853271175946,0.249753086301481,2.721441661576053,1.1155154021518416,-0.2393939393939393,-33.990295230323845,0.4090909090909091,0.4090909090909091,0.3011524023736333,0.1744186046511628,47.52941176470589,0.990296887057286,,1.7333333333333336,0.0642334040234471,0.4,0.0281087529131497,0.0429061784897025,0.6092677345537758,0.7637299771167049,3.2857142857142856,1.0,1,4,1,2,0,copy,1,0,0,-0.12985663147397317,-0.7392456671869334,,0.1514680469233844,2.1591060294507955,-0.33085793905328664,-0.051744040766949856,-0.6095757678633839,-0.37341665337362456,-0.03285793189799377,0.8475092547616662,-0.3618469809581542,-1.9999658422319715,-0.08874878414165649,0.3434112657221315,-0.6699834730456684,-0.6286669817227633,0.34321432451242745,0.7749075700392732,,0.22852214149474587,0.32661366970329353,-0.7677130595668562,0.20041244524858318,-1.131991636587172,-0.7382909152207433,-0.8921842933940681,0.8584427847883939,0.0
G5_A_Roll11,school_a,5,sentence_02_copy_english,copy_english,latin,0.0,data/processed/school_a/G5_A_Roll11/sentence_02_copy_english.json,1.0954871510882795,-0.000855109220505,0.0007055172669058,-0.0040444893832153,0.2295687543327281,-3.074363009235899,21.173695618964484,26.697823458221222,0.4139217768786202,3.757191033525094,1.0585649879151129,-0.1857142857142857,-58.34008639411989,0.2857142857142857,0.5238095238095238,0.2815479581940506,0.2325581395348837,35.391891891891895,0.4171453623311976,1.0291666666666666,,,,,0.0672268907563025,1.680672268907563,1.6134453781512603,0.2857142857142857,2.0,1,4,1,2,0,copy,1,0,0,0.9517493354998335,-0.03005495665260999,-0.6600130675269684,-0.2656798122776066,0.2747435728623544,-0.4129503875252385,-1.1077056918568795,2.315837241920084,-1.4533205948286096,1.0959575446787573,-2.871304701714231,-0.43458521922581944,-4.509184058614332,-0.32499675819816554,0.6647155310783838,-0.6491583359773129,-1.9354785671491717,0.07920316226208592,-0.5073395739319557,0.8296275922276333,,,,,-1.1975015868038943,-0.7022330376647831,-0.7273080696316939,0.6744907594765962,0.0
G5_A_Roll11,school_a,5,sentence_03_dictated_hindi,dictated_hindi,devanagari,0.0,data/processed/school_a/G5_A_Roll11/sentence_03_dictated_hindi.json,0.4578085827428216,-0.0020988596209151,,0.0299877600979192,0.1018366718427726,-1.6206802366178557,18.55129121054373,32.134024874468764,0.3672106223984705,3.5893416927899686,1.0881158016350427,0.91005291005291,3.1971738197881665,0.3333333333333333,0.3888888888888889,0.2522056121815516,0.2441860465116279,45.17857142857143,,,,,,,0.0566546762589928,1.170863309352518,1.9262589928057556,0.1666666666666666,1.0,1,4,1,2,0,dictated,0,1,0,-0.8098402656541315,-0.4050919062026373,,0.5300340376161223,-1.3261023122951612,-1.2397015515606484,-1.0063170022834622,0.7140861499557036,0.6367376239100613,0.39069595941194435,-0.8519726841517832,0.8290380423475032,0.417733873573977,-0.45247458722024564,0.23604506388650462,-0.9412476214631452,-0.21940133239336698,-0.1294584652115476,,,,,,,-1.027820128089425,-0.32074748254292584,-0.0569773815428498,-0.6744907594765953,0.0
G5_A_Roll11,school_a,5,sentence_04_dictated_english,dictated_english,latin,0.0,data/processed/school_a/G5_A_Roll11/sentence_04_dictated_english.json,0.7853980296586495,-0.0005250628465716,,-0.0124584717607973,0.1602448700916671,-3.919877582781646,19.76612161396229,21.974780088032368,0.4345132803402873,3.1161731207289294,1.0652911099769329,0.7653846153846154,3.504515071285645,0.3846153846153846,0.3076923076923077,0.3485212835037976,0.2325581395348837,23.973684210526315,0.4967108498467611,0.6750000000000002,,,,,0.1658767772511848,0.4739336492890995,1.1374407582938388,0.4285714285714285,1.0,1,4,1,2,0,dictated,0,1,0,0.6744907594765952,-0.18178805838428203,,-0.770508886618373,-0.6744907594765952,-0.5769775251750277,-1.6138578338784944,0.8223145348483284,-0.2576565387475589,0.3526781085927742,-2.576480766621205,-0.7109335313052381,5.0,2.1791239921551537,0.0,-0.33028402604098916,-1.740568987297708,-0.5653246249948342,-0.5927577748744739,0.3595316170864307,,,,,-1.0378217147363415,-1.2974953747395812,-0.5992235300947114,0.0,0.0
G5_A_Roll11,school_a,5,sentence_05_own_hindi,own_hindi,devanagari,0.0,data/processed/school_a/G5_A_Roll11/sentence_05_own_hindi.json,1.7205121879460323,0.0001420206467313,,-0.190406976744186,0.2258280039378161,-2.617216118567459,19.35714152162491,19.71495469789379,0.2484425339672333,2.638466220328667,1.0814453315043884,0.7333333333333331,8.091492755833722,0.4,0.4666666666666667,0.293908877606727,0.1744186046511628,,0.4249976380601167,,1.2791666666666668,0.0725692064911013,1.2,0.0030876100439096,0.0382165605095541,1.089171974522293,0.7165605095541401,,1.0,1,4,1,2,0,own,0,0,1,-0.1340869120136324,-1.6629205861521827,,-0.9205860607872521,0.34641039323834,-1.07576400938964,-0.6039993182480636,-0.668194501870029,-1.5467420389613844,-0.5675771055890921,-1.075069616266118,1.0384687872550102,1.678579268474133,-0.10021005569366524,0.499343275547242,-0.17998273191295852,-0.6588421863682613,,-1.323262679233973,,0.11426948388747013,0.7882309314974978,0.7869058860560283,-1.0544207278211792,-0.9766308836108724,-0.1715534693604972,-0.7613603344739521,,0.0
G5_A_Roll11,school_a,5,sentence_06_own_english,own_english,latin,0.0,data/processed/school_a/G5_A_Roll11/sentence_06_own_english.json,0.6245117894576403,0.0002388854270311,,0.0274841437632135,0.1375117603774181,-2.119581115690908,20.47159168036542,25.05584485645188,0.3648047198605987,3.3633752244165174,1.0698029415123618,1.9421052631578943,1.180337016982456,0.1,0.4,0.1725680471662636,0.2209302325581395,,0.4586636361524768,0.8373205741626794,,,,,0.0866788321167883,0.5200729927007299,1.2135036496350364,,1.0,1,4,1,2,0,own,0,0,1,0.6705900247137357,-0.38968517582711054,,-0.6759348519110585,-0.5063705329775304,-0.499144933379986,-1.233225831223485,0.6886962095379531,-0.8199031414011786,0.4387019720976861,-0.11074216510801241,0.12923818927616426,0.7737054342086026,-0.5995473417569736,-0.3372453797382975,-0.8388476303795586,-1.239369987646456,,-0.7858810359748991,0.7311901333732238,,,,,-1.269989192515062,-1.280678533103121,-0.22983214100493427,,0.0
G5_A_Roll12,school_a,5,sentence_01_copy_hindi,copy_hindi,devanagari,0.0,data/processed/school_a/G5_A_Roll12/sentence_01_copy_hindi.json,0.4186640495641958,0.0008239371160997,,0.0492801771871539,0.1717589766231513,8.639736290067981,20.210085428908226,32.14094869093747,0.4350103077171726,2.1411764705882352,1.11217229495631,0.0769230769230769,25.50450940520125,0.6,0.1,0.2934618779620868,0.7558139534883721,46.05882352941177,0.8641072312180184,,0.0,0.0160100861803491,0.55,0.043443254188531,0.3264508928571428,3.0106026785714284,2.393973214285714,0.1428571428571428,1.0,2,2,3,0,0,copy,1,0,0,-0.9028511713708242,-0.005388212208772514,,0.726782175023268,-0.4883152048731409,0.7049862668199646,-1.548013252618808,1.8934346295413609,1.193223817272252,-0.7755475783760206,0.6410810459170442,0.09023909935965187,1.2594182510635628,1.3276818107591932,-1.1865451319088813,-0.7461231817682534,5.0,0.04476708580596836,0.04880552750727215,,-1.3380669442505844,-0.8959340735556655,-0.46653332081370485,1.1726608119617041,0.057576001366630096,4.125286574033258,2.3855131275013286,-1.8395202531179866,0.0
G5_A_Roll12,school_a,5,sentence_02_copy_english,copy_english,latin,0.0,data/processed/school_a/G5_A_Roll12/sentence_02_copy_english.json,0.569001560716356,-0.0143004405415414,0.0525070759242436,0.0520025839793281,0.2596731866807739,8.400303658452126,23.038656212719072,17.034496827090567,0.4617774897988025,3.081381308862593,1.0749852237583308,0.1474358974358974,22.28837711398627,0.5,0.34375,0.4025377711605514,0.4534883720930232,47.7972972972973,0.5082436384512786,0.3499245852187029,,,,,0.3547470153496305,3.813530415008528,3.458783399658897,0.2142857142857142,4.0,2,2,3,0,0,copy,1,0,0,-0.1603933866749174,-1.4995990837752928,3.4309079406267537,0.2952356546502407,0.6711365155224956,1.0788758621535393,0.09064484577190658,-0.7515698790512242,-0.7539485951559993,-0.6167570835581112,0.16828859860354248,-0.017527733514529395,1.7089366529908903,0.6744907594765952,0.036351630605849165,0.07802256132343771,-0.16242635430117353,0.8526978745662888,0.0,-0.3884695096030343,,,,,0.5576540899213404,2.355029140019693,1.0097710913203282,0.0,2.697963037906381
G5_A_Roll12,school_a,5,sentence_03_dictated_hindi,dictated_hindi,devanagari,0.0,data/processed/school_a/G5_A_Roll12/sentence_03_dictated_hindi.json,0.7813020815973379,0.0,,-0.3187984496124031,0.2144879646142409,11.517063304473536,19.612118011879243,30.50632345044442,0.3199350305136835,4.374079528718706,1.1425236974961863,-0.3410326086956521,-15.04999103399505,0.3478260869565217,0.1304347826086956,0.5472300080846163,0.3720930232558139,60.46428571428572,,,,,,,0.1032924467398321,2.065848934796643,2.644286636539703,0.1666666666666666,1.0,2,2,3,0,0,dictated,0,1,0,-0.5217537950819258,-0.30772296538600746,,-1.6099102393046683,0.039429991004222564,0.6744907594765952,0.014081528459466768,0.5243050097519883,0.01128615889245172,2.150838800060168,3.5179964845957623,-0.3107534372145965,-1.1268956730204966,-0.3603891023095577,-1.2738736328222766,1.4960347669469405,0.5916239594476933,2.0816678091528154,,,,,,,-0.06387732582452119,0.3394360559845185,0.5700890691241773,-0.6744907594765953,0.0
G5_A_Roll12,school_a,5,sentence_04_dictated_english,dictated_english,latin,0.0,data/processed/school_a/G5_A_Roll12/sentence_04_dictated_english.json,0.0409098249587957,0.0041268159774885,,-0.022609819121447,0.0315235822227839,0.4372933687333725,24.032493976809377,20.812595401123705,0.3795993213454571,3.16413662239089,1.074086520001364,0.830703012912482,1.1608480701415294,0.4117647058823529,0.2352941176470588,0.1200997221304456,0.4767441860465116,30.36842105263158,0.5873625210100234,0.3509485094850949,,,,,0.5866813428728673,1.3313153549807375,2.3467253714914693,1.0,1.0,2,2,3,0,0,dictated,0,1,0,-1.3910913939895941,0.0,,-0.8461777246029711,-3.0456011471121753,0.08925281609200655,0.7188225140428858,0.45746568660822573,-1.208737224883742,0.5086649583269804,0.01384232548433334,-0.6349849051856721,1.9717808543650368,2.3805556216821007,-0.2539259329794243,-2.151137552326304,0.23521202531050053,-0.09162157715433517,-0.07668576779730149,-0.8610153547659609,,,,,0.38030603262476687,-0.11147932098392159,0.625626863668573,2.697963037906382,0.0
G5_A_Roll12,school_a,5,sentence_05_own_hindi,own_hindi,devanagari,0.0,data/processed/school_a/G5_A_Roll12/sentence_05_own_hindi.json,0.6729630539003363,0.0203097517832648,,0.0806686046511627,0.1718660114912052,11.851795124909478,18.728648041772377,27.45254011806125,0.3265274408840112,2.5761772853185594,1.08041878932947,0.2025157232704402,7.153701116210127,0.5333333333333333,0.1333333333333333,0.3865276185478105,0.6162790697674418,,0.5757216402953762,,0.0365566037735849,0.0207662161790117,0.9333333333333332,0.0605571705426942,0.3683397683397683,2.905791505791506,2.7420849420849422,,1.0,2,2,3,0,0,own,0,0,1,-1.23479139526568,-0.04828273882941099,,0.5034216412741597,-0.5017512478952095,0.6951914526458732,-0.8861695427676824,0.6807870170831614,0.06354634381939758,-0.6854922094103616,-1.1778037410531401,0.5796099841825976,1.5476832165551828,0.8350837974472134,-1.2992987497236788,0.6532169944886078,2.7901033267085498,,-0.6823096479332484,,-1.1610952693836982,-0.5470290531960685,-0.11241512657943256,2.408742941598059,1.1669655135332537,2.7337654973126817,2.5357830409420727,,0.0
G5_A_Roll12,school_a,5,sentence_06_own_english,own_english,latin,0.0,data/processed/school_a/G5_A_Roll12/sentence_06_own_english.json,0.0265041228160474,0.001222151712419,,-0.0053667262969588,0.0131000165616071,1.4342308736993972,22.93976730105038,21.711908770196956,0.3772949182719864,3.478260869565216,1.0767840858613322,1.3995098039215683,1.0380424260931709,0.4166666666666667,0.3333333333333333,0.1070981709659248,0.3953488372093023,,0.5657112069903519,0.497737556561086,,,,,0.3551944283226929,1.677307022634939,1.3023795705165409,,1.0,2,2,3,0,0,own,0,0,1,-1.257478028976521,0.0,,-1.4164210186910693,-2.5445320826932196,-0.025182097774127124,0.7842316241696341,0.15654519695216004,-0.6941243143631382,0.731587746788137,1.353721472363632,-0.43662773443753733,0.5556165041414476,1.2990192404734426,-0.5620756328971627,-1.1986836261390978,0.1768978178514643,,0.0,-0.017230399249076406,,,,,0.519908852958025,0.6559631478324576,-0.01608888833335517,,0.0
G5_A_Roll13,school_a,5,sentence_01_copy_hindi,copy_hindi,devanagari,0.0,data/processed/school_a/G5_A_Roll13/sentence_01_copy_hindi.json,1.978713251360085,0.0286474969887518,,-0.1705882352941176,0.2885025498951526,3.181949106173372,21.807875508113373,21.120454002113306,0.2112967321073467,2.658862876254181,1.110726559153451,-4.333333333333334,-4.32520615508945,0.2727272727272727,0.3636363636363636,0.4044741107127647,0.1764705882352941,43.44117647058823,0.91504781110468,,1.883333333333333,0.072221074357496,1.3636363636363635,0.0133410840996549,0.3561736770691994,0.9769335142469472,0.7835820895522388,1.7142857142857142,1.0,0,3,1,2,1,copy,1,0,0,0.31936341989650985,1.7680115090102182,,-0.6221993439299225,0.8560946329727326,-0.1667959134862718,0.234104369064653,-0.2971229915126465,-0.6986254650659716,-0.11295340663878578,0.5518106053384061,-5.0,-0.37478327292440966,-1.1004849233565497,0.11841767783521749,0.35294869083252806,-0.5817649974335475,-0.4864689990915282,0.34192035421369127,,0.3640923508380912,0.5291154629760201,1.1671385954533882,-0.7358972283585618,0.18227330805924546,0.006366140697060518,-0.8522704840644427,-0.49053873416479643,0.0
G5_A_Roll13,school_a,5,sentence_02_copy_english,copy_english,latin,0.0,data/processed/school_a/G5_A_Roll13/sentence_02_copy_english.json,0.7208612189986447,-0.0105337008908409,0.0024553301603041,0.2161764705882353,0.1814902336042416,-1.7996010783213312,23.32006417229878,23.82524321347228,0.5588222005901209,3.345724907063197,1.0778917653300086,-1.0627450980392152,-9.51460312117528,0.5,0.3333333333333333,0.6981886650428476,0.5,37.43243243243244,0.7744331479881543,0.3905882352941177,,,,,0.3548490687219011,4.749518304431599,2.402055234425177,0.2142857142857142,2.0,0,3,1,2,1,copy,1,0,0,0.16039338667491715,-1.0879030087647454,-0.5218252115728047,1.9382772398713055,-0.35831889747346346,-0.24721805161480234,0.2714665643565601,1.4040008283688392,0.6642802703709694,0.05317282570006699,0.706326198837886,-1.5325052684388085,-0.7437303269664777,0.6744907594765952,0.0,1.854962925390479,0.21084779577208998,0.2064337739809694,1.4824481659299553,-0.3155466509351356,,,,,0.558277070855016,3.69668441059408,0.015037089622979038,0.0,0.0
G5_A_Roll13,school_a,5,sentence_03_dictated_hindi,dictated_hindi,devanagari,0.0,data/processed/school_a/G5_A_Roll13/sentence_03_dictated_hindi.json,,,,,,2.798450615220215,19.70993991390372,30.046958703327487,0.3190819509837932,2.8969957081545075,1.12716705385078,,,,,,0.4352941176470588,,,,,,,,0.2445703493862134,3.1794145420207744,1.9915014164305949,0.3333333333333333,1.0,0,3,1,2,1,dictated,0,1,0,,,,,,-0.5958264240246164,0.1081754229336566,0.4707455766824385,0.0,-1.1622147992051743,2.2845714788367246,,,,,,0.9923658683573939,,,,,,,,2.856155428121359,1.1608544811071306,0.0,0.0,0.0
G5_A_Roll13,school_a,5,sentence_04_dictated_english,dictated_english,latin,0.0,data/processed/school_a/G5_A_Roll13/sentence_04_dictated_english.json,2.334853653671588,0.0011367465501772,,-0.0470588235294117,0.1968611827139001,-4.28557721368225,21.947259129612814,16.69796112703847,0.2910953462249454,2.8167658382919147,1.0681743781488264,-3.961904761904762,-6.620660869448723,0.4285714285714285,0.2857142857142857,0.9217405076323149,0.1764705882352941,38.3421052631579,0.8192455822625967,1.0666666666666669,,,,,0.0883507853403141,1.2467277486910997,0.5693717277486912,0.4285714285714285,1.0,0,3,1,2,1,dictated,0,1,0,4.973454617257607,-0.11684717856659733,,-1.0284222767500468,0.0,-0.6328945852599486,-0.4212998042092976,-0.8342563544233044,-2.7415792002969597,-0.6210539409141492,-1.7273337563461735,-5.0,-5.0,2.505251392341639,-0.07708465822589672,4.239110558750202,-2.1943898361320864,0.49904518620233657,1.2434041466213033,1.834752617353768,,,,,-1.2990873217481724,-0.22848935087177075,-1.1746046836745085,0.0,0.0
G5_A_Roll13,school_a,5,sentence_05_own_hindi,own_hindi,devanagari,0.0,data/processed/school_a/G5_A_Roll13/sentence_05_own_hindi.json,0.6030644288143912,0.1441993257266662,,0.1941176470588235,0.1608184701029336,0.9558591372877524,19.09361759863705,29.84091362002274,0.3593611415619213,2.449941107184923,1.0940498075277236,-1.016326530612245,-7.222271228709691,0.1428571428571428,0.4285714285714285,0.4225564504962592,0.4117647058823529,,0.7851989926840229,,0.2214285714285714,0.0152518317740826,1.5,0.0497430033293219,0.22508038585209,3.413719185423365,1.6881028938906752,,1.0,0,3,1,2,1,own,0,0,1,-1.3082368571583511,5.0,,1.099389412876522,-0.6753938509484211,-0.6384323193286853,-0.7223117700068674,1.0971794107756412,0.7406519312242751,-0.9244616515466344,0.18635913385752353,-0.4740033231913347,-0.4589011279174396,-1.9039910581796464,0.2937841869448506,0.9773329629955781,1.1937647687983848,,0.20849169764662628,,-0.9713501526685566,-0.6891663466565521,1.7986420252709219,1.757072201760616,0.23673616620539414,3.546094053695493,0.820113818592026,,0.0
G5_A_Roll13,school_a,5,sentence_06_own_english,own_english,latin,0.0,data/processed/school_a/G5_A_Roll13/sentence_06_own_english.json,,,,,,-0.5257678474797198,22.05179614557083,27.57671449833525,0.4272932438002185,3.503140265177949,1.0717273820973443,,,,,,0.3411764705882353,,,,,,,,0.0981941309255079,2.422121896162528,0.9819413092550788,,1.0,0,3,1,2,1,own,0,0,1,,,,,,-0.2865821252509002,0.058414541793985426,1.089865160714717,-0.1906310525528606,0.7950144790699122,0.29295572714330664,,,,,,-0.26297830056200716,,,,,,,,-1.1932293650711447,1.9024176171469278,-0.7867308750843878,,0.0
G5_A_Roll14,school_a,5,sentence_01_copy_hindi,copy_hindi,devanagari,0.0,data/processed/school_a/G5_A_Roll14/sentence_01_copy_hindi.json,0.771105126325908,0.0659187326464743,,0.204040404040404,0.2231312902680025,-4.883544133821924,19.581971995423288,28.185923117878847,0.4026420257207384,2.9623944742900994,1.0805021710371927,-0.0049999999999999,-435.0488478320621,0.4,0.2,0.5583396483336177,0.4848484848484848,16.823529411764707,0.8481939462468515,,0.2916666666666667,0.0212451819101286,0.8,0.097244761704688,0.1137009664582149,0.5002842524161455,0.8868675383740762,0.4285714285714285,1.0,1,3,2,3,2,copy,1,0,0,-0.6267325553141916,4.143580962646495,,1.676298676907415,0.10328433179793481,-1.4551116804984299,-2.2485883987521875,1.107289210923003,0.9194992080322855,0.27554098996019893,-1.3144670631141764,-0.02684686447799939,-5.0,-0.15619786008931605,-0.6915592385576713,1.876287879419781,5.0,-5.0,-0.04276036705127739,,-1.074458203860745,-0.7632149916581811,0.03543291044154731,4.5838201884499155,-0.8349831422090661,-0.95902214296787,-0.6446091722425045,-1.5942508860355886,0.0
G5_A_Roll14,school_a,5,sentence_02_copy_english,copy_english,latin,0.0,data/processed/school_a/G5_A_Roll14/sentence_02_copy_english.json,0.3747575702491209,0.0096677319664512,,0.1316804407713498,0.1927633072676618,-3.255599320582644,22.756519959455368,21.583727980332483,0.5602195405912711,3.713916415338218,1.0754495810076157,-1.6538461538461535,-3.4863430791620407,0.6,0.0,0.4375385697284297,0.6303030303030303,35.33783783783784,,0.0,,,,,0.2039215686274509,1.9809523809523808,1.427450980392157,0.0714285714285714,1.0,1,3,2,3,2,copy,1,0,0,-0.5707123854754542,1.1200676470754012,,1.092646466044637,-0.20988338503445383,-0.4365129967488584,-0.0906448457719043,0.6924819021898747,0.684701248582221,0.9862860367154144,0.25424699757886343,-2.272481209034341,-0.27882690463577536,1.1409182677248166,-1.1632521793871713,0.2883866530166747,1.256580982871276,0.07583281493178425,,-1.0159955930953373,,,,,-0.3630541192291642,-0.2718082431496301,-0.9023908938273384,-1.3489815189531904,-1.3489815189531904
G5_A_Roll14,school_a,5,sentence_03_dictated_hindi,dictated_hindi,devanagari,0.0,data/processed/school_a/G5_A_Roll14/sentence_03_dictated_hindi.json,0.7208787688364636,-0.0418894110069787,,-0.1052341597796143,0.2569156839320962,-4.015840159062293,17.912444067052522,39.070457398620086,0.4265021859972586,5.003813882532416,1.0854960950602826,-0.4699792960662524,-22.57988258251749,0.3809523809523809,0.3333333333333333,0.5040843867836299,0.2787878787878788,62.0,0.9428090415820636,,0.0,,,,0.0297349709114415,1.605688429217841,1.3975436328377504,0.3333333333333333,1.0,1,3,2,3,2,dictated,0,1,0,-0.5755636520812136,-2.2510294831433364,,-0.299607059136235,0.5537287607607688,-1.588680559478383,-1.6208175840627623,1.5228364858280425,1.4211592215586386,3.5633135956250057,-1.0623840000402747,-0.4282292878900817,-1.7643038984461754,-0.14990799394227025,-0.08851689895743907,1.1395962337469379,0.0,2.303813673166056,0.8689475675241864,,-1.4054964961747032,,,,-1.584215855014773,0.0,-0.518714011158078,0.0,0.0
G5_A_Roll14,school_a,5,sentence_04_dictated_english,dictated_english,latin,0.0,data/processed/school_a/G5_A_Roll14/sentence_04_dictated_english.json,1.1583236659165688,-0.044776119402985,,0.0909090909090909,0.4693351490072568,-7.189193623125231,22.455919698092075,21.9838877373524,0.47124686890863,3.4790365744870644,1.0846210541511727,-10.272727272727272,-2.161994627433205,0.5,0.5,0.9524704719832526,0.5333333333333333,31.605263157894736,1.5884396418711568,0.5795454545454546,,,,,0.3142857142857143,1.9582417582417584,1.2571428571428571,0.4285714285714285,1.0,1,3,2,3,2,dictated,0,1,0,1.7091727516982687,-1.9110492788694864,,0.0,5.0,-1.0768701310665978,-0.14318471932198792,0.825173732187632,0.37854976033047105,1.5327822518291658,3.116352270674579,-5.0,-5.0,3.0352084176446787,0.6744907594765953,4.484073265486847,0.6930914345816095,0.0,5.0,0.0,,,,,-0.5376778266725248,0.7557479289736198,-0.477980638794026,0.0,0.0
G5_A_Roll14,school_a,5,sentence_05_own_hindi,own_hindi,devanagari,0.0,data/processed/school_a/G5_A_Roll14/sentence_05_own_hindi.json,0.8884036719307394,0.0890194244477622,,-0.0348484848484848,0.3431876713662333,-3.4558755155136733,19.09867133879313,25.91993790217538,0.4028594346535812,2.6488095238095224,1.070064018994073,-0.335978835978836,-11.865143722824056,0.2857142857142857,0.2857142857142857,0.745001899723261,0.6545454545454545,,1.3411434821753234,,0.3009259259259259,0.0210108205011085,1.7142857142857142,0.0007717968455475,0.2905457340507302,3.1960030745580323,2.531898539584935,,1.0,1,3,2,3,2,own,0,0,1,-1.0084187637263633,5.0,,-0.10340994540168112,2.191041468109363,-1.1784129336883817,-0.7200428284184198,0.41359099237135905,1.6376856705478877,-0.5479968751099221,-2.214086802547745,0.11411493610223523,-1.1069487894284638,-0.9018905012429902,-0.47706239531411504,3.8780575609068015,3.0887919094199865,,2.5726427319204768,,-0.8897572805907512,-0.5407241977927167,2.5213106961387024,-1.1939735635158042,0.6618237735224922,3.1979007554513412,2.193642164497776,,0.0
G5_A_Roll14,school_a,5,sentence_06_own_english,own_english,latin,0.0,data/processed/school_a/G5_A_Roll14/sentence_06_own_english.json,1.9394360807653648,-0.0144760691118167,,0.0275482093663911,0.1720478639354903,-5.769855019971232,21.755792606518423,13.279062890160487,0.3014139957631975,2.7994011976047903,1.0661960572883065,-4.3,-4.754371697434431,0.2,0.3,0.4710772961458073,0.1818181818181818,,0.6575859234542687,1.6484848484848484,,,,,0.0897009966777408,0.7873754152823921,0.867109634551495,,1.0,1,3,2,3,2,own,0,0,1,4.91010677427273,-5.0,,-0.6744907594765952,0.05941334071588146,-0.9859726484014517,-0.18353523750020467,-1.185450390968067,-1.4582605685172874,-0.9990753022889469,-0.8673732454377161,-5.0,-5.0,0.0,-0.6744907594765952,0.8018210111999179,-1.5569573137278079,,0.6744907594765952,2.5189473731791137,,,,,-1.2498437465254038,-0.8333454962271374,-1.0628967411303005,,0.0
G5_A_Roll15,school_a,5,sentence_01_copy_hindi,copy_hindi,devanagari,0.0,data/processed/school_a/G5_A_Roll15/sentence_01_copy_hindi.json,0.3344476519646887,0.0004583792923521,,0.1209150326797385,0.1556484138985156,-2.240367130746219,21.36162727857941,33.50040563747908,0.4824326626517384,2.2711471610660485,1.0855062261651112,-0.9601518026565464,-4.608649067936214,0.5882352941176471,0.0588235294117647,0.3002418815190508,0.7294117647058823,78.08823529411765,0.6297342926021094,,0.032258064516129,0.0153757288894722,1.2,0.01003423077976,0.1852958756724447,3.4465032875074715,2.2235505080693363,2.571428571428572,1.0,0,4,1,3,2,copy,1,0,0,-0.9688301865529081,-0.028687895847048155,,1.166290947938115,-0.6738431822442752,-1.032912255523354,-0.26362486573767135,2.1636556004530827,1.5942542326379183,-0.6091962485656844,-1.0054796222099136,-1.3919673363362677,-0.39031150815687654,1.2403947712975165,-1.390362852700556,-0.678998045907522,5.0,5.0,-1.2997889219458707,,-1.3089120605208324,-0.9120161705383892,0.8385788804499505,-0.9455605673540932,-0.5346178639019489,5.0,2.0428685135617184,0.24526936708239888,0.0
G5_A_Roll15,school_a,5,sentence_02_copy_english,copy_english,latin,0.0,data/processed/school_a/G5_A_Roll15/sentence_02_copy_english.json,0.4134990087275902,0.0057903564085548,0.0003388677973821,0.0529411764705882,0.2168620866057949,-2.167514465652374,23.58149009364725,20.48425156823208,0.4576847287228361,3.028105167724386,1.0795213124494527,-0.3369565217391305,-15.301780180633353,0.5,0.1,0.376574671368655,0.5411764705882353,46.12162162162162,0.4913095294038812,0.2318840579710145,,,,,0.2061624649859944,4.303641456582634,3.1182072829131657,0.2142857142857142,2.0,0,4,1,3,2,copy,1,0,0,-0.48887537105693346,0.6962793190897079,-0.6889684514262221,0.30462902729049657,0.10743155204590245,-0.29505062616568234,0.43944860882825526,0.343477681950435,-0.8137609419630552,-0.7517755997669274,1.0079759774468906,-0.6239193690480949,-1.1900412693984264,0.6744907594765952,-0.8142765255710198,-0.07802256132343771,0.5413052051016547,0.748217107326941,-0.09430852080778382,-0.6001537206761499,,,,,-0.3493746525476108,3.0575596636784037,0.6891752610595769,0.0,0.0
G5_A_Roll15,school_a,5,sentence_03_dictated_hindi,dictated_hindi,devanagari,0.0,data/processed/school_a/G5_A_Roll15/sentence_03_dictated_hindi.json,0.5429847386013485,-0.0055086125921183,,-0.2338235294117647,0.3282354447154861,-6.389092685555299,19.597478572147107,27.09622838511701,0.3761412092463782,3.1086956521739126,1.0987232085264635,0.288961038961039,22.02971389753556,0.1428571428571428,0.4285714285714285,0.7737103899857494,0.5176470588235295,58.392857142857146,0.9428090415820636,,0.0,,,,0.2159887798036465,3.579242636746143,3.085553997194951,0.5,1.0,0,4,1,3,2,dictated,0,1,0,-0.7339868151054186,-0.5632749652047724,,-1.0885547811396734,1.4182500176173056,-1.9344676213245633,0.0,0.12670645749365975,0.7548884159954015,-0.6873783331000487,0.0,0.2631972488229237,2.011915658777834,-1.662740960332149,0.4678750373464638,3.3670551089710954,1.5145447193609436,1.7820292018791393,0.8689475675241864,,-1.4054964961747032,,,,2.265411102385035,1.455786510040549,0.95545578871502,0.6744907594765952,0.0
G5_A_Roll15,school_a,5,sentence_04_dictated_english,dictated_english,latin,0.0,data/processed/school_a/G5_A_Roll15/sentence_04_dictated_english.json,0.3938452006850312,0.0058189341652254,,0.0705882352941176,0.1301228237100946,-1.4849300788612316,22.650089614505283,26.48265020141953,0.447279850961796,3.582649472450176,1.073788622520652,0.4770114942528736,7.923553309801943,0.5,0.3333333333333333,0.436791170834859,0.3411764705882353,30.657894736842103,0.6342839007983865,0.3349753694581281,,,,,0.2088642659279778,1.1407202216066483,0.7069252077562327,0.4285714285714285,1.0,0,4,1,3,2,dictated,0,1,0,-0.41187236966548807,0.0661252993767679,,-0.15147304851357313,-1.2293538924879677,-0.20466348825615296,-0.03702043977645604,2.2374865272276643,-0.03654629704282884,1.869752009771498,-0.0738910173870995,-1.0462378741655045,5.0,3.0352084176446787,0.08993210126354592,0.37335592215490526,-0.861706172725765,-0.0701782293097037,0.19043352886299172,-0.9211785333395579,,,,,-0.8929522065078158,-0.3751295557029145,-1.0352806301704782,0.0,0.0
G5_A_Roll15,school_a,5,sentence_05_own_hindi,own_hindi,devanagari,0.0,data/processed/school_a/G5_A_Roll15/sentence_05_own_hindi.json,0.4708867550521292,0.0207850148530042,,0.1536764705882353,0.1890408620383025,-7.395746075378357,20.644745678280568,30.43313406040898,0.4813065383735324,2.882882882882882,1.0990769567899972,-1.1849056603773582,-3.81885038806918,0.6,0.0666666666666666,0.4045269978598209,0.6235294117647059,,0.5236382040232233,,0.0778301886792452,0.0194016217172469,1.0,0.0181542538841232,0.1249018067556952,2.3315003927729774,2.4980361351139044,,1.0,0,4,1,3,2,own,0,0,1,-1.4471215675433076,-0.010232958482729211,,0.8869448006465748,-0.23180107063550426,-1.660639063055091,-0.025912885177716272,1.2004279548427734,3.255443375217621,-0.10488792755046139,0.6894653795161763,-0.6197294939900835,0.016145068098263132,1.3027307240176527,-1.659027154777863,0.8151397086799506,2.8466959311026896,,-0.9037941883124788,,-1.1187337297489164,-0.5822024740575232,0.11241512657943294,-0.1464921980978592,-0.41375563845589475,1.8153019256484184,2.138521031035162,,0.0
G5_A_Roll15,school_a,5,sentence_06_own_english,own_english,latin,0.0,data/processed/school_a/G5_A_Roll15/sentence_06_own_english.json,0.3042999735251421,0.0066340363375445,,0.0588235294117647,0.107503922838218,-3.4059581422253977,21.994519058788207,19.74450808566357,0.4959807753699459,3.3928571428571432,1.0779126142945032,2.25,0.6755241491508372,0.25,0.75,0.3283407192106654,0.4235294117647059,,0.5777754037932712,0.5055555555555556,,,,,0.2265932336742722,1.6994492525570415,1.246262785208497,,1.0,0,4,1,3,2,own,0,0,1,-0.361821777263409,2.1448220518067393,,0.030481188383444654,-0.9979705924788268,-0.6707057545418055,0.011596930930163249,-0.15654519695216004,0.5010662983156281,0.5138622282869356,1.5904575677110275,0.4503377058754379,0.0,0.2997736708784867,0.843113449345744,0.017311229394356895,0.4057222632887755,,0.08856831974302695,0.0,,,,,-0.3373338182282028,0.693018371120733,-0.15104764996695863,,0.0
G5_A_Roll16,school_a,5,sentence_01_copy_hindi,copy_hindi,devanagari,0.0,data/processed/school_a/G5_A_Roll16/sentence_01_copy_hindi.json,2.727529854894664,0.0275149776144554,,-0.1051724137931034,0.306801827906147,4.646435451832164,22.32665401246618,20.222171577275876,0.2955902377311244,3.0491329479768785,1.1215854444510371,-0.5578947368421053,-7.629230384894316,0.4210526315789473,0.3684210526315789,0.2710969702761304,0.1724137931034483,44.588235294117645,0.7773014301410474,,1.91,0.0705972118432677,0.85,0.0421072098639245,0.0207325501036627,0.8085694540428473,1.161022805805114,0.2857142857142857,1.0,0,4,3,0,3,copy,1,0,0,0.9060209291402165,1.6958277355518687,,-0.2208468565210017,1.0668276840002,0.06712912910508988,0.8127312652947565,-0.4756757214170472,0.014208379216443407,0.38655879243911767,1.2223186420014156,-0.8170541613146128,-0.5557920867941615,0.0,0.14210121340226117,-0.9675459958301353,-0.6744907594765952,-0.25368015290049073,-0.4506797040389542,,0.38819372138801955,0.4879476308788603,0.1358261566925976,1.0879520308198993,-1.2250176370996178,-0.3346323756690288,-0.09340430140123278,-1.7168855695767877,0.0
G5_A_Roll16,school_a,5,sentence_02_copy_english,copy_english,latin,0.0,data/processed/school_a/G5_A_Roll16/sentence_02_copy_english.json,1.0401590446923874,0.0003049987339057,0.0026125586953307,-0.0654288240495137,0.2854422547756495,-1.0635667993657485,20.9903223569771,23.527699455039144,0.4264880739279955,3.53041018387553,1.0597635159314296,-0.0848765432098765,-26.80197674798844,0.4166666666666667,0.125,0.2731182395572071,0.3103448275862069,36.74324324324324,0.2160197399175331,1.0264550264550265,,,,,0.1395749569213095,2.0626076967260194,2.4813325674899485,0.1428571428571428,2.0,0,4,3,0,3,copy,1,0,0,0.8348748151232486,0.09674220367955658,-0.5094084130498815,-0.8800102433900495,1.0104445819773806,-0.15152592479238822,-1.2255341584878707,1.3095522105938673,-1.269674468595785,0.5212234672832802,-2.6494420096418705,-0.3083504534033043,-2.076944074582263,0.2858011692697439,-0.727032612116982,-0.6998231829758775,-1.31120972995768,0.16346184551962412,-1.627437471807053,0.8247647588237237,,,,,-0.7558555656455146,-0.15476262106829622,0.08966352748836148,-0.6744907594765952,0.0
G5_A_Roll16,school_a,5,sentence_03_dictated_hindi,dictated_hindi,devanagari,0.0,data/processed/school_a/G5_A_Roll16/sentence_03_dictated_hindi.json,1.329039737340319,0.0053879586421331,,0.0332056194125159,0.131802137087711,3.841267660868875,17.43491923147876,18.503916298907185,0.2440519126974151,3.114441416893733,1.1008384610424913,0.8051282051282052,3.7704118498468056,0.1538461538461538,0.2692307692307692,0.2583859422469253,0.1724137931034483,49.82142857142857,,,,,,,0.026978417266187,0.9847122302158272,2.036870503597122,0.3333333333333333,1.0,0,4,3,0,3,dictated,0,1,0,-0.03396715145155658,-0.05776826573840862,,0.5497769042561954,-0.9628680362503323,-0.4438861487135783,-2.0801438755924364,-0.8751104363414564,-0.9926400811841243,-0.6744907594765952,0.16989424297436112,0.7334472271102107,0.4662586940354201,-1.5929179003449236,-0.4630114714696816,-0.8901901162802653,-0.6744907594765952,0.5421453097122066,,,,,,,-1.6411902776341352,-0.458061283604455,0.03962163951177722,0.0,0.0
G5_A_Roll16,school_a,5,sentence_04_dictated_english,dictated_english,latin,0.0,data/processed/school_a/G5_A_Roll16/sentence_04_dictated_english.json,0.2433144895186358,0.03950340656924,,0.1293103448275862,0.1856656909607414,-0.7965396674025833,23.37133335542196,18.918686989381943,0.4094173578749555,2.613037447988904,1.0638648167583902,1.3768115942028984,0.1883740017702451,0.0,0.0,0.1882777822107358,0.5287356321839081,29.5,0.5762037165414767,0.4891304347826087,,,,,0.4527063969382176,1.0311645708037178,1.88627665390924,0.8571428571428571,1.0,0,4,3,0,3,dictated,0,1,0,-0.8295197528892899,1.382461142940356,,0.28624557489066743,-0.2062265475283532,-0.09940560788963174,0.3573265504555197,-0.13709584090098104,-0.6923046244882953,-1.283619197903945,-2.996536255773189,0.0,-0.44412445742261336,-0.6744907594765952,-1.0791852151625525,-1.607658817805356,0.655890084371581,-0.15595162068823007,-0.14021186218438877,-0.34055013419677416,,,,,-0.07119474422740668,-0.5266778798266584,0.15925130006399174,2.0234722784297867,0.0
G5_A_Roll16,school_a,5,sentence_05_own_hindi,own_hindi,devanagari,0.0,data/processed/school_a/G5_A_Roll16/sentence_05_own_hindi.json,1.9757353304042935,0.0116890914747756,,-0.1558908045977011,0.2919922969451693,5.189274375853231,20.483991963852144,20.80189373410169,0.2995720344626169,3.181818181818182,1.0962604142426775,-1.102222222222222,-5.605961661865301,0.3333333333333333,0.3333333333333333,0.2911572687307907,0.1724137931034483,,0.7210411367698566,,1.7916666666666663,0.0761551221980618,0.9333333333333332,0.0228158833710865,0.0827966881324747,1.021159153633855,1.076356945722171,,1.0,0,4,3,0,3,own,0,0,1,0.1340869120136324,-0.738456775203061,,-0.739266538278924,1.3863648648431453,-0.12027736639906692,-0.09808533110869716,-0.47869602237647224,-0.49233544598368706,0.4610069108197605,0.40759188167636795,-0.5482548052334644,-0.23329819861037374,-0.567856982264105,-0.22011353456112637,-0.20473625090165512,-0.6744907594765952,,-0.06433924911760551,,0.6402787731810762,0.8806605330155217,-0.11241512657943256,0.13442148454438346,-0.6871577454306983,-0.2803263494836504,-0.1756846363894374,,0.0
G5_A_Roll16,school_a,5,sentence_06_own_english,own_english,latin,0.0,data/processed/school_a/G5_A_Roll16/sentence_06_own_english.json,0.0902050376931753,0.0019732746215618,,-0.0087897227856659,0.043679940179411,1.8118657187323213,21.96614347929821,16.579100710087395,0.4651536647602071,2.7375762859633825,1.0695957827577187,0.609375,1.11560327947979,0.3125,0.0,0.3584408405138993,0.4597701149425287,,0.5221214568836022,0.1235294117647058,,,,,0.2750190985485103,1.4362108479755538,1.7723453017570665,,1.0,0,4,3,0,3,own,0,0,1,-1.0520965500814639,0.2976828019701821,,-1.493578230788692,-2.0435598866654545,0.025182097774127124,-0.011596930930163249,-0.6602853094152373,0.19063105255286006,-1.156689746790045,-0.1541987172423921,-1.2606493016447282,0.6744907594765952,0.6744907594765952,-1.686226898691488,0.1827477285942141,0.6999944326024199,,-0.32001060559945915,-0.8419626282579148,,,,,-0.014531857695987725,0.25248650535415557,1.114161049368632,,0.0
G6_A_Roll01,school_a,6,sentence_01_copy_hindi,copy_hindi,devanagari,0.0,data/processed/school_a/G6_A_Roll01/sentence_01_copy_hindi.json,2.970392607419613,-0.0065893374442833,,0.0269423558897243,0.3196561485532115,8.730332820448284,22.672845316067452,21.4479462525408,0.2952423299808526,3.501124859392576,1.1013791515284568,-1.3481481481481483,-7.631527815370777,0.5555555555555556,0.2777777777777778,0.5319188137202601,0.1785714285714285,52.91176470588236,0.3944959795522739,,1.1298245614035087,0.0667568528364564,1.2105263157894737,0.0441344120474216,0.0518433179723502,0.6221198156682027,0.6394009216589862,0.2857142857142857,1.0,2,2,0,4,4,copy,1,0,0,1.3130046860536857,-0.7777255639738335,,0.6500175666438709,1.3782837934364502,0.7177851478896887,1.3544500102518655,0.695619670906353,0.09199994254024003,0.5530859931035759,0.9561971489035617,-0.8331462352720156,-0.9984285907638686,0.9167627434244026,-0.9134994970689017,0.9327463411621438,0.6905500632736433,0.5151076690523316,-2.388744793776869,,-0.7229205905790678,-0.121855984056752,0.6211689818150143,2.579481405968216,-1.6015836193280404,-0.7671007396859544,-1.1170911940970392,-1.156269873388449,0.0
G6_A_Roll01,school_a,6,sentence_02_copy_english,copy_english,latin,0.0,data/processed/school_a/G6_A_Roll01/sentence_02_copy_english.json,0.6199445416816207,0.0403467193165283,0.0508050282735419,-0.0760869565217391,0.2294350098795652,6.915540783167567,21.76177382544912,16.139374931024644,0.514077649078918,2.914600550964188,1.0733334059660418,1.7895622895622898,1.6849677768039495,0.1111111111111111,0.7777777777777778,0.4489972977071081,0.3928571428571428,57.43243243243244,0.6486617005062211,1.0645586297760212,,,,,0.5577464788732395,3.8298591549295775,5.131267605633803,0.3571428571428571,5.0,2,2,0,4,4,copy,1,0,0,-0.6842179521173336,5.0,2.080546097378586,-0.8106702525489972,0.1350102971446995,1.303103612183192,-0.2746797150462387,-0.4739310533031447,1.4604253810896688,-0.5820294101637745,-0.23503803527100592,2.0974842924036188,0.0009643000353815283,-3.8542329112948353,2.8969570517046908,-0.10367701179378595,0.12888358461336258,-1.091581921742339,-0.052927147177818164,1.3780477217992524,,,,,-0.6355555666783859,-0.7773247075013846,-0.6317099049175741,0.0,-0.3372453797382976
G6_A_Roll01,school_a,6,sentence_03_dictated_hindi,dictated_hindi,devanagari,0.0,data/processed/school_a/G6_A_Roll01/sentence_03_dictated_hindi.json,1.3152876786634544,-0.0045457290598644,,0.0291666666666666,0.3974624689828091,5.67328282310845,23.002082973272618,20.23964069022464,0.3027613228110853,2.881555686505598,1.0942050585394938,1.649122807017544,2.6061787926002014,0.3684210526315789,0.4736842105263157,0.332369453877073,0.1785714285714285,41.67857142857143,0.7457402616081699,,1.2100000000000002,0.0708563282025463,0.85,0.0248663337170791,0.088235294117647,0.5470588235294118,0.9,0.5,1.0,2,2,0,4,4,dictated,0,1,0,0.5504914165639997,-0.033796067208177176,,0.3637408364750492,1.8126384843927161,0.41611321608437224,0.49794824627303447,-1.0340773263286247,-0.055783823190540566,-0.3464215761886296,0.5202529809018523,2.7401409373442838,-0.005207289585645448,-0.6212414889916007,0.9326690406159616,-0.18877767317275726,-1.1975196461500601,0.21799131009699857,-0.33371290868959597,,2.4199275760474728,1.6308927260247081,-0.4186494369165075,0.1020506248918018,-0.9718405353625231,-0.17678352870634,-0.07782796646474056,-0.33724537973829755,0.0
G6_A_Roll01,school_a,6,sentence_04_dictated_english,dictated_english,latin,0.0,data/processed/school_a/G6_A_Roll01/sentence_04_dictated_english.json,0.6558455020420542,-0.003111282540252,,0.1473214285714285,0.2198758281817128,1.8224874954210315,22.589261551574715,23.39397624685388,0.4345206129028975,2.769874476987449,1.0667387782148117,2.2857142857142856,0.2365226252386237,0.0,0.5714285714285714,0.1799680730992279,0.3928571428571428,27.81578947368421,0.4298197548112554,0.5946969696969697,,,,,0.2043343653250774,1.2260061919504643,1.7777089783281734,1.1428571428571428,1.0,2,2,0,4,4,dictated,0,1,0,0.03607504779734617,0.0,,1.410896340676639,0.23215571439751312,0.5874715457701813,0.18299405236972716,2.3725941612538444,-0.021816870352241446,-0.23064369906144241,-0.6284350838072549,1.5913849844001529,-0.6013800859529104,-0.8331944675887353,1.0376780915024542,-1.3898439988879792,0.13420989601830166,-0.5810997312413742,-0.7160407837291266,0.22882666875817492,,,,,-0.4617250095028022,0.09233417385367872,0.6744907594765952,2.6979630379063795,0.0
G6_A_Roll01,school_a,6,sentence_05_own_hindi,own_hindi,devanagari,0.0,data/processed/school_a/G6_A_Roll01/sentence_05_own_hindi.json,0.693606502294772,-0.0014730521162555,,-0.0395021645021645,0.2370551649314172,6.348450681989214,22.14975842088134,31.997857411332824,0.3382104726696512,3.1792376317923767,1.0999139543672505,0.8308702791461412,2.1138690424012943,0.3809523809523809,0.238095238095238,0.2922109524581442,0.3452380952380952,,0.4789652435205005,,0.1865203761755485,0.0343000199544043,0.65,0.0243163610677629,0.1535407015221707,1.0939774983454664,1.7657180675049635,,1.0,2,2,0,4,4,own,0,0,1,-1.0925893232153874,-0.09002336107902177,,0.17604057090471348,0.41556495404023996,0.6143248838719605,0.5047077050018426,4.399772162670974,1.2381705367520661,0.0,0.6272205819795349,0.3251967220231218,-0.13802323981636455,-0.4246793670778565,-0.24088955695592768,-0.10432786306982042,5.0,,-0.7359656442865574,,-1.6909852208984695,-2.89440328333324,-0.5948633781494971,0.3885691012598085,0.35410450428638923,0.6744907594765952,2.5514242773995313,,0.0
G6_A_Roll01,school_a,6,sentence_06_own_english,own_english,latin,0.0,data/processed/school_a/G6_A_Roll01/sentence_06_own_english.json,0.6200943922503778,0.0099968733767747,,0.0017006802721088,0.21880470608767,6.386252089568559,21.40872214766867,22.74030653401375,0.4015357099896596,2.8627760252365926,1.0694933408959022,2.2696078431372557,0.2953298166621452,0.0,0.6666666666666666,0.2187853480222224,0.4047619047619047,,0.4059214864720364,0.7689075630252101,,,,,0.1966580976863753,1.2673521850899745,1.9665809768637528,,1.0,2,2,0,4,4,own,0,0,1,0.6309337673722921,1.1144795663909677,,0.0,0.8259837791871342,0.8754833791661104,-0.39624834617673826,2.23132215034822,-1.1628940026103847,-0.10009038393497278,-0.3969760784928916,1.3209783416681504,-0.13992039512387414,-1.0895619960775766,0.9442870632672332,-0.48541203260246313,-0.14827546314171522,,-0.7875770992320541,0.6495283652963146,,,,,-0.7703947479199128,0.00665282563913995,0.48119910305514846,,0.0
G6_A_Roll02,school_a,6,sentence_01_copy_hindi,copy_hindi,devanagari,0.0,data/processed/school_a/G6_A_Roll02/sentence_01_copy_hindi.json,1.7745495764643586,0.0040552135028064,,0.1172668513388734,0.3276795215187175,10.211774060227366,21.305510365490395,20.54189409832042,0.2556719041515336,3.330914368650218,1.100754743512922,1.725925925925926,2.41157194951964,0.3888888888888889,0.4444444444444444,0.260570912041991,0.175438596491228,25.47058823529412,0.4923165455969843,,1.1719298245614034,0.0670927254000458,1.1111111111111112,0.0160442349850797,0.1101321585903083,0.6718061674008811,1.1123348017621146,2.7142857142857144,1.0,0,2,3,3,1,copy,1,0,0,-0.5590040585560141,0.2090849258858427,,1.1104247597210661,1.4760483201006482,1.0109380736097069,0.3501715615390216,0.2312504890103171,-0.8926100985121086,0.13542060786135254,0.8955216421953569,0.866879221342533,0.2560977332834549,-0.5413835450564984,1.1525082346612092,-0.6840761669240379,-0.3392175749414651,-1.6400289014670644,-1.7313992303729437,,-0.6774918397069305,-0.09501946660576915,0.3362963413603122,0.3285115402314213,-0.006141518067314157,-0.4830519342173177,0.6744907594765952,0.4817791139118538,0.0
G6_A_Roll02,school_a,6,sentence_02_copy_english,copy_english,latin,0.0,data/processed/school_a/G6_A_Roll02/sentence_02_copy_english.json,0.3110868082220058,0.0064151710768432,0.0089103255610738,0.0561403508771929,0.1248550445652602,2.751063022058469,24.67637372598477,24.794566006949346,0.4375021768740283,2.767083734359961,1.1124313235365355,2.9411764705882355,0.1592323546517794,0.0,0.9411764705882352,0.2495056745824959,0.3625730994152046,37.28378378378378,0.3887433747733841,0.5693548387096774,,,,,0.9219977553310886,3.3922558922558923,3.4270482603815937,1.4285714285714286,3.0,0,2,3,3,1,copy,1,0,0,-1.5315426928066398,0.9145245784995528,-0.436580378086329,0.9768174055674453,-2.9602159490161206,0.5530433624511117,2.481429812571637,5.0,-0.3955045576583998,-1.0822596481689175,5.0,3.5661303449148574,-0.09059225857198988,-5.0,3.8116536986529708,-1.6341431828029076,-0.24269306576317345,-1.5468402840690043,-2.9052043953030204,-0.01412779292851356,,,,,0.09657490807219415,-0.993427846232937,-1.4203088696474795,3.3724537973829767,-1.011736139214893
G6_A_Roll02,school_a,6,sentence_03_dictated_hindi,dictated_hindi,devanagari,0.0,data/processed/school_a/G6_A_Roll02/sentence_03_dictated_hindi.json,1.6489918014378824,0.0005894398935589,,-0.0951267056530214,0.346445605861588,12.265101452669995,23.75721857379944,20.291677107311926,0.2657520943085175,3.077153110047847,1.0807932383184948,2.138095238095238,2.626409465607697,0.3571428571428571,0.6428571428571429,0.3305704743612317,0.175438596491228,42.42857142857143,0.5855843319536923,,1.5644444444444443,0.0756344696226395,1.6,0.0210024525673545,0.1259748050389922,0.4769046190761847,1.0347930413917217,2.5,1.0,0,2,3,3,1,dictated,0,1,0,0.9547482070414207,0.1670197435684693,,-0.6744907594765952,1.3902222063669618,1.6384249558733908,0.9010712344412884,-1.0224315468525866,-0.9471372023406249,0.3158369539465087,-0.7381195480568595,3.8800161972075444,0.0,-0.6744907594765952,1.638048987300303,-0.2065226461413741,-1.2121331887926583,0.24491964840309835,-0.9871129813508469,,3.326373351099977,1.8390048312450484,1.67459774766603,-0.10205062489180163,-0.6695399932598415,-0.307094831061116,0.0654838606706493,3.7096991771212737,0.0
G6_A_Roll02,school_a,6,sentence_04_dictated_english,dictated_english,latin,0.0,data/processed/school_a/G6_A_Roll02/sentence_04_dictated_english.json,0.4184362376046219,-0.0247360240455382,,0.0248538011695906,0.1357412754628832,11.84418322614566,24.25394344189425,20.80842171959827,0.4355420628412486,2.480916030534351,1.0812485981145823,3.035714285714286,0.1788080488655372,0.0,0.8571428571428571,0.182301368759247,0.327485380116959,24.894736842105264,0.3764963548836484,0.4910714285714285,,,,,0.392106938255888,0.9980903882877148,1.2297899427116488,1.1428571428571428,1.0,0,2,3,3,1,dictated,0,1,0,-0.6744907594765952,-1.2746339698018403,,0.31287237250876127,-1.2112449074900404,2.7962271420172486,0.9082635999387879,1.4587926070808945,0.0,-0.9943389211602774,1.2848296734002866,2.3487844971210987,-0.6332841301359003,-0.8331944675887353,2.0753561830049083,-1.37186470954326,-0.4012008527546671,-0.8690554016333049,-0.9967026732284453,-0.011526053065705633,,,,,0.3020602184223154,-0.20057265472845848,0.0,2.6979630379063795,0.0
G6_A_Roll02,school_a,6,sentence_05_own_hindi,own_hindi,devanagari,0.0,data/processed/school_a/G6_A_Roll02/sentence_05_own_hindi.json,2.0736437882964447,0.0103723931123028,,-0.0687994496044031,0.3302574911805209,12.619400130095418,22.91397989894241,20.156700869465684,0.2468901594623397,3.4169407894736845,1.0817871650860114,1.1083333333333334,4.541300270233317,0.4375,0.5,0.205402220792336,0.175438596491228,,0.6537622080810687,,1.231372549019608,0.0680215010614819,0.8823529411764706,0.046142669690361,0.0609260763606823,0.7067424857839155,1.0479285134037368,,1.0,0,2,3,3,1,own,0,0,1,0.3022643457798938,0.6793512808742943,,0.0,1.3551675141618444,2.0154633621652502,0.9558003095803473,0.0,-0.6312197927803649,0.7385265154856465,-0.6965046909065518,0.6744907594765952,0.15487465000840442,0.0796273813270988,2.276406313233509,-1.0037612487266565,-0.22745984676306993,,-0.21941256082175997,,-0.6231925911979234,-0.0739718681157018,0.14520287183176728,1.9239253393653966,-0.6181139259310685,-0.1407810346486704,0.3325071336163175,,0.0
G6_A_Roll02,school_a,6,sentence_06_own_english,own_english,latin,0.0,data/processed/school_a/G6_A_Roll02/sentence_06_own_english.json,0.2550146344155654,0.0054988981649063,,0.0730994152046783,0.0850805179056342,12.954941632049165,24.397888337939825,20.36143496611196,0.43381345761941,2.220577350111029,1.0820087396578413,3.142857142857143,0.1117109611585864,0.0,1.0,0.1334400518517854,0.4093567251461988,,0.3811862554288528,0.3357142857142857,,,,,0.6519607843137255,1.303921568627451,1.6470588235294117,,1.0,0,2,3,3,1,own,0,0,1,-0.6403376318030255,0.6744907594765952,,0.6847585182867262,-0.7531636684145793,1.99052223980302,1.4443356341460298,1.4283996295492285,-0.637330925555865,-1.7065409117321735,1.1566459670196778,2.163710261207806,-0.2668268591670609,-1.0895619960775766,1.8885741265344669,-1.1745208661299555,-0.11563936992577421,,-0.9006825644933094,-0.3344490854734971,,,,,0.6989200803421115,0.0555179735463099,-0.009476305702283624,,0.0
G6_A_Roll03,school_a,6,sentence_01_copy_hindi,copy_hindi,devanagari,0.0,data/processed/school_a/G6_A_Roll03/sentence_01_copy_hindi.json,3.5658414305743182,0.0056274882628921,,-0.2621124031007751,0.1715462567796066,6.2493106877675455,18.860931382654364,19.75083170428037,0.2793949995527936,3.656429942418426,1.0915389837804017,-4.194202898550724,-5.050354174582245,0.5652173913043478,0.3043478260869565,0.5234818544467149,0.1744186046511628,90.47058823529412,0.8740627841261978,,2.6916666666666664,0.07170142499429,1.1363636363636365,0.0151498598815733,0.0672268907563025,0.7563025210084033,1.0252100840336134,3.4285714285714284,1.0,3,3,4,4,4,copy,1,0,0,2.2451382312253605,0.3548437497109451,,-0.8233689114167125,-0.4264301997661466,0.22683155658832999,-1.4453197243397538,-0.17418422579943144,-0.302320824454898,0.9341762364203164,0.0,-2.4070723704320742,-0.6760032086496229,1.0012929630464833,-0.5841359456336671,0.8824748425844687,-0.6744907594765952,3.464849791831825,0.8339017731871826,,0.9622021370842773,0.27321974223437834,0.4086570388020148,0.25684195259620946,-1.1805150335211614,0.0,0.34444235618067903,0.9635582278237073,0.0
G6_A_Roll03,school_a,6,sentence_02_copy_english,copy_english,latin,0.0,data/processed/school_a/G6_A_Roll03/sentence_02_copy_english.json,0.4911180114024809,-0.0135484603364853,0.0195302568739386,-0.0820073439412484,0.2274792195519471,3.568321884285349,22.605952044513707,16.043678374078603,0.5381964226587144,3.69854597583453,1.074465051841584,0.8466981132075473,1.668898292062026,0.125,0.0,0.3556638295756149,0.6162790697674418,55.63513513513514,0.7146098167707877,0.814299900695134,,,,,0.8907563025210085,5.403921568627451,7.482352941176471,1.3571428571428572,3.0,3,3,4,4,4,copy,1,0,0,-1.0376425050335332,-1.8373244693922026,0.2014886030613845,-0.8907037921544947,0.07712527551711135,0.700239102580216,0.523593705653393,-0.540196947384176,2.0449827162747574,2.0763333141216966,0.0,0.895055759069628,0.0,-3.7096991771212786,-1.456998987769124,-0.8197156772819161,2.870207456412926,-1.132191822607159,0.670770618448313,0.6744907594765952,,,,,0.033780839372784505,0.0,0.4562154649978962,3.147623544224111,-1.011736139214893
G6_A_Roll03,school_a,6,sentence_03_dictated_hindi,dictated_hindi,devanagari,0.0,data/processed/school_a/G6_A_Roll03/sentence_03_dictated_hindi.json,0.3630674302495557,-0.012730599428725,,0.003875968992248,0.1132211420887909,8.492149895547632,19.537906162458032,25.25716487332566,0.2866683991318459,3.147077713551703,1.0950522512743783,0.3775510204081633,3.259195005183264,0.6428571428571429,0.0714285714285714,0.2594559199898619,0.5697674418604651,35.607142857142854,0.8035271656097981,,0.2707482993197279,0.0211167850502134,1.0,0.0482023066665677,0.4357976653696498,1.4163424124513615,1.470817120622568,0.3333333333333333,1.0,3,3,4,4,4,dictated,0,1,0,-0.6030499249423559,-0.3538734383974484,,0.15248579592705871,-0.5408610454074427,0.9388118079563232,-1.3513743211499298,0.08884741412893093,-0.4433758504304275,0.552589382982178,0.5997413759701765,-0.2241022971906607,0.1628763189913659,0.6744907594765952,-0.7445677215001377,-0.9079902470134456,0.6272700251329171,0.0,-0.09795537317410093,,0.01791296095887944,-0.5355146964512939,0.0,1.3347234373685695,1.8121990740259517,1.4379090969306143,0.5290642267223664,-0.6744907594765952,0.0
G6_A_Roll03,school_a,6,sentence_04_dictated_english,dictated_english,latin,0.0,data/processed/school_a/G6_A_Roll03/sentence_04_dictated_english.json,1.0260907017899756,-0.1053902955243466,0.1392029650195658,-0.1602067183462532,0.3206002778988358,5.995865019731617,20.786013982086555,17.81559755016131,0.4700019191658769,3.1462212486308867,1.0739335994061514,2.8787061994609173,0.3698948281344794,0.0,0.7142857142857143,0.2012931712866814,0.3081395348837209,35.0,0.6736674224065579,2.4465408805031448,,,,,0.2523809523809524,1.1728291316526611,2.5386554621848743,0.5714285714285714,2.0,3,3,4,4,4,dictated,0,1,0,1.1442187416485081,-5.0,5.0,-1.346348846199574,1.9601702894181166,1.507273065368524,-0.6026458686764776,0.40105147318931217,0.7360186628479573,0.7640122277140586,0.3202739914871883,2.1902273664256993,-0.527653257803543,-0.8331944675887353,1.5565171372536815,-1.2255227269692541,-0.5596480637185371,0.12711556620905068,0.567424772297183,4.524058515277702,,,,,-0.2662903255512888,0.02399348033951349,1.6112192511962424,0.0,5.0
G6_A_Roll03,school_a,6,sentence_05_own_hindi,own_hindi,devanagari,0.0,data/processed/school_a/G6_A_Roll03/sentence_05_own_hindi.json,2.950370453250252,-0.0172016218178657,,0.0434516523867809,0.1162042462920614,8.353851637219593,20.66534075380194,20.27653145467216,0.3059529498273304,3.8440111420612815,1.0874685546002192,0.2629629629629629,10.211610998997058,0.6111111111111112,0.1111111111111111,0.3552536526635713,0.1744186046511628,,0.7570749725322972,,2.354385964912281,0.0676229454875008,0.8235294117647058,0.0292846562403351,0.0514579759862778,0.7332761578044596,0.9391080617495712,,1.0,3,3,4,4,4,own,0,0,1,1.1884037405058798,-1.1116111907571593,,0.6744907594765952,-0.8027719385722282,1.0623980928862609,-0.3714909506864044,0.04452498125194866,0.5778366073314433,2.0654032067351995,-0.2816160546244177,-0.38973319882738305,0.8390637747355152,1.627937573798451,-1.461396645532623,0.5488634484333513,-0.4522748115870084,,0.08589323881106252,,0.5244773660564017,-0.10730666316805917,-0.04215567246728707,0.7380603101425038,-0.7175049418434514,-0.08491791873406299,-0.003891695803827513,,0.0
G6_A_Roll03,school_a,6,sentence_06_own_english,own_english,latin,0.0,data/processed/school_a/G6_A_Roll03/sentence_06_own_english.json,0.2383489602178024,-0.0013963743263106,,0.0930232558139534,0.2020714790346833,8.418254849186175,20.81573930544638,17.31503787610933,0.5846096837147825,3.40880503144654,1.0731622307363882,0.897887323943662,0.3517773112189771,0.0,0.0,0.2797077184189236,0.8255813953488372,,0.8025234136418021,0.428169014084507,,,,,1.2410779315367808,2.792425345957757,3.2061179898033503,,1.0,3,3,4,4,4,own,0,0,1,-0.6983704164231369,0.0,,0.8758406094060279,0.6283812874457512,1.2204170264700502,-0.7613785030589151,0.4001722700465621,1.8180116684808274,1.2657931334158627,0.058468310228522995,-0.0028047596555604063,-0.10090723430953866,-1.0895619960775766,-0.9442870632672332,0.0064972521923432995,2.8407214884746828,,1.025943276532075,-0.1244426687117484,,,,,2.6000697669608517,2.044503026167892,2.3846988264614475,,0.0
G6_A_Roll04,school_a,6,sentence_01_copy_hindi,copy_hindi,devanagari,0.0,data/processed/school_a/G6_A_Roll04/sentence_01_copy_hindi.json,0.4932194641292888,0.0094619969623722,,-0.0802310654685494,0.2869042160263035,0.4471784185509694,19.533947245549896,34.71097913543623,0.5310675357278449,2.5190839694656475,1.0771291133145515,0.235827664399093,10.6152093975309,0.5,0.2777777777777778,0.2893419043625546,0.5975609756097561,36.55882352941177,0.3164561742640223,,0.0053705692803437,0.0224609608054305,1.0526315789473684,0.0205168038574994,0.3217334208798424,2.445173998686802,1.8338804990151016,0.2857142857142857,1.0,0,1,1,1,2,copy,1,0,0,-2.564836858456933,0.7103245423638003,,0.10372706311350047,0.9792026096753536,-0.9213152645363565,-0.9510038828097667,5.0,5.0,-1.8566625766000289,-1.4002481876631587,0.042824590122980254,1.280848992595756,0.43071398059743543,-0.9134994970689017,-0.5126446294912675,5.0,-0.7691966537866655,-2.913165392117011,,-1.9361309221184777,-3.661137272154799,0.1687241999163694,0.6869150395011335,5.0,5.0,3.4078712683867782,-1.156269873388449,0.0
G6_A_Roll04,school_a,6,sentence_02_copy_english,copy_english,latin,0.0,data/processed/school_a/G6_A_Roll04/sentence_02_copy_english.json,0.5245034027669027,0.0002320151609548,0.0151724364407095,0.0253283302063789,0.2064666366833447,-6.092370903877617,21.83830810713267,26.4971156616281,0.4685025152886827,2.952630049404242,1.0887319192808254,1.7263427109974423,1.765222966430055,0.0869565217391304,0.6956521739130435,0.4320819757684772,0.4146341463414634,39.229729729729726,0.6495941651610962,0.4954751131221719,,,,,1.1060507482108004,5.884189980481458,3.893298633702017,1.8571428571428568,3.0,0,1,1,1,2,copy,1,0,0,-0.9460525430021356,0.06221913527523966,-0.06033889487043563,0.5602914416487882,-0.5447787172702249,-1.039739367936244,-0.20230722134696438,5.0,0.3558385881094314,-0.45307119716950583,2.9631676877580664,2.0168607762725723,0.0057802654156592255,-4.105595927248847,2.4372225630645987,-0.2334485159467797,0.39608126003130945,-1.5028716695988236,-0.04269451847692709,-0.22182722264461602,,,,,0.4665140510909057,0.2371726175009387,-1.2045593167922375,4.721435316336165,-1.011736139214893
G6_A_Roll04,school_a,6,sentence_03_dictated_hindi,dictated_hindi,devanagari,0.0,data/processed/school_a/G6_A_Roll04/sentence_03_dictated_hindi.json,1.4972418740871414,0.0135662537986752,,-0.1131436314363143,0.3644114461159535,-0.1687295793779168,20.64382836160532,18.740178455574657,0.2693065650219771,2.479338842975207,1.0886601667934317,1.9137254901960783,1.847821162089005,0.3529411764705882,0.4117647058823529,0.3271703549780612,0.1829268292682926,32.142857142857146,0.5767337449740156,,1.3703703703703702,0.0680435185332137,0.9411764705882352,0.0270249121085067,0.116361071932299,0.8251057827926658,0.9732016925246828,3.0,1.0,0,1,1,1,2,dictated,0,1,0,0.7709148816513715,0.6744907594765952,,-0.8249874533953869,1.5389781844407602,-0.6671630002133299,-0.7609867652052348,-1.3696578196606162,-0.8615291091777966,-1.7082571810144538,0.0,3.3569733660844707,-0.20040533317483128,-0.6943287229906125,0.6744907594765952,-0.24006111948870162,-1.177203257598155,-0.12438327693769885,-1.02322138013503,,2.830054034352315,1.508380709237747,-0.16417624977117973,0.21607290724840472,-0.7465477938071481,0.3396881733074266,0.0,4.721435316336167,0.0
G6_A_Roll04,school_a,6,sentence_04_dictated_english,dictated_english,latin,0.0,data/processed/school_a/G6_A_Roll04/sentence_04_dictated_english.json,0.40029400362889,-0.0111491234525576,,0.1062717770034843,0.1479776897857078,-5.625340519940931,24.02567403938192,26.77612302916379,0.4095980509087775,2.864077669902912,1.0937768617661163,1.9166666666666667,0.1042650491592813,0.0,0.3333333333333333,0.1697808104655873,0.4146341463414634,21.894736842105264,0.4703080133688204,0.4747899159663866,,,,,0.7597765363128491,2.306464485235435,1.9808459696727851,1.0,1.0,0,1,1,1,2,dictated,0,1,0,-0.7287904565051249,-0.4737769960479413,,1.0428521296244504,-1.0013186943887022,-1.0540103202559945,0.8088110575361069,3.5679319325273475,-0.5541310675111983,0.0183281832942141,2.9368064366586126,1.218696335283497,-0.6744907594765952,-0.8331944675887353,0.17294634858374236,-1.4683422988074049,0.3125688885379343,-1.1647936577115041,-0.5029352584863532,-0.04928996558695089,,,,,1.7975960326785734,1.4808891007847669,0.9245532954781925,2.023472278429785,0.0
G6_A_Roll04,school_a,6,sentence_05_own_hindi,own_hindi,devanagari,0.0,data/processed/school_a/G6_A_Roll04/sentence_05_own_hindi.json,1.8698912901123683,0.0131970159676221,,-0.0750469043151969,0.3222623432737375,2.321293922424481,22.17212986318116,20.17448231996906,0.2598626423651337,2.844827586206897,1.140080947760569,0.6722222222222222,8.847689679055218,0.5,0.3333333333333333,0.3022801467030092,0.1829268292682926,,0.6725084160224327,,0.8871794871794871,0.0676240988058536,1.6153846153846154,0.0423143812888416,0.0555555555555555,1.0,0.9814814814814816,,1.0,0,1,1,1,2,own,0,0,1,0.09632431608516803,0.8628136291467821,,-0.037539502044353114,1.274565862421024,-0.28547575088664146,0.5179127672317163,0.006606983925940264,-0.365664044702113,-1.0389878204342495,3.560451804875366,0.12547708547750014,0.6744907594765952,0.6370190506167854,0.6744907594765952,0.0,1.4230109925542447,,-0.16401450777359894,,-0.97494265132992,-0.10721020075872216,2.4799785777122905,1.6546271002460957,-0.6744907594765952,0.4766336411941044,0.12709810050435102,,0.0
G6_A_Roll04,school_a,6,sentence_06_own_english,own_english,latin,0.0,data/processed/school_a/G6_A_Roll04/sentence_06_own_english.json,0.3426146837333765,0.0083984805575811,,0.1048780487804878,0.1251412051938078,-10.15572815161601,21.322028020194423,28.637413398977053,0.4805436662987902,3.073005093378607,1.1024022082724687,2.1153846153846154,0.0703308896385018,0.0,0.75,0.2600238217712052,0.4756097560975609,,0.4682936536179706,0.3794871794871794,,,,,0.5929824561403508,2.235087719298245,1.550877192982456,,1.0,0,1,1,1,2,own,0,0,1,-0.33529897963412275,0.9581258924885805,,0.98953548752994,-0.2800874587899379,-1.9325273635433315,-0.44963039724385606,4.2217280105576735,0.12355464014879523,0.4257945338578279,3.688226704223845,1.1721447419123026,-0.295426310699784,-1.0895619960775766,1.1803588290840417,-0.15243765889047212,0.3549427014340105,,-0.5023712334741213,-0.23502108720251946,,,,,0.5085901423108656,1.2997711514006252,-0.15717799208332467,,0.0
G6_A_Roll05,school_a,6,sentence_01_copy_hindi,copy_hindi,devanagari,0.0,data/processed/school_a/G6_A_Roll05/sentence_01_copy_hindi.json,2.183765054493409,-0.2064836083514295,,0.1204152249134948,0.2880109995185601,5.53973408730301,19.383138900081104,26.172031754482887,0.3933531629635334,2.4344569288389506,1.0939127723130624,-2.217447916666667,-2.892030569141993,0.8125,0.0625,0.499452795924718,0.5647058823529412,100.79411764705884,0.6964089538570428,,0.0980392156862745,0.0182972352653569,1.125,0.0118989599706627,0.2189281641961231,2.2713797035347776,1.9703534777651084,2.4285714285714284,1.0,4,2,4,2,3,copy,1,0,0,0.08159419177462211,-5.0,,1.1264728298823428,0.9926887288805061,0.08641798441069656,-1.0617694060463605,3.116804488497099,2.5332400673605,-2.0643218423192042,0.23066779806459545,-1.3138866794839028,-0.40639782363659555,3.1647382714991243,-3.5820928172202957,0.7392980484165553,5.0,4.275624643120474,-0.35991627419323163,,-1.8361476769016887,-3.993822657120894,0.3760947249532484,-0.003664690695704006,2.9717480050781795,5.0,3.924862197067197,0.2890674683471121,0.0
G6_A_Roll05,school_a,6,sentence_02_copy_english,copy_english,latin,0.0,data/processed/school_a/G6_A_Roll05/sentence_02_copy_english.json,1.0851750925776482,-0.0029040437836561,0.0562491839020236,-0.1269607843137254,0.28706328856864,5.021319795488631,21.22689333161109,16.247832102039165,0.5433254418575821,3.2412729566802216,1.064965886969618,0.0168970814132103,478.9027531494706,0.492063492063492,0.4126984126984127,0.6727475367823037,0.3647058823529411,166.5,0.739296640580835,0.6042486231313926,,,,,0.3473389355742297,7.849859943977592,7.95406162464986,0.2857142857142857,9.0,4,2,4,2,3,copy,1,0,0,0.5921022211972315,-0.3700649838904863,2.4076430185109174,-1.4983976296554546,1.840619590314888,0.9619372166426803,-0.7804744297626608,-0.3988289635714425,2.1692927598631595,0.5257182963194825,-1.9729361423710507,-0.1631840835735123,5.0,0.1101209403227096,0.8532634005231043,1.6128971796241867,-0.21652442215044865,1.372797851791205,0.9416775107705176,0.08396974421573035,,,,,-1.0584663003472445,1.2078862411299491,0.6744907594765952,-0.22483025315886496,1.011736139214893
G6_A_Roll05,school_a,6,sentence_03_dictated_hindi,dictated_hindi,devanagari,0.0,data/processed/school_a/G6_A_Roll05/sentence_03_dictated_hindi.json,11.501949010697864,3.0526315789473686,,0.0235294117647058,0.170892224074517,6.765450186260678,20.115063275621928,29.962230026131355,0.3949063340517841,3.4088200238379005,1.082308726433571,1.0172413793103448,2.0374263186731034,0.5,0.5,0.64341950378038,0.3411764705882353,8.571428571428571,,,0.0,,,,0.2095608671484158,0.11284046692607,0.2740411339633129,0.5,1.0,4,2,4,2,3,dictated,0,1,0,5.0,5.0,,0.3166524355054834,-0.06334827194969543,0.6186322878028518,-1.0432636984500163,1.141843647479392,2.163494191089618,1.438802884904256,-0.5959279155602304,1.2671212723643017,-0.15160176856285654,0.0,1.0423948101001927,2.8793921858041434,-0.4390252057898744,-0.9707024808436927,,,-0.6744907594765952,,,,0.0,-0.983343306503509,-0.7433468083656086,-0.33724537973829755,0.0
G6_A_Roll05,school_a,6,sentence_04_dictated_english,dictated_english,latin,0.0,data/processed/school_a/G6_A_Roll05/sentence_04_dictated_english.json,2.0986774712125094,0.0069257568397925,,-0.2320855614973262,0.2456591489072675,3.678051858040515,20.411686486550664,12.995234998804808,0.2893780503509539,2.368773234200744,1.0680624544778818,1.3777777777777775,3.19264405573144,0.5238095238095238,0.2857142857142857,0.2916040372041382,0.1764705882352941,33.71052631578947,,,,,,,0.0738916256157635,0.7389162561576355,0.9698275862068966,0.5714285714285714,1.0,4,2,4,2,3,dictated,0,1,0,4.3544703950204,0.5916163828786634,,-1.990802358188435,0.6744907594765952,0.9964330908275926,-0.765733083662557,-1.3025887883765932,-3.1218772364036873,-1.2907238124968232,-0.4538951404048992,0.6744907594765952,1.0327344593754728,0.5488503238878178,0.0,-0.5296292672913534,-1.638048987300303,0.0,,,,,,,-0.9923149467071366,-0.5336512384544042,-0.32001481218282307,0.0,0.0
G6_A_Roll05,school_a,6,sentence_05_own_hindi,own_hindi,devanagari,0.0,data/processed/school_a/G6_A_Roll05/sentence_05_own_hindi.json,0.3697593593878545,-0.0591564993078294,,-0.0392156862745098,0.2685515851077749,4.797719826069065,19.52193214485824,28.66763048349648,0.3143121604449023,3.12455003599712,1.1130145710795585,3.583333333333333,0.1638943760609765,0.0,1.0,0.3819904602684124,0.4235294117647059,,,,,,,,0.0799112097669256,1.258601553829079,1.5382907880133183,,1.0,4,2,4,2,3,own,0,0,1,-1.4199133600797111,-3.836626437057422,,0.17776195193275451,0.7330904732346285,0.26784008285628974,-1.0464041562331876,3.162372785282013,0.7489554629527418,-0.16991040403892102,1.5839050319071444,3.7902307819810126,-0.3733104267134921,-3.8221143037007077,5.0,0.8258860119959239,5.0,,,,,,,,-0.4188182254355697,1.0210848037043725,1.8483737989624758,,0.0
G6_A_Roll05,school_a,6,sentence_06_own_english,own_english,latin,0.0,data/processed/school_a/G6_A_Roll05/sentence_06_own_english.json,,,,,,4.103555765354496,21.303455873194423,13.160365640534812,0.5166619051739774,2.2797018851380977,1.0672244043269528,,,,,,0.4235294117647059,,,,,,,,0.2309037900874635,0.2518950437317784,0.5037900874635569,,1.0,4,2,4,2,3,own,0,0,1,,,,,,0.4879943538329841,-0.46106622719525114,-1.0021228136781062,0.7116505933973254,-1.5586417581230079,-0.6786346928480083,,,,,,-0.01497360218804864,,,,,,,,-0.659879907733603,-1.350232596151164,-1.765141283966608,,0.0
G6_A_Roll07,school_a,6,sentence_01_copy_hindi,copy_hindi,devanagari,0.0,data/processed/school_a/G6_A_Roll07/sentence_01_copy_hindi.json,1.7385131369917146,-0.0028235458393035,,-0.1714285714285714,0.3159739508646318,6.4627206223110845,20.873369293710432,19.76647356197504,0.2406472182851056,3.459764223475141,1.093927635091623,-0.2461538461538462,-27.90928073936855,0.4615384615384615,0.3076923076923077,0.4622095663908019,0.1764705882352941,49.70588235294117,0.6840259428478689,,2.161904761904762,0.0700207359931383,1.2307692307692308,0.0074907742267891,0.0756302521008403,0.7563025210084033,0.6386554621848739,2.0,1.0,1,1,4,3,3,copy,1,0,0,-0.6154165876849412,-0.4286152373014258,,-0.3611300891562614,1.3334163398535674,0.2690618827121562,0.03277313256656677,-0.16616747242913704,-1.2664614346476273,0.4515945641148225,0.2321120566228091,-0.22372098354031272,-3.5314089883712563,0.09421868325568884,-0.5426775965019586,0.5173848093171356,0.0,0.2633285841792175,-0.44312901439289454,,0.3906246242510615,0.1389311917583659,0.6791747230840716,-0.3569089315564181,-0.9505039998645409,0.0,-1.119915165474706,0.0,0.0
G6_A_Roll07,school_a,6,sentence_02_copy_english,copy_english,latin,0.0,data/processed/school_a/G6_A_Roll07/sentence_02_copy_english.json,0.795309447396407,0.0030608030526931,0.0397800095422353,-0.0501771793054571,0.2906486054039726,-0.3195393524565493,22.037459770241323,17.302588573454948,0.4088312667779317,3.0862397667376924,1.0805010168190816,-0.4207459207459206,-11.48011600210202,0.5256410256410257,0.2307692307692307,0.4774026116269022,0.388235294117647,106.22972972972973,0.4446476023319351,0.2774891774891775,,,,,1.133518005540166,6.124653739612189,6.2891966759002775,0.4285714285714285,5.0,1,1,4,3,3,copy,1,0,0,-0.20311935181236485,0.45214805679252423,1.4181385674449873,-0.4604142584605571,1.9467332874859629,0.0,-0.013985045108011815,0.33154611831923064,-1.0903902552108107,0.0,1.253644253858119,-0.7213073492644323,-0.7890480094868804,0.4595431548082315,-0.16516587715601438,0.11424377781242087,0.07217480738348334,0.010992153617545183,-2.2917256962167243,-0.8346550878953897,,,,,0.5217221380582324,0.3559216706543392,-0.09589761726415166,0.22483025315886496,-0.3372453797382976
G6_A_Roll07,school_a,6,sentence_03_dictated_hindi,dictated_hindi,devanagari,0.0,data/processed/school_a/G6_A_Roll07/sentence_03_dictated_hindi.json,0.9328844328029584,0.0282327306667529,,0.1633986928104575,0.1908317656564147,7.074142883746326,22.216600732184776,25.033082357412788,0.3050774819321447,2.9145152036718303,1.0821350770631444,-1.1677631578947367,-3.22499800363425,0.75,0.25,0.3866832370057564,0.4470588235294118,32.57142857142857,0.6548783193538462,,0.1052631578947368,0.038695852168177,1.3333333333333333,0.0013271681882598,0.3541666666666667,0.5416666666666666,0.9583333333333334,0.6666666666666666,1.0,1,1,4,3,3,dictated,0,1,0,0.08723939691721537,1.2480377002323673,,1.4849907320257205,0.10174982356730264,0.6758727443942592,0.07862495127870775,0.0386976207567298,0.0,-0.23482643859849575,-0.6122206777517171,-3.826484126123499,-1.5061275106696694,1.1803588290840412,0.0,0.3469686235220589,0.054878150723734656,-0.10899565504849915,-0.70440914078791,,-0.40529386208433205,0.23014214458412632,0.930332082036683,-1.1413554005853463,1.158319504369475,-0.18679944990111375,-0.015808024659264196,0.0,0.0
G6_A_Roll07,school_a,6,sentence_04_dictated_english,dictated_english,latin,0.0,data/processed/school_a/G6_A_Roll07/sentence_04_dictated_english.json,0.4685958147439228,-0.0006274279719863,,0.0580392156862745,0.1761041948049856,-1.9264078538781624,21.702141073597048,16.680843021202715,0.3651326431724562,2.892697816388823,1.0715047050685782,0.2402597402597402,10.953771204782637,0.6428571428571429,0.2142857142857142,0.3684174276721012,0.388235294117647,40.55263157894737,0.5658614851059488,0.5010101010101009,,,,,0.3178470254957507,1.2526912181303116,1.364872521246459,2.142857142857143,1.0,1,1,4,3,3,dictated,0,1,0,-0.5243631707029902,0.14640662446693345,,0.6104071684866763,-0.5187843072145842,-0.23877520976871158,-0.2035070992578737,0.0,-1.503855571199459,0.09396905621331308,0.0,-0.47425005029333517,5.0,0.8629514128597617,-0.2594195228756138,0.062258934635495915,0.09635582278237043,0.6744907594765952,0.0,0.011526053065705633,,,,,0.0,0.12662853283782424,0.1662872524322517,5.0,0.0
G6_A_Roll07,school_a,6,sentence_05_own_hindi,own_hindi,devanagari,0.0,data/processed/school_a/G6_A_Roll07/sentence_05_own_hindi.json,1.645877925380528,-0.0112470470494199,,-0.3017301038062283,0.1776889888415894,4.875899102373345,21.212785607310355,19.499889457037224,0.260207753906876,3.3419188667095945,1.110726559153451,1.4249999999999998,3.5173436559412523,0.3125,0.25,0.2106428285551473,0.1764705882352941,,0.7280094652281037,,1.8823529411764703,0.0764198983956955,0.4705882352941176,0.0500880260913277,0.0402414486921529,0.663983903420523,0.744466800804829,,1.0,1,1,4,3,3,own,0,0,1,-0.13009410526450468,-0.7248550374795991,,-1.3996261156554914,-0.18292451809531876,0.28530793092961926,-0.048353834128584565,-0.24404884424166828,-0.35859937139904907,0.5054388285383828,1.416820880143549,1.0731376310428167,0.03132234164244538,-1.0351559572522744,-0.12646701740186148,-0.9494628216841908,0.0,,0.0,,0.04208052866609782,0.6284618003130472,-1.1663069382616131,2.2014586440810784,-0.8352500014317282,-0.23080354043155066,-0.6055901021545037,,0.0
G6_A_Roll07,school_a,6,sentence_06_own_english,own_english,latin,0.0,data/processed/school_a/G6_A_Roll07/sentence_06_own_english.json,0.4902904978287458,-0.0070353591508534,,-0.0686274509803921,0.2808262349330917,1.7367751054358105,22.286028709091863,15.862506910450934,0.4720789502883543,2.6382978723404253,1.0683543365995958,0.9767891682785298,1.2639466062413696,0.5454545454545454,0.3636363636363636,0.3350238595847178,0.5529411764705883,,0.3011851732353182,0.1063829787234042,,,,,0.8737412858249419,1.1649883810999224,1.747482571649884,,1.0,1,1,4,3,3,own,0,0,1,0.17893396475804238,-0.5516015736619024,,-0.6744907594765952,1.5583953219611208,0.08623196373278309,0.14395460675479568,-0.09008951634895335,-0.01427226908501237,-0.6616191773858173,-0.5383684718424918,0.07333970762643033,0.5295300893661591,0.4952554527625347,0.08584427847883931,0.45313981158868216,0.9042123643879787,,-1.2664992252354867,-0.855363990329307,,,,,1.4146316038204,-0.13012887365279222,0.14473980464799124,,0.0
G6_A_Roll08,school_a,6,sentence_01_copy_hindi,copy_hindi,devanagari,0.0,data/processed/school_a/G6_A_Roll08/sentence_01_copy_hindi.json,,,,,,-0.229778795459603,20.995121637215828,25.05793345725504,0.3164985504026091,3.3368532206969377,1.0933770619389231,,,,,,0.4,,,,,,,,0.1663043478260869,0.5358695652173913,0.258695652173913,0.2857142857142857,1.0,4,3,2,0,1,copy,1,0,0,,,,,,-1.055273995092599,0.12219764015422767,2.545807650814368,0.6209072672265575,0.14999346360703267,0.1786112939982649,,,,,,5.0,,,,,,,,1.53136505568902,-1.2601794173826861,-2.559290028088617,-1.156269873388449,0.0
G6_A_Roll08,school_a,6,sentence_02_copy_english,copy_english,latin,0.0,data/processed/school_a/G6_A_Roll08/sentence_02_copy_english.json,1.0702187866431017,-0.0005470966258104,0.0118294830113023,-0.0230826507818317,0.2816824809914627,-0.1094165189218871,21.74886427491913,17.775398305331265,0.3873634618985654,3.2182972489011887,1.0818824031030083,-0.0268264840182647,-162.85183136188184,0.4246575342465753,0.2602739726027397,0.614282298653266,0.2823529411764706,114.37837837837836,0.5678219895888359,0.7588141025641026,,,,,0.5391780821917808,5.063013698630137,6.496438356164383,0.4285714285714285,6.0,4,3,2,0,1,copy,1,0,0,0.5510708767471284,-0.045176056722727356,-0.2611909367421364,-0.09414244750741736,1.681365216990459,0.03784502980595752,-0.28688726888799626,0.6589472350664396,-1.6106970929957907,0.44780756020675044,1.5405523097628864,-0.21894446133774365,-5.0,-0.5913343644726318,0.0,1.1643617086355535,-1.2269717255192085,0.19511072671142748,-0.9400414648949937,0.5185025159156716,,,,,-0.6728773002079226,-0.16835171720290257,0.0,0.22483025315886496,0.0
G6_A_Roll08,school_a,6,sentence_03_dictated_hindi,dictated_hindi,devanagari,0.0,data/processed/school_a/G6_A_Roll08/sentence_03_dictated_hindi.json,,,,,,5.808036626202331,20.193095965983467,23.964013048322,0.3909158097467404,2.538293216630197,1.086719626035697,,,,,,0.6470588235294118,,,,,,,,0.5342687533729088,,0.059363194819212,0.5,1.0,4,3,2,0,1,dictated,0,1,0,,,,,,0.44110042595149573,-1.0016065824414404,-0.20056069323109993,2.067383910821699,-1.508648023926768,-0.18207246597554788,,,,,,0.9878067130272183,,,,,,,,2.600970909115886,,-0.9715921790965241,-0.33724537973829755,0.0
G6_A_Roll08,school_a,6,sentence_04_dictated_english,dictated_english,latin,0.0,data/processed/school_a/G6_A_Roll08/sentence_04_dictated_english.json,0.4542188151369756,-0.0294576701638455,,0.1428571428571428,0.2318799923705287,1.841657549241713,22.412707086932137,17.035184714951253,0.4268250820221261,2.8776214494292542,1.0680624544778832,1.4666666666666668,0.658816557319522,0.1666666666666666,0.3333333333333333,0.3679399023528273,0.4705882352941176,36.92105263157895,0.8048598878331379,0.9892857142857142,,,,,0.5114544485881727,1.3851891315929676,2.557272242940863,0.5714285714285714,1.0,4,3,2,0,1,dictated,0,1,0,-0.5673935231877387,-1.5529434485212177,,1.370870312418974,0.43809747667539534,0.591696575624857,0.10607270334968029,0.12523347972064566,-0.18618361336510927,0.05412336367530266,-0.45389514040472356,0.7642566276509298,-0.36794019755757157,-0.39345294302801403,0.17294634858374236,0.058579346989674354,0.7708465822589656,0.316491817908249,1.2579419802150318,1.1440496700844072,,,,,0.7875191113727145,0.29690871087902804,1.6341365907571634,0.0,0.0
G6_A_Roll08,school_a,6,sentence_05_own_hindi,own_hindi,devanagari,0.0,data/processed/school_a/G6_A_Roll08/sentence_05_own_hindi.json,0.1755189963782481,0.0007650069185277,,0.1029411764705882,0.106115522906315,3.5989720607416262,19.579006980692068,23.691829627455945,0.3076929185979041,2.724703222159412,1.0924391974830114,0.7685714285714286,0.8272551884372721,0.4285714285714285,0.0,0.2773051980176583,0.5882352941176471,,1.0425443353674877,,0.7825,0.0137772087661443,0.125,0.0004878976903945,0.4319654427645788,3.077753779697624,2.7807775377969763,,1.0,4,3,2,0,1,own,0,0,1,-1.6162391302303853,0.05534102458419915,,1.0319494709584633,-0.9044795965578268,0.0,-1.0127149220369795,1.3135339479610169,0.6134549783067464,-1.4122055297415013,0.08136966250163681,0.24676964239013008,-0.2932682076344407,0.0,-2.5293403480372323,-0.2587677785588316,5.0,,0.9295010210054321,,-1.0819204495258485,-4.610910966377972,-2.267038386018557,-1.2876272965604931,3.2768574106702912,4.851067762012101,5.0,,0.0
G6_A_Roll08,school_a,6,sentence_06_own_english,own_english,latin,0.0,data/processed/school_a/G6_A_Roll08/sentence_06_own_english.json,0.449644724616854,0.0060426901955399,,0.1243697478991596,0.1751397060220032,3.089538416354811,23.9099951916072,16.39633522752264,0.4504590115747336,2.740693196405648,1.0702245614044017,0.9007936507936508,1.4736877927080352,0.3333333333333333,0.1666666666666666,0.4853183130768492,0.4941176470588235,,0.7340053350639757,0.5986394557823128,,,,,0.2551640340218712,2.1688942891859053,1.9902794653705955,,1.0,4,3,2,0,1,own,0,0,1,0.0373982924214122,0.7276841177095844,,1.176473071508111,0.31034428015079296,0.31586432056189095,1.143914629729531,0.09008951634895394,-0.36629935741839,-0.4054787822715165,-0.3062046756998321,0.0,0.6744907594765952,-0.12106244400861968,-0.4721435316336168,1.6666716660541454,0.48640056139887505,,0.712634330970883,0.2627726447267749,,,,,-0.5815892733994946,1.2113214308958318,0.5175917769705023,,0.0
G6_A_Roll09,school_a,6,sentence_01_copy_hindi,copy_hindi,devanagari,0.0,data/processed/school_a/G6_A_Roll09/sentence_01_copy_hindi.json,2.418884455379065,-0.0067490586508422,,0.0365448504983388,0.1957942635755111,6.696654199024167,20.85123230963132,19.52198822178465,0.3282392877486246,3.793831168831169,1.081851939055441,-0.4933333333333334,-12.851598524590967,0.5,0.3,0.2654874557721387,0.1744186046511628,55.35294117647059,0.8247501948570377,,2.2507936507936512,0.0771414835388159,0.9047619047619048,0.0289664622930123,0.0924887892376681,0.6978699551569506,0.9753363228699552,0.5714285714285714,1.0,3,0,2,0,2,copy,1,0,0,0.4496571925965172,-0.792532629379299,,0.6989639523093195,-0.1309690617705057,0.3153535010336598,0.01651398844041954,-0.2914709186832601,0.9130458439026761,1.2713336931207853,-0.9413177482812151,-0.36041626492666884,-1.6504898339468455,0.43071398059743543,-0.6380317995048871,-0.6547810129326944,-0.6744907594765952,0.7068293575336919,0.5025255290420975,,0.4865297649811294,0.707885272828334,-0.25499392916331365,1.3640174469333257,-0.4890637030836862,-0.3340494914955977,0.15550911579162682,-0.9635582278237075,0.0
G6_A_Roll09,school_a,6,sentence_02_copy_english,copy_english,latin,0.0,data/processed/school_a/G6_A_Roll09/sentence_02_copy_english.json,2.962768178219491,0.002077894576498,0.010424367070954,0.0064443821798823,0.2363715493861433,-6.417422457583029,22.052249026862786,12.69144953134204,0.2735393170337693,2.77507809788268,1.0722202330097772,-0.231578947368421,-21.402671694860715,0.5131578947368421,0.3026315789473684,0.606310110670045,0.1744186046511628,134.21621621621622,0.7149488205714164,2.795121951219512,,,,,0.2742382271468144,3.4487534626038783,4.520775623268698,0.5,7.0,3,0,2,0,2,copy,1,0,0,5.0,0.3166608952445315,-0.34561341274877233,0.30501267436635277,0.3403092669212287,-1.098284103563107,0.0,-2.8614762965817855,-4.369408624564814,-1.0551507228292503,-0.46623932377647037,-0.48006394214620735,-1.38448221035081,0.32963834109758594,0.23711548623666498,1.1032004236345103,-2.551295516811488,0.6433463242268838,0.6744907594765952,5.0,,,,,-1.2053957960679285,-0.9655274548868817,-0.9142048470212745,0.4496605063177303,0.3372453797382976
G6_A_Roll09,school_a,6,sentence_03_dictated_hindi,dictated_hindi,devanagari,0.0,data/processed/school_a/G6_A_Roll09/sentence_03_dictated_hindi.json,0.6727171196744964,-0.0468227424749163,,0.0271317829457364,0.4593145911422798,2.845694708867257,20.28004881294468,24.775021161900543,0.2770724468649733,2.111706197398623,1.1040546062769694,3.1574074074074074,0.4935232079835728,0.0,1.0,0.3099130434596717,0.627906976744186,8.857142857142858,0.9001740842040713,,0.5493827160493827,0.0192374286761213,1.6666666666666667,0.0522673751932068,0.1795013850415512,0.4487534626038781,0.5385041551246538,0.6666666666666666,1.0,3,0,2,0,2,dictated,0,1,0,-0.22793322402022614,-1.687080078535423,,0.34674330447693524,2.3247699960561583,-0.10820250641219646,-0.9551875135056268,-0.019056620262923117,-0.6744907594765952,-2.952996764389648,1.4443930373052885,5.0,-0.5489958931458824,-2.3607176581680824,3.127184430300578,-0.4102856960935183,0.8984701885932321,-0.9604440662508927,0.29634225769241024,,0.7304844056169769,-0.6173701245528637,1.8606641640733665,1.5494519796277353,-0.24078207465829898,-0.35938555107270337,-0.4621699881005774,0.0,0.0
G6_A_Roll09,school_a,6,sentence_04_dictated_english,dictated_english,latin,0.0,data/processed/school_a/G6_A_Roll09/sentence_04_dictated_english.json,,,,,,-3.3936307268241515,19.92783861134357,18.50175020145656,0.4424637532073784,3.1374579342479936,1.0726168615199274,,,,,,0.4883720930232558,,,,,,,,0.3257617728531856,1.8847645429362885,1.8382271468144045,0.5714285714285714,1.0,3,0,2,0,2,dictated,0,1,0,,,,,,-0.5621473035377996,-0.9765361996118396,0.6435554902362912,0.14783849473816432,0.7408514535400745,0.14664894241044898,,,,,,0.9165007329765031,,,,,,,,0.03219409001012941,0.9389398777511334,0.7489888929069852,0.0,0.0
G6_A_Roll09,school_a,6,sentence_05_own_hindi,own_hindi,devanagari,0.0,data/processed/school_a/G6_A_Roll09/sentence_05_own_hindi.json,1.9580109228723512,-0.0081960592173147,,-0.2480620155038759,0.1918552832695747,2.1340027905982297,21.107374343170687,19.61819152325414,0.3106745359547659,3.6305732484076434,1.1008416472288818,0.1294117647058825,37.05711844636879,0.5882352941176471,0.2352941176470588,0.2968173619264637,0.1744186046511628,,0.3175446138680868,,2.274074074074074,0.0738399029553238,1.1875,0.0170811387660843,0.1279317697228145,0.5863539445628998,0.9488272921108742,,1.0,3,0,2,0,2,own,0,0,1,0.18539002055022114,-0.5266900360264999,,-1.0771470575741409,-0.04010955791507942,-0.32732281306063354,-0.11057433310398232,-0.20009180880452232,0.6744907594765952,1.4022671112359817,0.6949661969014416,-0.5578587800245578,4.0782873590975175,1.4239249366728137,-0.2678125074392365,-0.05660042385595877,-0.4522748115870084,,-1.2129895113279725,,0.44240217174357827,0.4126735267186503,1.1171253203831115,-0.12038749268578702,0.0852757374463433,-0.3942430894978046,0.026153554576108094,,0.0
G6_A_Roll09,school_a,6,sentence_06_own_english,own_english,latin,0.0,data/processed/school_a/G6_A_Roll09/sentence_06_own_english.json,0.4811742535119741,-0.0374255501893806,,-0.2170542635658915,0.1731998765118628,-8.316100951072,20.71233067384459,16.7447986894331,0.4738320289186559,3.377693282636248,1.057814181583134,2.213636363636364,0.2838395913663062,0.0,0.6,0.2789030415875281,0.5116279069767442,,0.7969453444827942,1.6856060606060606,,,,,0.2218487394957983,1.873389355742297,2.169187675070028,,1.0,3,0,2,0,2,own,0,0,1,0.14718961186228385,-3.5243489248833324,,-2.0979967131332793,0.28743685508906264,-1.6202495789981022,-0.8250525374343977,0.20770375203056682,0.01427226908501237,1.1879675519675428,-1.8467900018455796,1.266962893417128,-0.14786175746030503,-1.0895619960775766,0.7554296506137866,0.0,0.6107724469398178,,1.0004367386554895,2.7317643971512218,,,,,-0.6891016112195875,0.8164585460669899,0.7923328489376535,,0.0
G6_A_Roll10,school_a,6,sentence_01_copy_hindi,copy_hindi,devanagari,0.0,data/processed/school_a/G6_A_Roll10/sentence_01_copy_hindi.json,0.4515838195410036,-0.0081787898429235,,0.189925681255161,0.2063572635189506,3.743661098333638,20.267719031683747,27.58948845659277,0.3353004240272853,2.7106227106227103,1.0991263554996498,2.003623188405797,0.32137840003371,0.0,0.5,0.218872308498544,0.5317919075144508,35.35294117647059,0.7771394875532536,,0.9503105590062112,0.0144045139399895,0.2857142857142857,8.491631769692993e-05,0.1288515406162465,2.448179271708684,1.7781512605042018,1.0,1.0,4,2,4,3,0,copy,1,0,0,-2.6300145521333933,-0.9250768527136944,,1.4807855103423027,-0.0022592667673283465,-0.2689954045142578,-0.4120641074630184,3.843278352132678,1.0887443746993062,-1.3866615692281212,0.7372865373205124,1.0204514528737947,-0.004997236553541713,-3.9437248848452673,1.8411774785712467,-0.9325366869716364,5.0,-0.8639025480967357,0.182585781378393,,-0.9166041417870364,-4.304854563578564,-2.028864740734191,-0.9503677391067453,0.506232546627393,5.0,3.196756137492039,-0.6744907594765952,0.0
G6_A_Roll10,school_a,6,sentence_02_copy_english,copy_english,latin,0.0,data/processed/school_a/G6_A_Roll10/sentence_02_copy_english.json,0.5032421930637679,-0.000219361299699,0.0016280043273724,0.074421965317919,0.1667017713119269,3.107375205953388,22.309093583698083,15.849740668798596,0.5296144718658723,2.4589394650398875,1.0740170116727636,1.0426758938869665,2.360636323661952,0.4117647058823529,0.4509803921568627,0.3686850026634534,0.3930635838150289,63.18918918918919,0.3912841747911548,0.3762975778546713,,,,,1.1333333333333333,4.830601092896175,5.778142076502733,0.1428571428571428,5.0,4,2,4,3,0,copy,1,0,0,-1.0043808509795857,0.0,-0.8741183576728234,1.2239536501606343,-1.721689176197564,0.6172184213578086,0.24287784065334495,-0.6744907594765952,1.836985312528009,-2.1271783545930902,-0.09305603747422873,1.1449849443097129,0.04150991889654757,-0.7255026656554978,1.0675637578081298,-0.7198194279775384,0.13141655679651645,-0.9615081039347205,-2.8773223055646753,-0.5568732168357043,,,,,0.5213509543199725,-0.2831248413177017,-0.3323795754863295,-0.6744907594765952,-0.3372453797382976
G6_A_Roll10,school_a,6,sentence_03_dictated_hindi,dictated_hindi,devanagari,0.0,data/processed/school_a/G6_A_Roll10/sentence_03_dictated_hindi.json,1.9200483618693416,0.2828282828282827,,-0.2297687861271676,0.2248336963348841,4.349732853546293,22.53400533296096,24.8601711720236,0.3248366949398429,3.0708742886704603,1.1132502721793458,0.3333333333333333,10.69626833292808,0.6666666666666666,0.3333333333333333,0.283128021141052,0.1849710982658959,3.857142857142857,0.2719641466102106,,1.125,0.0736813880120129,0.25,0.0087149553253533,0.070213933077345,0.0263302249040043,0.0965441579813494,0.6666666666666666,1.0,4,2,4,3,0,dictated,0,1,0,1.2831123106876337,5.0,,-1.7991658687284173,0.38328357778423533,0.17068919019596115,0.24806881147279644,0.0,0.4758932297801373,0.29457796729390107,2.3071822162800504,-0.32718100744409334,2.0771475087287663,0.7869058860560273,0.3474649367000641,-0.6744907594765952,-1.1676674729136767,-1.1399663216248914,-2.2666126060825804,,2.2025510814032194,1.7539382980643068,-2.093247184582537,-0.7511113611372161,-1.1161950084044663,-1.1440359177701411,-0.9320614161550271,0.0,0.0
G6_A_Roll10,school_a,6,sentence_04_dictated_english,dictated_english,latin,0.0,data/processed/school_a/G6_A_Roll10/sentence_04_dictated_english.json,0.6030029962251773,-0.0091416545667983,,0.1979768786127167,0.1809468833132905,1.5701861103018735,22.169242696464764,23.323050646630097,0.4415416217702379,2.857142857142857,1.0697108105289694,2.7571428571428567,0.4176216754378278,0.0,0.8571428571428571,0.187929402482582,0.3468208092485549,26.76315789473684,0.5053213692571678,1.0,,,,,0.2398523985239852,1.1808118081180812,1.107011070110701,1.1428571428571428,1.0,4,2,4,3,0,dictated,0,1,0,-0.12208254513872321,-0.3554501233552178,,1.8650645110222848,-0.435703820320516,0.5318649786485777,0.0,2.347527227630156,0.12814294113688204,0.0,-0.23654292227533122,2.067464678110461,-0.5012703309803825,-0.8331944675887353,2.0753561830049083,-1.3284977036007506,-0.2428389522145298,-0.6848675403916197,-0.3186462852648988,1.1689007609048399,,,,,-0.31725157198817794,0.03425244619228645,-0.15114133593681597,2.6979630379063795,0.0
G6_A_Roll10,school_a,6,sentence_05_own_hindi,own_hindi,devanagari,0.0,data/processed/school_a/G6_A_Roll10/sentence_05_own_hindi.json,1.4854537960382928,-0.0089569592017023,,0.0328323699421965,0.378582269437172,4.399693988201015,21.08236216574621,20.893393301886,0.2527673292994998,3.0955088118249003,1.1002839187854314,0.8916666666666666,4.318184435589988,0.375,0.25,0.2685625677729971,0.1734104046242774,,0.4859764555049436,,1.2133333333333334,0.0739586163911232,0.76,0.013941917086252,0.0257437070938215,0.7723112128146453,0.8409610983981693,,1.0,4,2,4,3,0,own,0,0,1,-0.29224058324605623,-0.5761113234289443,,0.6106819615753796,1.8423451114881224,0.17890788504368083,-0.12533812682672907,0.2737299220015364,-0.510910038326663,-0.26013938670183656,0.6542375700857277,0.40173237366812753,0.1279531222616066,-0.47776428796258785,-0.12646701740186148,-0.34935098798497144,-0.6744907594765952,,-0.715246387642175,,-0.641627870423071,0.4226026013839601,-0.2445029003102656,-0.34121382077759127,-0.9874394807267236,-0.002734804347230352,-0.30729535826500587,,0.0
G6_A_Roll10,school_a,6,sentence_06_own_english,own_english,latin,0.0,data/processed/school_a/G6_A_Roll10/sentence_06_own_english.json,0.2144969260129723,-0.0191328952233128,,0.0722543352601156,0.1508279734626218,2.308991590136058,20.94238768583136,15.6736699007065,0.5574617441993106,2.169472812586254,1.0763803506822576,2.023166023166023,0.4977783129460571,0.1428571428571428,0.5714285714285714,0.1724073619582453,0.4277456647398844,,0.4262916868586288,0.777027027027027,,,,,0.8272778088317495,1.0961430967020682,1.4477361654555616,,1.0,4,2,4,3,0,own,0,0,1,-0.7814273601347954,-1.7349741385173634,,0.6766536731347903,0.023247301362926312,0.18336604397991715,-0.683394555284747,-0.15382624342996923,1.3759747955519794,-1.8343781597044695,0.4579555489580849,1.0831489061726713,0.0,-0.6744907594765952,0.6744907594765952,-0.8598846902879853,0.014973602188049034,,-0.6944313757023984,0.6679713326934994,,,,,1.2646885489607538,-0.2221220843495145,-0.31556690287807815,,0.0
G6_A_Roll11,school_a,6,sentence_01_copy_hindi,copy_hindi,devanagari,0.0,data/processed/school_a/G6_A_Roll11/sentence_01_copy_hindi.json,2.411836897193515,0.001532612137908,,-0.177437641723356,0.2234769807191529,2.31292222975134,21.84551929378973,17.853464135205357,0.2894728086743787,3.275726630007856,1.0779037724321063,1.3866666666666667,2.469872578564417,0.4,0.4,0.1831349944318316,0.1785714285714285,38.1764705882353,0.7342394577045337,,2.092063492063492,0.0765408810786999,0.8095238095238095,0.0343827254968574,0.1978211009174312,0.5418577981651376,0.9375,3.0,1.0,2,1,1,2,2,copy,1,0,0,0.4386247324742584,-0.024774585989261737,,-0.391759866534679,0.20634390497830374,-0.5521151624931807,0.7467966376220017,-1.1466216530527953,-0.0515600139515761,0.0,-1.3249723530896613,0.6792619540824214,0.2633803129209567,-0.4441737924911049,0.6015728395331801,-1.1454769507593217,0.6905500632736433,-0.6421521614194986,-0.10569862987785228,,0.31527058510600803,0.6598966004885752,-0.5278971309434486,1.7980426661299291,2.394019969457851,-1.225945661907406,0.012176451131155811,0.6744907594765952,0.0
G6_A_Roll11,school_a,6,sentence_02_copy_english,copy_english,latin,0.0,data/processed/school_a/G6_A_Roll11/sentence_02_copy_english.json,1.3708065789777475,0.0016554705317799,0.0326076700023716,-0.116412213740458,0.2031298902259137,-1.7006395164784314,21.862839970320444,16.674793688101936,0.4394030992266066,3.003208556149733,1.0727255419100383,-0.3840354767184036,-11.123335215058994,0.5772357723577236,0.1869918699186991,0.5475522128548572,0.3273809523809524,149.94594594594594,0.6285505905976695,0.5953294412010008,,,,,0.7703081232492998,5.931372549019608,8.796918767507004,0.5,8.0,2,1,1,2,2,copy,1,0,0,1.375707742210715,0.25843265103401214,0.987208531475502,-1.3557989480261103,-0.6435355411110509,-0.24874867711032828,-0.17910935400001934,-0.10317578500768647,-0.34943264188952583,-0.2815592363662756,-0.3612888143554659,-0.6744907594765952,-0.7676382548435677,0.9964602160908612,-0.4102290688712386,0.6524197167695261,-0.6744907594765952,0.9987592911941793,-0.2736213251084206,0.05889508420928021,,,,,-0.2083151761321704,0.2604729491580043,1.0645087886252922,0.4496605063177303,0.6744907594765952
G6_A_Roll11,school_a,6,sentence_03_dictated_hindi,dictated_hindi,devanagari,0.0,data/processed/school_a/G6_A_Roll11/sentence_03_dictated_hindi.json,1.0199842429535229,-0.0110730913782464,,-0.3214285714285714,0.2600039246171614,3.914777402737792,22.567391826706537,18.50035361707205,0.3166678361575742,3.358707760861493,1.0781808667321195,0.2333333333333332,6.641448903470913,0.5,0.25,0.3544301609556304,0.1785714285714285,10.785714285714286,,,,,,,0.1993355481727574,0.1162790697674418,0.1827242524916943,1.1666666666666667,1.0,2,1,1,2,2,dictated,0,1,0,0.19275409481760974,-0.2890549628916355,,-2.56480673438371,0.6744907594765952,0.09003600726034112,0.2658919191554278,-1.423330753702037,0.2791493317313077,1.2691315619415955,-0.9832269671512451,-0.5602974752480102,1.0334541536504698,0.0,0.0,0.02882716742183199,-1.1975196461500601,-0.8911997677494933,,,,,,,-0.0819067177621016,-0.9769561082160743,-0.8404348256466492,1.0117361392148931,0.0
G6_A_Roll11,school_a,6,sentence_04_dictated_english,dictated_english,latin,0.0,data/processed/school_a/G6_A_Roll11/sentence_04_dictated_english.json,3.3789163217415856,-0.0086372690688635,,-0.2380952380952381,0.46250165982011,-4.285533152437873,22.454202436881804,11.192937478114231,0.2755431686382764,2.300091213134692,1.0588121289122698,6.155555555555555,0.1217307963905225,0.0,1.0,0.5752537001345095,0.1785714285714285,38.6578947368421,0.420560041253707,0.0,,,,,0.2027027027027027,0.5574324324324325,0.7432432432432432,0.8571428571428571,1.0,2,1,1,2,2,dictated,0,1,0,5.0,-0.3257199696150701,,-2.044684098901784,4.3946105555518535,-0.7587202715077819,0.1241514208867816,-1.9395671456797827,-3.4173726976412024,-1.472245176471728,-1.6736430090646024,5.0,-0.6648358680025187,-0.8331944675887353,2.5941952287561354,1.6560428915106546,-1.6208425903748802,0.4877087030061531,-0.7647782743394823,-1.1505343823355298,,,,,-0.46836197350918335,-0.7668858382146179,-0.5989411418714694,1.3489815189531897,0.0
G6_A_Roll11,school_a,6,sentence_05_own_hindi,own_hindi,devanagari,0.0,data/processed/school_a/G6_A_Roll11/sentence_05_own_hindi.json,,,,,,0.7586295755052944,20.185307236731106,21.98253059667267,0.4120189394202351,3.1920199501246884,1.0802716921177395,,,,,,0.5119047619047619,,,,,,,,0.2770221904080172,0.1539012168933428,0.2770221904080172,,1.0,2,1,1,2,2,own,0,0,1,,,,,,-0.634626890318446,-0.6548375664473893,0.678416401230664,2.749081188886256,0.03971373838645809,-0.8071734826794742,,,,,,5.0,,,,,,,,1.6503466374935805,-1.3047147661917717,-2.0506109357013176,,0.0
G6_A_Roll11,school_a,6,sentence_06_own_english,own_english,latin,0.0,data/processed/school_a/G6_A_Roll11/sentence_06_own_english.json,1.1081277370467058,-8.591696077688974e-05,,-0.0531135531135531,0.2313843624396003,-0.9249680846148716,22.7385843354318,11.771879210036095,0.2737806237749723,2.364793213149523,1.0772986702260685,-1.1222222222222225,-12.971605186159332,0.4166666666666667,0.4166666666666667,0.4916724565620209,0.1785714285714285,,0.725663651030016,2.476923076923077,,,,,0.0949367088607595,0.5063291139240507,0.7911392405063291,,1.0,2,1,1,2,2,own,0,0,1,2.330351003657851,0.12818802808248964,,-0.5257027770819334,0.9745368008201051,-0.3656004869787399,0.4226164753244596,-1.470768132708313,-3.243068771635175,-1.3457870542913746,0.5719528346401492,-1.9523176834756457,-5.0,0.12106244400861968,0.23607176581680842,1.7179773220376762,-1.7548613246355291,,0.6744907594765952,4.529202495221067,,,,,-1.0986615237213322,-1.010249876458138,-1.323872465344727,,0.0
G6_A_Roll12,school_a,6,sentence_01_copy_hindi,copy_hindi,devanagari,0.0,data/processed/school_a/G6_A_Roll12/sentence_01_copy_hindi.json,2.413678286375502,0.0006448640692054,,-0.1784883720930233,0.1693584634623791,-4.490030426648797,21.212926865452594,19.034080475072543,0.2839648811411021,3.5849909584086803,1.081676187408662,-1.0526315789473684,-5.438173826561747,0.4736842105263157,0.3157894736842105,0.3390825453861644,0.1744186046511628,55.94117647058823,0.9254633471410906,,2.16,0.0863668731765144,1.263157894736842,0.0070595171515036,0.1132404181184669,0.7578397212543554,0.9668989547038328,1.1428571428571428,1.0,2,3,1,2,0,copy,1,0,0,0.4415072986319217,-0.10707388737857117,,-0.397115709573424,-0.4530883869172851,-1.8983079247898937,0.28217094928587333,-0.5415330372115175,-0.18861087051917608,0.7588780474097011,-0.9583960367685709,-0.6697195648707691,-0.7244474115133654,0.2004803561004504,-0.4423047512357188,-0.2162657466025342,-0.6744907594765952,0.753027354758116,1.1793090164744522,,0.38856951409255985,1.4450021345285156,0.7719839091145624,-0.3914671573269079,0.07893562637911716,0.008787924216653656,0.1235464309892919,-0.5781349366942246,0.0
G6_A_Roll12,school_a,6,sentence_02_copy_english,copy_english,latin,0.0,data/processed/school_a/G6_A_Roll12/sentence_02_copy_english.json,0.6325943884697852,0.0368540453076565,0.0799186722535726,-0.0486990559521068,0.2025440738934468,-4.921195930180243,21.99527705800203,17.14658942984554,0.469538020141059,2.9099706238119905,1.0726980556257832,0.162197175799974,16.921692302491643,0.5268817204301075,0.1397849462365591,0.5930736713410643,0.4825581395348837,122.45945945945944,0.6635923540322883,0.4255483472350942,,,,,1.179108635097493,8.600557103064066,10.450139275766016,0.6428571428571429,8.0,2,3,1,2,0,copy,1,0,0,-0.6495141808065775,5.0,3.829758272539473,-0.44043255193365943,-0.6608737959310036,-0.8288001232955277,-0.05387394206505525,0.22352318565529705,0.3809357164967293,-0.5977295155117905,-0.3669975986914849,0.02211617893326133,0.9152919362468486,0.4724543568683998,-0.6744907594765952,1.0016526879435452,1.229489451358169,0.3777026118028733,0.11091802700130206,-0.41841362413896177,,,,,0.6133574772300535,1.5786056259084347,1.82950889551609,0.8993210126354606,0.6744907594765952
G6_A_Roll12,school_a,6,sentence_03_dictated_hindi,dictated_hindi,devanagari,0.0,data/processed/school_a/G6_A_Roll12/sentence_03_dictated_hindi.json,1.417646112525221,-0.0039817439864339,,-0.1346899224806201,0.1783321204292419,-4.655245810738763,23.33278486981354,32.25311404938847,0.3303976334897865,4.436650591845682,1.120975306407662,0.1843478260869565,12.77423096435314,0.6086956521739131,0.1739130434782608,0.3561789961405295,0.2906976744186046,55.642857142857146,,,,,,,0.1589595375722543,0.8815028901734103,1.416184971098266,1.5,1.0,2,3,1,2,0,dictated,0,1,0,0.6744907594765952,-0.011740878603064034,,-1.0049651925159533,-0.0017464184685666365,-1.4990914509982551,0.6744907594765952,1.6545447832105333,0.6098263477697298,4.918856706010794,3.0319884467541693,-0.6744907594765952,2.6120062930099905,0.5131994909061051,-0.31725059437831976,0.04607752119703216,-0.6744907594765952,0.7193713233200949,,,,,,,-0.40532611548334374,0.44444569381678944,0.47097937985027566,1.6862268986914881,0.0
G6_A_Roll12,school_a,6,sentence_04_dictated_english,dictated_english,latin,0.0,data/processed/school_a/G6_A_Roll12/sentence_04_dictated_english.json,1.3899592331525985,-0.1238249115489747,,0.2956810631229235,0.2305980521155724,-2.010342721231221,24.404639237931598,12.021645172439875,0.280384649417405,2.427565508484359,1.0615362370123964,-0.3777777777777777,-1.9923730004721456,0.8333333333333334,0.0,0.3963175422842284,0.1744186046511628,8.31578947368421,0.6940090600375042,1.847619047619048,,,,,0.1344889420203227,0.0806933652121936,0.2958756724447101,0.2857142857142857,1.0,2,3,1,2,0,dictated,0,1,0,2.2332770702774885,-5.0,,2.7410636518441622,0.4161046889154091,-0.25727423557907897,0.9739188295944592,-1.6466805052910185,-3.3139648315233288,-1.1353402979539848,-1.3144421327754237,-1.0983851369665065,-1.8334914344321138,1.365513155214872,-1.0376780915024542,0.2772442200228456,-1.6548552354600188,-2.5033983957496693,0.6744907594765952,3.134898168032392,,,,,-0.7458288151102663,-1.3795687939227448,-1.1496526028331695,-1.3489815189531897,0.0
G6_A_Roll12,school_a,6,sentence_05_own_hindi,own_hindi,devanagari,0.0,data/processed/school_a/G6_A_Roll12/sentence_05_own_hindi.json,2.523997890246476,0.0148265239562155,,-0.1723044397463002,0.1456148778377966,0.3759532763048345,21.455430663564076,19.554487182943213,0.2172891414226885,3.7106768350810295,1.114455737439885,-1.1809523809523812,-6.597745708886173,0.4285714285714285,0.1904761904761904,0.3319091599763262,0.1744186046511628,,0.6407003244843822,,2.4090909090909083,0.0762148780263805,0.85,0.0204624971160661,0.1261467889908256,0.5963302752293578,0.9403669724770642,,1.0,2,3,1,2,0,own,0,0,1,0.7574535481470789,0.9686519578118417,,-0.6219374079366159,-0.5062739239056491,-0.7201294911570741,0.09487086388865971,-0.2237621810481732,-1.237173221148683,1.6511431603422086,1.689147516055829,-2.207456360906279,-1.189181166913362,0.0,-0.6985797151721884,0.3069889769232438,-0.4522748115870084,,-0.2580125231534212,,0.5803833953687761,0.6113140988660254,0.04215567246728742,0.11747176815779005,0.0665379715460146,-0.37323925271293407,0.0,,0.0
G6_A_Roll12,school_a,6,sentence_06_own_english,own_english,latin,0.0,data/processed/school_a/G6_A_Roll12/sentence_06_own_english.json,0.8723610803044356,-0.0057636463087349,,-0.0887949260042283,0.2836958017500025,-0.6876661734485571,22.02817302165309,18.33083340539261,0.3931720336517752,3.143199042680494,1.0644223473556982,0.6862068965517242,2.262168704675679,0.6,0.3,0.3608139038359644,0.3372093023255814,,0.5129983103443164,0.6018808777429467,,,,,0.4937570942111237,0.757094211123723,1.2179341657207718,,1.0,2,3,1,2,0,own,0,0,1,1.5093703791137525,-0.4272035079133411,,-0.8679094569920197,1.5922820045146062,-0.3253183498884362,-0.014820455361061025,0.7430260491212589,-1.2990757313371786,0.6013836642498188,-1.0264731889383079,-0.20708760644651092,1.219442007696425,0.6537371976465459,-0.0944287063267233,0.6613779700820039,-0.6280881316906629,,-0.2979526456893327,0.27013537698682477,,,,,0.1883783361775835,-0.6751697526146447,-0.668463216878427,,0.0
G6_A_Roll13,school_a,6,sentence_01_copy_hindi,copy_hindi,devanagari,0.0,data/processed/school_a/G6_A_Roll13/sentence_01_copy_hindi.json,2.228414138480204,0.0036535140162083,,-0.1955602536997886,0.1471578753826416,2.9863959706713605,19.25356657497848,18.82932932998183,0.2693850478854224,3.126356925749023,1.0816256222789171,-1.313333333333333,-10.516970802228002,0.4,0.5,0.5028685712987043,0.1744186046511628,53.41176470588236,0.886029681463584,,2.7878787878787885,0.0677900177945449,1.2727272727272727,0.0145748083275865,0.1243339253996447,0.7904085257548846,0.7904085257548846,0.2857142857142857,1.0,2,1,3,4,3,copy,1,0,0,0.15148921436410498,0.1718450959374849,,-0.48413548258219824,-0.7236017975007721,-0.4188457541326094,-1.1569375238475352,-0.646471943095873,-0.5513931737051775,-0.36652591036362553,-0.9633095945588386,-0.8138929349199951,-1.358861551532094,-0.4441737924911049,1.8411774785712467,0.759650896082117,-0.6744907594765952,0.5543759666930924,0.9143182662674376,,1.0660085536131299,-0.039305182255085606,0.7994048049872077,0.21076094298218578,0.3825794864970111,0.19497849147121207,-0.5450397726771806,-1.156269873388449,0.0
G6_A_Roll13,school_a,6,sentence_02_copy_english,copy_english,latin,0.0,data/processed/school_a/G6_A_Roll13/sentence_02_copy_english.json,0.8841464858903928,-0.0110260777849548,0.0158033748913604,-0.0276162790697674,0.2633217303327314,-8.500464460303434,20.41639306875177,16.44971194139482,0.4788316501855086,3.224143160448893,1.0777125461680783,-0.231957231957232,-9.453647446928292,0.6483516483516484,0.1208791208791208,0.4132424458832139,0.4302325581395348,99.83783783783784,0.5985734253456875,0.3080429827417779,,,,,0.7876750700280112,8.146218487394957,7.628011204481793,0.1428571428571428,5.0,2,1,3,4,3,copy,1,0,0,0.04059745515360016,-1.4896314129969739,-0.022430716134283515,-0.15542936902600601,1.137946817803572,-1.473458878021927,-1.546901237158362,-0.25903555324654964,0.6061818134844433,0.46763107451638164,0.6744907594765952,-0.48054636601457984,-0.667443382404129,1.7365225204734986,-0.7803245012574954,-0.37798221974596197,0.5874693624236983,-0.13343253141297962,-0.6025830717280265,-0.7487586139147773,,,,,-0.1734083087802933,1.3542380096956248,0.5236163872834804,-0.6744907594765952,-0.3372453797382976
G6_A_Roll13,school_a,6,sentence_03_dictated_hindi,dictated_hindi,devanagari,0.0,data/processed/school_a/G6_A_Roll13/sentence_03_dictated_hindi.json,0.0374707658416395,0.0192950554790515,,-0.0145348837209302,0.0438943862515741,3.654106651317714,19.79987329178989,30.47721189404976,0.4055571399816358,1.869158878504673,1.1018360141365593,0.6214689265536724,1.4496508556565562,0.6666666666666666,0.0,0.0856937289377507,0.686046511627907,7.678571428571429,1.0844485003104332,,0.0254237288135593,0.016614510884942,0.75,0.0098280548965877,0.4966329966329966,0.5297418630751964,0.7283950617283951,0.8333333333333334,1.0,2,1,3,4,3,dictated,0,1,0,-0.9974851553175937,0.8985211593831958,,-0.0013013983415925453,-1.1148820333065597,0.04170019318749865,-1.2115253034312021,1.2570968798046658,2.42001485472859,-3.774219396006931,1.2362322241977126,0.3445105099570224,-0.3028926843979336,0.7869058860560273,-1.0423948101001927,-2.621964951025236,1.169670352053547,-1.0027600264461924,1.0481403155805542,,-0.6094728647674469,-0.7316113944003266,-0.6977490615275124,-0.692314259254637,2.299501457414932,-0.20894975006402736,-0.26027816563852285,0.33724537973829777,0.0
G6_A_Roll13,school_a,6,sentence_04_dictated_english,dictated_english,latin,0.0,data/processed/school_a/G6_A_Roll13/sentence_04_dictated_english.json,0.6175805968580047,-0.0022218425096199,,-0.0100422832980972,0.2393067179439448,-9.903755060622515,20.621111306897987,18.48533054211519,0.3809815017800582,3.4509350298823973,1.0788797687915317,0.3694083694083694,4.938091773773644,0.5714285714285714,0.1904761904761904,0.3733950613424378,0.3837209302325581,39.44736842105263,0.4289540462085239,0.5661157024793387,,,,,0.3697478991596638,2.2,2.0890756302521005,3.142857142857143,1.0,2,1,3,4,3,dictated,0,1,0,-0.07845179388591347,0.05242654469965003,,0.0,0.5655093421319274,-1.9969617242607525,-0.6744907594765952,0.6377523597793752,-1.1653441273285632,1.5693476027684796,0.972475854335712,-0.343827238579002,1.997600609575365,0.6744907594765952,-0.34589269716748494,0.10061426077117573,0.05938207683099565,0.5655345598688373,-0.7205973463738248,0.1625342731352577,,,,,0.21111241115874416,1.3440658782359494,1.0577844869805944,5.0,0.0
G6_A_Roll13,school_a,6,sentence_05_own_hindi,own_hindi,devanagari,0.0,data/processed/school_a/G6_A_Roll13/sentence_05_own_hindi.json,2.115887848197581,-0.0090594550227273,,-0.2238372093023256,0.1743152148349344,7.160431441667721,22.572999718434637,18.64815069398794,0.3218863493852931,3.154853620955316,1.090325523878399,1.382222222222222,3.257755475646805,0.4666666666666667,0.3333333333333333,0.23718173220763,0.1744186046511628,,1.009183437093427,,2.083333333333333,0.0558308936995513,0.6875,0.0409987325135376,0.1198083067092651,0.646964856230032,0.8985623003194888,,1.0,2,1,3,4,3,own,0,0,1,0.3449619471737484,-0.5827685392685569,,-0.9315858323993512,-0.21693661652140556,0.7957483661427276,0.7545319048697839,-0.5605260807583927,0.9040043788174371,-0.07575935773307009,-0.07298327478071959,1.0192853343575552,0.0,0.33974349366228596,0.6744907594765952,-0.6744907594765952,-0.4522748115870084,,0.8309142125105381,,0.2474735852506225,-1.0935822424344879,-0.47542230615885006,1.5620787179590625,0.0,-0.2666348797660556,-0.12923161560470306,,0.0
G6_A_Roll13,school_a,6,sentence_06_own_english,own_english,latin,0.0,data/processed/school_a/G6_A_Roll13/sentence_06_own_english.json,0.4389047995705565,0.0009263449007946,,0.120507399577167,0.2758669273058999,-7.513968514598274,19.798191715234367,20.46129707138453,0.5386851993127533,2.8377153218495024,1.0734063990959568,0.623728813559322,0.9543852402072645,0.4,0.0,0.1838005881622374,0.686046511627907,,0.6409302801805188,0.3281972265023113,,,,,0.2706422018348624,2.6290956749672345,3.2477064220183487,,1.0,2,1,3,4,3,own,0,0,1,0.0,0.22720677936030179,,1.1394307357220126,1.4998309134736239,-1.4840871325525353,-1.3879350992949968,1.4621053303443605,1.070245324579358,-0.16277936437438076,0.08877859865465922,-0.2673822723869638,0.31557963062906313,0.07263746640517184,-0.9442870632672332,-0.7678916552662444,1.8496330255702982,,0.28703501603295656,-0.35152371970281676,,,,,-0.5316394221249079,1.826256838823712,2.4485642604031193,,0.0
G6_A_Roll14,school_a,6,sentence_01_copy_hindi,copy_hindi,devanagari,1.0,data/processed/school_a/G6_A_Roll14/sentence_01_copy_hindi.json,3.610424125047532,3.650708510368196,5.167026272309025,-0.184257602862254,0.2367229923280074,5.6488550980775445,21.460978191437423,20.35457306668578,0.3383125828826121,3.794225294835299,1.0972404341748052,0.7805555555555556,5.748905845831042,0.5,0.3333333333333333,0.367962188094809,0.1744186046511628,45.41176470588236,0.6856214231906201,,1.9256410256410257,0.0769061876131033,0.76,0.0036826692482301,0.0591216216216216,0.5067567567567567,0.945945945945946,3.7142857142857135,2.0,4,4,3,4,3,copy,1,0,0,2.3149293256681243,5.0,5.0,-0.42652296318129485,0.3677461058600951,0.10801124285869998,0.46435937411628864,0.1352448520203067,1.1636943352327624,1.2723008061855023,0.5540261864764715,0.3440701878475167,0.6729783103035675,0.43071398059743543,-0.22483025315886496,-0.04418681741963331,-0.6744907594765952,-0.07391679555907868,-0.4324075274171767,,0.13571192189847722,0.6890849184646152,-0.6698067958691187,-0.6620664794520568,-1.4023668919973955,-1.4266126164143171,0.04417163052983991,1.1562698733884484,5.0
G6_A_Roll14,school_a,6,sentence_02_copy_english,copy_english,latin,1.0,data/processed/school_a/G6_A_Roll14/sentence_02_copy_english.json,0.2745587575051023,-0.0243985238081848,0.0486253125779805,-0.0965621840242669,0.207486686305317,-0.5901741852059157,21.63679990257511,16.42604857119167,0.4689030103073598,3.292540792540795,1.0727435275616242,0.8292158968850698,1.2895425965126757,0.3157894736842105,0.1578947368421052,0.1832525860220565,0.5697674418604651,80.48648648648648,1.0322388488456402,1.7897071872227144,,,,,0.9058823529411764,7.0549019607843135,8.207843137254901,1.6428571428571428,4.0,4,4,3,4,3,copy,1,0,0,-1.6317542716293312,-3.33293096582487,1.9495839534545725,-1.0874604041284615,-0.5145885718362866,-0.04874379018994398,-0.3928577948140777,-0.2754214550336564,0.3655452301199898,0.6995677754832588,-0.35755327101707024,0.8727608026387506,-0.02276443311751345,-1.7242620918950575,-0.5731131752443649,-2.1424257321071742,2.2995229329156195,-0.5706759753108901,4.156350401931337,3.416671182341777,,,,,0.06418359480829013,0.8153093798923404,0.7919239048434008,4.046944556859571,-0.6744907594765952
G6_A_Roll14,school_a,6,sentence_03_dictated_hindi,dictated_hindi,devanagari,1.0,data/processed/school_a/G6_A_Roll14/sentence_03_dictated_hindi.json,0.7010598207248904,0.4436047615713491,0.7386337069132595,-0.0674418604651162,0.2666048879116639,1.0923375355812193,22.15172376545816,27.994395540309306,0.378043165355785,3.213675213675214,1.0856160668037262,0.6741071428571428,4.002266620315976,0.625,0.125,0.4873656829442747,0.5697674418604651,72.85714285714286,0.8797347201164447,,0.141656662665066,0.0224876489222169,0.7666666666666667,0.0119115088738469,0.2937649880095923,4.1420863309352525,6.110311750599521,0.1666666666666666,3.0,4,4,3,4,3,dictated,0,1,0,-0.19359822910067492,5.0,5.0,-0.4432372302925608,0.7291463022845288,-0.43332508295574496,0.043990911151504844,0.70144118032288,1.7573511016892598,0.7780768241955555,-0.2856146100475778,0.4672188605186581,0.35413980693542285,0.5901794145420206,-0.5211974050500964,1.3400912610289843,0.6272700251329171,1.3374408025362903,0.21295426195090134,,-0.312222185675002,-0.4758066758444886,-0.6512324574256781,-0.582260263247143,0.6744907594765952,5.0,5.0,-1.011736139214893,5.0
G6_A_Roll14,school_a,6,sentence_04_dictated_english,dictated_english,latin,1.0,data/processed/school_a/G6_A_Roll14/sentence_04_dictated_english.json,0.7572900489874447,0.0281190854720266,0.0207517559033208,-0.0116279069767441,0.2114873031514354,-2.2137227113963944,24.07940499173624,16.863843087577614,0.4622032767065801,3.307646710136337,1.0764096897714173,2.177777777777778,0.7505377774870731,0.25,0.5,0.3015311052929579,0.5232558139534884,53.68421052631579,0.8670253470034173,0.9888888888888888,,,,,0.2801358234295416,3.106960950764007,2.7504244482173177,0.8571428571428571,2.0,4,4,3,4,3,dictated,0,1,0,0.3396985250217899,1.8408214474208688,0.18488405057886856,-0.014216432869529791,0.08824335194774052,-0.3020986548701962,0.8322205892496966,0.06467693614825203,0.5694495877813671,1.1906474591462777,0.6467712508776516,1.4823835730456043,-0.3172376186834435,-0.17358218074765316,0.7782585686268407,-0.4531359053176033,1.2022069516916727,1.9689941786259058,1.5851430824705224,1.14312925931328,,,,,-0.15339438883911435,2.509650060933604,1.8719078108880778,1.3489815189531897,5.0
G6_A_Roll14,school_a,6,sentence_05_own_hindi,own_hindi,devanagari,1.0,data/processed/school_a/G6_A_Roll14/sentence_05_own_hindi.json,2.1229960365973177,0.0010583526650401,,-0.1915544675642595,0.2133673728453196,5.235539611527205,21.93238765120989,19.12006494470247,0.2911299290400889,3.753948753948754,1.0807932383184948,0.2333333333333334,28.482087207869547,0.3888888888888889,0.3333333333333333,0.4093967140085552,0.1744186046511628,,0.9849059684466,,2.571929824561404,0.0778867130504047,0.8888888888888888,0.0101078123078922,0.0756302521008403,0.7815126050420168,0.8319327731092437,,1.0,4,4,3,4,3,own,0,0,1,0.3521464506432225,0.07439415212282312,,-0.7376063470611574,0.17676072046093436,0.3656635708368491,0.37640151436832925,-0.38517875078093416,0.27439906161013816,1.7855858819765755,-0.7690870970429386,-0.4270334909037545,3.0436098258513704,-0.35389947256487964,0.6744907594765952,1.109844769561507,-0.4522748115870084,,0.7591703963649609,,0.7467975525930788,0.751144731092591,0.16602048786499546,-0.6109212088106867,-0.46375741225073724,0.016637502666116077,-0.3352048000349308,,0.0
G6_A_Roll14,school_a,6,sentence_06_own_english,own_english,latin,1.0,data/processed/school_a/G6_A_Roll14/sentence_06_own_english.json,0.2194703192468546,-0.0216647448537489,,0.2994186046511627,0.0917426385933691,0.1885976044132898,22.6434282685638,14.040771790244444,0.4938104021415378,3.1775700934579456,1.0615654527373704,3.540880503144654,0.1998283006819753,0.0,1.0,0.0674627614884266,0.6162790697674418,,1.213680581267052,0.929245283018868,,,,,0.2999434069043576,1.4397283531409166,1.9796264855687604,,1.0,4,4,3,4,3,own,0,0,1,-0.7641091373645607,-1.9826379084827475,,2.855301077221255,-0.6744907594765952,-0.1765720652352135,0.364023971208161,-0.7049659874795026,0.3395705341933155,0.6873623415673732,-1.381119057213675,2.5478239278827335,-0.2059253795824139,-1.0895619960775766,1.8885741265344669,-1.7072454056382942,1.354088794118106,,2.9060196202122848,1.0137276944294047,,,,,-0.43708101876149236,0.23698722377982337,0.50123248806298,,0.0
G6_A_Roll15,school_a,6,sentence_01_copy_hindi,copy_hindi,devanagari,0.0,data/processed/school_a/G6_A_Roll15/sentence_01_copy_hindi.json,2.07951997991129,0.0072300849162322,,0.0952941176470588,0.3420379856237358,4.7961877926288805,20.162231456345378,19.17316592907325,0.2915449505607735,2.8756476683937824,1.0859931334224429,0.6,12.791189955058616,0.5263157894736842,0.3157894736842105,0.2584118108429745,0.1764705882352941,44.38235294117647,0.7795337230055939,,1.5033333333333332,0.0707661854954588,1.05,0.0056914982771101,0.0614035087719298,0.6842105263157895,0.868421052631579,0.4285714285714285,1.0,2,0,4,2,1,copy,1,0,0,-0.0815941917746228,0.5034135857135061,,0.9984240826846092,1.6510057168073664,-0.060717633148123944,-0.48954248865600053,-0.47024906289822704,0.0,-0.981720532624413,-0.5389060874063026,0.24421929506443327,1.5526599826226462,0.6609476050944195,-0.4423047512357188,-0.6969411398765276,0.0,-0.15476329070182196,0.19867483213711523,,-0.3199297130508161,0.19849327198325403,0.16118345355139227,-0.5010915735484484,-1.3399086445639077,-0.41213822835014624,-0.24951043721386748,-1.0599140506060782,0.0
G6_A_Roll15,school_a,6,sentence_02_copy_english,copy_english,latin,0.0,data/processed/school_a/G6_A_Roll15/sentence_02_copy_english.json,1.4227169473604675,-0.000621947789014,0.0024502484813619,-0.0009803921568627,0.2436334362513425,-3.753289628136837,21.4390205728804,22.1409954693809,0.4058256037580824,3.304694691623199,1.0734970295552064,0.1448551448551449,27.552428769299617,0.4945054945054945,0.2637362637362637,0.4348487961344022,0.2588235294117647,97.5,0.6534847714364107,0.5743801652892562,,,,,0.2193905817174515,4.5462603878116346,5.240997229916897,0.2142857142857142,5.0,2,0,4,2,1,copy,1,0,0,1.5181193921839409,-0.05549377387201802,-0.8247161088131539,0.20464238964755055,0.5552374585137781,-0.6184495960925565,-0.5798822625076676,3.681942089902021,-1.1632373408859809,0.7407817060074842,-0.201054111719985,0.0,1.5532227545468453,0.13553346501256672,0.019381710074430028,-0.21222193557722593,-1.5156709550531406,-0.18625593629729423,0.0,0.0,,,,,-1.3156373663313006,-0.42354179904896067,-0.5809343587116697,-0.4496605063177303,-0.3372453797382976
G6_A_Roll15,school_a,6,sentence_03_dictated_hindi,dictated_hindi,devanagari,0.0,data/processed/school_a/G6_A_Roll15/sentence_03_dictated_hindi.json,0.8125780391029225,0.0126402523798793,,0.2023529411764705,0.2466944091135615,-0.8493651818571533,19.222911383760074,24.39894053639655,0.3116905821482798,2.5989367985823986,1.0823624258880973,0.7083333333333335,4.521496635086047,0.5,0.25,0.4539112025635577,0.4235294117647059,8.535714285714286,0.929852891962014,,0.0833333333333333,0.022413374270559,1.0,0.031190709272999,0.1368821292775665,0.2737642585551331,0.4693101575230853,0.3333333333333333,1.0,2,0,4,2,1,dictated,0,1,0,-0.058502514170784115,0.6382785671646249,,1.810378407131356,0.5642888447097477,-0.7933723112064752,-1.5195317174606446,-0.10322367623995705,0.15927403685005834,-1.30331950416168,-0.5908895302193455,0.5470057468205943,0.4877874145787741,0.0,0.0,1.0100992601154408,-0.054878150723734136,-0.9719847826677926,0.41742509981618253,,-0.46137654904105346,-0.4790417107172596,0.0,0.43612222415828744,-0.5821702857646178,-0.6844276672985493,-0.5357369773212212,-0.6744907594765952,0.0
G6_A_Roll15,school_a,6,sentence_04_dictated_english,dictated_english,latin,0.0,data/processed/school_a/G6_A_Roll15/sentence_04_dictated_english.json,0.8139743014408183,-0.0001900024169889,,0.0017647058823529,0.2062323429415899,-1.2628525902868653,22.79022019092631,26.01195147428517,0.3900435316725311,3.4012438344413463,1.0677351370378914,0.4461152882205514,6.481049940579171,0.3157894736842105,0.2631578947368421,0.4147546973940619,0.2470588235294117,38.94736842105263,0.6273963795848854,0.5761904761904761,,,,,0.0698060941828254,1.233240997229917,1.0238227146814405,0.5714285714285714,1.0,2,0,4,2,1,dictated,0,1,0,0.5093544636798464,0.17218993713787628,,0.10585946169671986,-0.0019100106098974502,-0.09252936063729904,0.27054782603074057,3.2978540257797984,-0.9717907050126605,1.4380175482069157,-0.4970552159040502,-0.2663635280047729,2.8505325484334345,0.0,-0.081921954592299,0.41931234799015893,-1.059914050606079,0.5162448505224707,0.32388219389698214,0.18590205734106402,,,,,-1.0089332872240537,0.1016320103167854,-0.25354656989616453,0.0,0.0
G6_A_Roll15,school_a,6,sentence_05_own_hindi,own_hindi,devanagari,0.0,data/processed/school_a/G6_A_Roll15/sentence_05_own_hindi.json,1.7761038631670951,0.002609917090854,,0.0717647058823529,0.3731256197321863,5.48401677739576,20.152011651583056,18.20730276133913,0.2603253148635232,2.9621451104100944,1.081584730217627,0.8982456140350878,6.417400631893392,0.5263157894736842,0.2631578947368421,0.2071005804825653,0.1764705882352941,,0.4925948400791478,,1.3733333333333333,0.0697903375165435,0.8,0.0058192881715554,0.0192184497117232,0.5765534913516976,0.7591287636130686,,1.0,2,0,4,2,1,own,0,0,1,0.0015299667533032137,0.17516996101349158,,0.8446173116135147,1.7873348747394375,0.42118162611009574,-0.6744907594765952,-0.7243302205973754,-0.3561928168465259,-0.6744907594765952,-0.7112876812771193,0.4100145108890326,0.38124804041769483,0.87171027979139,0.0,-0.9861643851746492,0.0,,-0.6956879990399725,,-0.4781149590348055,0.0739718681157018,-0.11709909018690853,-0.9125944050823568,-1.0559381166357578,-0.4148766397025849,-0.5602652845240055,,0.0
G6_A_Roll15,school_a,6,sentence_06_own_english,own_english,latin,0.0,data/processed/school_a/G6_A_Roll15/sentence_06_own_english.json,0.983245843479834,0.0001706302426672,,-0.0513368983957219,0.2143491669961238,-2.165546953739434,23.13317603934533,26.208916774029102,0.3482765127174256,3.3547052740434333,1.0722202330097723,0.3333333333333333,10.813984002207512,0.6190476190476191,0.3333333333333333,0.4558460329240161,0.2352941176470588,,0.5983355459940486,0.8136363636363636,,,,,0.1008403361344537,0.896358543417367,1.2100840336134453,,1.0,2,0,4,2,1,own,0,0,1,1.8954904665851446,0.15328329709658808,,-0.5086635472799184,0.7733683677215065,-0.576189469729855,0.6655869636684435,3.402055919737362,-2.0300879568145995,1.1304633870302463,-0.058468310228495426,-0.5476293227481704,5.0,0.7090800291933436,0.0,1.4287018011777564,-1.3519713717531792,,0.09226435796110298,0.7511276594371705,,,,,-1.0796098305322896,-0.48908041947759046,-0.6805183020747633,,0.0
G6_A_Roll16,school_a,6,sentence_01_copy_hindi,copy_hindi,devanagari,1.0,data/processed/school_a/G6_A_Roll16/sentence_01_copy_hindi.json,2.5301271003062755,0.012899289059626,,-0.1536107711138311,0.1397274160168214,-9.908551858588242,19.84329571978095,20.0906905906354,0.2893499001151862,3.7390579408086704,1.0874112473281157,1.3888888888888888,2.6898774955704714,0.3333333333333333,0.3888888888888889,0.3053513798105736,0.1744186046511628,40.05882352941177,0.8266184064257317,,2.329824561403509,0.0731758088208151,0.7222222222222222,0.0023914635373623,0.1103565365025466,0.797962648556876,0.8149405772495756,2.7142857142857144,1.0,4,0,3,3,0,copy,1,0,0,0.6237997837950456,1.0289810939780515,,-0.27030817657399925,-0.8141416921211585,-2.970544452434113,-0.7237940059018916,0.0,-0.054618282822227214,1.1369302184395156,-0.4011039169409817,0.6804908881474439,0.29086206320375435,-1.0274323078834655,0.46383899075117246,-0.4172524039132682,-0.6744907594765952,-0.49431857030134063,0.5150797457660078,,0.5717988092768472,0.39102432522008096,-0.7780583992419057,-0.7655355725510506,0.0,0.23816418499553288,-0.4521067378680792,0.4817791139118538,0.0
G6_A_Roll16,school_a,6,sentence_02_copy_english,copy_english,latin,1.0,data/processed/school_a/G6_A_Roll16/sentence_02_copy_english.json,0.6428263407934173,0.0215562644593209,0.0173881013263006,-0.008182601205857,0.3063210392625408,-7.387369390294146,23.305406144224012,20.77615201103558,0.4259912358105484,2.795252225519287,1.079547392536785,1.746126936531734,0.4114251443657159,0.0,0.4347826086956521,0.3278241481159017,0.5058139534883721,65.63513513513513,0.726444314523072,0.744997871434653,,,,,1.4924071991001124,5.382452193475816,6.189820022497187,1.9285714285714288,4.0,4,0,3,3,0,copy,1,0,0,-0.6214436958870199,3.001619984438252,0.07278315596630476,0.10728080799323145,2.4105862680685104,-1.2729803512823912,1.1850128280477445,2.736844638810908,-0.6744907594765952,-0.9867401585185989,1.055580546348636,2.0420914700341273,-0.07545863606014545,-5.0,0.9768894815019524,-1.0332970298139268,1.5148317131068227,-0.9062419982465072,0.800639370821416,0.4796606915370243,,,,,1.2430750409746951,-0.010602296080990064,-0.14188249955663718,4.946265569495032,-0.6744907594765952
G6_A_Roll16,school_a,6,sentence_03_dictated_hindi,dictated_hindi,devanagari,1.0,data/processed/school_a/G6_A_Roll16/sentence_03_dictated_hindi.json,0.7087253299583437,-0.0439584091841376,,0.0655391120507399,0.2861161159062992,-8.977022714250696,22.32777514854761,25.04529578948852,0.2952858807087137,3.063511830635117,1.1133546996418828,0.1,22.679698583554305,0.5,0.1,0.5525261541258415,0.5,36.35714285714285,0.9855293221532676,,0.160676532769556,0.0274987512462762,1.2,0.006198682571954,0.1576535288725939,2.285976168652612,1.7341888175985334,1.8333333333333333,1.0,4,0,3,3,0,dictated,0,1,0,-0.18431205626490935,-1.5750675201679298,,0.6675625231426398,0.8906979894124156,-2.3004725178591676,0.13797450770377873,0.04143099373974982,-0.2358270407390346,0.2696499771989035,2.3169801891099957,-0.8711194323198987,5.0,0.0,-0.6254368860601156,1.9828283180979813,0.30182982898053906,0.026928338306099545,0.6445723781652803,,-0.2635813304761425,-0.2575479508622179,0.5581992492220098,-0.884028082398643,-0.41578748947202626,3.053252157627924,0.8090807522022337,2.360717658168083,0.0
G6_A_Roll16,school_a,6,sentence_04_dictated_english,dictated_english,latin,1.0,data/processed/school_a/G6_A_Roll16/sentence_04_dictated_english.json,0.8782027872996306,0.0814550685680557,,0.0033222591362126,0.2063436757801069,-5.906544267839246,21.884965975533973,16.730856964987773,0.4813231213880413,2.825814536340853,1.064944277432119,0.888888888888889,4.695060229776024,0.1666666666666666,0.6666666666666666,0.3789340819798786,0.4883720930232558,39.23684210526316,0.5209589575695912,0.2414965986394557,,,,,0.9266409266409268,1.6216216216216215,1.3436293436293436,1.0,1.0,4,0,3,3,0,dictated,0,1,0,0.7015902890693719,4.984621147886961,,0.11982421990032456,0.0,-1.1159868927388177,-0.12385384257067585,0.017676215712849087,0.977825130144034,-0.08279837189930933,-0.8650579452916767,0.1807784845177569,1.863255187589801,-0.39345294302801403,1.3835707886699389,0.14329537334227016,0.9165007329765031,0.5447809980387882,-0.23633954771748691,-0.590398684478162,,,,,2.4763349688824148,0.6007607900904592,0.14013680670345538,2.023472278429785,0.0
G6_A_Roll16,school_a,6,sentence_05_own_hindi,own_hindi,devanagari,1.0,data/processed/school_a/G6_A_Roll16/sentence_05_own_hindi.json,,,,,,-3.429877862881227,19.694812305644557,18.280195766471472,0.2379941920706124,3.2312565997888067,1.0742354042408953,,,,,,0.1744186046511628,,,,,,,,0.2645329849771391,0.2547354670150228,0.1665578053559765,,1.0,4,0,3,3,0,own,0,0,1,,,,,,-1.570478628098493,-0.9443591807283007,-0.6972456521516528,-0.8133264329117675,0.16161917051631933,-1.2479788946596635,,,,,,-0.4522748115870084,,,,,,,,1.519241688599173,-1.0924216693920317,-2.392091689174189,,0.0
G6_A_Roll17,school_a,6,sentence_01_copy_hindi,copy_hindi,devanagari,0.0,data/processed/school_a/G6_A_Roll17/sentence_01_copy_hindi.json,2.59489009906432,-0.0010881279494821,,-0.1717647058823529,0.1336065745286928,-1.1011232552489802,19.910422572996435,18.20724390538216,0.2220967058456139,3.0157217722725105,1.081676187408665,0.0809523809523808,79.91413744672562,0.5,0.3571428571428571,0.5404454600864445,0.1764705882352941,47.294117647058826,0.6749443391886424,,2.4222222222222225,0.0687738661907071,1.0666666666666669,0.0117856217207177,0.0904159132007233,0.7414104882459314,0.8318264014466547,2.142857142857143,1.0,4,1,4,4,2,copy,1,0,0,0.7251817351581449,-0.2677321163056904,,-0.362843452951902,-0.8887239374494164,-1.2276987736381701,-0.6744907594765952,-0.9653027061432435,-1.7280440542882003,-0.6380043239241876,-0.9583960367682903,-0.042824590122980254,5.0,0.43071398059743543,0.07031370851686489,0.9835522389710902,0.0,0.07391679555907868,-0.5041565888117221,,0.6714896792462599,0.03930518225508672,0.20894151386291634,-0.01274690419316032,-0.5458010419117519,-0.08513533333939442,-0.388139364889626,0.0963558227823707,0.0
G6_A_Roll17,school_a,6,sentence_02_copy_english,copy_english,latin,0.0,data/processed/school_a/G6_A_Roll17/sentence_02_copy_english.json,1.3393689229704229,-0.0002826065979686,0.0084235254383958,0.0337760910815939,0.2152976889846935,1.989478128663772,22.542580647370148,16.945187058480347,0.4708872167000546,3.161563355738114,1.0720586155313698,-0.4858374384236452,-14.252720759451629,0.5714285714285714,0.3214285714285714,0.5504291063250231,0.3411764705882353,105.74324324324324,0.6863853485482809,0.7543983110485574,,,,,0.2489982827704636,7.204350314825415,5.959358900973097,0.3571428571428571,6.0,4,1,4,4,2,copy,1,0,0,1.2894612253244249,-0.008717928628487498,-0.4658284070188197,0.6744907594765952,-0.28340834119289743,0.4158750095146626,0.46366832398652336,0.08406040209789377,0.4136356687790472,0.2554226543145374,-0.4998065866555264,-0.8043181371345427,-0.9554268889935779,0.9360279927430321,0.34233998772770763,0.6744907594765953,-0.5052236516843793,0.0,0.3610425208834002,0.5060883201098461,,,,,-1.2561270732198822,0.8891119795101345,-0.24852452445249618,0.0,0.0
G6_A_Roll17,school_a,6,sentence_03_dictated_hindi,dictated_hindi,devanagari,0.0,data/processed/school_a/G6_A_Roll17/sentence_03_dictated_hindi.json,2.351249378706062,0.0408227036492219,,-0.3105882352941177,0.0894427190999915,-3.554032704542622,22.03179668767961,19.091280167990416,0.2157228676515208,2.9971988795518203,1.0798220897071722,-4.050000000000001,-5.189118198328469,0.25,0.75,0.5404517116102103,0.1764705882352941,25.392857142857142,1.0365947542735885,,2.293333333333333,0.0511350667280478,0.2,0.0105028952994516,0.0584307178631051,0.3171953255425709,0.3839732888146911,1.0,1.0,4,1,4,4,2,dictated,0,1,0,1.8054790638093636,1.7403809230284055,,-2.474256616742857,-0.7377448269991138,-1.2948950397564907,-0.02003118226145064,-1.2910810585128503,-2.1520723507154527,0.04512596907023132,-0.8292381817611356,-5.0,-2.011683733687936,-1.1803588290840412,2.0847896202003855,1.8637270975647424,-1.2073193159221551,-0.3667383216925972,0.8529078243137959,,5.0,0.7719325399993627,-2.2327969968880397,-0.6566672596985533,-1.210580766460557,-0.6037545423461617,-0.6264670509981843,0.6744907594765953,0.0
G6_A_Roll17,school_a,6,sentence_04_dictated_english,dictated_english,latin,0.0,data/processed/school_a/G6_A_Roll17/sentence_04_dictated_english.json,1.430660864166725,-0.0407597691367013,,-0.2705882352941176,0.2228472563303825,2.217316187185004,20.1967126725322,17.202706021303616,0.4875063764024693,2.7347765145615948,1.064226987853717,1.5037037037037035,6.819071276062389,0.2,0.8,0.5529487975452132,0.3176470588235294,39.578947368421055,0.6688126331749854,1.938271604938272,,,,,0.152027027027027,1.231418918918919,1.2466216216216215,0.5714285714285714,1.0,4,1,4,4,2,dictated,0,1,0,2.3550970311263244,-2.2191266386112773,,-2.3360107986909067,0.28313312022050885,0.6744907594765952,-0.8593929965498408,0.1844398234616757,1.1098915858162435,-0.32340494739678016,-0.9596397444145247,0.8016590727235688,3.0373873830307967,-0.30550463811586953,1.8678205647044177,1.4841717033323598,-0.4817791139118539,0.5785055360126182,0.5418721196024204,3.3451608953032124,,,,,-0.6744907594765952,0.09929035971193127,0.020719871282587184,0.0,0.0
G6_A_Roll17,school_a,6,sentence_05_own_hindi,own_hindi,devanagari,0.0,data/processed/school_a/G6_A_Roll17/sentence_05_own_hindi.json,1.506812924773908,0.2962962962962963,,0.3137254901960784,0.241200381406773,-0.8844461739501994,19.03679410013981,18.59421377067985,0.24298453494877,3.090371167294244,1.090325523878399,-0.0999999999999999,-8.01387685344754,0.5,0.0,0.5717298313014636,0.1764705882352941,,0.8323460818673926,,2.533333333333333,0.063402655555219,1.0,0.016548019618215,0.0355660936573799,0.1244813278008298,0.2311796087729697,,1.0,4,1,4,4,2,own,0,0,1,-0.27065213821952144,5.0,,2.2985033784793423,0.4573542115539708,-1.0017446089930757,-1.3327637920908324,-0.5805672121184916,-0.7111706431445904,-0.2761016766017317,-0.07298327478071959,-0.8466617767629353,-1.3600539064585344,0.6370190506167854,-2.5293403480372323,2.7917933764491445,0.0,,0.30833144716671596,,0.7073536485301195,-0.460287549996177,0.519919960429876,-0.1578893819648194,-0.8843293593051802,-1.3666544281163426,-2.19232502129101,,0.0
G6_A_Roll18,school_a,6,sentence_01_copy_hindi,copy_hindi,devanagari,1.0,data/processed/school_a/G6_A_Roll18/sentence_01_copy_hindi.json,2.261333136086184,0.0086889315531789,,-0.2525490196078432,0.2083224745893123,5.103022887337492,22.16865493045585,19.902251554764824,0.277447964969817,3.1039834454216244,1.0965078501190555,1.3142857142857145,3.575688640577969,0.3571428571428571,0.5,0.4446433543364237,0.1764705882352941,41.20588235294117,0.7384977421786376,,1.4888888888888887,0.0800211712479024,1.1333333333333333,0.0011779186586471,0.1027984009137635,0.8994860079954312,0.9080525414049114,2.142857142857143,1.0,3,2,3,1,2,copy,1,0,0,0.20302160597987906,0.6386569765893901,,-0.7746218851708767,0.021686763277036933,0.0,0.9841328921936641,-0.09657863569652023,-0.3507678593426181,-0.4214263353573877,0.4828389055910879,0.6392338159645437,0.40151250236709884,-0.8191256952433371,1.8411774785712467,0.41271679141217904,0.0,-0.4042324757137142,-0.0770833343429171,,-0.33551429841945213,0.9379748896532307,0.3999737551090101,-0.8627814157027203,-0.20687609493585477,0.8185567469376162,-0.09937727258612816,0.0963558227823707,0.0
G6_A_Roll18,school_a,6,sentence_02_copy_english,copy_english,latin,1.0,data/processed/school_a/G6_A_Roll18/sentence_02_copy_english.json,0.7798299511150258,-0.0143423093360165,0.0631698944292584,-0.0173031674208144,0.2194552987757793,-2.112319831195794,23.671417654170195,18.67702635380204,0.4707979210765831,2.983498349834984,1.0899236165392512,0.6477183833116038,3.3726176775778027,0.4576271186440678,0.2542372881355932,0.3940944306424815,0.3823529411764705,65.33783783783784,0.5605964046955467,0.2916666666666667,,,,,0.8739495798319328,5.11624649859944,6.6456582633053225,0.2857142857142857,6.0,3,2,3,1,2,copy,1,0,0,-0.2455860241721727,-1.946751084635723,2.82345462640537,-0.016013690435024583,-0.160356637092708,-0.32289603900774166,1.5311213315150942,1.2832872392124597,0.41147144548106246,-0.34839664123252656,3.2106781398454407,0.641298207576915,0.10223704680753791,-0.2482387298800055,-0.03379301844959608,-0.524882571294069,0.0,-0.9129594254572292,-1.019333186005531,-0.7947976521299716,,,,,0.0,-0.14206357874947972,0.06904901333051285,-0.22483025315886496,0.0
G6_A_Roll18,school_a,6,sentence_03_dictated_hindi,dictated_hindi,devanagari,1.0,data/processed/school_a/G6_A_Roll18/sentence_03_dictated_hindi.json,0.5951644026100947,-0.0644569468361483,,-0.1466063348416289,0.177358250147534,3.429221213862032,23.74039933717032,29.922476896070137,0.2873076986204657,3.0319148936170213,1.1216515851241935,-0.2657657657657656,-30.43398713706346,0.6666666666666666,0.25,0.6245021757324161,0.4352941176470588,63.642857142857146,,,,,,,0.1636263128800442,1.3090105030403536,1.513543394140409,0.5,1.0,3,2,3,1,2,dictated,0,1,0,-0.32188235546218574,-2.3766829091961674,,-1.1045038532883615,-0.009810000478724053,0.0,0.892092421995007,1.132946874563635,-0.4279785621721587,0.16266829672775657,3.0954407257722183,-1.7237796659089986,-5.0,0.7869058860560273,0.0,2.6927933546926095,0.0,1.0066069319184927,,,,,,,-0.3679443722923271,1.2385402777902257,0.5744907581019327,-0.33724537973829755,0.0
G6_A_Roll18,school_a,6,sentence_04_dictated_english,dictated_english,latin,1.0,data/processed/school_a/G6_A_Roll18/sentence_04_dictated_english.json,0.4519193163772125,-0.0263604332506851,,-0.0823529411764706,0.1658225451911056,4.597717396282602,24.386901780960915,14.772406086735955,0.4442533219212847,2.531156749166229,1.0823471323060363,0.25,0.3307189138830738,0.6666666666666666,0.0,0.3366116516889783,0.3764705882352941,5.157894736842105,0.0201401256694055,0.15625,,,,,0.7029104887424492,0.0878638110928061,0.158154859967051,0.8571428571428571,1.0,3,2,3,1,2,dictated,0,1,0,-0.5742759218019137,-1.3703820347316755,,-0.6483250895677092,-0.6951748503045335,1.1991249763974317,0.9661909643086279,-0.6744907594765952,0.1860614043021394,-0.8615565185520718,1.4296823847099323,-0.46441369298527085,-0.5493093138249246,0.9257716306541504,-1.0376780915024542,-0.18282155774806116,0.0,-2.8147018232004055,-2.8723447508511235,-0.7881226412042222,,,,,1.5662872402024615,-1.3703536691764244,-1.3191875329333211,1.3489815189531897,0.0
G6_A_Roll18,school_a,6,sentence_05_own_hindi,own_hindi,devanagari,1.0,data/processed/school_a/G6_A_Roll18/sentence_05_own_hindi.json,0.5920699358677084,0.0145878784397885,,0.1191176470588235,0.1998326866476699,7.31396259610684,24.30166128301201,25.485282707298406,0.5566475428417634,2.18034993270525,1.0913249400488862,0.105952380952381,17.262440908121057,0.6,0.2,0.3057390850504663,0.6588235294117647,,0.4318884807222969,,0.0111607142857142,0.0212382253128153,1.0,0.0388712271605346,0.35,2.975,2.49375,,1.0,3,2,3,1,2,own,0,0,1,-1.19521600849018,0.9531516701306217,,1.1291501196751819,0.040313205537705746,0.8300523275893319,1.7748989973759768,1.9799202851272975,5.0,-3.1034718215958366,0.0,-0.5873914429999415,1.6898286401690978,1.528845721480284,-0.6070416835289355,0.035838383638739604,5.0,,-0.8750850337112333,,-1.8701950262463987,-3.986878902339358,0.519919960429876,1.4124208590962861,2.4164283590198807,4.6347333510995075,4.802003889494361,,0.0
G6_A_Roll18,school_a,6,sentence_06_own_english,own_english,latin,1.0,data/processed/school_a/G6_A_Roll18/sentence_06_own_english.json,0.3779807032297606,0.0086610875663727,,-0.0139705882352941,0.1436527114238478,5.7812978687683705,23.463764656580743,16.731425991437785,0.4599746191445775,3.1871727748691083,1.0946524370723574,1.2545454545454544,2.0027053512996487,0.4666666666666667,0.2,0.2718300402766494,0.388235294117647,,0.4922797046922179,0.4829545454545454,,,,,0.4406184118060435,0.7652846099789177,1.3682361208713985,,1.0,3,2,3,1,2,own,0,0,1,-0.2121483307044916,0.9838139274472198,,-0.15029726525179002,-0.06148528806942876,0.7727920492233356,0.8691474465017385,0.2031901664595086,-0.2113612851645206,0.7113833076931824,2.7261946017560277,0.3413892650266088,1.0401163244192972,0.2663373768189632,-0.3777148253068932,-0.05710997444011886,-0.2656606839815109,,-0.3926915033031515,0.0,,,,,0.016893615561396166,-0.6642254868720284,-0.43765144839549164,,0.0
G6_A_Roll19,school_a,6,sentence_01_copy_hindi,copy_hindi,devanagari,0.0,data/processed/school_a/G6_A_Roll19/sentence_01_copy_hindi.json,1.0885098720003556,0.0048990781414764,,0.2157382847038019,0.1552187986691534,2.842034136576573,17.704412413955318,27.80041317892764,0.383498100804446,2.721791559000861,1.1186340818712557,0.2535460992907802,17.347394406673516,0.4166666666666667,0.5,0.3487185821857085,0.5402298850574713,42.64705882352941,0.7041756852582906,,0.188216039279869,0.0183348115933282,0.5384615384615384,0.0257812061210502,0.2549728752260398,2.0397830018083183,1.8414707655213984,0.4285714285714285,1.0,3,0,0,4,3,copy,1,0,0,-1.6329513013477162,0.28731598341005676,,1.6123589914971919,-0.6253797214524183,-0.4474125935662853,-2.294758316765028,3.951381335273392,2.288021752074064,-1.3592552598976746,2.6329079144873035,0.05262324482075572,2.1217948668816455,-0.2983591636430148,1.8411774785712467,-0.1588495621032628,5.0,-0.2910473825138737,-0.3077245252063505,,-1.738852941131679,-3.990820274995457,-1.304621628317679,1.1087710794281909,3.958339072857775,5.0,3.436624937911428,-1.0599140506060782,0.0
G6_A_Roll19,school_a,6,sentence_02_copy_english,copy_english,latin,0.0,data/processed/school_a/G6_A_Roll19/sentence_02_copy_english.json,1.332748064443545,0.0024722936492457,0.0274028389307109,-0.063423645320197,0.2368231093622227,-0.0054921234190394,20.0030238577144,17.691757753509695,0.4016811333585013,2.8873338987842803,1.0692990675178886,4.078947368421053,2.9343880839213443,0.4166666666666667,0.4791666666666667,0.4938802904159944,0.2183908045977011,117.22972972972973,0.624090599113675,1.1437740693196403,,,,,0.4634146341463415,4.307649667405765,7.0144124168514415,0.2857142857142857,8.0,3,0,0,4,3,copy,1,0,0,1.2712974669765675,0.37102609015118276,0.6744907594765952,-0.6394838847032656,0.3536739710065296,0.05656275685737096,-1.937792220430062,0.6010296241850747,-1.2636852581284237,-0.6744907594765952,-1.0729529722365274,5.0,0.075939700037876,-0.6744907594765952,1.2253489294067086,0.24065775734933348,-2.01176905637869,0.25953696041426244,-0.322564131279407,1.6007475421773427,,,,,-0.8251587958986237,-0.5413757596544059,0.23968382306698274,-0.22483025315886496,0.6744907594765952
G6_A_Roll19,school_a,6,sentence_03_dictated_hindi,dictated_hindi,devanagari,0.0,data/processed/school_a/G6_A_Roll19/sentence_03_dictated_hindi.json,0.0227309935052876,-0.0036815116737729,,0.0086206896551724,0.0110049092845556,2.494203260035629,16.969893201787183,24.85681838949101,0.3950197037332324,2.784660766961652,1.0883978746976055,0.7156862745098039,1.2365242845366309,0.6666666666666666,0.0,0.228174662029587,0.3908045977011494,6.428571428571429,,,,,,,0.2391559202813599,0.1395076201641266,0.3388042203985932,0.5,1.0,3,0,0,4,3,dictated,0,1,0,-1.0153412519325262,0.0,,0.19211879336108562,-1.3872047438113289,-0.173379075806207,-2.7222871183193496,-0.0007503546206905845,2.1662246573203614,-0.6744907594765953,-0.02460972205949267,0.564146663570882,-0.3577505615336034,0.7869058860560273,-1.0423948101001927,-1.2165457764352599,-0.207527719403547,-1.047640590289692,,,,,,,0.23706191170025312,-0.9338091196984631,-0.6744907594765952,-0.33724537973829755,0.0
G6_A_Roll19,school_a,6,sentence_04_dictated_english,dictated_english,latin,0.0,data/processed/school_a/G6_A_Roll19/sentence_04_dictated_english.json,2.174519602272869,0.0127572856254021,,-0.167624521072797,0.1621433041551993,0.5012613463936324,18.394303378676867,9.41208297630482,0.2973177478386165,1.8492377188029363,1.0668822101249065,4.09090909090909,1.7910848878391603,0.2727272727272727,0.4545454545454545,0.2445833491981908,0.1724137931034483,18.894736842105264,,0.0,,,,,0.1737451737451737,0.4550468836183122,0.6039713182570325,0.2857142857142857,1.0,3,0,0,4,3,dictated,0,1,0,4.5814658545698865,0.9353460262687703,,-1.412855606865078,-0.7582953950472976,0.2962767491026495,-1.6446676971941816,-2.5689669879011157,-2.95229540549773,-2.6638167111131748,-0.6095221530790321,3.414389872161389,0.25796648172534586,-0.11361742739846392,0.6131734177059954,-0.8919487835586529,-1.6712751330873272,-1.4605319137897035,,-1.1505343823355298,,,,,-0.5861498512048473,-0.8984670007046108,-0.7703854983392401,-1.3489815189531897,0.0
G6_A_Roll19,school_a,6,sentence_05_own_hindi,own_hindi,devanagari,0.0,data/processed/school_a/G6_A_Roll19/sentence_05_own_hindi.json,1.774590147991924,-0.0027891281871382,,-0.0389527458492975,0.2434515795319779,3.2850801093630464,18.03598992026775,17.298564851084095,0.3077666741698294,3.0324074074074074,1.0789896707552538,0.5725490196078431,4.989227111883547,0.3529411764705882,0.2352941176470588,0.4212075127415184,0.1724137931034483,,,,0.0,,,,0.1205626255860683,0.7736101808439384,1.0850636302746148,,1.0,3,0,0,4,3,own,0,0,1,0.0,-0.1755039433856728,,0.17934189978139548,0.48004926227759837,-0.07013389196366653,-1.9235027036913597,-1.0619864070152472,0.6149648061650158,-0.4561908854757052,-0.900794258624539,0.0,0.20892224781919794,-0.6744907594765952,-0.2678125074392365,1.2322175595775682,-0.8941525010685712,,,,-1.8816007817840845,,,,0.007918433109352557,0.0,0.4473036599663847,,0.0
G6_A_Roll19,school_a,6,sentence_06_own_english,own_english,latin,0.0,data/processed/school_a/G6_A_Roll19/sentence_06_own_english.json,0.0094213807450708,-0.0414197175466522,,-0.0268199233716475,0.0478543907923248,1.41976583345628,23.021503419350847,12.914487711356314,0.56669368907764,3.221663874930206,1.063602446841991,0.9913793103448276,0.7501480635196417,0.0,0.0,0.1095613683929543,0.6666666666666666,,0.3794231508805865,0.0344827586206896,,,,,0.7772194304857621,0.4857621440536013,0.3562255723059743,,1.0,3,0,0,4,3,own,0,0,1,-1.4955361809457488,-3.9150555978559174,,-0.27353042473631867,-1.1927665885314396,0.03241945590250675,0.5968243648970879,-1.0851121307007836,1.5262941243077575,0.7976622865257421,-1.1282530472914074,0.08741996905215552,0.1744230056816463,-1.0895619960775766,-0.9442870632672332,-1.3673260052863794,1.711981850166911,,-0.9087446181643566,-1.0186818417180254,,,,,1.1031443285052545,-1.037732101409835,-1.9917492923236206,,0.0
G6_A_Roll20,school_a,6,sentence_01_copy_hindi,copy_hindi,devanagari,0.0,data/processed/school_a/G6_A_Roll20/sentence_01_copy_hindi.json,0.2589365155951101,-0.0084860765338598,,0.0855614973262032,0.1098713823835687,5.682015807931889,20.82874835252067,28.37188198138004,0.4050717008588234,3.000852514919012,1.0821177820104957,0.6574468085106384,2.2277896555254038,0.2,0.0,0.141119646286749,0.5529411764705883,38.91176470588236,0.7407150891913808,,0.6479690522243714,0.0138190807069246,0.3,0.0003306695556512,0.3959085439229843,3.0258724428399515,2.375451263537906,1.5714285714285714,1.0,4,0,4,4,0,copy,1,0,0,-2.9315904515422933,-0.9535640788557342,,0.948814412783559,-1.1779364463690374,0.1145732035033243,0.0,4.24427010446601,2.8248262668096342,-0.6744907594765952,-0.9154850305686989,0.27598854802193157,0.23314070496480913,-2.193949338668186,-4.3568457166190875,-1.3958247888885114,5.0,-0.5844046648889677,-0.06218295827386523,,-1.2428103202971337,-4.3516312011450005,-1.9879292604671708,-0.9306746224768787,5.0,5.0,5.0,-0.2890674683471123,0.0
G6_A_Roll20,school_a,6,sentence_02_copy_english,copy_english,latin,0.0,data/processed/school_a/G6_A_Roll20/sentence_02_copy_english.json,0.9352326787470154,0.0079987446105605,0.0113113392258594,0.0555403556771545,0.1899488805908975,-8.485148606896388,23.14001752076878,22.709967573058783,0.3956090214102856,3.7654320987654337,1.0745134053069867,0.0876068376068374,47.54642909768455,0.3846153846153846,0.358974358974359,0.6409407498020655,0.2823529411764706,75.89189189189189,0.6858244202711108,1.757751937984496,,,,,0.5512605042016807,4.26218487394958,4.517647058823529,3.071428571428572,4.0,4,0,4,4,0,copy,1,0,0,0.18074805015465312,1.1328092798548945,-0.29232216231466646,0.9687064938647512,-1.033650481870361,-1.4707003537866365,1.0286177218855581,4.075931658185436,-1.4108526739031555,2.303144480219003,0.010042809108783744,-0.07300839277463106,2.7530257061486365,-1.0080301460309566,0.5525191842957138,1.368880860947284,-1.2269717255192085,-0.6744907594765952,0.35488703739337896,3.326834803139844,,,,,-0.6485921159574604,-0.5638277964779745,-0.9156525378302214,5.0,-0.6744907594765952
G6_A_Roll20,school_a,6,sentence_03_dictated_hindi,dictated_hindi,devanagari,0.0,data/processed/school_a/G6_A_Roll20/sentence_03_dictated_hindi.json,0.8719723370695363,-0.0178250975415284,,0.14984520123839,0.1785430422061669,-0.2082475341288649,21.67088866899148,25.861156267522933,0.4002800091436331,2.9146426092990976,1.0951412879092737,0.2276422764227643,9.444886571735047,0.3888888888888889,0.1666666666666666,0.3515076722156746,0.4823529411764706,54.25,0.8515471598269789,,0.2567394094993582,0.0281279737414778,1.1578947368421053,0.0093453454336116,0.1845807540799099,2.21496904895892,2.099606077658976,3.1666666666666665,1.0,4,0,4,4,0,dictated,0,1,0,0.01344909394546672,-0.5530987761228414,,1.3717774293132328,0.0,-0.6744907594765952,-0.21269898768068984,0.22402102860833212,2.292917138969818,-0.2343950655163919,0.608095294646167,-0.5735642660986391,1.7550471411180217,-0.5246039240373516,-0.3474649367000645,0.0,0.2195126028949376,0.6693615521801951,0.09795537317410093,,-0.017912960958879582,-0.23014214458412618,0.44068361780685006,-0.717812353232713,-0.20009537850487988,2.9213565668238743,1.1975920185507813,5.0,0.0
G6_A_Roll20,school_a,6,sentence_04_dictated_english,dictated_english,latin,0.0,data/processed/school_a/G6_A_Roll20/sentence_04_dictated_english.json,0.6437923600607777,0.002802815850782,,-0.0019607843137254,0.1866389926468377,-8.247307507781802,21.59916874179391,19.043527858894137,0.4649639675160895,3.0967741935483857,1.0794453482778932,0.6617647058823529,3.929503073655013,0.4117647058823529,0.2941176470588235,0.4478709495793431,0.3764705882352941,34.55263157894737,0.490318856271585,0.5104166666666666,,,,,0.3164630599185573,1.1541593949970914,2.103548574752763,0.4285714285714285,1.0,4,0,4,4,0,dictated,0,1,0,0.0,0.3485965697263753,,0.07245734870365775,-0.33805078852332915,-1.6318850046583162,-0.2483701430221434,0.8350336664510197,0.6284144290450702,0.6333274175730498,1.047053161713048,-0.04858650953063409,1.4400628007029674,0.2532257695612823,0.030519943867719133,0.6744907594765953,0.0,0.08301424732019655,-0.39761037321668297,0.033343972026742094,,,,,-0.005629429513152118,0.0,1.0756007457589198,-0.6744907594765952,0.0
G6_A_Roll20,school_a,6,sentence_05_own_hindi,own_hindi,devanagari,0.0,data/processed/school_a/G6_A_Roll20/sentence_05_own_hindi.json,0.174785438068744,0.0147693238840361,,0.0870588235294117,0.1227143982155792,0.547370487732088,23.27495738550789,31.10660292448446,0.288658200453798,2.6368159203980097,1.103014334410452,1.988888888888889,0.1291779902869618,0.0,0.5,0.3455980584638329,0.5294117647058824,,1.0868131876454157,,0.8977777777777778,0.013559090308137,0.6,0.0003120050444755,0.2137767220902612,2.5653206650831355,2.209026128266033,,1.0,4,0,4,4,0,own,0,0,1,-1.6169805641827957,0.9649367504723463,,0.9365161067638667,-0.7371410078831271,-0.6818291902600554,1.1688724088128308,4.068612223417885,0.22380105822888008,-1.685265018552777,0.85362865431174,1.7830088146212646,-0.37749936356944297,-3.8221143037007077,2.276406313233509,0.44882093410388746,5.0,,1.0603225842007569,,-0.9641116678832613,-4.629154179042598,-0.7541181408036934,-1.3000003402949258,0.98642979046168,3.7722080226579613,3.921831314364165,,0.0
G6_A_Roll20,school_a,6,sentence_06_own_english,own_english,latin,0.0,data/processed/school_a/G6_A_Roll20/sentence_06_own_english.json,0.2452066456663048,-0.0306999195992211,,0.107563025210084,0.143031694316934,-3.6859233913301495,22.076310791581893,15.77229240538458,0.4751010279001791,2.9428007889546364,1.0697303516664158,1.534313725490196,0.7771896305211141,0.3333333333333333,0.5,0.2408340296643521,0.4,,0.6327661964934963,0.9033613445378148,,,,,0.4339106654512306,1.7666362807657248,1.7046490428441203,,1.0,4,0,4,4,0,own,0,0,1,-0.6744907594765952,-2.866452418183405,,1.0152860905805607,-0.06881887216242003,-0.834274252051619,0.014820455361063212,-0.12053893564416987,0.034934770606452975,0.1000903839349739,-0.3675543105494104,0.6113804944214456,0.19311253318650143,-0.12106244400861968,0.4721435316336167,-0.30738299094462773,-0.18209832338368973,,0.24970354812629356,0.9549335876496986,,,,,-0.004753063610110214,0.6738117663385459,0.078962333396102,,0.0
G6_A_Roll21,school_a,6,sentence_01_copy_hindi,copy_hindi,devanagari,0.0,data/processed/school_a/G6_A_Roll21/sentence_01_copy_hindi.json,1.3672242822237486,-0.0014816390133144,,-0.1209302325581395,0.2185613514762228,1.1006284882265085,18.535173465096253,16.279393892608386,0.3414422060452063,3.1533058852022284,1.0786970263613371,19.35,0.6627916770897279,0.0,1.0,0.3170674749453353,0.1744186046511628,7.323529411764706,1.043713717138513,,1.5466666666666664,0.0869306771314302,0.2,0.0181712950352346,0.1315020455873758,0.1578024547048509,0.587375803623612,0.4285714285714285,1.0,4,1,0,2,1,copy,1,0,0,-1.1966433581805085,-0.30421283283340117,,-0.1037270631135004,0.146447129861675,-0.7920082123269147,-1.684581988471244,-1.9533629729612525,1.241567098186885,-0.3003980971905977,-1.2478896076621806,5.0,0.03765014856388671,-3.9437248848452673,5.0,-0.34744222221073234,-0.6744907594765952,-3.0652371158405556,1.9739410578914884,,-0.27317595694490815,1.490050573476116,-2.274477622336312,0.49896073551008224,0.5787803478138467,-3.421527702840258,-1.3141742674949313,-1.0599140506060782,0.0
G6_A_Roll21,school_a,6,sentence_02_copy_english,copy_english,latin,0.0,data/processed/school_a/G6_A_Roll21/sentence_02_copy_english.json,2.313809876619675,-0.0346125621738482,0.0761954453061931,-0.0839463692453725,0.2047364677040968,-2.13755836202888,23.793623606025864,12.55275209460049,0.2865497857892283,2.7045311516677155,1.0698029415123618,0.8144144144144145,6.009165609263159,0.4378378378378378,0.2486486486486486,0.3712643866192324,0.1744186046511628,163.45945945945945,0.713871261481257,2.236644591611479,,,,,0.7977839335180056,3.332409972299169,5.6011080332409975,0.1428571428571428,11.0,4,1,0,2,1,copy,1,0,0,3.9627565290207913,-4.74086578338091,3.606058555949188,-0.9169161069030694,-0.595986082072524,-0.3274417275251163,1.6466819572390987,-2.9575185152961785,-4.054078953259689,-1.2943757583743594,-0.9683004866447895,0.8538845686013439,0.260451408041932,-0.45417447279041795,-0.06507790642382731,-0.7000308282131384,-2.551295516811488,1.304096891681547,0.6626659015420636,4.673154517548434,,,,,-0.15308989809937742,-1.022981764693022,-0.41429911455686685,-0.6744907594765952,1.6862268986914881
G6_A_Roll21,school_a,6,sentence_03_dictated_hindi,dictated_hindi,devanagari,0.0,data/processed/school_a/G6_A_Roll21/sentence_03_dictated_hindi.json,,,,,,-2.3562593972424817,20.33561337699222,26.13597402124173,0.3719106584294901,2.643764002987303,1.081445331504399,,,,,,0.5116279069767442,,,,,,,,0.2693377851975514,0.5876460767946577,0.244852531997774,0.8333333333333334,1.0,4,1,0,2,1,dictated,0,1,0,,,,,,-1.0727936050244702,-0.925524823679477,0.2855253967999532,1.609651973861318,-1.1515424614909373,-0.6769364917720584,,,,,,0.35606986167260213,,,,,,,,0.4788242955544153,-0.10139278237518355,-0.7743801008562247,0.33724537973829777,0.0
G6_A_Roll21,school_a,6,sentence_04_dictated_english,dictated_english,latin,0.0,data/processed/school_a/G6_A_Roll21/sentence_04_dictated_english.json,1.74943384638986,0.0028772284064748,,-0.2589852008456659,0.2714012326685337,-7.333764450759766,23.59308342282846,11.506505372191524,0.2963607863751116,2.5088443396226414,1.0724133465817298,0.0666666666666666,102.32888155354784,0.2857142857142857,0.238095238095238,0.2566765885845611,0.1744186046511628,37.86842105263158,,,,,,,0.2003338898163606,0.5091819699499165,0.8263772954924875,0.5714285714285714,1.0,4,1,0,2,1,dictated,0,1,0,3.3091844042001695,0.3529826925035021,,-2.231979960516228,1.1161183489625197,-1.4305424979781443,0.6203397330297025,-1.8287441767862544,-2.972734884122674,-0.920526521924913,0.11981346398904714,-0.6495557960948355,5.0,-0.07935185405607002,-0.17294634858374267,-0.7987639147192149,-1.6548552354600188,0.40988284614346965,,,,,,,-0.4779973758582442,-0.828895096529534,-0.49660275536721954,0.0,0.0
G6_A_Roll21,school_a,6,sentence_05_own_hindi,own_hindi,devanagari,0.0,data/processed/school_a/G6_A_Roll21/sentence_05_own_hindi.json,0.8162566967524143,-8.703451858039485e-05,,-0.12,0.1958338847135988,1.1500805398952263,22.472918468556188,28.31122858726058,0.3602572167936883,3.455882352941176,1.082392200050723,0.048611111111111,52.823927787876464,0.5,0.0833333333333333,0.3874280558494415,0.4186046511627907,,,,,,,,0.1377551020408163,1.607142857142857,1.8137755102040816,,1.0,4,1,0,2,1,own,0,0,1,-0.9686223293685126,0.0,,-0.3076521968101311,0.0,-0.5471637377112459,0.6954575226740844,3.0299459284764696,1.6894827236648358,0.859515136149104,-0.652321462352264,-0.6595774993173841,5.0,0.6370190506167854,-1.7283825711587755,0.8822254482418751,5.0,,,,,,,,0.1883957868884206,1.7548921415266872,2.6999852071068116,,0.0
G6_A_Roll21,school_a,6,sentence_06_own_english,own_english,latin,0.0,data/processed/school_a/G6_A_Roll21/sentence_06_own_english.json,0.0615458312413925,-0.0240855709081837,,0.021594684385382,0.048144108791327,-7.9638922014565745,24.80086746195543,14.603422420064891,0.4688624450173472,2.7928818586258037,1.078091295461093,-0.111111111111111,-8.987991989315525,0.5,0.0,0.1953681762207842,0.5232558139534884,,0.9178546363453892,0.1746031746031746,,,,,0.6377551020408163,0.3061224489795918,0.7142857142857142,,1.0,4,1,0,2,1,own,0,0,1,-1.3140297520308757,-2.219441429459812,,0.19079594046393758,-1.1893453119107449,-1.5604619394182864,1.6924706901632203,-0.5150587776409152,-0.06664508106010986,-0.27492961234025376,0.6703468261051821,-0.976541799306178,-5.0,0.36318733202585884,-0.9442870632672332,-0.6744907594765952,0.69336315218185,,1.5533121772011242,-0.7004051348976398,,,,,0.6530766881939603,-1.277772250317309,-1.441892874882,,0.0
G6_A_Roll22,school_a,6,sentence_01_copy_hindi,copy_hindi,devanagari,1.0,data/processed/school_a/G6_A_Roll22/sentence_01_copy_hindi.json,1.7369233916839342,0.0399867938184911,,-0.0624277456647398,0.3694089364704306,8.511545672789294,19.779594380562934,18.7746605235016,0.3592527040828066,3.2928311057108144,1.0952521592738838,5.55,1.4146449871465556,0.25,0.75,0.2362770046294532,0.1734104046242774,41.44117647058823,1.0460859049102869,,5.4,0.0624540916921126,0.8,0.0001240820668703,0.1171875,0.6863839285714286,0.6947544642857143,0.7142857142857143,1.0,0,0,4,0,4,copy,1,0,0,-0.6179052229329051,3.540147039168086,,0.1944751648058287,1.98451982183282,0.6744907594765952,-0.770581285129854,-0.6744907594765952,1.6847363296630624,0.041971252198878824,0.3608198468921301,2.981669924902197,0.13156734458595534,-1.7565054521239158,4.940189076166414,-0.828831059337118,-1.0058879534391083,-0.38575327682394395,1.9898819501842597,,3.88431189370353,-0.465650437832845,-0.555187451121462,-0.9472292426507565,0.18697244001546828,-0.3997132405418523,-0.907399285336369,-0.8672024050413366,0.0
G6_A_Roll22,school_a,6,sentence_02_copy_english,copy_english,latin,1.0,data/processed/school_a/G6_A_Roll22/sentence_02_copy_english.json,1.1152064795702128,0.0046738158621089,0.0141662617507822,-0.0668140088405304,0.3589882212294926,11.420078438136564,22.76552644954265,17.826470266809185,0.4285253773867208,3.4043976256165878,1.084376553129557,0.3280701754385965,22.93866173203945,0.3666666666666666,0.4833333333333333,0.5672133057882678,0.3294797687861271,138.75675675675674,0.6611614291690615,0.9543859649122808,,,,,1.5168067226890758,6.833613445378152,7.823529411764706,0.6428571428571429,8.0,0,0,4,0,4,copy,1,0,0,0.6744907594765952,0.6744907594765952,-0.12079209747079617,-0.685315816611554,3.969363261783374,2.1144117358490475,0.6744907594765953,0.6943124487983672,-0.6130717556517083,1.07887483701052,2.0585766622400192,0.23365293330045384,1.2763591345413459,-1.1948122025013992,1.2486736939038894,0.8032563140579009,-0.6487388756145426,0.7459397579906388,0.08424167911496382,1.0683172851938938,,,,,1.2921171060090035,0.7060297039312026,0.6140891637360525,0.8993210126354606,0.6744907594765952
G6_A_Roll22,school_a,6,sentence_03_dictated_hindi,dictated_hindi,devanagari,1.0,data/processed/school_a/G6_A_Roll22/sentence_03_dictated_hindi.json,1.2871457667835446,-0.0014258555810306,,-0.0731339532545865,0.1402700361543876,8.0778809934277,23.310449187625437,28.94688635259866,0.4163707281755197,4.174757281553398,1.0823311570865866,0.318181818181818,11.381921353983229,0.6363636363636364,0.1363636363636363,0.383534951737394,0.3005780346820809,54.392857142857146,,,,,,,0.2613065326633165,0.6968174204355109,1.4517029592406476,1.3333333333333333,1.0,0,0,4,0,4,dictated,0,1,0,0.5163996622281959,0.08820964046282438,,-0.49078369613240114,-0.31689797796534575,0.8619945029079314,0.6625670375117415,0.9146091610135465,2.680456068105602,4.032131944582991,-0.5938233453306565,-0.36250168438408104,2.2536316936386775,0.6438320885912951,-0.47381582277281514,0.3159142193486685,-0.6284024079983682,0.6744907594765952,,,,,,,0.4144924604142419,0.10139278237518334,0.5087420694097862,1.3489815189531904,0.0
G6_A_Roll22,school_a,6,sentence_04_dictated_english,dictated_english,latin,1.0,data/processed/school_a/G6_A_Roll22/sentence_04_dictated_english.json,0.5565222173906192,0.0328279813775814,,0.0272502064409578,0.1824464717853657,13.197847486898924,25.95058281167048,14.5356687734832,0.4671212276601362,2.7899824253075574,1.0916234476264322,0.5083333333333333,2.064558688909479,0.6666666666666666,0.1666666666666666,0.4487789946264983,0.4624277456647399,12.710526315789474,0.5066862027923419,0.15,,,,,0.9192825112107624,0.4708520179372197,0.6502242152466368,0.7142857142857143,1.0,0,0,4,0,4,dictated,0,1,0,-0.2611994924641023,2.1183793863221836,,0.33435813557307903,-0.40997709018144557,3.094571213890426,1.647456400233662,-0.7581598225346915,0.6744907594765952,-0.1774999192315984,2.6528572622656723,-0.20353163860361184,0.409140080849367,0.9257716306541504,-0.4323658714593561,0.6814877315794402,0.7040101733925818,-2.070167792547395,-0.31146263307178934,-0.8026191108494746,,,,,2.4464038190942787,-0.8781549745341213,-0.7134479772994619,0.6744907594765952,0.0
G6_A_Roll22,school_a,6,sentence_05_own_hindi,own_hindi,devanagari,1.0,data/processed/school_a/G6_A_Roll22/sentence_05_own_hindi.json,0.1276460546006698,0.0064037013784625,,0.1618497109826589,0.0772637289239438,10.2558190122682,21.27226278817521,25.24019485058138,0.2267644835163466,3.162055335968379,1.0962404609687604,-1.2631578947368425,-4.4362282997809945,0.3333333333333333,0.3333333333333333,0.1242937853107344,0.4393063583815029,,0.7740096543903551,,1.3289473684210529,0.0196513607419239,0.0,0.0006595114123713,0.2449856733524355,1.9326647564469916,1.9326647564469916,,1.0,0,0,4,0,4,own,0,0,1,-1.6646260464111209,0.4215804058391401,,1.3859171512563402,-1.195343790413694,1.4873608031890653,-0.013246581585270192,1.8888539500459576,-1.043206377882558,-0.05338415015905579,0.35896038565263516,-2.3109436374189194,-0.9283688807865812,-0.8493587341557124,0.6744907594765952,-1.8441333326247533,5.0,,0.13593794155098948,,-0.5234754487072079,-4.119602689685057,-2.6651752926540473,-1.2755552507034675,1.3140445440919872,2.440235187128904,3.0675099017649536,,0.0
G6_A_Roll22,school_a,6,sentence_06_own_english,own_english,latin,1.0,data/processed/school_a/G6_A_Roll22/sentence_06_own_english.json,0.23872393611802,0.000151848216096,,0.1202312138728323,0.1488593628006461,16.525511053700512,21.285710161580383,14.899040301440786,0.5097584842650973,2.987075155576831,1.1180907614623523,3.1388888888888893,0.0812504553003484,0.0,1.0,0.1548230294708944,0.6242774566473989,,0.578158092977544,0.311111111111111,,,,,0.7476400251730648,1.2573945877910635,1.8351164254247956,,1.0,0,0,4,0,4,own,0,0,1,-0.6970646849299591,0.15144605232016264,,1.1367819421005176,0.0,2.596628470580917,-0.471993178203374,-0.41528111090586517,0.5992455031570936,0.21084205998632172,5.0,2.159880685524253,-0.28787935446137364,-1.0895619960775766,1.8885741265344669,-1.001866959873399,1.4108997416545328,,0.0,-0.3903339994249674,,,,,1.0076881405370723,-0.006652825639139654,0.2793150651526978,,0.0
G6_A_Roll23,school_a,6,sentence_01_copy_hindi,copy_hindi,devanagari,0.0,data/processed/school_a/G6_A_Roll23/sentence_01_copy_hindi.json,0.8480705427309477,-0.0384198908583886,,0.1673202614379084,0.206728092090854,-2.035656866426218,20.027642119442422,25.86029974270279,0.3473713640633577,2.7862873814733784,1.0865441576107715,-0.5227272727272727,-5.937350137398355,0.5882352941176471,0.1764705882352941,0.5165330391105055,0.5176470588235295,63.11764705882353,0.5993584024385868,,0.2575757575757575,0.021132703008656,0.9375,0.0049184798385413,0.2957983193277311,2.341736694677871,1.873389355742297,2.571428571428572,1.0,2,0,3,2,2,copy,1,0,0,-2.0093422784986834,-3.728599129538924,,1.36555986933939,0.0022592667673283465,-1.4126276489414895,-0.5883954949520412,2.9570358277121263,1.3890992108014637,-1.2009943182717395,-0.4853614963640527,-0.37667171096855817,-0.786801648446726,1.202673780381442,-2.169308118316617,0.8410704279174304,5.0,1.3166429208960932,-1.0120874073235364,,-1.6640184637598223,-3.767266255009498,-0.16118345355139227,-0.5630364024121298,5.0,5.0,3.557539874711481,0.3854232911294834,0.0
G6_A_Roll23,school_a,6,sentence_02_copy_english,copy_english,latin,0.0,data/processed/school_a/G6_A_Roll23/sentence_02_copy_english.json,0.7812876683947259,-7.093274991915026,18.62644446590592,-0.0161185734136174,0.2232776760763505,-8.169673674208713,21.357591486926047,16.823792921000944,0.45852908534719,3.1718438301510377,1.0769449790466885,-0.0964175143741707,-21.478916294342795,0.6890756302521008,0.1176470588235294,0.4335406298192787,0.4470588235294118,117.25675675675676,0.5355899474477699,0.2721106890938687,,,,,2.0862745098039217,6.769747899159664,10.34621848739496,0.1428571428571428,8.0,2,0,3,2,2,copy,1,0,0,-0.24158690165649305,-5.0,5.0,0.0,-0.04722672250629548,-1.4138804545412365,-0.6568833903752547,0.0,0.1141164453990825,0.29028379273090904,0.5150703329552219,-0.3076934483737833,-1.3890575076399887,2.160313741036686,-0.7984174019663621,-0.22225796746664284,0.7939228812183133,0.2601476356152373,-1.2937476539463673,-0.8497757311240542,,,,,2.436724546756848,0.6744907594765952,1.781421290859072,-0.6744907594765952,0.6744907594765952
G6_A_Roll23,school_a,6,sentence_03_dictated_hindi,dictated_hindi,devanagari,0.0,data/processed/school_a/G6_A_Roll23/sentence_03_dictated_hindi.json,0.5806956751773175,-0.0045562019329218,,-0.0550588235294117,0.240043248698385,-2.8897745800068395,22.388776758620157,27.87397394528248,0.2300285374486217,3.139293139293139,1.1020681181111378,0.394047619047619,8.012629604642775,0.6666666666666666,0.25,0.3722840734725282,0.4117647058823529,49.92857142857143,,,,,,,0.1383399209486166,0.8893280632411067,1.9565217391304348,0.6666666666666666,1.0,2,0,3,2,2,dictated,0,1,0,-0.33941010209485445,-0.034205619165134815,,-0.3398008204458856,0.509217673037446,-1.1717225816689525,0.17053972025416586,0.6744907594765952,-1.8075256624815585,0.5262321814769612,1.2580095266562135,-0.18564600913457263,1.386390261243369,0.7869058860560273,0.0,0.20493656289109716,-0.10975630144746854,0.5142030314640964,,,,,,,-0.5704931017823004,0.45898093801990614,1.045464892571092,0.0,0.0
G6_A_Roll23,school_a,6,sentence_04_dictated_english,dictated_english,latin,0.0,data/processed/school_a/G6_A_Roll23/sentence_04_dictated_english.json,0.7709175548495135,0.0083317581027438,,0.1552941176470588,0.2485111375112351,-3.693298256233269,20.58611313174911,15.926969646575388,0.4669062264574687,2.948157401623985,1.0626260014664384,-0.5769230769230769,-1.4617200533629184,1.0,0.0,0.3520925787740744,0.4588235294117647,8.736842105263158,0.3174370071993758,0.1333333333333333,,,,,0.8196902654867256,0.1078539823008849,0.4529867256637168,0.5714285714285714,1.0,2,0,3,2,2,dictated,0,1,0,0.38048564311070204,0.6744907594765952,,1.4823781182003288,0.7234190771719449,-0.6281932453005976,-0.6897387842214896,-0.26643826464385895,0.6698986074894457,0.24054452678205826,-1.1707457989836467,-1.299495207010929,-1.540151759529788,1.8052546797755933,-1.0376780915024542,-0.06353274572276905,0.6744907594765952,-2.4618912720895714,-1.3075550970455445,-0.841276363236814,,,,,2.041301599357765,-1.3446632275428272,-0.9562482005046082,0.0,0.0
G6_A_Roll23,school_a,6,sentence_05_own_hindi,own_hindi,devanagari,0.0,data/processed/school_a/G6_A_Roll23/sentence_05_own_hindi.json,0.239160158745758,0.0181414182459069,,0.1196078431372549,0.118448252270663,-0.7960728023887145,24.016112078359036,29.53841294192708,0.2061993616713617,2.085308056872038,1.1068363878025729,2.0350877192982457,0.1953494688555976,0.0,0.4,0.2310154174505705,0.6705882352941176,,0.9562511332283216,,0.7134502923976608,0.0115943575081912,0.3333333333333333,0.000149105092437,0.6067226890756303,3.6722689075630255,2.2672268907563025,,1.0,2,0,3,2,2,own,0,0,1,-1.5519147023849353,1.1839579727428495,,1.132095593878719,-0.7801493941865131,-0.9819990613091121,1.6063495151119664,3.485926013110638,-1.46418872619532,-3.3987600544868255,1.1327375792831804,1.8411678226613968,-0.36951500289338446,-3.8221143037007077,1.315256980979361,-0.738380523242747,5.0,,0.6744907594765952,,-1.152486191529392,-4.793482492318032,-1.6034768749594064,-1.3114594221705693,5.0,5.0,4.101748490551855,,0.0
G6_A_Roll23,school_a,6,sentence_06_own_english,own_english,latin,0.0,data/processed/school_a/G6_A_Roll23/sentence_06_own_english.json,0.3766187174114784,-0.0034428209107087,,-0.0067226890756302,0.1072028553000978,-5.1783356889668495,22.8232108670298,15.39507510891779,0.5388748186026039,2.9873417721518982,1.0762044151111725,0.733974358974359,1.8679484867377845,0.6153846153846154,0.3076923076923077,0.3952956641762168,0.5647058823529412,,0.4871391579690405,0.1860119047619047,,,,,0.5087055261165784,1.5987887963663892,2.507191521574565,,1.0,2,0,3,2,2,own,0,0,1,-0.21689100290065305,-0.200181981596402,,-0.08078537972678343,-0.4919212327237703,-1.087612105392897,0.4747254008423914,-0.24785823554031233,1.0733328044923285,0.21150899742223692,0.43611546323433753,-0.1609894700816972,0.9469803709237078,0.6984371769728056,-0.07263746640517169,0.9397961924359708,0.9877747249857991,,-0.41619740578722897,-0.6744907594765952,,,,,0.236618667945989,0.44952873617440353,1.3113897400310734,,0.0
G6_A_Roll24,school_a,6,sentence_01_copy_hindi,copy_hindi,devanagari,1.0,data/processed/school_a/G6_A_Roll24/sentence_01_copy_hindi.json,2.7019774498529725,0.0020670903289399,,-0.1710407239819004,0.186023201119657,6.19492047268982,21.05650620694652,19.31392669187217,0.2723596214455991,3.423469387755102,1.0973029207359215,-0.3093333333333333,-17.786362558817974,0.44,0.36,0.3827937483046564,0.1764705882352941,54.0,0.7458316748162618,,2.094871794871795,0.0758716554715537,0.68,0.0061409925553052,0.0857142857142857,0.8742857142857142,0.9342857142857144,3.7142857142857135,1.0,4,0,0,2,3,copy,1,0,0,0.8928195035977926,0.024774585989261758,,-0.35915313093052204,-0.2500291254257479,0.21606862502382604,0.16728330145325843,-0.39810646055516435,-0.47737842825281,0.3625336814559563,0.5600981837344448,-0.2586605243428004,-2.2669122064042098,-0.09421868325568884,0.10573098391795294,0.044186817419633644,0.0,0.6005739639175159,-0.027799954818799297,,0.3183005552114909,0.6064248774847896,-0.899045485364432,-0.46507193320254564,-0.6744907594765952,0.6744907594765952,0.0,1.1562698733884484,0.0
G6_A_Roll24,school_a,6,sentence_02_copy_english,copy_english,latin,1.0,data/processed/school_a/G6_A_Roll24/sentence_02_copy_english.json,0.6547466854810157,0.0013649896789629,0.0161767086086898,0.0421640188922284,0.1824959944284451,4.767196650730906,21.1418780262308,16.11543003402378,0.4594951951619479,3.100326879557456,1.071630037872467,0.3274809160305344,3.921418015807271,0.5267175572519084,0.0839694656488549,0.3712663245494749,0.4705882352941176,88.93243243243244,0.5492346992646023,0.1311363636363636,,,,,2.1052631578947367,7.202216066481994,9.795013850415511,0.5714285714285714,6.0,4,0,0,2,3,copy,1,0,0,-0.5887412511134712,0.21839186678463138,0.0,0.7878812363275361,-1.2542316303756385,0.9161673313524495,-0.860866765296915,-0.49051190071372686,0.13753167324815194,0.047769467650197156,-0.5888203435972057,0.23290145462138398,0.1351695392969469,0.4707460044329578,-0.9869426650778401,-0.7000159607383469,1.082622110752244,-0.37983997500628525,-1.144013636332428,-1.246099441983748,,,,,2.474890968785046,0.8880580162397788,1.5263605750613716,0.6744907594765952,0.0
G6_A_Roll24,school_a,6,sentence_03_dictated_hindi,dictated_hindi,devanagari,1.0,data/processed/school_a/G6_A_Roll24/sentence_03_dictated_hindi.json,0.0845145894844337,0.0017912543983738,,-0.0143790849673202,0.0534661484874487,2.5128299981330358,19.94641304644585,24.885280990118996,0.2980762620345937,2.704291593180482,1.0815568605943668,0.6870588235294118,0.9384705990866052,0.2941176470588235,0.0588235294117647,0.1959636324169328,0.5882352941176471,34.642857142857146,,,0.0,,,,0.5277777777777778,1.0,1.8888888888888888,0.8333333333333334,1.0,4,0,0,2,3,dictated,0,1,0,-0.9404951936728071,0.2140178767120048,,0.0,-1.0356284702597998,-0.16992514572561712,-1.1332962492836542,0.0056195914436599536,-0.16862175371804583,-0.9466066694542976,-0.6664722042493613,0.4974113610230942,-0.4344683183591973,-0.9720602121868577,-0.7971254430177944,-1.5342724902386493,0.7134159594085466,-0.03462214925069952,,,-0.6744907594765952,,,,2.5489769803849875,0.6645538516546411,0.9735577136661918,0.33724537973829777,0.0
G6_A_Roll24,school_a,6,sentence_04_dictated_english,dictated_english,latin,1.0,data/processed/school_a/G6_A_Roll24/sentence_04_dictated_english.json,0.3132031477197528,-0.0164157086794254,,-0.055614973262032,0.1546592109508136,-2.684650861715663,21.79162455067302,15.059413075179696,0.4544550899298346,2.6412585863062263,1.06826595747134,0.4349999999999999,1.7695592168073104,0.5,0.1,0.4007464397741658,0.4705882352941176,11.86842105263158,0.7571123050216102,0.2045454545454545,,,,,0.9314033983637507,0.6293266205160478,0.8558842039018251,0.8571428571428571,1.0,4,0,0,2,3,dictated,0,1,0,-0.989453343785009,-0.7842069927894623,,-0.4085970058854358,-0.8866914515590129,-0.40588999072756154,-0.16452088735084092,-0.5730550986410964,0.40395818186274457,-0.5705657273146599,-0.42706123701675924,-0.27758847984743773,0.24606730472664065,0.486030106093429,-0.6744907594765952,0.3113712407918444,0.7708465822589656,-2.153182039867591,1.0066277949023559,-0.6761044666727271,,,,,2.4957068371671633,-0.6744907594765952,-0.4602796204346536,1.3489815189531897,0.0
G6_A_Roll24,school_a,6,sentence_05_own_hindi,own_hindi,devanagari,1.0,data/processed/school_a/G6_A_Roll24/sentence_05_own_hindi.json,2.6756408565931027,-0.0201672881551416,,-0.1380804953560371,0.1308795023711408,0.5802144422622361,21.294704570761763,18.40856277198041,0.2667145950767648,3.3208606173994384,1.0820886187973335,-1.7925925925925923,-6.34677985147582,0.4444444444444444,0.1666666666666666,0.254421866997042,0.1764705882352941,,0.9160127049572137,,2.8526315789473684,0.0775205560244805,1.2105263157894737,0.0186294223591592,0.1252086811352253,1.1769616026711185,0.7929883138564274,,1.0,4,0,0,2,3,own,0,0,1,0.9107245866410806,-1.3042344676681576,,-0.41629368743321915,-0.6548259726583597,-0.6744907594765952,0.0,-0.6495488266391509,-0.22539980679418586,0.44001237128404336,-0.6744907594765952,-2.9774409616256645,-1.1588992090927872,0.14155978902595265,-0.927424794280319,-0.495864110921049,0.0,,0.5555797460647138,,1.033662309414597,0.7205197186401432,1.1904663295001756,-0.011474578730064102,0.05669022077062574,0.8492027494124198,-0.45559458252437374,,0.0
G6_A_Roll24,school_a,6,sentence_06_own_english,own_english,latin,1.0,data/processed/school_a/G6_A_Roll24/sentence_06_own_english.json,0.7436793873006543,-0.004395857008897,,-0.1250773993808049,0.139268729266176,1.1296406862037018,19.95170406977806,10.86600549944534,0.3108389424933789,2.333528464803161,1.0462469847605314,-0.0999999999999997,-109.22789033092164,0.2222222222222222,0.3333333333333333,0.3623354238046435,0.1764705882352941,,0.5763319314360352,2.526315789473684,,,,,0.1260504201680672,0.5210084033613446,0.8487394957983193,,1.0,4,0,0,2,3,own,0,0,1,1.0612782775867624,-0.29340730989117864,,-1.2158810664692195,-0.11325568450058758,-0.01682945615864436,-1.2934096154077594,-1.7765208320331443,-2.6396659493712877,-1.423995361825861,-3.2827052555433296,-0.9658189873922276,-5.0,-0.4438956280316053,0.0,0.6736632734068805,-1.7697831747422823,,-0.008350391004391878,4.641395638392282,,,,,-0.99825395150881,-0.9906349532590519,-1.2354184144596982,,0.0
G6_A_Roll25,school_a,6,sentence_01_copy_hindi,copy_hindi,devanagari,1.0,data/processed/school_a/G6_A_Roll25/sentence_01_copy_hindi.json,2.206720112943635,0.0108056906737197,,-0.1726296958855098,0.1670839031409046,-2.157357785453593,18.938041658120948,16.9248586978735,0.2644378874011255,3.206955530216648,1.0823166867164158,-4.227777777777779,-3.5298543688615376,0.5,0.3333333333333333,0.5724946170453451,0.1744186046511628,70.11764705882354,1.2530763969572465,,3.123076923076923,0.0722201791549829,1.2307692307692308,0.0385693333536969,0.1214247166756611,0.6961683756071236,0.6961683756071236,0.5714285714285714,1.0,3,1,2,3,0,copy,1,0,0,0.11752873254584968,0.8348926012802474,,-0.3672525295530274,-0.4808038270637343,-1.4367102649222696,-1.3886838665400838,-1.622549826976788,-0.6744907594765952,-0.1687516895260211,-0.8961568933281632,-2.42563996119709,-0.48607110833793366,0.43071398059743543,-0.22483025315886496,1.174516672511382,-0.6744907594765952,1.8663990878667434,3.3808397734264006,,1.4276648273102555,0.31466866243622005,0.6791747230840716,2.133531050716742,0.3029506239155781,-0.3437771455028515,-0.9020430651247021,-0.9635582278237075,0.0
G6_A_Roll25,school_a,6,sentence_02_copy_english,copy_english,latin,1.0,data/processed/school_a/G6_A_Roll25/sentence_02_copy_english.json,0.8348591566394722,0.0168372485958484,0.0853226310394897,-0.0015166835187057,0.2476627074859661,-0.7499526600182155,21.06780740155113,16.544339034750934,0.4538206529272287,3.4019204389574758,1.059341500148849,0.0920847268673355,40.844111092699634,0.5153846153846153,0.1307692307692307,0.5183412234709306,0.4011627906976744,137.3783783783784,0.8536950123983803,0.4685580938344386,,,,,1.363782051282051,6.597756410256411,9.067307692307692,0.2142857142857142,8.0,3,1,2,3,0,copy,1,0,0,-0.09461811160268908,2.351136160026782,4.154440078392341,0.19739264517868177,0.6744907594765952,-0.07752134396600432,-0.9309095709522398,-0.19351021831660337,0.0,1.0704746850780436,-3.141097363587291,-0.06729776981221303,2.350832008395291,0.35281055111083526,-0.7249602250883621,0.4283179205458297,0.2307915352378823,0.7147953227409278,2.197055992598469,-0.2974995334343712,,,,,0.9845436462390116,0.5895556052914638,1.1896267358932238,-0.4496605063177303,0.6744907594765952
G6_A_Roll25,school_a,6,sentence_03_dictated_hindi,dictated_hindi,devanagari,1.0,data/processed/school_a/G6_A_Roll25/sentence_03_dictated_hindi.json,0.0619978317982568,-0.0062830357580467,,-0.0129958960328317,0.0537409281685513,-3.805515912854296,21.725112963275198,23.116400007407275,0.282180038661012,2.8922091782283883,1.095848935300887,0.7749999999999999,1.340694215004959,0.625,0.1875,0.3067111685955933,0.5813953488372093,38.71428571428572,,,,,,,0.4851752021563342,1.4285714285714286,2.398921832884097,0.6666666666666666,1.0,3,1,2,3,0,dictated,0,1,0,-0.9677725078351037,-0.10173514697898031,,0.011553877959502239,-1.0333533125361138,-1.3415272205177524,-0.18375178994863126,-0.3902569695705899,-0.5514763279165732,-0.31035072391782687,0.6744907594765952,0.7024167253565381,-0.3309376624340947,0.5901794145420206,-0.2605987025250482,-0.4418687032437663,0.6815100578249802,0.11156025869669957,,,,,,,2.2077223803406416,1.4606244712911909,1.5158242309026246,0.0,0.0
G6_A_Roll25,school_a,6,sentence_04_dictated_english,dictated_english,latin,1.0,data/processed/school_a/G6_A_Roll25/sentence_04_dictated_english.json,0.1555042595231269,-0.0024012919774019,,-0.0465116279069767,0.0930232558139534,-0.8430229359597448,24.26690202129897,15.171977316424112,0.4723012945602615,3.022886924994334,1.07749819952412,0.5897959183673469,1.0575449683758,0.4,0.1,0.2626808057483393,0.5697674418604651,13.473684210526317,1.132220233893375,0.2059369202226344,,,,,0.8268916712030484,0.8802395209580838,1.3603701687534022,0.7142857142857143,1.0,3,1,2,3,0,dictated,0,1,0,-1.4614460356589607,0.04184919803208944,,-0.3269779559991927,-1.9441092793151307,0.0,0.9139094011436029,-0.5332719969856747,0.785130394110484,0.4380489799246745,0.790302139759028,-0.12126534232394454,-0.14752709496248795,0.2221851913569962,-0.6744907594765952,-0.7524982144370589,1.5831485766452313,-1.9949361309134672,2.9809673948951154,-0.6728770522804634,,,,,2.0705940951710358,-0.3520291278664739,0.16074483657320757,0.6744907594765952,0.0
G6_A_Roll25,school_a,6,sentence_05_own_hindi,own_hindi,devanagari,1.0,data/processed/school_a/G6_A_Roll25/sentence_05_own_hindi.json,2.3517510244711604,0.0102975595567641,,-0.127906976744186,0.1289288862761665,0.979952895194348,22.096037934336184,19.825501092572047,0.2597299256079913,3.649453823237338,1.0955457817692271,0.8549019607843139,8.657598097545181,0.2941176470588235,0.3529411764705882,0.3066317265037437,0.1744186046511628,,0.82008218341787,,2.9333333333333336,0.0719657431609045,0.4444444444444444,0.0227382083111376,0.0408997955010225,0.4805725971370143,0.7668711656441718,,1.0,3,1,2,3,0,own,0,0,1,0.5833574022409561,0.6744907594765952,,-0.35516338070718234,-0.6744907594765952,-0.585175906551771,0.4729984232156761,-0.12306260402074605,-0.3683808490324447,1.4609276914123508,0.3082308053224783,0.35544984213954167,0.6515539930465657,-1.1990946835139475,0.8629514128597614,0.045087125200703355,-0.4522748115870084,,0.27208965901366744,,1.1161359270007836,0.2559206502796488,-1.2495774023945259,0.2775550621263438,-0.828339031377681,-0.616951641419312,-0.5363310429308851,,0.0
G6_A_Roll25,school_a,6,sentence_06_own_english,own_english,latin,1.0,data/processed/school_a/G6_A_Roll25/sentence_06_own_english.json,0.4866167812988714,0.0027627077699711,,-0.0311627906976744,0.063663896843599,-5.764836105319,21.99059203617372,15.042265191938982,0.4367357829633413,2.559492332099417,1.0741395210407574,0.2018779342723005,4.080814128155107,0.75,0.0416666666666666,0.3853422472930803,0.8255813953488372,,0.6104544234972339,0.0287323943661971,,,,,0.3579831932773109,2.5058823529411764,2.7445378151260504,,1.0,3,1,2,3,0,own,0,0,1,0.16614144297922595,0.40683851804549526,,-0.3151812382709639,-1.006072307802448,-1.1871708913247114,-0.0379610087579249,-0.366939497314089,-0.5897481041790924,-0.8587500756841656,0.17978603974035984,-0.6744907594765952,2.4763818759313896,1.0895619960775766,-0.8262511803588294,0.8594286993728094,2.8407214884746828,,0.1476796995865319,-1.0317435143165874,,,,,-0.24977986449279785,1.6616153649315721,1.675871477494752,,0.0
G6_A_Roll26,school_a,6,sentence_01_copy_hindi,copy_hindi,devanagari,1.0,data/processed/school_a/G6_A_Roll26/sentence_01_copy_hindi.json,2.0076124764772656,0.0026344329299641,,-0.2611749680715198,0.1785391764443908,5.9938834560536405,21.425296243556005,20.09698464806959,0.2656033400063671,3.5275819162173376,1.0950072901452363,-0.5176470588235295,-13.766117734305029,0.5294117647058824,0.3529411764705882,0.4680783358182641,0.1724137931034483,52.8235294117647,0.9139937678167582,,2.4074074074074074,0.0757137952255142,0.8888888888888888,0.027167054191461,0.0924369747899159,0.7226890756302521,0.865546218487395,2.571428571428572,1.0,3,4,4,0,1,copy,1,0,0,-0.19416036621978885,0.07737047592560742,,-0.8185905638780356,-0.3412217115196734,0.1762866964380465,0.4381517420724505,0.0032258256745011844,-0.6454914168250623,0.6180067672749854,0.33702521567627214,-0.37386224940279805,-1.7647263196227163,0.688033913858771,0.01822947998585386,0.5523537862150646,-1.3334759842525834,0.5081779694686671,1.1022344565141957,,0.6555054891245816,0.593811703004619,-0.30047779612666964,1.2198242151225986,-0.49048193255129985,-0.19216260953749154,-0.26040096798132745,0.3854232911294834,0.0
G6_A_Roll26,school_a,6,sentence_02_copy_english,copy_english,latin,1.0,data/processed/school_a/G6_A_Roll26/sentence_02_copy_english.json,0.8693483366320944,-0.0056036644478396,0.004484957554046,-0.0988505747126436,0.2248733490930622,3.42536216567776,25.930903137392583,17.85793203572303,0.3992179730826304,3.2037446365882194,1.075358173115438,-0.0623938879456706,-47.83907168234273,0.5131578947368421,0.1447368421052631,0.5106152681573264,0.3563218390804598,83.06756756756756,0.6893392962982144,0.3669354838709677,,,,,1.6498599439775912,4.7064425770308125,4.758543417366947,0.1428571428571428,4.0,3,4,4,0,1,copy,1,0,0,0.0,-0.7421890930063466,-0.7024662837726818,-1.1183955429654107,0.0,0.6744907594765952,3.6677403119381085,0.7160984180430326,-1.3233839157833465,0.39845958152548727,0.1854974899854058,-0.26430333954252716,-2.970881640867805,0.32963834109758594,-0.6467703262880947,0.3690456911609729,-0.3193942625590899,-0.5123564936178029,0.39345838819683593,-0.5831930436339328,,,,,1.5595487510435466,-0.3444384723332082,-0.8041817817425247,-0.6744907594765952,-0.6744907594765952
G6_A_Roll26,school_a,6,sentence_03_dictated_hindi,dictated_hindi,devanagari,1.0,data/processed/school_a/G6_A_Roll26/sentence_03_dictated_hindi.json,4.240405237145943,-0.0537365343005871,,-0.0317782285327924,0.3814275943174223,5.549888303815052,25.132905254881013,19.2743098003672,0.2900253629356137,3.0227177114009254,1.1020668626829009,-0.2833333333333334,-34.49056504724109,0.4375,0.375,0.579612270436689,0.1724137931034483,64.5,0.6415853420133044,,1.815686274509804,0.0769170967973382,1.6470588235294117,0.0296421681954364,0.1176470588235294,0.8823529411764706,0.9831932773109244,2.833333333333333,1.0,3,4,4,0,1,dictated,0,1,0,4.094045587036767,-1.957450678530477,,-0.14533631403700037,1.67987077465196,0.39323234237805565,1.6354703612656256,-1.2501189236167276,-0.3625246370644057,0.1315282527255867,1.2578917353065389,-1.7647325589015792,-5.0,-0.2950897072710103,0.5211974050500964,2.250003345678008,-1.2262428161717185,1.0373821756968924,-0.758641490342078,,3.9688918020130926,1.894869699626059,1.8059387474829731,0.35432385691443424,-0.7362467982493065,0.44602466195049006,0.01062304297692323,4.384189936597869,0.0
G6_A_Roll26,school_a,6,sentence_04_dictated_english,dictated_english,latin,1.0,data/processed/school_a/G6_A_Roll26/sentence_04_dictated_english.json,0.5906215033333408,-0.0085780261760724,,-0.0333333333333333,0.2083333854851093,6.9241951185035004,25.67807165063526,16.43075860495524,0.4384937189434107,2.778690448251584,1.099708129081246,0.4411764705882352,3.685741629309452,0.5789473684210527,0.1052631578947368,0.4143540011957898,0.3908045977011494,38.68421052631579,0.5925390078033106,0.3647058823529411,,,,,0.6476190476190476,1.3333333333333333,1.7142857142857142,0.4285714285714285,1.0,3,4,4,0,1,dictated,0,1,0,-0.15914034704376617,-0.32222799707045474,,-0.20882360281687581,0.034135181477388504,1.7118745974765768,1.5287285834532471,-0.08838627297639856,0.06304361681124393,-0.20734375675062489,3.718903306089368,-0.27135107209561815,1.3053138970596787,0.6943287229906129,-0.6553756367383923,0.41622476975842976,0.11739904844748598,0.4903028982349093,0.14041422597897976,-0.3046227418596305,,,,,1.3413833295748616,0.23026604210516852,0.5964164405503541,-0.6744907594765952,0.0
G6_A_Roll26,school_a,6,sentence_05_own_hindi,own_hindi,devanagari,1.0,data/processed/school_a/G6_A_Roll26/sentence_05_own_hindi.json,3.6826598851455032,-0.0259362890405088,,-0.070607553366174,0.2155502900853147,1.5096845835429793,22.856682462133836,20.251890720440805,0.277725447453679,3.7063492063492074,1.0837810958477196,-0.5384615384615384,-10.193875712446976,0.5384615384615384,0.3076923076923077,0.3231151588488012,0.1724137931034483,,0.5590831720715356,,2.2857142857142856,0.0900290883251967,1.2857142857142858,0.0178097942750804,0.1415094339622641,1.0613207547169812,1.2558962264150944,,1.0,3,4,4,0,1,own,0,0,1,1.928555192358988,-1.6789373939800258,,-0.01086447489473311,0.1987674096690025,-0.4668162454097591,0.9219796819905179,0.035369320134255776,0.0,1.637697530932804,-0.5508960836288136,-1.3986343681623195,-1.623096195072251,0.9800293086412077,0.4280422127447627,0.21587350897642624,-0.8941525010685712,,-0.49920430728113535,,0.4542979523339942,1.7667210212216795,1.4299471755967115,-0.06913073642381153,0.22780674040489643,0.6057363310168182,0.9754018666444474,,0.0
G6_A_Roll26,school_a,6,sentence_06_own_english,own_english,latin,1.0,data/processed/school_a/G6_A_Roll26/sentence_06_own_english.json,0.3647162311996934,-0.022333971333579,,-0.0247568523430592,0.1749397441291462,3.3791476525385846,25.145678465139643,17.20977467914966,0.4991455469424227,3.022774327122153,1.0795995986992613,0.369047619047619,3.0369814088909246,0.4166666666666667,0.0,0.3605738352432303,0.4022988505747126,,0.8110619589812391,0.4461538461538461,,,,,0.8465116279069768,1.6604651162790698,1.888372093023256,,1.0,3,4,4,0,1,own,0,0,1,-0.25833753609071647,-2.048101177297348,,-0.25374428339935257,0.3079829323870443,0.3650256564198086,1.9047886304522184,0.3646435796411508,0.4264401370617657,0.30014301184470504,0.8575828228728185,-0.5131631415961878,1.7549466012635635,0.12106244400861968,-0.9442870632672332,0.6594395693109149,-0.1657700460254954,,1.0649870251667772,-0.08359099778563275,,,,,1.3267583245218866,0.5319425535091827,0.36109733343937045,,0.0
G6_A_Roll27,school_a,6,sentence_01_copy_hindi,copy_hindi,devanagari,1.0,data/processed/school_a/G6_A_Roll27/sentence_01_copy_hindi.json,0.4696023542177628,-0.002748230483635,,-0.2713178294573643,0.0995188533059516,-4.929179444780534,21.490858949231868,25.253612005726303,0.3093737517422406,3.785481239804241,1.0920087497978774,5.25,0.4013890690710276,0.0,1.0,0.1675043215014208,0.1976744186046511,30.61764705882353,0.938338041702636,,4.830065359477124,0.0277936940475063,0.0,0.0001121325651887,0.0857142857142857,0.7428571428571429,1.0,1.2857142857142858,1.0,2,1,1,3,2,copy,1,0,0,-2.6018077945516715,-0.4216330749358532,,-0.8702913380390912,-1.3040816610314787,-1.9852083134354737,0.4863061553870404,2.64609667617008,0.44362465895405745,1.2508444958417757,0.04564850295878874,2.815763826124151,0.004997236553541706,-3.9437248848452673,5.0,-1.238612087069998,5.0,-1.2357964257533516,1.2658258267160158,,3.269390697257801,-3.235047128967763,-2.8475743460745955,-0.9481868004524092,-0.6744907594765952,-0.07686504381499637,0.2489407786814151,-0.48177911391185363,0.0
G6_A_Roll27,school_a,6,sentence_02_copy_english,copy_english,latin,1.0,data/processed/school_a/G6_A_Roll27/sentence_02_copy_english.json,0.969821291791213,-0.001439488614778,0.0154443446114611,0.0088211708099438,0.2019389011548904,-5.737747840386502,22.195897761630977,14.95872573780767,0.4398957954328267,3.034995354598946,1.0681012705525417,-0.2377717391304348,-9.571087781037344,0.6375,0.1375,0.4625112817174928,0.5348837209302325,123.5,0.4541239425264444,0.2868906455862977,,,,,1.846069268829027,8.471687740516767,9.786695986805938,0.3571428571428571,7.0,2,1,1,3,2,copy,1,0,0,0.27563894781873777,-0.16818614413333643,-0.04400205008622864,0.33714280259598295,-0.6787849373069949,-0.9758685349480372,0.13583739107796755,-1.291481620234041,-0.33749135555459014,-0.17377004920986155,-1.321730307508344,-0.48796156908164784,-0.6744907594765952,1.62359561388295,-0.6872817593621459,0.0,1.8715095402926387,0.4012136070404011,-2.18773476192579,-0.80822456792881,,,,,1.953921634375352,1.5149656211181315,1.522511622959315,0.0,0.3372453797382976
G6_A_Roll27,school_a,6,sentence_03_dictated_hindi,dictated_hindi,devanagari,1.0,data/processed/school_a/G6_A_Roll27/sentence_03_dictated_hindi.json,0.0490999141857594,-0.0138227906091197,,0.1366279069767441,0.1144723986482353,-2.335710481050866,20.97828936888297,23.835737503633453,0.3591729459591989,2.4739884393063583,1.099031071855293,0.4736842105263157,2.6674381600045685,0.3333333333333333,0.0,0.1611912381872214,0.6627906976744186,57.71428571428572,,,,,,,0.3743842364532019,2.1839080459770117,2.495894909688013,0.5,1.0,2,1,1,3,2,dictated,0,1,0,-0.983397339600802,-0.396584644085793,,1.2613724072326025,-0.5305007232245612,-1.0689832481392985,-0.582437481360762,-0.22926883243879417,1.3028689493989607,-1.7263727083316933,0.9730567376568197,0.0,0.010560612242919402,-0.7869058860560275,-1.0423948101001927,-1.8772642754295783,1.061190286669421,0.7937448291178945,,,,,,,1.3202660202956158,2.8636608124130802,1.6189259094182282,-0.33724537973829755,0.0
G6_A_Roll27,school_a,6,sentence_04_dictated_english,dictated_english,latin,1.0,data/processed/school_a/G6_A_Roll27/sentence_04_dictated_english.json,0.3139704139472679,-0.0695652173913043,,-0.0852713178294573,0.0841183504426771,-2.703717843016896,21.94061974948708,14.883315049037012,0.4875046953142131,3.112349117920149,1.066389501118264,0.8076923076923077,1.3244222250795652,0.5,0.0,0.0508798329050882,0.4534883720930232,6.947368421052632,0.6043618734812122,0.3333333333333333,,,,,0.4838187702265372,0.1472491909385113,0.5258899676375405,0.2857142857142857,1.0,2,1,1,3,2,dictated,0,1,0,-0.987156916357713,-3.9170152747233313,,-0.6744907594765952,-2.0968805906894814,-0.410092303667828,-0.09960657485532089,-0.635292676027166,1.1098556799111574,0.6744907594765952,-0.6744907594765952,0.0987808164738938,0.0,0.486030106093429,-1.0376780915024542,-2.3845378395442847,0.6307945142613336,-2.6382965476449884,0.20264258772938204,-0.37738933458874,,,,,0.6751080037926704,-1.2940343310909892,-0.8665039867597786,-1.3489815189531897,0.0
G6_A_Roll27,school_a,6,sentence_05_own_hindi,own_hindi,devanagari,1.0,data/processed/school_a/G6_A_Roll27/sentence_05_own_hindi.json,2.1662692458861508,-0.0005084050892751,,-0.1794019933554817,0.1109432534853344,-1.5727749625718304,19.943172301730048,18.37906578933287,0.2480183699747441,3.438628158844766,1.097026033157971,-2.153846153846154,-6.293913603672305,0.3846153846153846,0.3846153846153846,0.1562288233007634,0.1744186046511628,,0.7142083681102506,,3.009523809523809,0.07935907219622,1.4615384615384617,0.0240798135026341,0.0591949486977111,1.1128650355169691,0.7221783741120757,,1.0,2,1,1,3,2,own,0,0,1,0.3958842505983291,-0.027368480095311738,,-0.6645849565073076,-0.8558096953420552,-1.155540132212615,-0.7977611581347009,-0.6605089049622919,-0.608124538860487,0.8059076032587783,0.4163275092176965,-3.4322175996337343,-1.1525202796932372,-0.3920117234564825,1.1673878529402608,-1.5132514179916785,-0.4522748115870084,,-0.04078445692318609,,1.193999218138052,0.8742913976388815,1.9899639233916873,0.37192933014646656,-0.6362863713311901,0.7142559558480651,-0.6744907594765952,,0.0
G6_A_Roll27,school_a,6,sentence_06_own_english,own_english,latin,1.0,data/processed/school_a/G6_A_Roll27/sentence_06_own_english.json,1.7677816770535375,-0.0056728514052309,,-0.0361757105943152,0.0491423346244417,-4.209816953025023,20.38838126786777,11.687482528404187,0.2683309708952625,2.4736500729690287,1.0666511500996378,-2.216666666666668,-10.889766541868909,0.375,0.375,0.3146519536098205,0.1744186046511628,,0.5868559455309789,3.3185185185185184,,,,,0.2467811158798283,0.5579399141630901,0.7725321888412017,,1.0,2,1,1,3,2,own,0,0,1,4.627381088967147,-0.41832201359980603,,-0.3632582749853491,-1.1775572741748392,-0.9232054880842266,-1.0245249150548343,-1.4992539060797319,-3.3318028546075396,-1.0734832226504898,-0.7497966607709331,-3.0085146569997403,-5.0,0.0,0.11803588290840421,0.2886496639997861,-1.7843580050791115,,0.0397722041937893,5.0,,,,,-0.608641927143863,-0.9412859196360731,-1.3524464549297421,,0.0
G6_A_Roll28,school_a,6,sentence_01_copy_hindi,copy_hindi,devanagari,1.0,data/processed/school_a/G6_A_Roll28/sentence_01_copy_hindi.json,0.8995379151266204,-0.017061345963355,,0.1947637292464878,0.1695948146609259,9.67320432817755,20.71355420528718,28.928123613669207,0.2885459770455044,2.9963235294117654,1.1018337744410602,0.7566844919786097,2.573586740729334,0.5294117647058824,0.3529411764705882,0.456391447473443,0.5057471264367817,34.911764705882355,0.7541055796474145,,0.1401515151515151,0.0246466965668662,1.4375,0.0119904243763733,0.1233875490745933,1.900168255748738,1.9495232753785756,2.571428571428572,1.0,1,2,0,1,4,copy,1,0,0,-1.9287737016096083,-1.7485403881863295,,1.5054462857452893,-0.45020845560263906,0.9043639561791741,-0.08460765186732276,4.52935465563613,-0.07462187666922197,-0.6856040608271202,1.000374153197373,0.330869004408404,0.27633569021067156,0.688033913858771,0.01822947998585386,0.48271763274371454,5.0,-0.8985510460150538,0.02779995481879855,,-1.7907113343265313,-3.4864950349975095,1.2715583557943162,0.003664690695704006,0.3566759238833771,5.0,3.845952615294665,0.3854232911294834,0.0
G6_A_Roll28,school_a,6,sentence_02_copy_english,copy_english,latin,1.0,data/processed/school_a/G6_A_Roll28/sentence_02_copy_english.json,0.5250496217416794,-0.0017367878998663,0.0021634303204427,0.0745272525027808,0.1735307616690711,1.4213734770907294,24.453424216021588,15.1592408831542,0.4995685048961279,2.8575163398692798,1.0811669160174513,1.2135076252723311,2.2431838207872787,0.4814814814814814,0.3703703703703703,0.3982265813521231,0.3908045977011494,44.82432432432432,0.5820072887591139,0.5220588235294117,,,,,0.1333333333333333,4.895238095238096,4.857142857142857,0.1428571428571428,4.0,1,2,0,1,4,copy,1,0,0,-0.9445540380238792,-0.20916680229470316,-0.8419487788108101,1.2253769533133674,-1.519573310843374,0.31355420453590127,2.2706038709134577,-1.1526332038728575,1.1087728963044303,-0.7756022458558074,1.3919486851788845,1.3628455369252561,0.03446181159898038,0.0,0.6163134119803114,-0.4931814062247598,0.10369943589580938,-1.3764619029970533,-0.7843756188367924,-0.14709194923348276,,,,,-1.4886089883606992,-0.2512049260068698,-0.7585565420415142,-0.6744907594765952,-0.6744907594765952
G6_A_Roll28,school_a,6,sentence_03_dictated_hindi,dictated_hindi,devanagari,1.0,data/processed/school_a/G6_A_Roll28/sentence_03_dictated_hindi.json,0.8608704379724733,0.0587820380423134,,0.2620689655172414,0.1697884409442911,9.755764222290535,22.33266023707024,28.283519453569845,0.2881372086296243,2.9838709677419364,1.085655884046107,0.1726190476190476,7.718696769896097,0.5,0.0,0.3946149909394937,0.4827586206896552,11.464285714285714,1.3072281192267885,,0.219047619047619,0.0199535203838795,0.75,0.0755676512980643,0.3467253714914695,0.5085305448541553,0.693450742982939,0.3333333333333333,1.0,1,2,0,1,4,dictated,0,1,0,0.0,2.4426982819837204,,2.3091907098158586,-0.07248752381843097,1.1731220511442766,0.1405823724122304,0.7661472750840435,-0.40800012491154325,0.0,-0.28187873205598246,-0.7018324735575308,1.3107331939432094,0.0,-1.0423948101001927,0.4252067345780749,0.221404952919894,-0.8668360330915934,1.957030916768,,-0.11430483490317113,-0.586180726891737,-0.6977490615275124,2.780239182708091,1.0987133380337082,-0.248349733622936,-0.2974309304675264,-0.6744907594765952,0.0
G6_A_Roll28,school_a,6,sentence_04_dictated_english,dictated_english,latin,1.0,data/processed/school_a/G6_A_Roll28/sentence_04_dictated_english.json,0.5542483332212621,-0.0025353079667805,,0.0866489832007073,0.1658797239188764,7.879330790150967,21.587056188349344,26.059902504173408,0.4229400854413589,3.5522558537978326,1.0740422514375656,0.7098765432098763,11.95555612342282,0.1666666666666666,0.4166666666666667,0.3603376588226678,0.3103448275862069,40.13157894736842,0.7070105767311381,0.5242165242165242,,,,,0.2094182825484764,1.735180055401662,1.2565096952908588,0.5714285714285714,1.0,1,2,0,1,4,dictated,0,1,0,-0.26800522662226745,0.03394985123449611,,0.8669174897937298,-0.6941939000462142,1.922384007920831,-0.25364734715810044,3.314801154596523,-0.26916219463393265,1.8371308431379387,0.334600847639763,0.0,5.0,-0.39345294302801403,0.47560245860529166,0.0,-0.5415861763284976,0.6329836358164965,0.7429228220709952,0.0653518465995927,,,,,-0.4410456269144994,0.7467008265544716,0.03289213376187825,0.0,0.0
G6_A_Roll28,school_a,6,sentence_05_own_hindi,own_hindi,devanagari,1.0,data/processed/school_a/G6_A_Roll28/sentence_05_own_hindi.json,1.862581766292266,0.0809290397535889,,-0.2215256008359456,0.2691271205788664,8.34638658272626,20.360487611182556,18.34143626627389,0.2279840023738741,3.140845070422535,1.0812476654948358,-1.393333333333333,-9.156162185559516,0.3,0.4,0.2817289614850328,0.1724137931034483,,1.0198656248729272,,2.1575757575757577,0.0728575875787646,0.9,0.018955662863429,0.0442913385826771,0.7381889763779528,0.9153543307086616,,1.0,1,2,0,1,4,own,0,0,1,0.08893631561409533,5.0,,-0.9176959148622956,0.7388926310116033,1.0607301516630505,-0.5514348570877505,-0.6744907594765952,-1.0182419786281562,-0.11928291086083327,-0.7359021392064553,-2.4748195258965566,-1.4978839547487988,-1.1466342911102119,1.315256980979361,-0.21293275163868997,-0.8941525010685712,,0.8624817917847127,,0.3233460536031325,0.33051363762892255,0.20141043512148374,0.011474578730063857,-0.7927364396151843,-0.07457463291874165,-0.07732207763975027,,0.0
G6_A_Roll28,school_a,6,sentence_06_own_english,own_english,latin,1.0,data/processed/school_a/G6_A_Roll28/sentence_06_own_english.json,0.4453440425768145,0.0005424763516576,,0.0488505747126436,0.1476783061057264,1.3279252062818243,19.812394087953397,18.19161982985892,0.4786321731705775,2.828496042216359,1.064149215333445,1.078817733990148,1.635738131442785,0.4285714285714285,0.4285714285714285,0.2381890714604098,0.3333333333333333,,0.4188158972310901,0.646551724137931,,,,,0.1975476839237057,1.3433242506811989,1.659400544959128,,1.0,1,2,0,1,4,own,0,0,1,0.02242256737197516,0.18965702486163663,,0.45219697358738953,-0.013947085344922616,0.01682945615864436,-1.3791899650183213,0.6960383443182028,0.09243071472017922,-0.18584125659905265,-1.0603789349060933,0.1718026884242513,0.7864903437754375,0.15565171372536785,0.2697963037906379,-0.32873934149273226,-0.6556183667713403,,-0.7286155182536379,0.37160303094563196,,,,,-0.767523949464473,0.10816906307103213,0.009476305702283964,,0.0
G6_A_Roll29,school_a,6,sentence_01_copy_hindi,copy_hindi,devanagari,0.0,data/processed/school_a/G6_A_Roll29/sentence_01_copy_hindi.json,2.773623633565799,0.0526870079903696,,-0.0703211517165005,0.2983974728297594,9.528142063940278,23.20154964387864,20.879071403743414,0.2803965399981268,3.211805555555556,1.0873076057699207,-1.9500000000000008,-5.627862612375033,0.4,0.35,0.4226007188022256,0.1744186046511628,68.82352941176471,1.0153987376297395,,1.565079365079365,0.0550972551729892,0.5714285714285714,0.0157288796779648,0.0588235294117647,0.9411764705882352,0.9243697478991596,3.0,1.0,3,0,0,0,3,copy,1,0,0,1.0049766002705773,4.717529216262251,,0.15424044324952993,1.119247552874511,0.875658513107353,1.7427720976364542,0.4040603529280424,-0.2774000216500811,-0.1568506151987305,-0.411175062575013,-1.1659825445489607,-0.7481422448566781,-0.4441737924911049,-0.01822947998585386,0.281376069597834,-0.6744907594765952,1.7647634939730097,1.7836668966332312,,-0.25330989207939386,-1.053468238487864,-1.210155135393786,0.3032409521628451,-1.4105260671777822,1.0568943524562031,-0.03756395381637789,0.6744907594765952,0.0
G6_A_Roll29,school_a,6,sentence_02_copy_english,copy_english,latin,0.0,data/processed/school_a/G6_A_Roll29/sentence_02_copy_english.json,1.015205662601674,0.0100302363131787,0.0265669968436977,0.0084566596194503,0.2853268358314712,2.1697993574140457,25.48864323818658,20.1203689533892,0.4588160225115232,3.286969253294288,1.0756818452200894,-1.0964157706093187,-6.001673774747821,0.5333333333333333,0.2111111111111111,0.5524840398379189,0.3604651162790697,187.9189189189189,0.7073842352599423,0.3805358119190815,,,,,0.538375350140056,12.417366946778712,6.998879551820728,0.2857142857142857,9.0,3,0,0,0,3,copy,1,0,0,0.4001470823490636,1.412836414793759,0.6242715167010012,0.33221523304118067,1.789226246750952,0.44835249976122005,3.249529660911539,2.2827420877375957,0.12107082985786298,0.6806746589729379,0.252722809489916,-1.5829847010652818,-0.460296831803449,0.5395926075812778,-0.2752109199119456,0.690255863674457,-0.26855742282226197,1.8567579485636823,0.5914789344558489,-0.5449581915539885,,,,,-0.6744907594765952,3.463474084449343,0.2324962498730539,-0.22483025315886496,1.011736139214893
G6_A_Roll29,school_a,6,sentence_03_dictated_hindi,dictated_hindi,devanagari,0.0,data/processed/school_a/G6_A_Roll29/sentence_03_dictated_hindi.json,0.2434749924548651,-0.0338983050847457,,0.375968992248062,0.1444546135936761,6.049793508179334,22.069319377504357,24.000459713614656,0.2769775157039452,1.890179514255544,1.1102185525714416,2.821428571428571,0.0059671458327979,0.0,1.0,0.2267786838055363,0.4883720930232558,54.21428571428572,,,,,,,0.432520325203252,2.868292682926829,2.094308943089431,1.1666666666666667,1.0,3,0,0,0,3,dictated,0,1,0,-0.7479269335519632,-1.1816572975363866,,3.2606059327250803,-0.28224995143312415,0.48592906757856885,0.0,-0.19240390899433576,-0.6767771408628802,-3.703047214478318,2.02272920339826,5.0,-0.6744907594765952,-2.3607176581680824,3.127184430300578,-1.2303155807228716,0.24758979628847594,0.6680792503560954,,,,,,,1.785946966227793,4.1349039837612915,1.1919601103609703,1.0117361392148931,0.0
G6_A_Roll29,school_a,6,sentence_04_dictated_english,dictated_english,latin,0.0,data/processed/school_a/G6_A_Roll29/sentence_04_dictated_english.json,4.54826087686715,-0.361578244340172,,-0.0116279069767441,0.34218462719912,-0.4119543197950517,24.25890900530775,11.391110313447868,0.2752126020150047,2.2383929486522494,1.075551070678621,-2.033333333333333,-2.997445835577546,0.75,0.25,0.7853864554511325,0.1744186046511628,18.5,,,,,,,0.1866883116883116,0.2597402597402597,0.3246753246753247,0.7142857142857143,1.0,3,0,0,0,3,dictated,0,1,0,5.0,-5.0,,-0.014216432869529791,2.3304683678685403,0.09500639850810962,0.9104269994154548,-1.8695277622462596,-3.4244331798948298,-1.6353090023449737,0.5335537429099351,-2.7702744317134824,-2.3890857080700427,1.1456423929345112,-0.12970976143780671,3.275228009529424,-1.6548552354600188,-1.4994448422210456,,,,,,,-0.5335022392045129,-1.1494660226322617,-1.114200103388919,0.6744907594765952,0.0
G6_A_Roll29,school_a,6,sentence_05_own_hindi,own_hindi,devanagari,0.0,data/processed/school_a/G6_A_Roll29/sentence_05_own_hindi.json,1.1072639489564633,-0.0010041069174491,,-0.0915065722952477,0.2508235206574473,9.33598019832064,22.853642603915063,29.009563947939693,0.3964279719383988,3.1678252234359463,1.0923391178185984,0.1525974025974026,14.52324843450772,0.5,0.2272727272727272,0.4199749614607617,0.3255813953488372,,,,,,,,0.0762112139357648,1.2498639085465433,1.600435492651061,,1.0,3,0,0,0,3,own,0,0,1,-0.6744907594765952,-0.05956485677919541,,-0.13644181800975883,0.5543681664650717,1.2818382476789412,0.9201853624106299,3.2894236635491514,2.4299232401784554,-0.035457527190589005,0.07406125398923512,-0.5286707315696471,1.3593131198337243,0.6370190506167854,-0.34491004745962306,1.2194469805105395,5.0,,,,,,,,-0.4576587879548262,1.002688854178009,2.040482962056517,,0.0
G6_A_Roll29,school_a,6,sentence_06_own_english,own_english,latin,0.0,data/processed/school_a/G6_A_Roll29/sentence_06_own_english.json,2.3547283742341443,0.171184076839096,,0.0348837209302325,0.344350997557229,1.677589575136018,24.485706846296942,18.063938925141876,0.4047880321513551,3.062718879337789,1.0775529497389944,-0.2526881720430109,-17.633556840431417,0.6666666666666666,0.3333333333333333,0.5673823831752908,0.3604651162790697,,0.5303196567615543,0.1751152073732718,,,,,0.4368563685636856,0.7897018970189702,0.7392953929539295,,1.0,3,0,0,0,3,own,0,0,1,5.0,5.0,,0.318246111429908,2.3085585356712275,0.07618518562812784,1.4984100245844176,0.6529431746349877,-1.1099380013899698,0.40006372092571496,0.6035182896862382,-1.1131711769194144,-5.0,0.8474371080603372,0.0,2.3292866918093003,-0.46290672120659937,,-0.21874825329644407,-0.6992420773752368,,,,,0.004753063610110214,-0.6315983483401131,-1.4034866668136103,,0.0
G6_A_Roll30,school_a,6,sentence_01_copy_hindi,copy_hindi,devanagari,0.0,data/processed/school_a/G6_A_Roll30/sentence_01_copy_hindi.json,1.9910999878475024,-0.0126226933305139,,0.1269841269841269,0.3314774264516848,15.72204006294012,24.102491365450245,19.812892898707936,0.3403456360450956,3.85002516356316,1.0845978396603075,-5.854901960784313,-4.247813920539576,0.3529411764705882,0.2941176470588235,0.4869676270431908,0.1785714285714285,92.44117647058825,0.3913362370358706,,1.674074074074074,0.0612711942946036,1.5294117647058822,0.0741526976788636,0.1101694915254237,0.6440677966101694,0.6440677966101694,2.571428571428572,1.0,2,1,4,0,0,copy,1,0,0,-0.2200095139005613,-1.3370520125185499,,1.1599562138625097,1.5223256625205337,2.101329347199256,2.404494636169357,-0.1423766681995954,1.2142817250781175,1.409223469219032,-0.6744907594765952,-3.3254727126305235,-0.5757544907862551,-0.8558856857092421,-0.7109497194483032,0.6649053520291525,0.6905500632736433,3.6196130825336477,-2.4099779843894353,,-0.13571192189847744,-0.5601649951152919,1.5349300119240417,4.984957748374096,-0.005119666614869962,-0.6416276962523026,-1.0994120019437905,0.3854232911294834,0.0
G6_A_Roll30,school_a,6,sentence_02_copy_english,copy_english,latin,0.0,data/processed/school_a/G6_A_Roll30/sentence_02_copy_english.json,1.3360674690544838,-0.0045879384893382,0.0051168755327946,0.0863899613899614,0.3364698488178765,9.3835526283208,23.91996356369689,11.772113652029145,0.2866492071785464,2.496948281400578,1.0822436635599786,-0.8843137254901964,-12.815035328178226,0.4705882352941176,0.3235294117647059,0.4817506324016494,0.1785714285714285,130.27027027027026,0.8025531165441101,1.4748538011695906,,,,,0.3074792243767313,2.559556786703601,3.32409972299169,0.5,6.0,2,1,4,0,0,copy,1,0,0,1.2804039692476994,-0.6021782676234013,-0.6644992528201743,1.385740543442972,3.3028928044660204,1.747614950004422,1.7661517894421248,-3.4980782386745415,-4.051669315712907,-1.9982902746298925,1.6155845701744918,-1.3124923465718268,-0.8691540473617873,-0.11335979150867143,0.3541003731884715,0.14760106170417991,-2.5003415414992296,0.554187744884572,1.6358379039552688,2.5315180742680075,,,,,-1.1385827231810366,-1.4046425369766664,-1.4679465814433876,0.4496605063177303,0.0
G6_A_Roll30,school_a,6,sentence_03_dictated_hindi,dictated_hindi,devanagari,0.0,data/processed/school_a/G6_A_Roll30/sentence_03_dictated_hindi.json,1.846392344842312,0.0203095405977312,,-0.1860119047619047,0.3173996363490654,10.815233694103476,23.393330109828664,17.98644463424522,0.3247064393348834,3.093183779119931,1.0820886187973473,0.5523809523809522,11.140275010463588,0.4285714285714285,0.5714285714285714,0.3077534333153598,0.1785714285714285,21.642857142857142,0.7167334249700014,,1.6083333333333334,0.0789329635975,1.0,0.0316083839367754,0.2859477124183006,0.196078431372549,0.3022875816993464,2.5,1.0,2,1,4,0,0,dictated,0,1,0,1.1938837306055567,0.9381935934309004,,-1.4336614502234928,1.1497234853073028,1.3695779984510619,0.7068123425899234,-1.5383438737390522,0.47275607241880974,0.370113984515207,-0.6165796539726011,0.18345506488829502,2.191432947825678,-0.3372453797382978,1.3402218987002477,-0.43158789731154806,-1.1975196461500601,-0.5013800132230962,-0.4520542601958557,,3.4386135019293627,1.9826708437824996,0.0,0.45818499409772656,0.6118729196763197,-0.8287289446570572,-0.7133152133118905,3.7096991771212737,0.0
G6_A_Roll30,school_a,6,sentence_04_dictated_english,dictated_english,latin,0.0,data/processed/school_a/G6_A_Roll30/sentence_04_dictated_english.json,,,,,,8.333253878183438,21.91627389677964,15.86876732906782,0.4210634683538421,2.89056197902662,1.065376818876528,,,,,,0.3571428571428571,,,,,,,,0.5638474295190713,1.0281923714759535,1.1774461028192371,0.5714285714285714,1.0,2,1,4,0,0,dictated,0,1,0,,,,,,2.0224274724099467,-0.11021358973365261,-0.2870084625005393,-0.309244346643504,0.0883242003223844,-0.8080230332571994,,,,,,-0.15829885171389518,,,,,,,,1.0006332220087122,-0.16188698094891407,-0.06443549872880025,0.0,0.0
G6_A_Roll30,school_a,6,sentence_05_own_hindi,own_hindi,devanagari,0.0,data/processed/school_a/G6_A_Roll30/sentence_05_own_hindi.json,0.6596672291907235,-0.0029774511172688,,0.3785714285714285,0.1211195362065692,12.647340771792598,22.200293385570653,17.351794434118407,0.3136371571733115,3.2460474308300395,1.0822026527568815,1.3037037037037038,2.7827193978015146,0.3333333333333333,0.3333333333333333,0.4283622958925935,0.1785714285714285,,0.4714045207910316,,1.7999999999999996,,,,0.0734893848666303,0.1878062057702776,0.3837778987479586,,1.0,2,1,4,0,0,own,0,0,1,-1.1268929757995665,-0.18773572396843305,,2.6881475374043697,-0.7532193235970643,2.0217062299341726,0.5345366871731118,-1.0422080993105152,0.7351376764822768,0.20757321259372324,-0.6661633258710642,0.9204395603551707,-0.0573186433445473,-0.8493587341557124,0.6744907594765952,1.3063489367987682,0.463043259481928,,-0.7583087933735443,,-0.04208052866609782,,,,-0.4862310828844887,-1.2333323234507445,-1.7205948884089801,,0.0
G7_A_Roll01,school_a,7,sentence_01_copy_hindi,copy_hindi,devanagari,0.0,data/processed/school_a/G7_A_Roll01/sentence_01_copy_hindi.json,0.948508351197555,0.0624574212469604,0.0652649864024842,0.09,0.227050655141094,3.638747438700828,21.49499544657594,25.78480534527504,0.3508075068264992,3.804981452040277,1.0792550101177911,-0.1337719298245613,-28.34146244684757,0.5416666666666666,0.2083333333333333,0.4622075688321492,0.38,67.1470588235294,1.1459370807808311,,0.3188259109311741,0.0207475934359623,0.6538461538461539,0.011947050531862,0.171,1.805,1.6720000000000002,1.0,2.0,4,2,1,0,4,copy,1,0,0,-0.07913196615962868,2.870170895201059,0.11205817958314737,0.5966276260414337,0.049238815912548035,0.16654650459064743,1.1217351918345742,0.2094451317128044,0.23109422759428686,2.1180110064692275,-0.6744907594765952,0.43747583977706794,-4.104619588104308,-0.032427440359451686,-0.26230196201867606,0.24077170552093158,0.14067950126226153,0.13787932652283957,2.1317661925105638,,-0.43963866336855134,-0.41710414983021027,-1.3429511528512574,0.0,0.2119248426342228,0.03992709165614021,0.010642456288506184,1.011736139214893,5.0
G7_A_Roll01,school_a,7,sentence_02_copy_english,copy_english,latin,0.0,data/processed/school_a/G7_A_Roll01/sentence_02_copy_english.json,,,,,,-2.8402268705049307,22.824248227176717,17.001994118052707,0.4309741532987445,3.4042553191489384,1.0912751580829558,,,,,,0.52,,,,,,,,0.338,2.236,1.638,0.3571428571428571,1.0,4,2,1,0,4,copy,1,0,0,,,,,,-0.27778395461181066,0.5300893679169142,0.5247899869287151,0.07632864609335309,0.6744907594765952,4.980400942985911,,,,,,0.8832730581697037,,,,,,,,0.8457327312810026,-0.4184114210224731,-0.6744907594765952,0.6744907594765952,-2.023472278429786
G7_A_Roll01,school_a,7,sentence_03_dictated_hindi,dictated_hindi,devanagari,0.0,data/processed/school_a/G7_A_Roll01/sentence_03_dictated_hindi.json,1.4278654991626432,0.0870276262370361,0.0981004976408579,-0.1671428571428571,0.3484701257947782,7.965462409034224,22.48107138104064,21.13972606938654,0.2859793012132802,3.893856359965388,1.0918452644243124,-1.996491228070175,-5.952805289081439,0.5263157894736842,0.3157894736842105,0.3385702440831014,0.15,89.57142857142857,0.8429455404018337,,2.498412698412698,0.0712873210578773,1.2857142857142858,0.0095695257015323,0.045,0.6074999999999999,0.7575,0.8333333333333334,2.0,4,2,1,0,4,dictated,0,1,0,0.7095684852219806,5.0,0.8551764773372926,-0.7497746683059967,1.6847268749160402,1.1573838502160245,1.7608364324207895,-0.6829952397624249,-0.35391409416052755,2.1895833847436457,0.1151777801727674,-1.1434785163321268,-0.8997347077615889,0.17010183627150954,0.036994230021154095,-0.6835432232618993,-0.7889829497488209,1.2577086868221834,0.6744907594765952,,5.0,0.4520910931678928,0.3291023437949866,-0.10617400101839103,-0.6192270707175712,-0.5873414126970171,-0.3038855302126778,1.3489815189531904,5.0
G7_A_Roll01,school_a,7,sentence_04_dictated_english,dictated_english,latin,0.0,data/processed/school_a/G7_A_Roll01/sentence_04_dictated_english.json,0.12496593920796,-0.0122926545847983,0.0330327216792246,0.2025,0.2088574359974491,-2.324117614251329,21.12767446918519,16.97526294283225,0.4275676344160761,3.371718102257024,1.0678488357900906,0.4983818770226538,7.259171039180964,0.1666666666666666,0.3333333333333333,0.5099322152968283,0.515,56.60526315789474,0.6722361020732414,0.5533980582524272,,,,,0.28325,2.4205,1.67375,0.5714285714285714,2.0,4,2,1,0,4,dictated,0,1,0,-1.1183637338264754,-0.6744907594765952,-0.26201560146101893,1.990290954490433,0.33155958083640086,0.0,-0.16042609346354914,0.63631387801265,0.0,1.7475443272445608,-0.3341540714490715,-0.28149750470357193,1.7773681213958714,-0.6744907594765952,-0.5951389054205252,0.7956084531522359,0.5913419327452146,1.4210339442978717,0.5190555374496577,0.05377780639098518,,,,,-0.07027795141580513,2.1317428260641327,0.8914973393009809,0.0,5.0
G7_A_Roll01,school_a,7,sentence_05_own_hindi,own_hindi,devanagari,0.0,data/processed/school_a/G7_A_Roll01/sentence_05_own_hindi.json,2.0017605395995246,0.0220524850776691,,-0.2853846153846153,0.2544803654710052,10.146907004707687,23.46214724594332,20.64642429400751,0.3232029682706756,3.923841059602649,1.0840140847803834,-1.3722222222222218,-16.176028117440165,0.25,0.4166666666666667,0.4275041159766444,0.15,,0.9961331729498876,,2.62051282051282,0.0723882613400425,0.8,0.0373787133907679,0.0349650349650349,0.541958041958042,0.6206293706293706,,1.0,4,2,1,0,4,own,0,0,1,0.3549799536803617,1.1437906471317094,,-1.1589112248110622,0.34085928606623184,1.0809302715734725,1.2140803449531437,0.5896802935191563,0.9530311747543369,2.2291290738782408,-0.5648787637301471,-0.6986045468198923,-1.128292476210062,-1.4754485363550511,0.4982034018861218,0.38152342026203,-3.9214892755969117,,1.0920410742059101,,1.282223438485572,0.011474178715115958,-0.3975858520934341,1.6717719974473038,-0.6917369384280642,-0.7192965828322206,-1.4359268634374918,,0.0
G7_A_Roll01,school_a,7,sentence_06_own_english,own_english,latin,0.0,data/processed/school_a/G7_A_Roll01/sentence_06_own_english.json,0.2503757636017483,0.0092703015023781,,0.055,0.1491084616423003,-3.848206903576581,22.35244786461025,17.983209539620148,0.459727810854594,3.0527966544694185,1.0679291298449236,2.1038251366120218,0.1870670917405801,0.0,0.6666666666666666,0.2676047084328113,0.61,,0.4595825264286813,0.3360655737704918,,,,,0.1892059553349876,2.1191066997518613,1.6271712158808933,,1.0,4,2,1,0,4,own,0,0,1,-0.7122405829191785,2.3792331438355436,,0.8509807068975966,-0.013551058005642179,-0.5921471441408931,0.17183944863840359,0.6849066727628206,0.21409823063449307,0.49537278532451107,-0.9835463299284344,0.8239438826143425,-0.5324891207020361,-1.4307379746473232,0.9662126582033872,-0.09986885649401675,2.245428018642525,,-0.821797254381687,-0.2362425800726157,,,,,-0.7266926144775647,1.0790880548040096,0.08545107572860901,,0.0
G7_A_Roll02,school_a,7,sentence_01_copy_hindi,copy_hindi,devanagari,0.0,data/processed/school_a/G7_A_Roll02/sentence_01_copy_hindi.json,1.910738731228761,-0.0972599824802489,,0.1025219298245614,0.2332899714046521,6.648760029398493,21.482605710122144,33.21253395490988,0.410580963120115,3.50967741935484,1.0819687345084432,-0.7952853598014891,-4.937741464590022,0.6774193548387096,0.0967741935483871,0.3974320890190367,0.3040935672514619,63.88235294117647,0.4066539783566541,,0.4350961538461538,0.0295095697556554,0.2258064516129032,0.0297597602579932,0.116591928251121,1.5989750160153746,1.9154388212684177,4.571428571428571,1.0,3,3,3,1,0,copy,1,0,0,0.9210410078450538,-4.028893093548372,,0.6662535066442751,0.11682562193721477,0.8330620744163408,1.1133783301880722,2.1717892448928002,1.0944087698596283,1.4343077998771625,-0.09104445135034796,-0.03962910973129724,-0.33783993760477593,1.1297301802647692,-0.9645943119396464,-0.22541131357408234,-0.16650962358006174,0.0,-1.3094493752646295,,-0.3134864268800806,0.059772392652355705,-2.2609945620089094,1.5210539878446805,-0.5020193874271159,-0.12079292591165448,0.32913796734086526,5.0,0.0
G7_A_Roll02,school_a,7,sentence_02_copy_english,copy_english,latin,0.0,data/processed/school_a/G7_A_Roll02/sentence_02_copy_english.json,2.0679786533802718,-0.1966622186020099,0.3751794123204592,-0.0989278752436647,0.2990779509842696,4.0024610545057975,22.86633276869972,14.011187584401002,0.4243247765568032,3.0375508251614454,1.0754495810076126,0.547008547008547,8.334396091086925,0.2222222222222222,0.5555555555555556,0.4669502726095961,0.4561403508771929,37.391891891891895,0.7476847303098774,1.1748251748251748,,,,,0.3844731977818854,2.45101663585952,2.5951940850277264,0.3571428571428571,3.0,3,3,3,1,0,copy,1,0,0,0.8375635508893529,-4.073190095066272,5.0,-0.9114783689683188,0.6928028249262429,1.474318164082513,0.5565402755427685,-0.5263182442518111,0.0,0.09661450148602366,0.18230559365098445,0.7548387009499409,1.853768116826285,-1.8673401581805722,1.2590494176896438,0.0,0.3269802082392263,-1.4505614526093047,1.0843630940079314,0.6528888641849343,,,,,1.1422348884117335,-0.2397298581300749,-0.02407274985745343,0.6744907594765952,-0.6744907594765952
G7_A_Roll02,school_a,7,sentence_03_dictated_hindi,dictated_hindi,devanagari,0.0,data/processed/school_a/G7_A_Roll02/sentence_03_dictated_hindi.json,1.460912805558485,0.0110480636907148,0.0013533396901001,-0.1418670132120424,0.3518489788844382,5.631891581460549,21.67874565363634,20.498752763616505,0.2869726522119066,3.115284974093264,1.0974815332447567,0.5573333333333335,15.459143059242528,0.32,0.4,0.3498134652713784,0.175438596491228,81.89285714285714,0.8041747900045075,,1.7160493827160492,0.067700046832917,0.72,0.0072756988292294,0.0798816568047337,0.9763313609467456,1.1715976331360949,0.6666666666666666,2.0,3,3,3,1,0,dictated,0,1,0,0.7590531146979589,0.8303103858257213,-1.3343610269515973,-0.5720788457869322,1.7343502240351918,0.7929832638678137,1.2518402135154287,-0.8329254794166763,-0.3313652959657737,0.09303262226051075,0.542338148395024,0.3479843146870635,2.623522559278796,-1.1634965600971265,0.4315993502467967,-0.5711284433702578,-0.6744907594765952,0.9251042985481742,0.5057559788029407,,5.0,0.24735809746280824,-0.9614076417234386,-0.31416015137080056,-0.06027467068128723,0.0,0.18086477418205843,0.674490759476595,5.0
G7_A_Roll02,school_a,7,sentence_04_dictated_english,dictated_english,latin,0.0,data/processed/school_a/G7_A_Roll02/sentence_04_dictated_english.json,0.5524467668154981,-0.0635340917728735,0.0434831164755302,-0.0721247563352826,0.1897718636579143,3.1067194830273066,22.815367903940363,14.230347146064444,0.4822730769147332,2.789533560864619,1.0768275111322347,1.8888888888888888,0.5174687750025626,0.0,0.5,0.4391598706946645,0.5263157894736842,62.71052631578947,0.7138448992208206,0.8222222222222223,,,,,0.5365853658536586,2.097560975609756,2.5853658536585367,0.7142857142857143,2.0,3,3,3,1,0,dictated,0,1,0,0.029864492246102204,-2.865201758365796,-0.06388799852778337,-0.6093672158592598,-0.018043943914991332,1.2726946479557029,0.9939487928153593,-0.5409532531334713,0.6088329936871428,-0.20674193596429927,0.5592269576102623,0.6376396557321097,0.04394483909321561,-1.6187778227438276,0.35708334325231506,0.36724670642200674,0.6744907594765952,1.8853717965191477,0.6490268153508103,0.6564875920914349,,,,,0.9114617640989291,1.6908507976156828,2.062151628512297,0.6744907594765952,5.0
G7_A_Roll02,school_a,7,sentence_05_own_hindi,own_hindi,devanagari,0.0,data/processed/school_a/G7_A_Roll02/sentence_05_own_hindi.json,2.337172809992237,0.0130077348092313,,-0.0981156595191682,0.2984347899972009,8.144005122613532,23.59551720738056,19.66161159662485,0.2460372845802744,3.2196339434276204,1.094708164222162,1.5921568627450975,3.2823714679466494,0.5882352941176471,0.3529411764705882,0.3752095726380728,0.175438596491228,,0.6934739381394898,,1.414814814814815,0.0722639924506031,0.5625,0.0173454342492837,0.0476568705321683,0.5242255758538522,0.8339952343129468,,1.0,3,3,3,1,0,own,0,0,1,0.7306324730729878,0.16572269203150566,,0.46582557194875257,0.6744907594765952,0.7806714900625068,1.2824720132471126,-0.005985319687987863,-0.9348923044260864,-0.04874698969119342,0.0439086158506014,1.2406953509497713,0.6744907594765952,0.7869058860560281,0.0,0.004730081566936485,-0.6744907594765953,,-0.09849466155758017,,-0.3753063826129796,-0.004889571517426435,-0.8059172677569613,0.2532585820123068,-0.4741974178692612,-0.8047358429428263,-0.10061211067352108,,0.0
G7_A_Roll02,school_a,7,sentence_06_own_english,own_english,latin,0.0,data/processed/school_a/G7_A_Roll02/sentence_06_own_english.json,0.5204703325491896,0.0035972212209295,,-0.087719298245614,0.2034213699523518,2.476658894204099,21.05706026182115,12.795891072288647,0.5033346831313887,2.7104247104247112,1.07788045627394,4.180232558139535,0.2198435273041211,0.0,1.0,0.1793284773797048,0.5029239766081871,,0.7551470083950005,0.6465116279069768,,,,,0.3583333333333333,0.8190476190476191,0.9726190476190476,,1.0,3,3,3,1,0,own,0,0,1,0.49474125540753444,0.7066575605200888,,-1.7431029343169875,0.969656707520478,0.7288739765432162,-0.6780887368041518,-1.8453248385730934,0.9475514998769886,-0.33651106501986044,0.6596284001469316,2.586098468300851,-0.515789105344039,-1.4307379746473232,2.3969506328507104,-0.665989030565977,0.7399799402337142,,1.374681296742846,1.2253298857448283,,,,,0.39789973252137645,-0.7687166973324905,-1.6534719791589405,,0.0
G7_A_Roll03,school_a,7,sentence_01_copy_hindi,copy_hindi,devanagari,0.0,data/processed/school_a/G7_A_Roll03/sentence_01_copy_hindi.json,2.8036598308987197,0.0030148820011019,0.0671192582809266,-0.1386054421768707,0.1903095494302893,5.291409787306351,20.053064922200853,19.481648087585725,0.2453352002550685,3.217993079584775,1.090325523878399,-2.2616666666666667,-4.801863222363619,0.5,0.175,0.5464335125450933,0.1785714285714285,117.47058823529412,0.6879655607167501,,1.6523809523809525,0.0546698584068682,1.05,0.0120239685552359,0.0807416267942583,1.0855263157894737,1.1483253588516746,6.0,2.0,1,4,2,3,0,copy,1,0,0,1.84917170330228,0.3025240868960773,0.15402321408125955,-0.6744907594765952,-0.34875575270895365,0.5325001854538114,0.14915486770830674,-1.4557965847158296,-1.2922537886573653,0.7589850939867402,1.7056516031512687,-1.0972308872134604,-0.315970620407221,-0.3891292843134202,-0.47214353163361644,0.8469378788864069,-0.6744907594765952,2.263208404726254,0.0,,1.0072573501056816,1.4291382779363235,-0.4932953251873783,0.006568145329307658,-0.9724480398009996,-0.5213340764287507,-0.6744907594765952,5.0,5.0
G7_A_Roll03,school_a,7,sentence_02_copy_english,copy_english,latin,0.0,data/processed/school_a/G7_A_Roll03/sentence_02_copy_english.json,,,,,,0.409237521389763,19.58722811984641,17.42795029967832,0.4667157454642133,3.6864269517330728,1.0743277501410635,,,,,,0.5714285714285714,,,,,,,,0.2590393955747436,2.3572584997301678,1.683756071235834,0.1428571428571428,1.0,1,4,2,3,0,copy,1,0,0,,,,,,0.554256540008807,-1.5044372478768222,0.6744907594765952,0.4866088039318066,1.119154759570282,-0.15781795684599426,,,,,,1.331276562116853,,,,,,,,0.3419587140438984,-0.317644063375181,-0.6433992878025504,-1.3489815189531913,-2.023472278429786
G7_A_Roll03,school_a,7,sentence_03_dictated_hindi,dictated_hindi,devanagari,0.0,data/processed/school_a/G7_A_Roll03/sentence_03_dictated_hindi.json,2.6315130355942618,-0.0029276544104164,0.0186612752735906,-0.2160714285714285,0.206170296291489,5.016449116247173,18.642289110892115,19.32972978385251,0.3015704167940704,2.886261720342438,1.0852790393457292,-4.170370370370371,-3.742548023780616,0.5,0.3888888888888889,0.4769266219887834,0.1785714285714285,119.75,0.9473874442748264,,2.298245614035088,0.0631995156853046,1.1578947368421053,0.0024714295553558,0.0683760683760683,0.8888888888888888,1.017094017094017,0.6666666666666666,2.0,1,4,2,3,0,dictated,0,1,0,2.5118954781259206,-0.12190131664140526,-0.942655731575819,-1.0937553784449419,-0.40515212593391975,0.6968783620849421,-0.6744907594765952,-1.106371961414517,0.0,-0.523685235588592,-0.38246191937880447,-2.4130488653958726,-0.5360450123953339,0.0,0.37953339688369103,0.6998060419014479,-0.6603907360440551,2.5649212825967775,1.1290339798823503,,5.0,-0.009496317988222664,0.0375198111818389,-0.7497734418045996,-0.2446430996820416,-0.13924679543613025,0.0,0.674490759476595,5.0
G7_A_Roll03,school_a,7,sentence_04_dictated_english,dictated_english,latin,0.0,data/processed/school_a/G7_A_Roll03/sentence_04_dictated_english.json,0.0,0.0059772863120143,0.0084531593686377,0.0654761904761904,0.1017143303013991,0.0094739103216851,18.65392743896548,16.612500018953217,0.4665342835007275,3.692437684833122,1.0580455197668177,-0.4383561643835616,-1.590990257669732,1.0,0.0,0.2177099105501002,0.4345238095238095,69.92105263157895,1.0179536064183297,1.4520547945205482,,,,,0.1597374179431072,1.6772428884026258,1.3777352297592995,0.5714285714285714,2.0,1,4,2,3,0,dictated,0,1,0,-1.454026550564503,0.1065989731317895,-0.7280161551880681,0.6931935233829567,-1.6310542060479716,0.5468677094599451,-1.8524581816886985,0.4807284618100367,0.4336713228623836,2.8241408872828764,-1.3095871084313317,-0.9006894513120491,-0.49818114538333286,4.046944556859569,-2.4995834027662056,-0.9731171358967756,0.0,2.433770811642552,1.5989556766716002,2.0685863003003417,,,,,-0.5489209816237135,1.1170121467675054,0.5113690659043905,0.0,5.0
G7_A_Roll03,school_a,7,sentence_05_own_hindi,own_hindi,devanagari,0.0,data/processed/school_a/G7_A_Roll03/sentence_05_own_hindi.json,0.4416891011516256,-0.0241313901035086,,0.2714285714285714,0.1173691194653927,6.9925794691656025,19.642662882313907,28.52680005105568,0.4745560395250437,2.732919254658385,1.1087907530042165,-2.921052631578948,-3.287966946694944,0.5,0.5,0.7186077329042775,0.6785714285714286,,0.8257281429226732,,0.2596491228070176,0.0204438674650689,3.2,0.0001927734429893,0.4007029876977153,2.654657293497364,1.7530755711775046,,1.0,1,4,2,3,0,own,0,0,1,-1.3922571572317395,-3.850373593608506,,3.6719742220351894,-0.699869321328473,0.6080591085996336,-0.744538408747765,5.0,4.6560116085651435,-1.6231073076569813,0.8455954154498918,-1.711851020511417,0.06576156287815628,0.1967264715140073,1.1497001581987418,2.4789870699250325,5.0,,0.4217384550628326,,-1.9633670526680775,-5.0,3.7287105588222076,-0.9612844437348032,5.0,5.0,5.0,,0.0
G7_A_Roll03,school_a,7,sentence_06_own_english,own_english,latin,0.0,data/processed/school_a/G7_A_Roll03/sentence_06_own_english.json,0.9317469953032236,-0.1069573404184202,0.2231635211032341,-0.0619047619047618,0.2395984294760869,0.0765810273613996,18.868476631367656,18.109512090311316,0.5732785038713232,4.56859093730602,1.063913758554442,-1.0276769509981851,-6.91883566417582,0.25,0.625,0.5185715102575613,0.655952380952381,,0.6593075922677676,0.2205081669691469,,,,,0.450297176820208,4.42109955423477,2.9473997028231795,,2.0,1,4,2,3,0,own,0,0,1,2.33262886790646,-5.0,3.3426481713349974,-1.2738947245617798,1.6245574845988118,0.2275900513572971,-2.1140596459865066,0.7465135888859583,2.123983592034064,4.178398822561485,-1.64656916245767,-1.833622598105387,-4.153037942314604,-0.4343311708750801,0.787370411372472,1.5095946178792565,2.8915009807465792,,0.6624535605977628,-0.7802840383282185,,,,,1.0094023514939199,4.35096500180675,3.592850279308743,,5.0
G7_A_Roll04,school_a,7,sentence_01_copy_hindi,copy_hindi,devanagari,0.0,data/processed/school_a/G7_A_Roll04/sentence_01_copy_hindi.json,0.8736830983949734,-0.2304918221396033,0.3407360185185448,-0.0553571428571428,0.2949194608088225,7.2120462769544655,21.13907139089065,29.218533399910488,0.2819361537488505,2.8901734104046235,1.0823356453998492,0.1590038314176246,31.1382577511859,0.5,0.4444444444444444,0.6777503864431736,0.3452380952380952,60.088235294117645,0.4530541384437243,,0.1844827586206896,0.0284113310243794,1.3,0.0177039516155185,0.1771533292608429,1.7538179596823458,1.6475259621258398,2.857142857142857,2.0,4,4,4,3,1,copy,1,0,0,-0.15690772254739027,-5.0,5.0,-0.21160394969302473,0.7844212638006286,0.957792135488187,0.8816648641793928,1.1166075212398676,-0.7636222292450253,0.0,-0.012159209451973156,0.6486352183396441,5.0,-0.3891292843134202,1.2240758227538202,1.7920130355436645,0.0,-0.1602381362292464,-1.0934658735244913,,-0.5853998546758709,0.0,0.04289524566846772,0.49159041412308174,0.29266900026074066,0.0,-0.02137737998752807,5.0,5.0
G7_A_Roll04,school_a,7,sentence_02_copy_english,copy_english,latin,0.0,data/processed/school_a/G7_A_Roll04/sentence_02_copy_english.json,0.8079468961613122,-0.0199672825038693,,0.0343915343915343,0.2767341506273788,1.0122652601112592,23.8174257942646,18.1317130617473,0.4886408562645297,2.617560013153568,1.0811685755159126,0.9000000000000001,8.73283817879505,0.125,0.625,0.5812730244327466,0.4166666666666667,20.31081081081081,0.5850670137003308,0.8253968253968255,,,,,0.4653739612188365,1.6094182825484764,1.551246537396122,0.2142857142857142,1.0,4,4,4,3,1,copy,1,0,0,-0.29733528948414195,-0.29571776073687894,,0.2745789877073308,0.33946831525345383,0.7086646016103778,1.1543197178840858,0.9218256585032644,0.7382886361601593,-0.5652337245731077,1.9162253630538477,1.002707794521629,1.9053807953813575,-2.648781420027877,1.6525023607176572,0.9990052036668171,-0.01688213031669926,-2.3065416935514906,-0.4506006964153471,0.06679302790963675,,,,,1.6583872518699003,-0.9391088084896879,-0.7334401568422805,-0.6744907594765962,-2.023472278429786
G7_A_Roll04,school_a,7,sentence_03_dictated_hindi,dictated_hindi,devanagari,0.0,data/processed/school_a/G7_A_Roll04/sentence_03_dictated_hindi.json,1.2439564483686516,0.0081671098068203,,0.2310924369747899,0.2382461881439716,8.112253584512892,21.095816222145,21.198117188597,0.2358376345060066,2.9980719794344477,1.0950072901452377,0.4625000000000001,23.69871582669696,0.375,0.5625,0.375235404035279,0.1785714285714285,58.71428571428572,0.4227731892019474,,0.8313725490196079,0.0635322993348952,1.0588235294117647,0.0006318353604463,0.0656096227446692,0.7463094587206124,0.8529250956806999,0.3333333333333333,1.0,4,4,4,3,1,dictated,0,1,0,0.4341853382020274,0.6340215094573277,,2.049924061360749,0.065928781541716,1.1803061415744518,0.8820292173285521,-0.6693369572441122,-1.4921163260950068,-0.22260059748542446,0.35482072736140213,0.2926005604754632,3.9793139220257663,-0.8079837222896713,1.193063918182216,-0.3169484710379145,-0.6603907360440551,-0.0788968548929041,-1.154147809503387,,5.0,0.009496317988221871,-0.18848187499582572,-0.9165733513486637,-0.288973316962047,-0.3662958286897384,-0.19217915838969896,-0.6744907594765952,0.0
G7_A_Roll04,school_a,7,sentence_04_dictated_english,dictated_english,latin,0.0,data/processed/school_a/G7_A_Roll04/sentence_04_dictated_english.json,0.5252926061296709,-0.0232555521077085,0.026201728243805,-0.079004329004329,0.2388839749630035,1.716692600904898,21.8178062421448,17.64417376666835,0.4514319297670442,2.8142005700958803,1.064428377408478,1.303921568627451,1.9641876796775888,0.2222222222222222,0.5555555555555556,0.4700978895059681,0.4047619047619047,46.78947368421053,0.469057272053322,0.5294117647058824,,,,,0.3809523809523809,2.4571428571428573,1.5047619047619047,1.5714285714285714,2.0,4,4,4,3,1,dictated,0,1,0,-0.04307251858845645,-1.1431844866838334,-0.3915234699571265,-0.6744907594765952,0.8815762987892618,0.9469474856484008,0.3116210037886138,0.9232030887845782,0.26559277682692634,-0.12393932980130197,-0.6744907594765952,0.2509711980368452,0.4159245163382333,-0.3597284050541839,0.6744907594765953,0.5545043683361425,-0.21869154317500528,0.6744907594765952,-0.1156038132277348,0.0,,,,,0.3083439096026468,2.1817694329270387,0.6744907594765952,4.721435316336165,5.0
G7_A_Roll04,school_a,7,sentence_05_own_hindi,own_hindi,devanagari,0.0,data/processed/school_a/G7_A_Roll04/sentence_05_own_hindi.json,1.6848063703573224,0.0115107659717974,,0.0198412698412698,0.3500866184500391,8.034830161609484,21.127543273670693,20.92236103793229,0.3184631751329643,3.2455315145813737,1.097026033157972,0.3151515151515153,30.5784082851681,0.4545454545454545,0.3636363636363636,0.1638092016507453,0.1785714285714285,,0.3829014738243219,,1.0833333333333333,0.0772963785323843,1.5833333333333333,0.0120013663476538,0.0806451612903225,0.6912442396313364,0.783410138248848,,1.0,4,4,4,3,1,own,0,0,1,0.0,0.0038456687612337796,,1.4892144335943622,1.0665485742886058,0.7643048666868734,0.016903268879776875,0.7565810962943175,0.8370681414059201,0.0350230490953198,0.17585913700818617,0.4052771169600216,3.2034159857695257,-0.10730534809854926,0.08361455695990838,-1.5184546811336272,-0.2746140949297591,,-1.3201577558390707,,-0.8310095836640587,0.657775953920802,0.9491914486915319,-0.125143373949055,0.0912256777597738,0.0,-0.41719051678888136,,0.0
G7_A_Roll04,school_a,7,sentence_06_own_english,own_english,latin,0.0,data/processed/school_a/G7_A_Roll04/sentence_06_own_english.json,0.3459058987670461,-0.0157771647150537,,0.0785714285714285,0.119226056748136,1.3620150058864342,23.02971248698741,22.708087246100103,0.4478586829046391,2.755214050493964,1.0794453482778927,2.9097222222222223,0.2046577068939582,0.0,1.0,0.2096313728906052,0.4285714285714285,,0.4982400944013236,0.4222222222222222,,,,,0.2888402625820568,1.1291028446389495,1.6542669584245075,,1.0,4,4,4,3,1,own,0,0,1,-0.28534144678790835,-5.0,,1.2794179120187326,-0.5545018827490984,0.4960677533620436,0.6162055135305439,2.989572278978076,0.01446339687035485,-0.2276834308655613,0.9180252093094325,1.5078728795328264,-0.523526476101816,-1.4307379746473232,2.3969506328507104,-0.4716549467830507,-0.30538854676311983,,-0.5345147016011286,0.16938082356324047,,,,,-0.06418616073421415,-0.3280278642049505,0.15743527146278227,,0.0
G7_A_Roll05,school_a,7,sentence_01_copy_hindi,copy_hindi,devanagari,0.0,data/processed/school_a/G7_A_Roll05/sentence_01_copy_hindi.json,1.7911248511103948,-0.0070254947948478,,-0.1671511627906976,0.3036309030004943,-0.1594125273902285,20.88633391596298,19.09425561320793,0.3057909292533056,3.088779284833539,1.081075202416964,0.5866666666666666,8.971948939254787,0.2666666666666666,0.4666666666666667,0.2861369008821931,0.1744186046511628,28.08823529411765,0.4975038892303704,,1.525,0.0519085657712596,0.9333333333333332,0.0411932921119244,0.0412768299394606,0.5035773252614199,0.6108970831040176,0.1428571428571428,1.0,3,3,1,0,1,copy,1,0,0,0.7967105224509572,-0.13117443543102544,,-0.8332139725137673,0.8787871412033322,-0.6744907594765952,0.7111937553924157,-1.5581424540303614,-0.41908510737759347,0.45982261725397405,-0.2831523904474909,0.9570795312921642,1.9008954668068516,-2.3866596104556463,1.363970202497114,-1.0263922860975534,-0.6912970076363107,-1.511703967372037,-0.8865611385330371,,0.8690500872152188,1.278853041272077,-0.7435175915867734,2.4973804136921,-1.4903062012714285,-0.9753122793257787,-1.3776181096928801,-1.011736139214893,0.0
G7_A_Roll05,school_a,7,sentence_02_copy_english,copy_english,latin,0.0,data/processed/school_a/G7_A_Roll05/sentence_02_copy_english.json,0.9864648834649294,0.0028027711838685,0.0112763980720397,0.0539867109634551,0.2547982003987657,-5.036249408069748,22.667377159615285,18.464553110062788,0.4712933162991507,3.2866741321388564,1.0726236061702903,-0.6645299145299146,-8.851003024888334,0.5384615384615384,0.2307692307692307,0.4546619439874762,0.4186046511627907,54.229729729729726,0.4879516946667782,0.1944444444444444,,,,,0.2621848739495798,3.932773109243697,2.702521008403361,0.2857142857142857,2.0,3,3,1,0,1,copy,1,0,0,-0.1365458049207945,0.19107178601533076,-0.6266615108729509,0.44890471711221797,-0.007416641398220478,-0.8400857551519499,0.4314930195411439,1.0388010999149746,0.5391550496608739,0.4891988487595336,-0.6744907594765952,-0.09589844224102169,-0.3723633782561573,0.6744907594765952,-0.5810997312413743,-0.10738111217665518,0.0,-0.6067708037058532,-1.367281248324884,-0.9915027971690995,,,,,0.3620270796365611,0.99162864318698,0.04885641359272017,0.0,-1.3489815189531904
G7_A_Roll05,school_a,7,sentence_03_dictated_hindi,dictated_hindi,devanagari,0.0,data/processed/school_a/G7_A_Roll05/sentence_03_dictated_hindi.json,0.4874833032486928,-0.0116067556932731,,-0.0306553911205074,0.2492429167799431,-2.112674474080032,19.499257317880687,29.168115178437432,0.3088422838647999,2.9844699527346394,1.1088461198321935,0.5194444444444445,15.992991663838684,0.6,0.3,0.4287303389958397,0.4186046511627907,56.0,0.2828427124746189,,0.0,,,,0.242016806722689,2.077310924369748,1.5932773109243696,0.6666666666666666,1.0,3,3,1,0,1,dictated,0,1,0,-0.6985482300472514,-0.7132370711715916,,0.20976807158314578,0.22743166130329018,-0.4163755343760496,-0.1308292985753315,1.1949274324017671,0.16506940980951745,-0.25922837493303125,1.4036350712413188,0.32585676906766603,2.711365381662122,0.6463869778317369,-0.03699423002115383,0.21791793763679215,0.4199333849058698,-0.1964686386548798,-1.7631413950846984,,-0.6744907594765952,,,,2.5378195564422708,1.7532427027667514,0.6744907594765952,0.674490759476595,0.0
G7_A_Roll05,school_a,7,sentence_04_dictated_english,dictated_english,latin,0.0,data/processed/school_a/G7_A_Roll05/sentence_04_dictated_english.json,1.6187848480778062,-0.5217391304347827,,-0.0077519379844961,0.2210322082074923,-9.259854441697732,18.26923696080237,16.271611276525668,0.4928089370794751,3.28452354133814,1.0735698775061335,-5.451219512195122,-1.888781871894268,0.5,0.0,1.0713439119992132,0.4767441860465116,18.42105263157895,0.8468341205228217,0.2113821138211382,,,,,0.2646584185045723,0.3528778913394297,0.2646584185045723,0.5714285714285714,1.0,3,3,1,0,1,dictated,0,1,0,2.8940853048939936,-5.0,,0.0,0.5545732375376777,-1.6253617963137774,-2.1155847767426974,0.3345246648446623,0.7260896868457145,1.4548482480550455,0.23509138412269315,-4.214235477215051,-0.574749183713072,1.2140833670578708,-2.4995834027662056,4.193648978530882,0.3102368403180307,-1.4830790883446805,1.0644384644401634,-0.7130295874468708,,,,,-0.14232511256437408,-0.6910752191487394,-0.91799192873785,0.0,0.0
G7_A_Roll05,school_a,7,sentence_05_own_hindi,own_hindi,devanagari,0.0,data/processed/school_a/G7_A_Roll05/sentence_05_own_hindi.json,1.9833431520399332,0.0189311861036703,,-0.2093023255813953,0.2857722262196397,-3.696707042500472,17.0526581707937,20.7866412578442,0.2566807579369315,3.282571912013536,1.0961541484513035,-1.46,-7.101935305693951,0.3,0.4,0.3687817782917154,0.1744186046511628,,0.9173963384185524,,2.0,0.0640562855635068,2.1818181818181817,0.0365326471668515,0.0359712230215827,0.8633093525179856,0.7913669064748201,,1.0,3,3,1,0,1,own,0,0,1,0.33435298607035013,0.8062641909941146,,-0.49882479855976136,0.5783768902632087,-0.994391901061746,-2.0726841261285274,0.6744907594765952,-0.6744907594765952,0.15483642893462674,0.12622490633326217,-0.7560288608471147,-0.28759525811170705,-1.1410135347812396,0.3679040506235977,-0.04158354768743874,-0.8046831618871848,,0.7823230664630619,,0.4291752460581985,-1.08568192500385,1.978160566312541,1.6118638675552484,-0.6744907594765952,0.8290508409549191,-0.3673944068909041,,0.0
G7_A_Roll05,school_a,7,sentence_06_own_english,own_english,latin,0.0,data/processed/school_a/G7_A_Roll05/sentence_06_own_english.json,0.353332410597538,-0.000501412172478,,0.0071556350626118,0.1506055966259134,-7.537943787856211,20.887796690128216,19.33310261496689,0.4499250597735621,3.0883444691907944,1.0682659574713371,0.8142857142857144,5.36977602231093,0.4166666666666667,0.3333333333333333,0.4600830195080558,0.4069767441860465,,0.6511099404371238,0.2637362637362637,,,,,0.295983086680761,1.8745595489781532,1.9978858350951372,,1.0,3,3,1,0,1,own,0,0,1,-0.2521543118653009,-0.5017290299521125,,-0.018644395902357284,0.013551058005641676,-1.3627912194050475,-0.789145751739876,1.3433474486062056,0.04921917711477248,0.5817456715849724,-0.9279289558967531,-0.2704308450603265,2.108167718531266,0.2299400316397487,-0.46452531644393585,1.1345048097926766,-0.6090015787194762,,0.6015329577709059,-0.5767672110319277,,,,,-0.01669080301962267,0.7315073994107808,1.070314054408141,,0.0
G7_A_Roll06,school_a,7,sentence_01_copy_hindi,copy_hindi,devanagari,1.0,data/processed/school_a/G7_A_Roll06/sentence_01_copy_hindi.json,1.7298698318557044,0.0721357338679669,0.1041048621578183,-0.1508379888268156,0.3542533824019595,3.98592804311896,17.6534170259313,18.04811908274018,0.3082449774922445,2.817195325542571,1.0804537979938893,2.2266666666666666,3.680352871606772,0.4666666666666667,0.4666666666666667,0.3824531696305449,0.1675977653631284,46.3235294117647,0.5430633854820042,,1.6313725490196078,0.0511867727922613,0.6470588235294118,0.0136072773012218,0.075,0.6749999999999999,1.215,0.1428571428571428,2.0,2,3,4,0,4,copy,1,0,0,0.7330401000114881,3.288229895142529,0.9910645135108996,-0.7425075783256484,1.4271503834672177,0.24342368414176196,-1.469404618543099,-1.8345230233854475,-0.38364102126536215,-0.16896264564149235,-0.41675332565859613,2.1399007435856308,1.0492242132745342,-0.6744907594765952,1.363970202497114,-0.3332131837177661,-0.7189005660662354,-0.7415671885958145,-0.6744907594765952,,0.9844634090022516,1.2395689656646964,-1.357508362919742,0.14176925280248712,-1.0477898262154528,-0.841585511034614,-0.5872590936472818,-1.011736139214893,5.0
G7_A_Roll06,school_a,7,sentence_02_copy_english,copy_english,latin,1.0,data/processed/school_a/G7_A_Roll06/sentence_02_copy_english.json,0.3892066061078515,0.0024227408251335,,0.1072625698324022,0.1843744701894453,-3.1342416599884406,22.508133973023323,15.508765090687373,0.5263039354886814,3.556331200310259,1.0746203035432391,2.89922480620155,0.3486614612342896,0.0,1.0,0.298642474915561,0.4804469273743016,25.06756756756757,0.6159596338953471,0.5441860465116279,,,,,0.1661147902869757,2.1594922737306845,1.2577262693156734,0.3571428571428571,2.0,2,3,4,0,4,copy,1,0,0,-0.6744907594765952,0.182947307759036,,0.9228658943903792,-1.121064892160769,-0.3530678110768438,0.3314057507683971,0.0,1.170625674119432,0.9141416025314942,-0.06911982522475563,2.406554931214795,0.8193263066061194,-3.6534916138315547,3.777148253068931,-1.4707515611078412,0.5387191528993623,-2.068167449238477,-0.1590023738014304,-0.40488154254230485,,,,,-0.2509065767772218,-0.4819903159693585,-0.9328885984216412,0.6744907594765952,-1.3489815189531904
G7_A_Roll06,school_a,7,sentence_03_dictated_hindi,dictated_hindi,devanagari,1.0,data/processed/school_a/G7_A_Roll06/sentence_03_dictated_hindi.json,0.4899245746294121,-0.016060270001117,0.0384942438858193,0.0486831604150039,0.2009324917030551,3.6488911771330135,19.13367158597156,26.277500992803063,0.3953949820643493,2.2590183323477238,1.0826697951970776,-0.1069597069597068,-36.671099932724296,0.5,0.1538461538461538,0.4830883497909868,0.5865921787709497,103.10714285714286,0.9987749565246722,,0.0585034013605442,0.0188181876775096,0.7307692307692307,0.0204918326519759,0.3461538461538462,4.730769230769231,2.7692307692307696,0.3333333333333333,2.0,2,3,4,0,4,dictated,0,1,0,-0.6948927003566258,-1.0166696683624654,-0.4938050416158978,0.7675389302402655,-0.4820768689791709,0.48332627744712675,-0.36275724114487984,0.5187830848934349,2.12979217911443,-2.2127372958434908,-0.5802107718247604,-0.03997043893050886,-5.0,0.0,-0.7218617704127738,0.7614137665061307,1.1759994666531983,1.8440206084772977,1.3526783643727898,,0.0,-2.542428473880597,-0.9368408238172993,0.8841747489330193,4.206537543336151,5.0,2.051083502958234,-0.6744907594765952,5.0
G7_A_Roll06,school_a,7,sentence_04_dictated_english,dictated_english,latin,1.0,data/processed/school_a/G7_A_Roll06/sentence_04_dictated_english.json,0.4077490546523664,0.0466407166651755,0.0542020026055316,0.1068435754189944,0.1669964605628953,-0.0082687172185531,21.15767501009712,17.061072786357123,0.4857438721559348,3.3532077271643206,1.0552529624612903,1.8849206349206349,1.1725049539494543,0.1666666666666666,0.6666666666666666,0.3128029312885948,0.4692737430167598,45.55263157894737,0.3634726494130518,0.3214285714285714,,,,,0.5301866081229418,1.636663007683864,1.8902305159165755,0.2857142857142857,2.0,2,3,4,0,4,dictated,0,1,0,-0.35879854624312,1.8450713699982488,0.13932989480982064,1.0847862613707404,-0.43523663051620853,0.5427097966544868,-0.13990585543315323,0.6731168679002016,0.6474604969237308,1.6854084077919491,-1.5874474413034931,0.6350166055402423,0.2123674301308349,-0.6744907594765952,1.309305591925155,-0.3975503280655983,0.2553437571149506,0.5804223152765953,-0.44541311491444,-0.46630296919122166,,,,,0.8866649317536561,1.061610524253557,1.1694914565285017,-1.3489815189531897,5.0
G7_A_Roll06,school_a,7,sentence_05_own_hindi,own_hindi,devanagari,1.0,data/processed/school_a/G7_A_Roll06/sentence_05_own_hindi.json,1.5776967924755572,0.0114752028870658,,-0.0985634477254589,0.3985326415659994,5.897786367655255,20.3902381622516,20.229068179523583,0.3213595205971831,3.1871525633106854,1.100043665470869,-1.041025641025641,-11.73892435264014,0.3076923076923077,0.3076923076923077,0.3633295929235344,0.1675977653631284,,0.4819611891859858,,1.7952380952380955,0.0775502482497897,1.3846153846153846,0.0106150381706009,0.031055900621118,0.6935817805383023,0.7039337474120083,,1.0,2,3,4,0,4,own,0,0,1,-0.11995978183879827,0.0,,0.4619405821886863,1.434273058166618,0.4439366193230197,-0.36118431597231515,0.33724174706201077,0.9079296739448532,-0.15381346314852326,0.3476454490800544,-0.4819353970092931,-0.7172033603204407,-1.089561996077576,-0.35375389483038167,-0.08086770616571344,-1.675299394767009,,-0.9304979749752855,,0.147679413964396,0.6912055650323884,0.6075376326167861,-0.2233062909361633,-0.7587399504413772,0.011262830809655587,-0.9145802835898784,,0.0
G7_A_Roll06,school_a,7,sentence_06_own_english,own_english,latin,1.0,data/processed/school_a/G7_A_Roll06/sentence_06_own_english.json,0.2055262241837915,0.0311475409836065,,-0.0335195530726257,0.1065853856331782,-0.2720118612090844,22.080958256910897,17.602821531343654,0.5154687794248964,3.3359013867488443,1.0642952952197604,-0.1382978723404253,-54.28404366339811,0.5,0.5,0.1321423066875359,0.5251396648044693,,0.5181926135962486,0.4609929078014184,,,,,0.4817767653758542,2.0876993166287017,1.6326879271070611,,1.0,2,3,4,0,4,own,0,0,1,-0.9126614197606839,5.0,,-0.7579616532178918,-0.7833315733033076,0.15478240878510607,-0.00628999241970334,0.4993638472862478,1.1516430141521932,1.183251155137921,-1.5835693793111387,-1.0788461483480063,-5.0,0.562075632897163,0.2508436708797258,-0.9685964578129498,1.0523240490846923,,-0.3862381557827873,0.3519122674916782,,,,,1.2187221245273636,1.0344479975569891,0.10010710591763827,,0.0
G7_A_Roll07,school_a,7,sentence_01_copy_hindi,copy_hindi,devanagari,0.0,data/processed/school_a/G7_A_Roll07/sentence_01_copy_hindi.json,2.0550571352285054,-0.0289664910720022,,-0.214377406931964,0.1640844879109749,-3.53488347563726,18.987572142487902,18.909290524223525,0.3223924960607404,3.139946855624446,1.0820886187973473,-3.0962962962962965,-3.876697157852637,0.5555555555555556,0.3333333333333333,0.4145569448087358,0.1829268292682926,73.73529411764706,1.0547623534192718,,2.017543859649123,0.0664954727591565,1.6111111111111112,0.0295612447826479,0.0415512465373961,0.8891966759002771,1.0221606648199446,0.2857142857142857,1.0,3,4,2,4,0,copy,1,0,0,1.0710501639967775,-1.078925486728722,,-1.0958067902319115,-0.6328362626589433,-1.4219308032338478,-0.5695186713628836,-1.607008691959618,-0.1793068690430829,0.5782884299458534,-0.0652695251992736,-1.699192856929659,-0.16706708888013524,0.08647317429187179,0.5246039240373515,-0.10216534153895766,-0.6568646943334786,0.4161222917581202,1.7073659997353798,,1.4034560358536476,2.0727554117074614,0.7101546227335206,1.5041024537959395,-1.4867052990443956,-0.6744907594765952,-0.8395543614650981,-0.6744907594765952,0.0
G7_A_Roll07,school_a,7,sentence_02_copy_english,copy_english,latin,0.0,data/processed/school_a/G7_A_Roll07/sentence_02_copy_english.json,2.628499238305701,-0.0379003303626444,0.0571535576713235,-0.157936825269892,0.2181805388179216,-3.923229533662503,21.50725548230781,12.689904924019784,0.2616579052403095,2.778301442171741,1.0757265415764818,-1.5226190476190482,-7.816769185934064,0.3392857142857143,0.3035714285714285,0.6201311914316828,0.1829268292682926,88.62162162162163,0.7882303913669569,2.1880341880341887,,,,,0.1080332409972299,2.79224376731302,2.6842105263157894,0.2142857142857142,5.0,3,4,2,4,0,copy,1,0,0,1.342419208846234,-0.6790993881486718,0.16309757394900595,-1.4364431845178354,-0.586471381118966,-0.5550918314966099,-0.2976647711986735,-0.9906782971058806,-1.8672640359680814,-0.3119271602192854,0.2662761946037471,-0.6984449736655912,-0.238392644923819,-0.9264210877930008,-0.16862268986914905,1.3385658809407737,-2.053031750221034,1.1167020706595445,1.4670773694200285,2.3523433729272853,,,,,-0.621470804673266,0.04383423404201351,0.03641435246755102,-0.6744907594765962,0.6744907594765952
G7_A_Roll07,school_a,7,sentence_03_dictated_hindi,dictated_hindi,devanagari,0.0,data/processed/school_a/G7_A_Roll07/sentence_03_dictated_hindi.json,1.295403736696964,0.0095344444699646,,-0.0538617886178861,0.1913040000263321,-4.171097783828103,17.928927723204787,24.59572338193787,0.3006023242530154,3.443163097199339,1.0806364869436644,-1.1113467656415694,-4.634117704456333,0.6086956521739131,0.0434782608695652,0.4966574653025579,0.5,100.10714285714286,,,,,,,0.0454293628808864,2.316897506925208,1.9534626038781164,0.1666666666666666,1.0,3,4,2,4,0,dictated,0,1,0,0.5112218739479693,0.7271825232967214,,0.046621001111890895,-0.6234852082251212,-0.7378102438615668,-1.1270479150605683,0.1253980281799544,-0.02197543805994048,0.9759486161864475,-0.7343107145185622,-0.6265439994719689,-0.6827495208040455,0.7025945411214536,-1.2390386315780701,0.8970838834605118,0.7862716681345638,1.7140728474772196,,,,,,,-0.6123468524383358,2.1347697006341924,1.0961302870332597,-1.3489815189531904,0.0
G7_A_Roll07,school_a,7,sentence_04_dictated_english,dictated_english,latin,0.0,data/processed/school_a/G7_A_Roll07/sentence_04_dictated_english.json,1.1172151993731028,0.0284090909090909,,-0.1859756097560975,0.2275787512990429,-4.15912687538491,20.21526956105144,12.669034695147957,0.284150091793061,2.851122265366038,1.0662671322734645,-8.822222222222221,-2.48471397276394,0.3333333333333333,0.6666666666666666,0.2670478567617502,0.1829268292682926,29.84210526315789,0.5060664920268128,2.7,,,,,0.1273344651952462,0.365025466893039,0.2801358234295416,0.5714285714285714,1.0,3,4,2,4,0,dictated,0,1,0,1.546851953617746,1.065619714009549,,-1.687104362525528,0.6744907594765952,-0.43002697811799906,-0.7845070375361971,-1.2105846611633833,-1.5961361033605956,0.0,-0.49153407033571866,-5.0,-0.7279749622835403,0.26979630379063796,1.309305591925155,-0.6744907594765952,-1.8487436308404106,-0.6144470716893622,0.0,4.866507351195659,,,,,-0.6744907594765953,-0.6744907594765952,-0.8981165718223675,0.0,0.0
G7_A_Roll07,school_a,7,sentence_05_own_hindi,own_hindi,devanagari,0.0,data/processed/school_a/G7_A_Roll07/sentence_05_own_hindi.json,1.5958776021051455,0.0128908534744418,,-0.1653116531165311,0.1118657618259423,-3.374241577112377,21.094580364958347,19.286799632765103,0.257125185502845,3.443223443223443,1.0978828302136288,-2.215686274509803,-3.6081822526444296,0.4705882352941176,0.1764705882352941,0.3785873277663372,0.1829268292682926,,0.7961115751510685,,3.044444444444444,0.0723626312003079,0.8571428571428571,0.0236586388816239,0.0336134453781512,0.5966386554621849,0.773109243697479,,1.0,3,4,2,4,0,own,0,0,1,-0.0995977750047723,0.1530835494665786,,-0.11716375956071191,-0.7416419833015528,-0.9460504977297158,0.0,-0.23269096522165875,-0.6636174645564143,0.6744907594765952,0.22463446518725513,-1.2503996119883964,0.0360942316650826,0.0,-1.3796401898384898,0.029067527709897182,0.28131199968413656,,0.3052391771708323,,1.865022203559921,0.008099197197745812,-0.2993406994525857,0.7002830257947773,-0.7149033393137132,-0.4558323171887578,-0.48165695122052826,,0.0
G7_A_Roll07,school_a,7,sentence_06_own_english,own_english,latin,0.0,data/processed/school_a/G7_A_Roll07/sentence_06_own_english.json,0.541844573001633,0.0083372556516078,,0.1062717770034843,0.200524901014989,-4.470786947643419,24.12576978206817,15.174404440928605,0.4517556333000767,3.1284046692606995,1.074201406901091,0.5926573426573426,1.8491744407320871,0.5384615384615384,0.1538461538461538,0.6095356501019387,0.5365853658536586,,1.122544183591321,0.275974025974026,,,,,0.4808743169398907,1.8633879781420768,1.5628415300546448,,1.0,3,4,2,4,0,own,0,0,1,0.5902571339187662,2.1041463072865447,,1.7829028759083183,0.9172229336639366,-0.7221801620457665,1.335349332680348,-0.6851513282386725,0.08000882258827616,0.6790826002071577,0.05213943842039594,-0.4585169823637007,0.31437594493292453,0.7153689873236618,-1.2349226874078791,2.0929524942709765,1.2132462434726212,,4.104982345413569,-0.5191521243152183,,,,,1.2127214011870207,0.7156289812787762,-0.08545107572860901,,0.0
G7_A_Roll08,school_a,7,sentence_01_copy_hindi,copy_hindi,devanagari,0.0,data/processed/school_a/G7_A_Roll08/sentence_01_copy_hindi.json,2.6317901694916706,-0.0124301740308282,,-0.0173010380622837,0.0893186092757574,-12.257229697629452,20.81255843108774,24.424669742102523,0.3177293975901172,4.462398857686815,1.0823922002923925,0.1948529411764707,39.6279313629695,0.625,0.3125,0.5751475732547323,0.2,45.91176470588236,0.860554879211598,,1.986159169550173,0.0614282923016965,1.1176470588235294,0.0040482460137273,0.0668539325842696,0.802247191011236,1.0314606741573034,0.4285714285714285,1.0,4,3,4,1,1,copy,1,0,0,1.6705248906906356,-0.3646319486233836,,0.0,-1.4427306041425283,-3.3533445057328897,0.6614322836851514,-0.14989138073730854,-0.24665650835337055,3.6400978680081866,0.0,0.6744907594765952,5.0,0.6809762475484863,0.39345294302801365,1.053590265726578,-0.5877705189724611,-0.758957373923019,0.8033688957432861,,1.3694039108368004,1.7969706562456487,-0.34820846483814943,-0.6744907594765952,-1.1546827493095566,-0.7423200220670013,-0.8273869872917412,-0.3372453797382977,0.0
G7_A_Roll08,school_a,7,sentence_02_copy_english,copy_english,latin,0.0,data/processed/school_a/G7_A_Roll08/sentence_02_copy_english.json,1.312845268114236,0.0326756922513296,0.0476792083740294,0.0624434389140271,0.2525640406379533,-20.57952276624613,19.38909589798379,16.955284539284786,0.4460296148727909,4.085767347627892,1.0761093155684922,-0.6437749224634471,-8.097235349637323,0.5409836065573771,0.2131147540983606,0.6094907603479822,0.4352941176470588,96.0945945945946,0.6992545475526771,0.2174447174447174,,,,,0.2694677871148459,8.768067226890757,6.633053221288516,0.3571428571428571,4.0,4,3,4,1,1,copy,1,0,0,0.15742196052401417,0.8297099686923015,0.0,0.5241388066317109,-0.04274660904062666,-4.820013304202519,-1.6289669898802817,0.5083740729718901,0.24915130945803413,1.7484607468921676,0.38232795702401023,-0.08132437528556079,-0.27472316923176976,0.6947623396794442,-0.6811250948157092,1.2455848613942995,0.1453849340214563,1.4911934260717503,0.6272260830734163,-0.9529244612650194,,,,,0.4084925601019255,5.0,2.7196720596950783,0.6744907594765952,0.0
G7_A_Roll08,school_a,7,sentence_03_dictated_hindi,dictated_hindi,devanagari,0.0,data/processed/school_a/G7_A_Roll08/sentence_03_dictated_hindi.json,1.2264735454118014,0.0081152526991104,,-0.0815126050420168,0.2013774384900243,-15.029312657864418,18.52003911724146,25.228842572519397,0.3209274732168866,4.692820133234644,1.0917162274848775,-1.2171945701357467,-2.7198873813163558,0.7692307692307693,0.1538461538461538,0.5883352992191444,0.4,57.17857142857143,,,,,,,0.2257885998893193,1.8815716657443275,1.843940232429441,0.8333333333333334,1.0,4,3,4,1,1,dictated,0,1,0,0.4080066546923459,0.6304883139206011,,-0.1477715019142658,-0.4755421812720358,-2.433383320127569,-0.7520462739067492,0.27349110962202344,0.43939992965840197,4.341047127747401,0.1053983554648211,-0.6883603311550238,-0.3677699688699076,1.7402726326239077,-0.7218617704127738,1.8137200812275034,0.33619892016788255,-0.1454177325477062,,,,,,,2.2777747079829447,1.44153988989797,0.9679213849545312,1.3489815189531904,0.0
G7_A_Roll08,school_a,7,sentence_04_dictated_english,dictated_english,latin,0.0,data/processed/school_a/G7_A_Roll08/sentence_04_dictated_english.json,1.7840105422822086,0.12322636939847,,0.0019607843137254,0.1977614048318355,-21.78005046980007,18.646482201575267,13.77377894863882,0.2838484086562194,3.3368805107935544,1.077235703050655,-7.666666666666667,-2.7219058151487614,0.4,0.2,0.8468954090736557,0.1764705882352941,35.23684210526316,0.9335155148436424,1.9,,,,,0.0589556428972487,0.8590679393599101,0.6316676024705222,0.2857142857142857,1.0,4,3,4,1,1,dictated,0,1,0,3.3378872101623775,5.0,,0.09194275933405784,0.12830596406043318,-4.559418957466105,-1.857550691316723,-0.736770819773855,-1.5994936239099031,1.6306009500165968,0.5998421822659836,-5.0,-0.7889616160767152,0.6475111290975313,-1.356916704358797,2.835135942052545,-1.896184321411516,-0.20414853847659606,1.335200715753795,3.072889465660131,,,,,-0.9394762869565879,0.0,-0.4466959616203073,-1.3489815189531897,0.0
G7_A_Roll08,school_a,7,sentence_05_own_hindi,own_hindi,devanagari,0.0,data/processed/school_a/G7_A_Roll08/sentence_05_own_hindi.json,3.000420111327433,0.0080161751329089,,-0.0796380090497737,0.0633828822422458,-15.89797988015437,18.690221593587413,18.12230384986474,0.284063450863147,4.025885558583107,1.090325523878399,-3.516666666666666,-3.997766517997989,0.6666666666666666,0.3333333333333333,0.4929484380089207,0.1764705882352941,,0.8078454229310615,,3.066666666666667,0.0857009497134003,1.7692307692307692,0.0028810329904052,0.0753228120516499,0.6563845050215208,0.8500717360114777,,1.0,4,3,4,1,1,own,0,0,1,1.4734512120392529,-0.37404727623590056,,0.6261368125201042,-1.1096462223525219,-2.8235076195443463,-1.2329471027752843,-0.937038194336389,-0.004550101579974418,2.5592091260496344,-0.20558421287300713,-2.101502345206458,0.0,1.3115098100933793,-0.15329335442649877,0.8530637191710023,-0.542766681743513,,0.35139526128583437,,1.8955721388259164,1.7644914338626085,1.2688030830840362,-0.7709345661511501,0.0,-0.1679625335367759,0.0,,0.0
G7_A_Roll08,school_a,7,sentence_06_own_english,own_english,latin,0.0,data/processed/school_a/G7_A_Roll08/sentence_06_own_english.json,0.86703414403837,0.0022257966391051,,-0.0558823529411764,0.1346899186900694,-18.068091980171605,20.364101736832485,15.408590336842938,0.4280178091662657,3.796775174931546,1.0735698775061338,-0.3728222996515679,-16.14667769992745,0.5714285714285714,0.4285714285714285,0.5409952270294592,0.4823529411764706,,0.9298876831421822,0.7134146341463414,,,,,0.1553030303030303,2.4071969696969697,1.8377525252525253,,1.0,4,3,4,1,1,own,0,0,1,2.0434440964858425,0.30232496585911867,,-1.164430673342476,-0.27456494658766334,-3.5621340372183954,-1.1327518665596503,-0.5709218786522277,-0.31925358277602855,2.3030668062304014,-0.05213943842035927,-1.2778765942793786,-5.0,0.8467632911178038,-0.05574303797327235,1.653399108519667,0.45075902241687765,,2.673261361362891,1.5403076105281437,,,,,-0.9521260746485782,1.4885575764202832,0.6448941752253793,,0.0
G7_A_Roll09,school_a,7,sentence_01_copy_hindi,copy_hindi,devanagari,0.0,data/processed/school_a/G7_A_Roll09/sentence_01_copy_hindi.json,0.4909904001168717,0.0251809758545389,,0.0052710843373493,0.1895294078212926,1.300286082302064,19.344891737059207,25.857207345855,0.4518924124643539,2.5036390101892274,1.0955372251957642,-0.6356321839080462,-6.531906148491153,0.4666666666666667,0.0666666666666666,0.5491837065834797,0.6987951807228916,65.08823529411765,0.8291286295971944,,0.1023706896551724,0.0141551350234016,0.875,0.0133941911882939,0.4737456242707117,3.214702450408401,2.6056009334889145,0.4285714285714285,1.0,2,1,2,0,0,copy,1,0,0,-0.5546907297252269,1.2599983276912594,,0.12550812224381835,-0.35720656324199146,-0.3512655830704965,-0.328507054485269,0.22857313801021312,1.6910745341036928,-0.894924483360907,2.826158867318474,0.07551794091308334,-0.5944173893448693,-0.6744907594765952,-1.1541286328821738,0.8667307660037408,1.4308259226418307,0.05092839988681491,0.6570859642718927,,-0.6744907594765952,-0.7759031992154712,-0.8686287247864706,0.12357351016666407,4.1845613407995135,1.1396354775667983,1.232089819865137,-0.3372453797382977,0.0
G7_A_Roll09,school_a,7,sentence_02_copy_english,copy_english,latin,0.0,data/processed/school_a/G7_A_Roll09/sentence_02_copy_english.json,0.4687201461055064,0.0015847563559214,0.0018436130542781,-0.144578313253012,0.274427792451272,-1.4148397239805064,24.9736092799508,18.484156078845487,0.4293165055236362,3.555738041469923,1.081793931822104,0.6575520833333334,6.445969027327169,0.375,0.3333333333333333,0.3086301074261495,0.3855421686746988,49.44594594594594,0.4805599202609118,0.575,,,,,0.3722991689750692,4.96398891966759,4.237119113573407,0.4285714285714285,4.0,2,1,2,0,0,copy,1,0,0,-0.6028736563200048,0.16503245847728726,-0.7890435704428718,-1.3176010632152106,0.3029966353123463,0.08719306417882554,1.8810022828279807,1.0456904929971516,0.057300394982898614,0.9132068651157612,2.1058247166906083,0.8324619009363079,1.6091484292396412,-0.6393610324205216,0.0,-1.383474998120409,-0.28801321118609774,-0.846499447134282,-1.437052896190442,-0.3531973278291574,,,,,1.0645637580726106,1.8485821154116935,1.0916232471352567,1.3489815189531904,0.0
G7_A_Roll09,school_a,7,sentence_03_dictated_hindi,dictated_hindi,devanagari,0.0,data/processed/school_a/G7_A_Roll09/sentence_03_dictated_hindi.json,0.5171746196826752,0.0151904483921089,,-0.1457257601835914,0.1027919696503622,-6.657319553358109,22.473727329477192,20.791641616950056,0.250325355324204,3.39517625231911,1.1025873177532304,-0.4300000000000001,-24.10905712814813,0.15,0.35,0.2852687972237907,0.180722891566265,62.35714285714285,0.4714045207910317,,0.0,,,,0.0585610708310094,0.4601226993865031,0.6190741773563859,0.6666666666666666,1.0,2,1,2,0,0,dictated,0,1,0,-0.6540888185965646,1.1125446982414098,,-0.5992068506471936,-1.9234125113780571,-1.1260481580072503,1.756177358992677,-0.7644157683615439,-1.1632489937188395,0.8467287937675838,0.9292942819974603,-0.2286296746794046,-3.8872791009001184,-2.2623544224110796,0.1973025601128213,-1.2164750509166797,-0.6507075874217082,0.0788968548929041,-0.9424986413686939,,-0.6744907594765952,,,,-0.40192107718385567,-0.8220307615626155,-0.46592934378002154,0.674490759476595,0.0
G7_A_Roll09,school_a,7,sentence_04_dictated_english,dictated_english,latin,0.0,data/processed/school_a/G7_A_Roll09/sentence_04_dictated_english.json,0.2370807466176484,0.0251845637424658,,-0.1265060240963855,0.1220976005798384,-3.449824330440806,22.020724212909816,14.87534405442141,0.5334849667840459,3.221643087614792,1.078564037546797,-0.4595744680851063,-15.99523972182266,0.4,0.4,0.3904852257916267,0.5662650602409639,22.55263157894737,0.1437233867781183,0.0851063829787234,,,,,1.2835560720511332,0.8466008134805346,0.6827425915165601,1.1428571428571428,1.0,2,1,2,0,0,dictated,0,1,0,-0.8172194997119974,0.9277623954449836,,-1.1241522226287406,-1.2576798576905275,-0.26380480342156565,0.4504160032843553,-0.264320483270857,1.1787852104574448,1.2437701479014873,0.7320118836837725,-0.9147149335620988,-4.201794922266896,0.6475111290975313,-0.2142500059513889,0.07263507486809835,0.9680394332830962,-1.1688504555914891,-1.1318326809787274,-0.9961425991319025,,,,,3.8061654156363303,-0.017020725284776328,-0.38110785808063236,2.6979630379063795,0.0
G7_A_Roll09,school_a,7,sentence_05_own_hindi,own_hindi,devanagari,0.0,data/processed/school_a/G7_A_Roll09/sentence_05_own_hindi.json,2.9176650972890084,0.0227612165681353,,-0.015755329008341,0.1045008105121774,-1.3258499119595146,23.42022712343373,17.93016162337659,0.2866798093152305,3.071065989847716,1.100813330720131,-4.161111111111111,-3.3669365537213607,0.5,0.4166666666666667,0.6299081689479128,0.180722891566265,,0.9557059353405276,,2.0461538461538464,0.0680657333983742,0.8461538461538461,0.0200154107284605,0.1842751842751842,0.9336609336609336,0.6879606879606879,,1.0,2,1,2,0,0,own,0,0,1,1.3807678719828247,1.2204304148447347,,1.1803799889146185,-0.7975448778313756,-0.6389722574352151,1.1925838469214813,-1.0532557425749827,0.05946131276138605,-0.529314961101817,0.3914605799478993,-2.5230985747734054,0.05844518091923595,0.1967264715140073,0.4982034018861218,1.8398877928257609,0.0,,0.9330171108290911,,0.4926251116106482,-0.5577170961866706,-0.3182339980373642,0.4423138748507809,1.8674561840864714,1.1680215743626374,-1.014545018172517,,0.0
G7_A_Roll09,school_a,7,sentence_06_own_english,own_english,latin,0.0,data/processed/school_a/G7_A_Roll09/sentence_06_own_english.json,1.8199501830852065,0.0072517451655579,,0.0281124497991967,0.1777533813359897,1.926622487456381,23.84849709346702,11.622547498867412,0.2743793899908811,2.529691211401425,1.0729139541631632,2.4571428571428577,1.4368955497019225,0.1428571428571428,0.2857142857142857,0.4051563064550855,0.180722891566265,,0.5606964586428698,2.097777777777778,,,,,0.2280580511402902,0.3524533517622668,0.7774706288873531,,1.0,2,1,2,0,0,own,0,0,1,5.0,1.7841088242392666,,0.36226926432726264,0.5049980008098165,0.6139925334122189,1.1534255034047334,-2.4176496151972557,-2.9034013315564575,-0.7756512506247573,-0.16044627266239375,1.1237889106097152,0.10431454888409854,-0.8613626582060417,-0.6689164556792677,0.7822568718846625,-3.79004451316491,,-0.07037211070142063,5.0,,,,,-0.46835023298602196,-1.431898176702245,-2.1719151238184824,,0.0
G7_A_Roll10,school_a,7,sentence_01_copy_hindi,copy_hindi,devanagari,0.0,data/processed/school_a/G7_A_Roll10/sentence_01_copy_hindi.json,1.67354162097845,0.0026549523415303,,-0.0886627906976744,0.3648489368354159,4.522794072891386,20.095940795578755,19.23207721682418,0.2665291421196986,2.755232806492952,1.0823922002923898,-1.048888888888889,-12.581637728565386,0.4,0.4,0.4604800268627275,0.1744186046511628,56.61764705882353,0.6143847816654777,,1.475,0.0647129768860946,1.6666666666666667,0.0039416453389404,0.1034482758620689,1.043103448275862,0.9396551724137931,0.2857142857142857,1.0,1,2,3,0,3,copy,1,0,0,0.6744907594765952,0.28697676584724263,,-0.39679385990930854,1.541925729349337,0.36230344194067793,0.17807459034553236,-1.5217311327854581,-0.9861473769788487,-0.31242148220900173,-5.728707252473644e-13,-0.22253620346121175,-1.5681089584796952,-1.2452137098029452,0.9442870632672329,0.22833874889533926,-0.6912970076363107,-0.3068125554156887,-0.34250386831509505,,0.8148005073890562,1.9757418570115073,0.8293080829237086,-0.683593550909483,-0.6744907594765952,-0.5544281404601921,-0.9474978227076656,-0.6744907594765952,0.0
G7_A_Roll10,school_a,7,sentence_02_copy_english,copy_english,latin,0.0,data/processed/school_a/G7_A_Roll10/sentence_02_copy_english.json,1.924036803533492,-0.0061347971242605,0.0189014715348026,-0.1249169435215946,0.2856099631841937,0.0189274296096703,21.266910674180817,11.630010323677016,0.2519981244258237,2.304711246200608,1.074154922856142,-0.993548387096774,-12.061463453196582,0.4193548387096774,0.5161290322580645,0.4992981873423001,0.1744186046511628,66.33783783783784,0.6328047237433337,1.1555555555555557,,,,,0.0831024930747922,2.185595567867036,2.4764542936288088,0.2857142857142857,4.0,1,2,3,0,3,copy,1,0,0,0.7079164705388704,0.0,-0.49539856669220805,-1.1426864556867453,0.47982630394012715,0.4543158228154821,-0.44872589930068263,-1.3631744536004402,-1.9781493143547872,-1.0582407035655903,-0.21021679121849235,-0.3269338111496942,-0.7882342594002102,-0.282850963651475,1.035669682293094,0.28267107492069476,-2.127148419904103,0.0,0.0,0.620567950214988,,,,,-0.7805306690832545,-0.4602981460854871,-0.10475701232031541,0.0,0.0
G7_A_Roll10,school_a,7,sentence_03_dictated_hindi,dictated_hindi,devanagari,0.0,data/processed/school_a/G7_A_Roll10/sentence_03_dictated_hindi.json,2.258633679718294,-0.0315947253496349,,0.0804263565891472,0.1760989064477414,2.4819809113770708,18.676673568112296,18.177724828931773,0.2373546261730147,2.9688454489920586,1.0903255238783964,-1.1696969696969708,-17.814129030234806,0.2727272727272727,0.5454545454545454,0.7049901374220818,0.1744186046511628,69.57142857142857,,,0.0,,,,0.0330943188086045,0.7032542746828462,0.9349145063430778,0.3333333333333333,1.0,1,2,3,0,3,dictated,0,1,0,1.953550524266522,-2.0750832731070052,,0.9907019379320369,-0.8467940195341381,0.30110648791567446,-0.6526772264981543,-1.3758377526094452,-1.4576810267800726,-0.30130231423948906,0.0,-0.6606211877981665,-2.8514718588092385,-1.4690613132539478,1.1131900124547243,2.9800875963975817,-0.6790814647802126,0.3913902801549968,,,-0.6744907594765952,,,,-0.8100066862974787,-0.4348585792968456,-0.09620084652460652,-0.6744907594765952,0.0
G7_A_Roll10,school_a,7,sentence_04_dictated_english,dictated_english,latin,0.0,data/processed/school_a/G7_A_Roll10/sentence_04_dictated_english.json,,,,,,-3.149288634479286,18.276573832099317,17.95699302451079,0.3939798267061039,2.9351315202853323,1.0606801521970688,,,,,,0.2209302325581395,,,,,,,,0.1154696132596685,0.2204419889502762,0.1784530386740331,0.5714285714285714,1.0,1,2,3,0,3,dictated,0,1,0,,,,,,-0.19337548195259122,-2.1105663890458324,1.0573681625114584,-0.3738086118205235,0.28200359370333766,-1.047440350469959,,,,,,-1.5694932610187584,,,,,,,,-0.7204701130682576,-0.8718831402539807,-1.0286928311483425,0.0,0.0
G7_A_Roll10,school_a,7,sentence_05_own_hindi,own_hindi,devanagari,0.0,data/processed/school_a/G7_A_Roll10/sentence_05_own_hindi.json,1.653404212507611,0.0122748183991619,,-0.2273901808785529,0.3169063926130012,4.880030803865727,21.908816963953168,19.645321324809125,0.2269160360714537,3.2327586206896552,1.111268361437736,-1.3583333333333336,-6.474751907485446,0.5,0.25,0.3970207707852135,0.1744186046511628,,0.3830418076698903,,2.0296296296296297,0.0723382567987715,1.3333333333333333,0.0177586104308829,0.0980392156862745,0.8963585434173669,0.7422969187675069,,1.0,1,2,3,0,3,own,0,0,1,-0.035169553268869724,0.08646765091031247,,-0.6557541942513472,0.8146975319094217,0.29136297196095495,0.417537793301891,-0.01583851794204698,-1.4027097627134,-0.0062930191325766,0.9866395094349187,-0.689518421182674,-0.22948792451370578,0.1967264715140073,-0.8047901107391189,0.16188441634319367,-0.8046831618871848,,-1.319605740771065,,0.46990849307952404,0.004889571517426435,0.5193689058878194,0.2825146989164537,0.3893617695688938,0.9882897421379939,-0.6744907594765952,,0.0
G7_A_Roll10,school_a,7,sentence_06_own_english,own_english,latin,0.0,data/processed/school_a/G7_A_Roll10/sentence_06_own_english.json,0.104065407877065,-0.0227604055565442,,0.0232558139534883,0.0911882973334774,-0.6596803912100491,21.81420343728416,16.971490119288642,0.3982780187952306,2.7453027139874737,1.061929625045943,1.8263888888888888,0.9405402387282864,0.25,0.5,0.2808909218600871,0.4186046511627907,,1.0040315761873957,0.5611111111111111,,,,,0.2722689075630252,1.9361344537815128,1.1798319327731093,,1.0,1,2,3,0,3,own,0,0,1,-1.3660632155141257,-5.0,,0.2739944496837168,-1.0620597293493272,0.07381336812411182,-0.18131284991444238,0.191417720026484,-0.8194670889354639,-0.25176566341555484,-1.974191622188782,0.5884960841272194,-0.1485848641778778,-0.4343311708750801,0.2508436708797258,-0.014663661749333787,-0.4455176384352834,,3.224259470767799,0.82326633153859,,,,,-0.1743754113118926,0.8190252694804754,-1.1029776400736266,,0.0
G7_A_Roll11,school_a,7,sentence_01_copy_hindi,copy_hindi,devanagari,0.0,data/processed/school_a/G7_A_Roll11/sentence_01_copy_hindi.json,1.0246383645546642,0.031235388128143,,0.1991744066047471,0.1602391282212471,-3.010506721503516,19.335811551067028,24.99202818324564,0.3632689101152611,2.9873417721518987,1.1053090844715214,-1.1605113636363638,-4.940764560368873,0.5625,0.25,0.4595927626238235,0.5146198830409356,74.38235294117646,0.4713233826174661,,0.1684491978609625,0.0215154985916639,1.4705882352941178,0.0220456272639339,0.2543352601156069,3.128323699421965,2.238150289017341,0.2857142857142857,1.0,0,3,1,2,1,copy,1,0,0,0.0,1.5215213471939157,,1.2036717722431092,-0.6744907594765952,-1.30581658093294,-0.33463162851023986,0.0,0.4110756331094022,0.22496922883771395,4.927092638488857,-0.3030419540099953,-0.338326498509767,0.14592348161753305,0.0,0.2219531918478162,0.685478704179848,0.4434497258437279,-1.0084261813470083,,-0.6027961333625199,-0.3753103875276956,0.4087664587230451,0.8623326066634142,1.30545244263457,1.0722514442931437,0.7513473475359072,-0.6744907594765952,0.0
G7_A_Roll11,school_a,7,sentence_02_copy_english,copy_english,latin,0.0,data/processed/school_a/G7_A_Roll11/sentence_02_copy_english.json,0.3104710153637361,0.0114220515736384,0.0203767572166975,0.0019493177387914,0.1582276026839734,-6.151436058493796,20.715018222645003,14.938442732749833,0.5145976173005268,2.976241900647948,1.0729610848430389,0.5822368421052632,6.241776568650415,0.3333333333333333,0.4583333333333333,0.351676844779369,0.4444444444444444,46.554054054054056,0.6276054583119107,0.3142414860681114,,,,,0.1277310924369747,5.96078431372549,5.428571428571429,0.2142857142857142,3.0,0,3,1,2,1,copy,1,0,0,-0.7454071710032697,0.3753390544111809,-0.4700020451952137,-0.01403862493541177,-1.5345393442217472,-1.125634491899949,-0.7956004457894644,-0.20043774751371,1.0362480545744515,0.0,-0.572171909269386,0.7795758595969817,1.5826981117200387,-0.9742644303550809,0.7082152974504246,-1.0073126513351502,0.22509507088932265,-0.9914201524836704,-0.04907635121452249,-0.7905673338370756,,,,,-0.4957971751086239,2.676931783251239,1.901220856855844,-0.6744907594765962,-0.6744907594765952
G7_A_Roll11,school_a,7,sentence_03_dictated_hindi,dictated_hindi,devanagari,0.0,data/processed/school_a/G7_A_Roll11/sentence_03_dictated_hindi.json,0.1648200813734543,0.024176840725787,,-0.2592592592592592,0.0576945364013596,-4.494839424313956,19.449454419719903,19.26379653088047,0.2888339467825245,3.3234095894703857,1.0807932383184948,2.7,2.8808054048340828,0.5,0.5,0.1548804449865576,0.175438596491228,14.178571428571429,0.7118848672862358,,2.711111111111112,0.0623885468052537,1.3333333333333333,0.000228158526523,0.057883131201764,0.1901874310915104,0.2563395810363836,0.6666666666666666,1.0,0,3,1,2,1,dictated,0,1,0,-1.181700163483817,1.7248172041097527,,-1.3973771731472013,-2.5857336052845312,-0.788364374134543,-0.16242430542670006,-1.1217944264848942,-0.2891144141406287,0.6534742580286153,-0.7224308739493858,1.5993262200373863,0.5538034086788842,0.0,0.900192930514747,-2.52015641337759,-0.6744907594765952,-2.0080023068821578,0.10409958297186898,,5.0,-0.05577995225324907,0.4377311304547863,-0.9531755865425801,-0.41278455150125104,-1.251886187658069,-0.8905531327376217,0.674490759476595,0.0
G7_A_Roll11,school_a,7,sentence_04_dictated_english,dictated_english,latin,0.0,data/processed/school_a/G7_A_Roll11/sentence_04_dictated_english.json,0.5587170194929673,0.0094224571391382,,-0.0497076023391812,0.0951721180253008,-5.967850345075127,21.931428762331063,11.381829140786367,0.2794640290799118,2.4497079818299805,1.0651959083289189,2.990476190476191,8.288112391276217,0.2857142857142857,0.4285714285714285,0.2787798810596408,0.175438596491228,37.92105263157895,0.7813593153242021,2.5583333333333336,,,,,0.1412742382271468,0.6398891966759003,0.6149584487534626,0.7142857142857143,1.0,0,3,1,2,1,dictated,0,1,0,0.046706606895246514,0.25388940911879854,,-0.3971615199139044,-1.7508923974685144,-0.8538939876182665,0.38933830784257306,-1.762654342850165,-1.6482886764856985,-1.3474738066629426,-0.5981211907586101,1.3657983889944771,2.0419290328622353,0.0,-0.051011906178902604,-0.6034806714375979,-1.9037674337445194,0.0,0.8599181541843618,4.548887517298742,,,,,-0.6204705528443185,-0.2992334563380607,-0.4681530725179133,0.6744907594765952,0.0
G7_A_Roll11,school_a,7,sentence_05_own_hindi,own_hindi,devanagari,0.0,data/processed/school_a/G7_A_Roll11/sentence_05_own_hindi.json,0.118986631024711,0.0120984527088665,,0.1052631578947368,0.0696864051918887,-4.6882134363863175,22.136637443395077,26.084393343374867,0.2790922478296808,2.5,1.1093474486963846,-0.935,-8.349105913905495,0.25,0.75,0.0581258476534726,0.5847953216374269,,0.9274041273458222,,0.588,0.014565000334826,0.6,3.7879525127967926e-05,0.1581277672359266,2.5932953826691967,1.8342820999367488,,1.0,0,3,1,2,1,own,0,0,1,-1.7536750498313922,0.06739607624683075,,2.2303307821518072,-1.0617999890771426,-1.1430304860818088,0.5343633700109022,3.8788450016933567,-0.12617477303767388,-2.3765237142002222,0.87728671842777,-0.4125733117602483,-0.40314321233366823,-1.4754485363550511,3.1041904271366025,-2.2799257879624095,5.0,,0.8216895518814133,,-1.5119676407430673,-5.0,-0.7414438863364043,-0.9722521489668737,1.419286450364031,5.0,5.0,,0.0
G7_A_Roll11,school_a,7,sentence_06_own_english,own_english,latin,0.0,data/processed/school_a/G7_A_Roll11/sentence_06_own_english.json,0.1433042792204203,0.0033790130316704,,-0.0093567251461988,0.061593505366492,-5.885722093000772,20.4935910222713,13.779830801086035,0.4053031984384768,2.5895316804407704,1.074336732406529,1.1452991452991454,6.355084501391483,0.4444444444444444,0.3333333333333333,0.3243346111601652,0.4561403508771929,,0.477784752617269,0.2948717948717949,,,,,0.482806052269601,1.0192572214580466,1.4215955983493809,,1.0,0,3,1,2,1,own,0,0,1,-1.1907149837728037,0.6423239584331015,,-0.31877510017335153,-1.5978039968991657,-1.017705675341427,-1.0477915093891,-1.3653860565728473,-0.701305874720229,-0.630252888823349,0.07448454512113846,0.01048552488552877,2.610195057688106,0.3406518987255533,-0.46452531644393585,0.2639430328895953,0.0822199933593015,,-0.6865279583554275,-0.43018188836492605,,,,,1.2255662450788294,-0.48415404918195704,-0.4606935987250343,,0.0
G7_A_Roll12,school_a,7,sentence_01_copy_hindi,copy_hindi,devanagari,1.0,data/processed/school_a/G7_A_Roll12/sentence_01_copy_hindi.json,1.5187102830022012,-0.0110484736662638,0.0553621549793466,-0.1075837742504409,0.2414778240091404,-0.3483712399076475,18.273565644659804,26.71574098842446,0.423483613255439,3.557562076749436,1.0773338522322395,-1.387412587412587,-4.369402060081344,0.5384615384615384,0.2692307692307692,0.5651216784684211,0.3395061728395062,105.17647058823528,0.969795467474898,,0.724025974025974,0.0327162893896625,1.0714285714285714,0.0051057872474707,0.1386554621848739,1.8487394957983196,1.6638655462184877,4.0,2.0,0,3,4,2,2,copy,1,0,0,0.5135541241483627,-0.3049487894562761,-0.11205817958314737,-0.5020004981983383,0.20551976443008596,-0.7163324196531345,-1.0511151556226712,0.45539058490478773,1.280763151658641,1.5451728412703551,-1.087536564538381,-0.46669047875259506,-0.2463669062392394,-0.05986604374052611,0.12106244400861951,0.9814348465139924,-0.02319677215131119,1.7439871570997032,1.3118620720811605,,0.0,0.23430029777112096,-0.4473361333997345,-0.5841857280901687,-0.21250108177075008,0.07404825694955447,0.0,5.0,5.0
G7_A_Roll12,school_a,7,sentence_02_copy_english,copy_english,latin,1.0,data/processed/school_a/G7_A_Roll12/sentence_02_copy_english.json,0.0460144029085993,-0.000570363952328,0.000806616436871,0.0035273368606701,0.0263961720407332,-1.327052347633582,21.069055049691563,16.550689743887705,0.4918246985644578,2.8453721505081027,1.072817337873587,2.842105263157895,0.4156881514210194,0.0,0.8,0.0843370433412312,0.4691358024691358,20.60810810810811,0.5613475676432041,0.2180451127819548,,,,,0.3406162464985994,1.6392156862745098,1.596638655462185,0.5,2.0,0,3,4,2,2,copy,1,0,0,-0.9836007729382428,0.1189592233221955,-0.8068951006308845,0.0,-3.6192605269110767,0.10967143083498442,-0.5730817947726666,0.3661806830118166,0.7748361776154974,-0.20623287343065483,-0.6157539955544109,2.366445831576616,0.8280086901241785,-3.6534916138315547,2.644003777148252,-3.3434517708439095,0.4401859164057869,-2.291643303281927,-0.6744907594765952,-0.9519174187401366,,,,,0.8624245615712522,-0.914346786487902,-0.7025959931071163,2.0234722784297867,-1.3489815189531904
G7_A_Roll12,school_a,7,sentence_03_dictated_hindi,dictated_hindi,devanagari,1.0,data/processed/school_a/G7_A_Roll12/sentence_03_dictated_hindi.json,1.5617692772148934,0.0373714042317026,0.0476513399567071,-0.1800411522633744,0.3076401705330079,-1.2725040377502363,19.836071355867343,18.945919087719457,0.3003474570085696,2.905824039653036,1.0819036711699006,-2.8969696969696965,-3.784272960922815,0.4090909090909091,0.2727272727272727,0.3694735012481525,0.1851851851851851,104.39285714285714,0.6138531091992115,,1.45,0.0678199772387562,1.125,0.0096338418955207,0.0588235294117647,0.8907563025210085,0.9411764705882352,4.0,2.0,0,3,4,2,2,dictated,0,1,0,0.9100743528706364,2.6238062713163655,-0.2865658244412682,-0.840453071243108,1.0850798731939144,-0.2851780596675844,0.0828458534905152,-1.196149225358391,-0.02776085536903782,-0.47100747705443863,-0.6382736201342302,-1.6693682688210825,-0.5429106971808365,-0.5876245253015789,-0.16479247918514034,-0.3745585653983478,-0.6306240199086927,1.8997125060487592,-0.32254594311027734,,5.0,0.2542027682974885,-0.0375198111818389,-0.10034231522096364,-0.39771537518854844,-0.13627305329564787,-0.08887047602487619,5.0,5.0
G7_A_Roll12,school_a,7,sentence_04_dictated_english,dictated_english,latin,1.0,data/processed/school_a/G7_A_Roll12/sentence_04_dictated_english.json,0.0315213957626344,0.0031949133478881,,-0.0123456790123456,0.0246913580246913,-3.5696948209138206,20.96742671582821,15.662673818062002,0.5585947024466474,2.7370156636438585,1.05956854449666,2.557894736842105,0.3465566704760009,0.0,0.8,0.1384036537729928,0.4691358024691358,33.39473684210526,0.3586113758267737,0.1798245614035087,,,,,0.319327731092437,1.5327731092436976,1.4263305322128852,0.2857142857142857,1.0,0,3,4,2,2,dictated,0,1,0,-1.3693589958991272,-0.012355049042704017,,-0.04348536000497954,-3.041936841146466,-0.2918959667063707,-0.2700348519314341,0.07335743500938856,1.4582388595990232,-0.3830348427901579,-1.1580456673411548,1.0798583070262882,0.0,-1.6187778227438276,2.0710833908634276,-1.4531318488562661,0.25433016502574696,-0.34425047664680897,-0.46059802732598376,-0.7837823254968525,,,,,0.06953253789253035,0.9197749930876551,0.5737728723152867,-1.3489815189531897,0.0
G7_A_Roll12,school_a,7,sentence_05_own_hindi,own_hindi,devanagari,1.0,data/processed/school_a/G7_A_Roll12/sentence_05_own_hindi.json,2.2073471723472653,0.0062203614250847,,-0.2133058984910836,0.1834977857646256,0.7930930337445659,20.95575504754049,20.71253338640779,0.2620872414039633,2.990228013029316,1.0807932383184888,2.011764705882353,2.6727367703120724,0.4117647058823529,0.4705882352941176,0.4059604195327146,0.1851851851851851,,0.6057502474984695,,1.340740740740741,0.0745458852551512,0.5555555555555556,0.0068544902759323,0.0483558994197292,0.5512572533849129,0.9961315280464216,,1.0,0,3,4,2,2,own,0,0,1,0.5852313289646135,-0.5682403483300733,,-0.5335596118918494,-0.19792657927467644,-0.32131754221614256,-0.0711891565186886,0.6296664890341404,-0.5422165853999166,-0.7907989594774418,-0.7482335525405239,1.515203240789508,0.6180092791798346,-0.3934529430280135,0.9197601265589931,0.22629649231303753,0.5695699746691192,,-0.44356322900645256,,-0.47713950016629314,0.29559049295814416,-0.8178567828348421,-0.4895826004858558,-0.46221598238245576,-0.6744907594765952,0.9140909034030781,,0.0
G7_A_Roll12,school_a,7,sentence_06_own_english,own_english,latin,1.0,data/processed/school_a/G7_A_Roll12/sentence_06_own_english.json,0.0207732532882306,8.600516030961884e-05,,-0.0024691358024691,0.0103291361300503,-1.3664967170919848,22.078079960615486,19.983327632049704,0.4381228815764625,2.452276064610866,1.0662375519249805,2.5416666666666665,0.2878421027828488,0.0,0.5,0.1363808138703321,0.4444444444444444,,0.4136697388707695,0.2833333333333333,,,,,0.392079207920792,1.2831683168316832,1.39009900990099,,1.0,0,3,4,2,2,own,0,0,1,-1.7382740239565087,-0.3285427115335792,,-0.19358542320881963,-2.5258251155682947,-0.07381336812411188,-0.008178496788787104,1.660509357604674,-0.1492895837956417,-0.9637519741428487,-1.2628616666155406,1.1955205067347674,-0.4811429568140917,-1.4307379746473232,0.2508436708797258,-0.9414146853754031,-0.0822199933593007,,-1.1629967531251877,-0.484504684412109,,,,,0.6222889044756258,-0.10905096086016224,-0.5443693490455216,,0.0
G7_A_Roll13,school_a,7,sentence_01_copy_hindi,copy_hindi,devanagari,0.0,data/processed/school_a/G7_A_Roll13/sentence_01_copy_hindi.json,0.207008906191736,-0.0186568180562354,,0.1144578313253012,0.1413631799742814,1.047158204115535,17.687757722385573,25.51372746074869,0.4009327987692274,2.728862973760933,1.0796038250085558,1.2888888888888888,1.8996056916083832,0.3333333333333333,0.6666666666666666,0.3350331268281526,0.5421686746987951,46.5,1.0290858015264708,,0.6666666666666667,0.0209264945118198,3.75,4.2677228164944246e-05,0.1756832124930284,2.13329615170106,1.7317345231455663,0.5714285714285714,1.0,2,0,3,1,4,copy,1,0,0,-0.8498701599695561,-0.6335945949222123,,0.7326208848696113,-0.8789626917860153,-0.4073164024224376,-1.446241861999962,0.13782860950660075,0.9550592808594923,-0.37347428610139755,-0.5994961281363075,1.463544982626494,0.762616701358481,-1.8159366601292959,2.6230196201867577,-0.6744907594765952,0.7969671366276809,-0.7341142520270122,1.5878467657497,,-0.06223436646724299,-0.40736733665147706,5.0,-1.0165322831156312,0.27337808716347195,0.2960308041688481,0.08879423741193988,0.0,0.0
G7_A_Roll13,school_a,7,sentence_02_copy_english,copy_english,latin,0.0,data/processed/school_a/G7_A_Roll13/sentence_02_copy_english.json,0.7018779642990015,0.0234630362910036,0.0211636921390813,0.0896385542168674,0.3087426289570449,-1.7553649256997708,23.05399710555293,13.646150180832562,0.5032700580467783,2.810665772262287,1.0778357233870703,0.1555555555555556,33.61311601452963,0.55,0.45,0.4544245653331351,0.4337349397590361,78.52702702702703,0.8690747615409082,1.0198412698412698,,,,,0.2592797783933518,5.823822714681441,4.22825484764543,0.3571428571428571,5.0,2,0,3,1,4,copy,1,0,0,-0.3928705861784722,0.6327572218603424,-0.45645523868965204,0.766076320897903,0.8456355659153038,0.0,0.6744907594765952,-0.6546093307070334,0.9062182344971451,-0.2609253910243477,0.9057508493418585,0.47996207902298454,5.0,0.7672332389046275,0.661000944287063,-0.10945543690331218,0.1318026559665187,0.6108340010520977,2.2301749178534807,0.3929345085942785,,,,,0.34349237274733035,2.5631149500764248,1.085599935570975,0.6744907594765952,0.6744907594765952
G7_A_Roll13,school_a,7,sentence_03_dictated_hindi,dictated_hindi,devanagari,0.0,data/processed/school_a/G7_A_Roll13/sentence_03_dictated_hindi.json,0.7652243618979253,0.0005003459976902,,-0.0431726907630522,0.2572512095391116,0.2155901295015059,19.845346234514693,26.386619152969065,0.3969530570299099,3.398972602739728,1.0763071915120188,1.303030303030303,3.564069489217663,0.5454545454545454,0.4545454545454545,0.4591466425740996,0.3253012048192771,42.60714285714285,,,,,,,0.0836431226765799,0.8866171003717472,0.9702602230483272,0.3333333333333333,1.0,2,0,3,1,4,dictated,0,1,0,-0.28266219041369883,0.1116596410883436,,0.1217681669394912,0.34504503391564634,-0.05280354560507216,0.08872984549159474,0.5443069433085141,2.165160058161519,0.8569516731508078,-1.0624184555859746,0.7834798966135886,0.666231998149145,0.2938122626507893,0.6871958485747692,0.5220338146269714,0.0,-0.7765925716909428,,,,,,,0.0,-0.14286447988026696,-0.05482450055962338,-0.6744907594765952,0.0
G7_A_Roll13,school_a,7,sentence_04_dictated_english,dictated_english,latin,0.0,data/processed/school_a/G7_A_Roll13/sentence_04_dictated_english.json,0.0113790571757871,0.0017621399020313,,-0.0048192771084337,0.0107762312168664,-2.684181393844438,22.906863137772003,15.431367352760294,0.4193318410370745,2.705882352941176,1.0818227722573843,3.612903225806451,0.6811511115271661,0.25,0.75,0.2358949779260838,0.3734939759036144,23.18421052631579,0.2901360984646099,0.6,,,,,0.2902282036278525,0.834406085430076,0.9795201872440022,0.5714285714285714,1.0,2,0,3,1,4,dictated,0,1,0,-1.4234620110775347,-0.07361001609669848,,0.027761211003179385,-3.2968297672182203,-0.08437948644058556,1.0565311303266645,-0.02584761133190252,-0.09165857196839933,-0.4875436318571896,1.0562570154250628,1.777228042314981,0.08603076367357437,-0.20234722784297837,1.7854167162615753,-0.8630488985171555,-0.4484494054022399,-1.120815505361702,-0.6744907594765952,0.15826040166489938,,,,,-0.04323561715139287,-0.03366955983394747,0.0,0.0,0.0
G7_A_Roll13,school_a,7,sentence_05_own_hindi,own_hindi,devanagari,0.0,data/processed/school_a/G7_A_Roll13/sentence_05_own_hindi.json,2.000920566110035,0.0020021982241536,,-0.1518072289156626,0.318596032574631,1.5032483797951066,21.44202457368664,18.83724493691914,0.2842494285805447,3.2548899755501224,1.0809442582320803,1.342857142857143,5.734248608205853,0.5714285714285714,0.4285714285714285,0.2867569706432866,0.180722891566265,,0.5530838382280651,,1.3511111111111112,0.0763241541699032,1.8461538461538465,0.0262546651217595,0.050744248985115,0.5074424898511503,1.0351826792963463,,1.0,2,0,3,1,4,own,0,0,1,0.35403920647042725,-1.0243779014707404,,0.0,0.8275225677507081,-0.21485682100213663,0.1781682233235704,-0.5046048776670683,0.0,0.06529456118731507,-0.7396363639783488,1.0776032134615439,0.9016524530694326,0.6744907594765952,0.5912743670736381,-0.6325897819244681,0.0,,-0.6507310107859894,,-0.46288286370882953,0.529753270935526,1.401056173177487,0.8841020612330666,-0.4212793962887705,-0.8856007628032798,1.1584860352024842,,0.0
G7_A_Roll13,school_a,7,sentence_06_own_english,own_english,latin,0.0,data/processed/school_a/G7_A_Roll13/sentence_06_own_english.json,0.2672708352039883,-0.0008019929450148,,0.2144578313253012,0.1193926664273493,-4.0141264650765045,24.144305031385365,15.588053392505293,0.2621061676767517,2.433460076045627,1.10069079706243,4.701388888888888,0.1872993832029184,0.0,1.0,0.1821521043136828,0.4337349397590361,,0.748687698022903,1.1333333333333333,,,,,0.2745098039215686,1.03921568627451,1.0,,1.0,2,0,3,1,4,own,0,0,1,-0.6367409360340119,-0.5903482695922001,,3.749305998496557,-0.5514858054387248,-0.6268013569074238,1.3475106585915815,-0.4833847279225725,-3.1098328998032914,-1.009470431183367,4.426098712965257,3.0283806565497913,-0.5323707652151785,-1.4307379746473232,2.3969506328507104,-0.6478809605644809,-0.2327915474630821,,1.3266791261404085,3.517274624397029,,,,,-0.15947483799808906,-0.45578661059352554,-1.5807300776441187,,0.0
G7_A_Roll14,school_a,7,sentence_01_copy_hindi,copy_hindi,devanagari,0.0,data/processed/school_a/G7_A_Roll14/sentence_01_copy_hindi.json,0.526932411053934,-0.0593383495287031,,-0.0116279069767441,0.1335944801520471,10.453216893751074,19.615713624411413,26.96796399681246,0.3917950415846056,2.8773281952472707,1.1099684996794097,-1.9583333333333333,-2.838677444395232,0.6666666666666666,0.3333333333333333,0.3989416570948977,0.4651162790697674,52.97058823529412,0.8296024275268311,,1.71875,0.0198032712317583,0.75,3.387516247555526e-05,0.194884287454324,3.0694275274056038,2.679658952496955,0.4285714285714285,1.0,1,4,2,0,0,copy,1,0,0,-0.5173314561908945,-2.3908513636851323,,0.031544398758031146,-0.963116401226252,1.6754936784095642,-0.145838032275861,0.5220258056742597,0.8230816581765596,-0.029739908096013713,5.0,-0.8784570451022701,0.0,1.0376780915024548,0.5246039240373515,-0.21454709450284243,0.4851403635437968,-0.460839911170933,0.6592913992481545,,1.0792672090416,-0.468499530426958,-1.1367240102143936,-1.0172839047006659,0.5253351266054125,1.026306561211139,1.3289812954670657,-0.3372453797382977,0.0
G7_A_Roll14,school_a,7,sentence_02_copy_english,copy_english,latin,0.0,data/processed/school_a/G7_A_Roll14/sentence_02_copy_english.json,27.56960822839888,-1.1745449475792913,2.347436987094016,-0.0911627906976744,0.3533570237405636,0.3868004541664647,21.863348231255223,19.230472170321796,0.4221134231638982,2.9814288104400197,1.0726236061702803,-1.0657596371882083,-11.54872930167976,0.4285714285714285,0.3809523809523809,0.5080604616786332,0.2441860465116279,71.43243243243244,0.8602690875900789,1.4761904761904765,,,,,0.0674518201284796,3.26017130620985,2.6306209850107067,0.2142857142857142,4.0,1,4,2,0,0,copy,1,0,0,5.0,-5.0,5.0,-0.8423973876154834,1.5511469405871288,0.5485114244270284,-0.07385393549083524,1.3079806070472306,-0.025384275408810563,0.00817386225236502,-0.6744907594796246,-0.37764024314445327,-0.7218166198916269,-0.20877094936180324,0.26979630379063757,0.359239890124637,-1.519391728502931,0.2553042332556994,2.1470573403434607,1.1583685959153776,,,,,-0.8803830250779617,0.4326879784802132,0.0,-0.6744907594765962,0.0
G7_A_Roll14,school_a,7,sentence_03_dictated_hindi,dictated_hindi,devanagari,0.0,data/processed/school_a/G7_A_Roll14/sentence_03_dictated_hindi.json,0.5393010881985955,-0.0112986163027152,,0.2344961240310077,0.3403952675416827,8.980812331729627,18.709023532103288,20.57928873623504,0.3175292846371462,3.463559915907498,1.1009611980183394,5.413333333333333,2.903211175276212,0.4,0.6,0.4031376431883957,0.1744186046511628,48.17857142857143,,,0.0,,,,0.0402144772117962,0.7882037533512065,0.482573726541555,0.1666666666666666,1.0,1,4,2,0,0,dictated,0,1,0,-0.6209569172244158,-0.6922425196532282,,2.0738528754770105,1.566135891659843,1.3159366152775918,-0.6321543779957005,-0.8140872882365007,0.3622619707513898,1.0308735294195732,0.8060542579925785,3.183944003103912,0.5574901957124448,-0.6463869778317369,1.3687865107826973,-0.03796934038165603,-0.6790814647802126,-0.5352610155479401,,,-0.6744907594765952,,,,-0.695911485763242,-0.2995817235520491,-0.6257192816779795,-1.3489815189531904,0.0
G7_A_Roll14,school_a,7,sentence_04_dictated_english,dictated_english,latin,0.0,data/processed/school_a/G7_A_Roll14/sentence_04_dictated_english.json,,,,,,5.022816209881396,22.409774379756595,9.595498109679667,0.2853366885076711,2.0002394062724447,1.0748909406791942,,,,,,0.1744186046511628,,,,,,,,0.094240837696335,0.1020942408376963,0.0706806282722513,0.5714285714285714,1.0,1,4,2,0,0,dictated,0,1,0,,,,,,1.7217241447996818,0.7165246062224784,-2.5287939857290436,-1.5829301187810336,-2.8562570197233716,0.36653758659998503,,,,,,-1.9112623703527196,,,,,,,,-0.8027370796721711,-1.03345722943748,-1.1670891018901908,0.0,0.0
G7_A_Roll14,school_a,7,sentence_05_own_hindi,own_hindi,devanagari,0.0,data/processed/school_a/G7_A_Roll14/sentence_05_own_hindi.json,2.3418236089785958,0.0020091664562375,,-0.1627906976744186,0.2768809511579223,11.390873132019868,22.861646596531383,20.52363057459747,0.2719989318578876,3.365019011406844,1.1049323979433612,0.726666666666666,21.52364098320412,0.3,0.6,0.4856077417965385,0.1744186046511628,,0.1021823299862759,,1.084848484848485,0.0711959422179849,1.7272727272727273,0.0371034905230957,0.0377358490566037,0.5849056603773585,0.5660377358490566,,1.0,1,4,2,0,0,own,0,0,1,0.7358412400461483,-1.0236243809972403,,-0.09529206678139726,0.5108885945725279,1.267415569214284,0.9061456287522968,0.5154083062014024,-0.29971872584087683,0.42152540424465196,0.625948845609231,0.6744907594765952,2.3645092389226026,-1.1410135347812396,1.931496265773886,0.8001724372584244,-0.8046831618871848,,-2.4243902854081423,,-0.8289266335322862,-0.14553062271869752,1.1966650339421545,1.6522840580405664,-0.6442448663909544,-0.5123646919322844,-1.7775795254010902,,0.0
G7_A_Roll14,school_a,7,sentence_06_own_english,own_english,latin,0.0,data/processed/school_a/G7_A_Roll14/sentence_06_own_english.json,0.4661849954647876,-0.0005810920036094,,0.0406976744186046,0.1343513954452481,-3.3052564528283863,21.068027718378215,15.58616238438582,0.4461388637247054,2.535513267220584,1.0823892225220768,4.288,1.0902292928064694,0.2,0.6,0.2827497179915942,0.2906976744186046,,0.4885933439916865,0.58,,,,,0.1558171745152354,0.5886426592797784,0.5193905817174516,,1.0,1,4,2,0,0,own,0,0,1,0.2521543118653009,-0.5252207722545938,,0.5910198657352986,-0.2806931156265843,-0.4787456845913487,-0.6708927821490386,-0.48430710975862373,-0.01446339687035485,-0.7615050149415867,1.4041211886814164,2.6775559009286063,-0.07231636642791486,-0.6336125316295287,0.6800650632739227,-0.00274310310087896,-2.243840981561402,,-0.606204236899332,0.9121947606232372,,,,,-0.9487073339742841,-1.0961967218127702,-2.85754625574482,,0.0
G7_A_Roll15,school_a,7,sentence_01_copy_hindi,copy_hindi,devanagari,1.0,data/processed/school_a/G7_A_Roll15/sentence_01_copy_hindi.json,3.1052573326316995,-0.0039887291848185,,-0.1605545617173524,0.2330696521320073,2.13989024043363,19.994711890647014,17.555159373971215,0.2420943989212527,2.961601307189542,1.082387414902372,-3.045333333333333,-2.6310315948921827,0.76,0.12,0.6818547839034401,0.1744186046511628,85.20588235294117,0.9301980978696844,,2.807692307692307,0.0627693542894151,0.9615384615384616,0.0108659458684901,0.2689075630252101,1.3361344537815123,1.4285714285714286,3.7142857142857135,1.0,4,0,3,3,1,copy,1,0,0,2.1626617744127703,0.0,,-0.7965347892606863,0.11443903415824433,-0.16534966842796822,0.10979582135828993,-1.964758877894577,-1.339061035444848,0.1653735698353852,-0.0010288510321842415,-1.6624367144699517,0.03342016258917671,1.8366902219593455,-0.8183821214982685,1.8215519969703247,-0.6912970076363107,0.9005631687302601,1.1275442048370832,,2.2607604619863952,1.8699588703909757,-0.6830242964132931,-0.09231714796805743,1.4966706065319437,-0.325834756095259,-0.3078396447088627,5.0,0.0
G7_A_Roll15,school_a,7,sentence_02_copy_english,copy_english,latin,1.0,data/processed/school_a/G7_A_Roll15/sentence_02_copy_english.json,2.3773039866349435,-0.0994441266210287,0.1136846988538081,-0.1151537884471117,0.2022327655675806,-0.9720669271787964,21.663308880575425,11.181892106989457,0.2895237127823277,2.431898734177215,1.0652911099769344,-1.488505747126437,-6.605406531450267,0.5172413793103449,0.293103448275862,0.5784637447415371,0.1744186046511628,78.75675675675676,0.6870824390048854,2.066666666666667,,,,,0.1596638655462184,2.3445378151260505,2.823529411764706,0.2857142857142857,4.0,4,0,3,3,1,copy,1,0,0,1.1161699907648743,-1.9948133120979499,1.1362611855191704,-1.0558299212020743,-0.8386620806319193,0.20056710138150435,-0.1995823429982582,-1.5206639938974942,-1.5473905433797797,-0.8578105729829825,-2.8976018483715102,-0.6744907594765952,-0.08147731587531955,0.5039298777698705,-0.22793136009898754,0.9744564153869888,-2.127148419904103,0.6223463935331238,0.5123324154982984,2.1487737454230245,,,,,-0.29206391460664255,-0.32821511429428274,0.1310822088547087,0.0,0.0
G7_A_Roll15,school_a,7,sentence_03_dictated_hindi,dictated_hindi,devanagari,1.0,data/processed/school_a/G7_A_Roll15/sentence_03_dictated_hindi.json,,,,,,-0.2489483953486042,20.336276405480817,25.812067186648623,0.331284021204537,2.954545454545455,1.0893619213210486,,,,,,0.5581395348837209,,,,,,,,0.2146450531022917,0.7512576858580212,0.6439351593068753,0.5,1.0,4,0,3,3,1,dictated,0,1,0,,,,,,-0.12534392399706618,0.4001764216555446,0.40991333716487405,0.6744907594765952,-0.3398095915483619,-0.07302931005057418,,,,,,1.047941870440774,,,,,,,,2.099207724872199,-0.35841607922979196,-0.43682662112791926,0.0,0.0
G7_A_Roll15,school_a,7,sentence_04_dictated_english,dictated_english,latin,1.0,data/processed/school_a/G7_A_Roll15/sentence_04_dictated_english.json,0.3559982940655281,-0.0142154843226573,,0.0847176079734219,0.1907962363124099,-0.4445753700695738,21.57933769303567,15.491633637936014,0.4916507452443443,2.869850187265919,1.0668776387261432,0.9242424242424242,3.8849242448299712,0.3333333333333333,0.5,0.456384164168884,0.5116279069767442,39.76315789473684,0.5125815671061573,0.3766233766233766,,,,,0.6134969325153374,2.03680981595092,2.085889570552147,0.7142857142857143,1.0,4,0,3,3,1,dictated,0,1,0,-0.49780287155776526,-0.7566969677111145,,0.8753370011716738,0.0007201929051957271,0.44046310208336603,0.14850956506995489,0.0,0.7131998285420551,0.06286618401074306,-0.43078848569681594,0.0,0.909783389177514,0.26979630379063796,0.35708334325231506,0.4714996950757862,0.5665636723185025,0.14010193817021238,0.020350807803479868,-0.3425549819586569,,,,,1.2095138711144435,1.6079103661730805,1.4207476305111428,0.6744907594765952,0.0
G7_A_Roll15,school_a,7,sentence_05_own_hindi,own_hindi,devanagari,1.0,data/processed/school_a/G7_A_Roll15/sentence_05_own_hindi.json,0.0744396192830944,0.0072777746161517,,-0.0374677002583979,0.0389047672478386,2.9364691802006733,20.44786664769363,21.70547995048592,0.3637570872637313,3.740458015267174,1.0818183642066548,0.5277777777777777,5.522053494149055,0.375,0.25,0.2025136017258259,0.4186046511627907,,0.541003382107402,,0.3055555555555556,0.0235527387330966,1.0,0.0153138129238886,0.1913621262458471,0.8132890365448505,0.908970099667774,,1.0,4,0,3,3,1,own,0,0,1,-1.8035664779910068,-0.45389534965256845,,0.9920044605103067,-1.2954448003096795,0.0,-0.3316326221863807,1.2302518851662805,1.9452218709664992,1.6359458504181037,-0.6898756820389437,0.544377440351624,0.8819929845382436,-0.6393610324205219,-0.8047901107391189,-1.239581223303398,5.0,,-0.698250508167201,,-1.9002573179738527,-5.0,-0.053727817850464085,0.10940384486200762,1.9889271841141116,0.5880410027218947,0.3686056079736605,,0.0
G7_A_Roll16,school_a,7,sentence_01_copy_hindi,copy_hindi,devanagari,0.0,data/processed/school_a/G7_A_Roll16/sentence_01_copy_hindi.json,0.6222451512054964,0.0184075511135809,,-0.0835843373493975,0.2613641073169828,8.253694495321243,22.412478978736495,27.54506374793057,0.29108293120261,2.127659574468085,1.1223644405721511,-1.0136363636363637,-6.437369953515679,0.6666666666666666,0.2,0.3712875312461235,0.5301204819277109,71.29411764705883,0.7515398651056935,,0.0241477272727272,0.0193572297236799,1.4375,0.0217100404896536,0.1962095875139353,2.722408026755853,2.1583054626532885,0.5714285714285714,1.0,0,1,1,2,3,copy,1,0,0,-0.4182603514365091,0.9674172462290214,,-0.36855605699648064,0.42093605616847524,1.1884472357254026,1.7405766796905513,0.6744907594765952,-0.6315143258320733,-1.7654115656996825,5.0,-0.1971109384273105,-0.5792019876683911,1.0376780915024548,-0.31476235442241085,-0.4135712301141901,0.7482087684727466,0.31302333588969056,0.29592572217102553,,-0.7593620163167031,-0.4927756439902948,0.3378000596391829,0.8336763489050472,0.5427257508316593,0.7555967707667074,0.6468848848719668,0.0,0.0
G7_A_Roll16,school_a,7,sentence_02_copy_english,copy_english,latin,0.0,data/processed/school_a/G7_A_Roll16/sentence_02_copy_english.json,18.81064767989659,-9.673375040787295,21.648857715606265,0.0634115409004438,0.3316337241315061,-12.069228290266986,23.875831412811987,10.906110691843132,0.2945639029959249,2.4054559360924617,1.0766350502069078,-1.68080808080808,-8.314172304225693,0.4545454545454545,0.4242424242424242,0.5441366970842861,0.180722891566265,93.1891891891892,0.8037239135717577,1.8208333333333333,,,,,0.042016806722689,2.739495798319328,2.369747899159664,0.0714285714285714,5.0,0,1,1,2,3,copy,1,0,0,5.0,-5.0,5.0,0.5327513896467702,1.2076247423378819,-2.640912759871867,1.1910287223099358,-1.6175863832949064,-1.489533858462191,-0.8994808155313015,0.5417234034937674,-0.8095246384485694,-0.3028243604695988,0.0,0.5150656708730359,0.6744907594765952,-2.0722306465847207,1.345595521164654,1.6133221702100304,1.736437730557441,,,,,-1.042660137508679,0.0,-0.17726452337774723,-2.0234722784297867,0.6744907594765952
G7_A_Roll16,school_a,7,sentence_03_dictated_hindi,dictated_hindi,devanagari,0.0,data/processed/school_a/G7_A_Roll16/sentence_03_dictated_hindi.json,0.3976221709331675,-0.0039492426113198,,0.0763052208835341,0.1878384994675684,8.810766442765289,19.70548225285366,25.344848825657795,0.2673458458759081,2.511848341232228,1.102108642828174,0.7052631578947368,3.445123207377645,0.6,0.4,0.4061098857965365,0.4578313253012048,26.035714285714285,,,0.0,,,,0.2308626974483596,1.0619684082624543,0.8772782503037667,1.0,1.0,0,1,1,2,3,dictated,0,1,0,-0.833105182546265,-0.19150548531190947,,0.9617292713446783,-0.6743811008658548,1.2893829658607725,0.0,0.3006261637309255,-0.7768884754762528,-1.5319121878006863,0.8930165664094072,0.43437702868432804,0.6466598254041513,0.6463869778317369,0.4315993502467967,-0.00825152259763069,0.5964819551365655,-1.494399251500897,,,-0.6744907594765952,,,,2.3590833173910544,0.13637176681641255,-0.16367090774576468,2.0234722784297854,0.0
G7_A_Roll16,school_a,7,sentence_04_dictated_english,dictated_english,latin,0.0,data/processed/school_a/G7_A_Roll16/sentence_04_dictated_english.json,2.406798649360202,0.0,,-0.1077250177179305,0.3081273948221601,-10.319172231757875,21.12256176757699,10.943109669559618,0.2879566922636598,2.474025974025974,1.0805981240497764,-0.2208333333333331,-29.64024473960309,0.4375,0.4375,0.4624654257429303,0.180722891566265,45.578947368421055,0.0,0.0,,,,,0.3236151603498542,0.935860058309038,0.9708454810495628,1.0,1.0,0,1,1,2,3,dictated,0,1,0,5.0,-0.1489462962012674,,-0.9463670974613213,2.149955534053617,-1.8736086241498355,-0.1639231588760253,-1.950816768042674,-1.5537713247493554,-1.265842786396093,0.9344041324264925,-0.7569049787741494,-5.0,0.8599757183326586,0.0,0.5083075731364243,-1.8649382440875748,0.5824237715361698,-1.5807740954007599,-1.1869530124867458,,,,,0.08614742924527485,0.10484032753942532,-0.011139650515525465,2.023472278429785,0.0
G7_A_Roll16,school_a,7,sentence_05_own_hindi,own_hindi,devanagari,0.0,data/processed/school_a/G7_A_Roll16/sentence_05_own_hindi.json,1.7260674089451238,-0.0038591907671533,,-0.2501771793054571,0.2671239966094558,7.528598162511488,21.253067135081665,18.277532598752543,0.2835574584211336,3.234704112337011,1.093262638852596,0.5375000000000001,14.032614010018566,0.5625,0.375,0.1720474490898235,0.180722891566265,,0.6186396046605613,,1.580392156862745,0.0666970009989509,0.9411764705882352,0.034964723730196,0.1681614349775784,0.5633408071748879,0.7987668161434978,,1.0,0,1,1,2,3,own,0,0,1,0.04621122858778013,-1.6582081980107637,,-0.8534531383224627,0.43682944905777343,0.6884146772722531,0.08127148343187547,-0.8431478249906494,-0.01692963307479781,0.0,-0.03838155289620376,0.5507377282976772,1.670480021048104,0.6147702234812719,0.1724550237298115,-1.4590963511933592,0.0,,-0.3928618508637949,,-0.1476794139643963,-0.7379520304521138,-0.15486253380427903,1.5008425807472816,1.5912646688352505,-0.6162693091009913,-0.3210833036098284,,0.0
G7_A_Roll16,school_a,7,sentence_06_own_english,own_english,latin,0.0,data/processed/school_a/G7_A_Roll16/sentence_06_own_english.json,0.5011032367134202,0.0020090935167049,,0.0127175368139223,0.2302535495364748,2.69302610116112,22.95374197400832,15.217614093510086,0.5049236688579624,2.646744930629669,1.0758254008870551,0.6304675716440423,2.975336307344227,0.6470588235294118,0.2941176470588235,0.2836051929039047,0.4698795180722891,,0.5946436313573447,0.2222222222222222,,,,,0.3613079019073569,1.3389645776566756,1.3177111716621253,,1.0,0,1,1,2,3,own,0,0,1,0.40819478012666566,0.2384350976793855,,0.08244941919115066,1.455390360052924,0.7740647615103767,0.5663598301965104,-0.6640748461903698,0.9742777179037576,-0.4912380551439815,0.32029523640022534,-0.426429123447383,0.8881698961255156,1.148197282174953,-0.6328474311083269,0.002743103100879316,0.27538744763717904,,0.1819052815028328,-0.7722143079212628,,,,,0.4176787718085771,-0.029746414294463792,-0.7366792777427204,,0.0
G7_A_Roll17,school_a,7,sentence_01_copy_hindi,copy_hindi,devanagari,0.0,data/processed/school_a/G7_A_Roll17/sentence_01_copy_hindi.json,0.2974896243688402,-0.053296365893143,,-0.1054421768707483,0.2395223669278494,-0.5874713996566424,20.831918698181784,26.751516811010998,0.3963434195214022,2.741721854304635,1.0838166563530818,0.6923076923076925,6.216796576274784,0.1666666666666666,0.6666666666666666,0.4477400822356783,0.4642857142857143,44.23529411764706,0.8252692064278545,,1.0769230769230769,0.0157430764954015,1.5714285714285714,9.325876492005506e-06,0.154849688031764,3.074872376630743,2.278502552467385,0.4285714285714285,1.0,1,0,0,4,1,copy,1,0,0,-0.755821613106653,-2.1298652047071123,,-0.49009254107456024,0.18433745969347587,-0.7692770417829636,0.6744907594765952,0.4648422596409644,0.8887743763166468,-0.3437027391944225,0.30625572462704104,1.0332712666681663,1.457459490845319,-3.2427440359451714,2.6230196201867577,0.1366505689470553,0.48177911391185396,-0.8297602713266399,0.6391211182617315,,0.3828903910807596,-0.689478400608105,0.6250450083119575,-1.0193802050344236,0.0,1.0305540861772553,0.8041409599214625,-0.3372453797382977,0.0
G7_A_Roll17,school_a,7,sentence_02_copy_english,copy_english,latin,0.0,data/processed/school_a/G7_A_Roll17/sentence_02_copy_english.json,2.046271142630568,0.0025369533694746,0.0117960730596372,0.0035991140642303,0.3046951865449403,1.2203391177682803,21.500329241830958,13.32092269610608,0.2841000253647097,2.48378728923476,1.0748909406791989,-2.0583333333333336,-6.049262099183545,0.375,0.425,0.3860260647393975,0.1785714285714285,70.10810810810811,0.5967018073589524,1.022857142857143,,,,,0.093010146561443,1.927846674182638,2.266065388951522,0.4285714285714285,3.0,1,0,0,4,1,copy,1,0,0,0.8180117986131976,0.18538900040744466,-0.6177154896677437,0.0006385557853663349,0.7816311862991573,0.7619428821400566,-0.3020180406039608,-0.7689093639441393,-1.6096494186829517,-0.7760412886659632,0.012933598623466956,-1.0746212614711186,-0.0094364730570213,-0.6393610324205216,0.519357884796978,-0.7071532435643543,-2.0909724263683196,0.1889386766003718,-0.3407787941812202,0.3979930295191833,,,,,-0.7173191671615851,-0.6744907594765952,-0.2477172904567902,1.3489815189531904,-0.6744907594765952
G7_A_Roll17,school_a,7,sentence_03_dictated_hindi,dictated_hindi,devanagari,0.0,data/processed/school_a/G7_A_Roll17/sentence_03_dictated_hindi.json,1.8146489255389084,-0.0076839956777524,,-0.2523809523809524,0.2069511975948461,0.2102832206760553,17.970603614463734,18.16206811940184,0.2263896701481726,2.816205533596838,1.0820886187973473,-11.416666666666668,-1.2160703696947743,0.5,0.0,0.4734893144322875,0.1785714285714285,31.0,0.0471404520791031,,1.3333333333333337,0.0644921596104225,1.3333333333333333,0.0014574339811491,0.0418760469011725,0.1423785594639866,0.2763819095477386,0.1666666666666666,1.0,1,0,0,4,1,dictated,0,1,0,1.2887332229594892,-0.4459665119259381,,-1.3490208689373473,-0.39368345979904834,-0.05363225012298962,-1.1006086892626576,-1.3795000177785064,-1.7065825539949284,-0.7123337711029349,-0.6242568478405809,-5.0,-0.12032241630239819,0.0,-1.4427749708250048,0.6654382956912911,-0.6603907360440551,-1.2793666469888632,-2.788944837229703,,5.0,0.064277485343552,0.4377311304547863,-0.8417145723668644,-0.6692860771450828,-1.3280188953786973,-0.8670912144139649,-1.3489815189531904,0.0
G7_A_Roll17,school_a,7,sentence_04_dictated_english,dictated_english,latin,0.0,data/processed/school_a/G7_A_Roll17/sentence_04_dictated_english.json,1.0681616712573463,-0.0571931215082653,,-0.1515151515151515,0.1774640991679908,0.554066437375664,19.94878135857826,19.84293878142036,0.4291171008092918,2.9547198772064465,1.070737313853798,0.1863636363636362,45.273889068608405,0.3,0.5,0.4018736952228307,0.2619047619047619,44.28947368421053,0.6295776896543375,0.9090909090909092,,,,,0.0627137970353477,1.266818700114025,1.3922462941847205,0.4285714285714285,1.0,1,0,0,4,1,dictated,0,1,0,1.4150924876173974,-2.5941080095444944,,-1.36089410742858,-0.24349371146396645,0.6744907594765952,-0.9667837959151706,1.8662315722191571,0.017244468186547995,0.34775809958253645,-0.04674959287774858,-0.48774426022231016,5.0,0.08093889113719141,0.35708334325231506,0.14156573818803592,-1.26841095041503,0.4843524148170208,0.3858056298482816,0.8512491301672623,,,,,-0.9249124728520498,0.5566811268774966,0.5300034937091133,-0.6744907594765952,0.0
G7_A_Roll17,school_a,7,sentence_05_own_hindi,own_hindi,devanagari,0.0,data/processed/school_a/G7_A_Roll17/sentence_05_own_hindi.json,1.6662798435251274,0.0262108228207823,,-0.0444444444444444,0.3864260949730844,-0.117725925143968,18.504637349723016,17.098296193485492,0.3113415045270189,2.8378378378378377,1.0939368567972148,-0.8,-7.657952126334478,0.5,0.1428571428571428,0.3745530922014659,0.1785714285714285,,0.4854929800574984,,1.9066666666666667,0.0709781844748206,0.7142857142857143,0.002681083572604,0.0972222222222222,1.1805555555555556,0.9305555555555556,,1.0,1,0,0,4,1,own,0,0,1,-0.020749200594124592,1.5934588825516793,,0.9314745507435522,1.3423795793816047,-0.4578601223684045,-1.328114079733088,-1.5564109442888063,0.6628304685836701,-1.2837305479528185,0.0,-0.32425617056648265,-0.33910914539785975,0.1967264715140073,-1.642428797426774,0.0,-0.2746140949297591,,-0.9166053764348407,,0.30086551794102334,-0.17420500241596099,-0.544953581054707,-0.7850925544443441,0.3753584076808895,2.357618875494942,0.5036945917242949,,0.0
G7_A_Roll17,school_a,7,sentence_06_own_english,own_english,latin,0.0,data/processed/school_a/G7_A_Roll17/sentence_06_own_english.json,1.003839870377117,0.0019492508291245,,-0.060515873015873,0.2541380035610219,2.738242646722528,22.100131590238764,20.440050073973524,0.3922988088926521,3.380527118274886,1.070737313853798,0.9545454545454546,6.032358208282731,0.4545454545454545,0.4545454545454545,0.4868305759717083,0.2857142857142857,,0.5006036668840187,0.6597222222222222,,,,,0.1409691629955947,1.092511013215859,1.497797356828194,,1.0,1,0,0,4,1,own,0,0,1,2.6547930314660704,0.22079187510517678,,-1.2486501080984147,1.8877623578518394,0.7835087582054456,0.0062899924197010095,1.883286023769999,-0.9200354356560569,1.2916812587490694,-0.5198556818828264,-0.15139864457624397,2.445761861744715,0.3809107594840276,0.05574303797327235,1.3060383147980388,-2.313905527397484,,-0.5169498838404495,1.287525042201088,,,,,-1.0474374173041598,-0.38003670056978506,-0.2582513778190114,,0.0
G7_A_Roll18,school_a,7,sentence_01_copy_hindi,copy_hindi,devanagari,0.0,data/processed/school_a/G7_A_Roll18/sentence_01_copy_hindi.json,0.5048422282202162,0.0063890976224687,,0.1213369963369963,0.1680898161397667,0.2573811484743895,17.520557955769434,30.105514422880518,0.4332750371626447,2.244725738396625,1.114353404619381,-0.7403389830508474,-3.808441337943266,0.68,0.0,0.4269884580649855,0.7023809523809523,82.88235294117646,0.6200224347588511,,0.0215123859191655,0.0160184545964058,1.28,0.005070332601014,0.1343963553530751,4.132687927107062,2.8223234624145785,3.7142857142857135,1.0,4,2,1,0,4,copy,1,0,0,-0.5402926974067354,0.44827482501480426,,0.7708712127713093,-0.5894489217021162,-0.5821989613534975,-1.5590178941737984,1.350940529404685,1.4221817540404824,-1.494373913644881,5.0,0.0,-0.15608145827645087,1.1518226815677257,-1.5738117721120546,-0.012696913077467273,1.445337341735561,0.8024328372410316,-0.3162617162531626,,-0.7622213395392877,-0.6744907594765953,0.0,-0.5872132535037486,-0.2683892000229879,1.8557556251747178,1.5156319116608878,5.0,0.0
G7_A_Roll18,school_a,7,sentence_02_copy_english,copy_english,latin,0.0,data/processed/school_a/G7_A_Roll18/sentence_02_copy_english.json,0.6897508235244355,0.0042946823148268,0.0084979937283937,-0.0293040293040293,0.2552672062563423,-4.389532036256765,20.656603218488826,19.28062929129772,0.4086642315433492,3.3766684000693354,1.072818852085636,-0.7280701754385964,-4.746995928975171,0.5833333333333334,0.125,0.4763741620451304,0.3392857142857143,53.13513513513514,0.7374606720811762,0.7855750487329435,,,,,0.096067415730337,4.226966292134832,3.18623595505618,0.3571428571428571,2.0,4,2,1,0,4,copy,1,0,0,-0.4037933886580525,0.22296660511384114,-0.6744907594765952,-0.29207962648428065,0.0,-0.6744907594765952,-0.832315349242895,1.3256081473501273,-0.17976845715798104,0.6310175383173438,-0.6152949074746517,-0.1405161425940239,0.15925415303302845,1.0351559572522748,-1.1803588290840408,0.08235031465515379,-0.6909614765334756,-0.6616239678801544,0.9878572550413411,0.0,,,,,-0.6978135822917683,1.236106925070348,0.3775430590141055,0.6744907594765952,-1.3489815189531904
G7_A_Roll18,school_a,7,sentence_03_dictated_hindi,dictated_hindi,devanagari,0.0,data/processed/school_a/G7_A_Roll18/sentence_03_dictated_hindi.json,1.0345927654731062,-5.9073245423343566e-06,,-0.0916666666666666,0.2484551665103465,1.311438780529768,18.87918194518972,22.89606506615146,0.3267184507154097,3.148308759757157,1.0823791141181245,-2.7046783625731,-3.1185217321689813,0.6666666666666666,0.2222222222222222,0.5966390634836385,0.4523809523809524,95.67857142857144,0.0,,0.0,,,,0.0838852097130242,3.292494481236204,1.9713024282560707,0.3333333333333333,1.0,4,2,1,0,4,dictated,0,1,0,0.12068673865759186,0.07716693492795947,,-0.2191572224955551,0.21586240818408126,0.11831956163688577,-0.5242057158530399,-0.2721695090672576,0.570853547911288,0.18195965486158475,-0.6022408489336581,-1.5570679243440164,-0.4333637836263016,1.0773116297195615,-0.401455903562893,1.8967448493463124,0.5719513119599536,1.5222452002866287,-2.994105525658704,,-0.6744907594765952,,,,0.0038792632699673306,3.6883482890815307,1.1170139135154227,-0.6744907594765952,0.0
G7_A_Roll18,school_a,7,sentence_04_dictated_english,dictated_english,latin,0.0,data/processed/school_a/G7_A_Roll18/sentence_04_dictated_english.json,,,,,,-2.7089919944403604,21.198957347958984,12.647448215206916,0.2560201325032082,2.584360244155246,1.0702111641538603,,,,,,0.1785714285714285,,,,,,,,0.0597949886104783,0.4612756264236902,0.2733485193621868,0.7142857142857143,1.0,4,2,1,0,4,dictated,0,1,0,,,,,,-0.09019375006613596,-0.1116689179104736,-1.2198428880793624,-1.9092027114436754,-0.8954709658748806,-0.09910165400676231,,,,,,-1.8807472713050453,,,,,,,,-0.9362236063884884,-0.5430853706293323,-0.9068325091184806,0.6744907594765952,0.0
G7_A_Roll18,school_a,7,sentence_05_own_hindi,own_hindi,devanagari,0.0,data/processed/school_a/G7_A_Roll18/sentence_05_own_hindi.json,1.5860693495859115,0.0080042432830052,,-0.2989417989417989,0.1373160239167952,1.4468196961517024,16.887540770515407,15.283576696387213,0.2409173100685543,2.617689015691869,1.0798914545368712,-1.8078431372549024,-4.936972888806685,0.3529411764705882,0.2352941176470588,0.2749973261902099,0.1785714285714285,,0.942822441384812,,2.333333333333333,0.074205794901118,0.6,0.0046549191665367,0.025402201524132,0.8001693480101608,0.9398814563928872,,1.0,4,2,1,0,4,own,0,0,1,-0.11058274811078117,-0.37533754514211876,,-1.2765327221061593,-0.5484644242371461,-0.22331615090966117,-2.157355774434502,-2.6540470784602035,-1.060156795469326,-1.9958388480124665,-0.7995698632859504,-0.9835882050413638,-0.08701566090849526,-0.7869058860560273,-0.9197601265589933,-0.7173205284318922,-0.2746140949297591,,0.8823387961053354,,0.8874242750481098,0.2508073325468685,-0.7414438863364043,-0.6453295006735471,-0.8556450028616128,0.5248272074889445,0.5620591902402541,,0.0
G7_A_Roll18,school_a,7,sentence_06_own_english,own_english,latin,0.0,data/processed/school_a/G7_A_Roll18/sentence_06_own_english.json,0.4933844061297907,0.0003891803703591,,-0.0369674185463659,0.176972325788224,-3.224424314772611,20.904005115099118,17.767085211966883,0.3681472676087118,3.1097117946233954,1.0697108105289632,0.3395061728395062,9.332614100583674,0.3333333333333333,0.1111111111111111,0.3444060428429762,0.4285714285714285,,0.5796354065635705,0.489766081871345,,,,,0.2222222222222222,1.494949494949495,1.676767676767677,,1.0,4,2,1,0,4,own,0,0,1,0.3737013493114222,-0.23915856242264605,,-0.8206304830992278,0.49085882278078113,-0.4618629609074405,-0.7785110990731844,0.5794871602269166,-1.3262564276022644,0.6336632812536905,-0.6893531188062587,-0.6733551158347497,4.127284673458055,-0.10219556961766582,-1.4183506328754845,0.39266219389807333,-0.30538854676311983,,0.07037211070142063,0.4873756705996735,,,,,-0.5071548819868394,0.19195864181664504,0.21721204675384828,,0.0
G7_A_Roll19,school_a,7,sentence_01_copy_hindi,copy_hindi,devanagari,0.0,data/processed/school_a/G7_A_Roll19/sentence_01_copy_hindi.json,0.976263351897536,-0.0269013160357039,,0.1139455782312925,0.1474176137861478,2.8866163581236157,19.62156661617912,26.84802143626236,0.3348071963526737,3.0173564753004003,1.112690128317682,0.4878048780487805,3.8790033084114097,0.6153846153846154,0.2307692307692307,0.3274048181053459,0.4880952380952381,27.235294117647054,0.7761975523995243,,0.2003484320557491,0.025051978100084,1.5,0.0037452658373797,0.1834451901565995,1.4904921700223714,1.3758389261744963,0.5714285714285714,1.0,4,4,0,2,2,copy,1,0,0,-0.05028253241726263,-0.9897193364226193,,0.7297725960465955,-0.813378607513544,0.0,-0.14189019669410718,0.4903379788856076,0.0,0.2944608256876595,5.0,0.8857772016199028,1.0811965831163135,0.5986604374052631,-0.12106244400862003,-0.7293909779118278,0.5781349366942246,-1.5477264941212476,0.4107023444184761,,-0.5681857323256491,-0.18283507613643032,0.47184770235314444,-0.7003626909545632,0.3752309738518473,-0.205420355928108,-0.3768305526194064,0.0,0.0
G7_A_Roll19,school_a,7,sentence_02_copy_english,copy_english,latin,0.0,data/processed/school_a/G7_A_Roll19/sentence_02_copy_english.json,1.9237827660015896,1.6132251707831673,3.2723894588942346,0.1976686507936507,0.244490351168263,-9.121840011831104,19.62375436452133,15.564113705703653,0.4830830986058114,3.448735019973369,1.0748482817391456,-0.3363636363636365,-11.183380802933897,0.5454545454545454,0.1818181818181818,0.7105516133473118,0.5952380952380952,81.25675675675676,0.6745897095174652,0.0319999999999999,,,,,0.1927312775330396,11.701541850220265,8.672907488986784,0.2857142857142857,4.0,4,4,0,2,2,copy,1,0,0,0.7076876613055193,5.0,5.0,1.727150864641201,-0.17042019475379327,-1.8862202612724621,-1.4814798319504185,0.019452072266613926,0.6744907594765952,0.7445847002119892,0.0,0.1345385193922655,-0.6744907594765952,0.7306983227663113,-0.8584427847883934,2.1287014451301087,1.5386855917220152,0.7476283117089975,0.394412376977616,-1.263970708461069,,,,,-0.0810915810297876,5.0,4.105762899016331,0.0,0.0
G7_A_Roll19,school_a,7,sentence_03_dictated_hindi,dictated_hindi,devanagari,0.0,data/processed/school_a/G7_A_Roll19/sentence_03_dictated_hindi.json,0.531386050312362,-0.005031776218263,,0.0714285714285714,0.1309523809523809,0.5537367138725482,18.460270347939066,25.6439734855225,0.388211839792286,2.837706511175898,1.0784294931662746,1.1556603773584904,3.700072979382407,0.25,0.75,0.3688674643747334,0.6309523809523809,43.285714285714285,,,,,,,0.2116371933827724,3.809469480889904,2.600114090131204,0.1666666666666666,1.0,4,4,0,2,2,dictated,0,1,0,-0.6328087974471828,-0.2652620652161528,,0.9274451446342624,-1.5098361041482335,0.0,-0.7899636390671158,0.3705944939816426,1.9667367981655683,-0.6544355593840229,-0.9015738995523387,0.6974141699887436,0.688610871723408,-1.6159674445793426,2.071676881184623,-0.3806179945059652,1.3756526476147417,-0.7471996257504485,,,,,,,2.051009027814621,4.511599397247156,1.853112408434256,-1.3489815189531904,0.0
G7_A_Roll19,school_a,7,sentence_04_dictated_english,dictated_english,latin,0.0,data/processed/school_a/G7_A_Roll19/sentence_04_dictated_english.json,0.6745258098981379,0.0239903992122201,,0.0520833333333333,0.1276180851657619,-9.9461041806798,21.4869106898526,24.32312006960415,0.4570597330178927,3.0308293530178005,1.0933961247898571,-0.6017316017316018,-5.890683832192508,0.6,0.2,0.3784847271756604,0.9166666666666666,60.60526315789474,0.0647213356564305,0.0,,,,,0.7094850948509485,2.963143631436314,2.2119241192411923,0.2857142857142857,1.0,4,4,0,2,2,dictated,0,1,0,0.3577730065622317,0.8767086093989238,,0.5664138005336166,-1.1565573534637756,-1.7861816394280416,0.0852899014205355,3.787736843297179,0.3282262579687786,0.6032435900121121,2.2078092434687524,-1.0086820283271594,-1.6037163139188741,1.7806556050182105,-1.356916704358797,0.0,3.542802999435085,1.7252552957531906,-1.3786073595323787,-1.1869530124867458,,,,,1.5814926939945495,2.872586246398121,1.5825952820405864,-1.3489815189531897,0.0
G7_A_Roll19,school_a,7,sentence_05_own_hindi,own_hindi,devanagari,0.0,data/processed/school_a/G7_A_Roll19/sentence_05_own_hindi.json,0.8002743427024909,0.0052378034854979,,-0.1904761904761904,0.2282649774516162,1.015505584698252,20.466354069350288,22.65366370185848,0.347456862747903,3.411059293804132,1.0908012609943738,0.1940615058324496,14.122867808025314,0.6521739130434783,0.1739130434782608,0.4681645832513584,0.4880952380952381,,,,,,,,0.1378151260504201,1.676750700280112,2.388795518207283,,1.0,4,4,0,2,2,own,0,0,1,-0.9906515473717292,-0.6744907594765953,,-0.3354901214113756,0.14187411847017803,-0.2879752591322226,-0.3221523344519652,1.8037624188905712,1.5464231419509926,0.5704504219331881,-0.17850168054469182,0.3260599062179007,1.6788418615627683,1.2145721284777822,-1.3996349751984682,0.6744907594765952,5.0,,,,,,,,1.0711254454877193,4.7484056835252195,5.0,,0.0
G7_A_Roll19,school_a,7,sentence_06_own_english,own_english,latin,0.0,data/processed/school_a/G7_A_Roll19/sentence_06_own_english.json,0.0012585974327427,0.0066013611988046,,-0.0198412698412698,0.0181848241863326,-7.891263554917184,22.111976104622173,16.83521958097626,0.4855058061131309,3.273360417875798,1.0721506543211108,1.175,1.374094028688752,0.5,0.5,0.0991290187216608,0.7142857142857143,,0.3027581589351619,0.1444444444444444,,,,,0.4602739726027397,1.380821917808219,0.8547945205479451,,1.0,4,4,0,2,2,own,0,0,1,-1.8254799062908305,1.59235826041794,,-0.5093434830998186,-2.3836163158406958,-1.4365861250307934,0.014061401220945959,0.12494869324971336,0.6476756442329614,1.03129120954266,-0.2864832407869486,0.035691318684617314,0.07231636642791486,0.562075632897163,0.2508436708797258,-1.1803124328491459,3.711645414505612,,-1.9872328209340973,-1.1383901923874586,,,,,1.075741866227698,0.029746414294463477,-1.9664917757310594,,0.0
G7_A_Roll20,school_a,7,sentence_01_copy_hindi,copy_hindi,devanagari,0.0,data/processed/school_a/G7_A_Roll20/sentence_01_copy_hindi.json,0.8251446621911905,-0.0196035884059058,,0.1807228915662651,0.1570181174016487,-0.3454591904656678,19.83193053229743,23.641115406210456,0.3542857666067194,2.5390625,1.10932908661425,-0.9555555555555556,-4.395287313461377,0.6153846153846154,0.1538461538461538,0.4287526764149694,0.5421686746987951,67.41176470588235,0.7149964808081178,,0.1936507936507936,0.0235184802302104,2.2857142857142856,0.0316367969077453,0.1745152354570637,2.642659279778393,1.969529085872576,0.5714285714285714,1.0,4,2,3,3,3,copy,1,0,0,-0.20736012261596803,-0.6744907594765952,,1.10107552701492,-0.7093820559378846,-0.7156875963393784,0.0,-0.35689991850213265,0.2813311125970615,-0.8129101832104406,5.0,-0.1552211751193071,-0.250533083307999,0.5986604374052631,-0.6053122200430983,0.0,0.7969671366276809,0.14905873137604286,0.12582354814371305,,-0.5754526137115772,-0.26629674453264396,2.1570180679000885,1.6813369613693465,0.2580518600271773,0.6933848012893383,0.39990526065216314,0.0,0.0
G7_A_Roll20,school_a,7,sentence_02_copy_english,copy_english,latin,0.0,data/processed/school_a/G7_A_Roll20/sentence_02_copy_english.json,0.7236726182089411,-0.1319724061113521,0.2111711824296042,-0.072289156626506,0.21384175154755,-2.5253905373986942,23.90280305163441,15.110408517515372,0.4074954748905564,3.267674454115132,1.0631619697218635,-0.4522648083623694,-8.134963096307766,0.4878048780487805,0.1463414634146341,0.4113976615328563,0.4216867469879518,69.77027027027027,0.5199971474694247,0.4307692307692308,,,,,0.4117647058823529,4.431372549019608,5.509803921568627,0.2857142857142857,5.0,4,2,3,3,3,copy,1,0,0,-0.3732403448714399,-2.6902190694524415,2.814456538583997,-0.6744907594765952,-0.6550829533790314,-0.19716864490856653,1.207980892897796,-0.14000098912941544,-0.19318469395466903,0.4592579480632091,-3.5431276265027987,0.05315321047398464,-0.27961027860495224,0.2673286546706021,-1.0594440222022612,-0.4854444689084507,0.026848689178364585,0.17200868765768615,-1.0648012312312671,-0.5951154591062269,,,,,1.3163565630405794,1.4059711278989118,1.956418728675234,0.0,0.6744907594765952
G7_A_Roll20,school_a,7,sentence_03_dictated_hindi,dictated_hindi,devanagari,0.0,data/processed/school_a/G7_A_Roll20/sentence_03_dictated_hindi.json,0.7507520497286155,-0.0533735022332527,,0.2024096385542168,0.1464239624329575,-0.7425394319887962,21.250098085338703,24.24855630096138,0.3722322110702965,3.331214240305149,1.0795469708136445,1.8085106382978724,0.2464043619200785,0.0,0.25,0.2611025086260503,0.5662650602409639,50.535714285714285,,,,,,,0.20958751393534,1.7290969899665554,2.1220735785953178,0.5,1.0,4,2,3,3,3,dictated,0,1,0,-0.30433285236662266,-3.55894306935768,,1.8482764538093126,-1.2826135322093912,-0.20242102019770786,0.9799057808351557,0.04419208218764735,1.6040035610948036,0.6744907594765952,-0.8168827362069674,1.0786862092384364,0.12032241630239816,-3.231934889158685,-0.27129102015512896,-1.4581004684033911,1.084512645702847,-0.4331592033335933,,,,,,,2.018164451283729,1.1987332824501646,1.2935093947075944,0.0,0.0
G7_A_Roll20,school_a,7,sentence_04_dictated_english,dictated_english,latin,0.0,data/processed/school_a/G7_A_Roll20/sentence_04_dictated_english.json,0.3612634677883706,0.0086767895878524,,0.1124497991967871,0.1951410540282143,-1.5487284851471197,20.37611310711636,13.94439019657795,0.5254775916134622,3.102447117378681,1.057344480747474,1.25,0.3280975464705581,0.0,0.0,0.2658097773991841,0.6024096385542169,17.07894736842105,0.7959861711824686,0.3266666666666667,,,,,0.329489291598023,0.4942339373970346,1.015925315760571,0.5714285714285714,1.0,4,2,3,3,3,dictated,0,1,0,-0.48366043359726385,0.2220100904314465,,1.1378560051303095,0.08030720034856433,0.18170929766765756,-0.6744907594765952,-0.66359734952057,1.0896687720555025,0.843651232505424,-1.379340712013858,0.2153285748414716,-0.0047462011919397465,-1.6187778227438276,-2.4995834027662056,-0.6819844470366262,1.2336310905365966,-1.5851533575829786,0.9056073179646097,-0.4545590425597389,,,,,0.10891119900573025,-0.4980890850094405,0.04674975723181502,0.0,0.0
G7_A_Roll20,school_a,7,sentence_05_own_hindi,own_hindi,devanagari,0.0,data/processed/school_a/G7_A_Roll20/sentence_05_own_hindi.json,2.2870450492319745,0.0167965336781903,,-0.2295497780596068,0.1638964475478051,-1.5627791175929129,19.77926215697861,19.073065616153578,0.2773410059356695,3.2690217391304346,1.0808887351882186,-0.774074074074074,-9.254932957727153,0.3888888888888889,0.2777777777777778,0.3271068217148519,0.180722891566265,,0.7435527690463318,,1.891228070175438,0.0793092245553526,0.9375,0.013625051440027,0.0681198910081743,0.6811989100817438,0.994550408719346,,1.0,4,2,3,3,3,own,0,0,1,0.6744907594765952,0.5754302740064297,,-0.6744907594765952,-0.34670849191683245,-0.6744907594765952,-0.6744907594765952,-0.36196834396229965,-0.16902038175013237,0.11100612140337889,-0.7427971529516244,-0.30729540271034106,-0.48706634290087436,-0.5464624208722408,-0.5876245253015787,-0.34186049870514235,0.0,,0.09849466155758017,,0.2796413523878055,0.922827888681026,-0.16118345355139224,-0.010173724212393851,-0.12345889466755061,-0.04840079880832847,0.9041957312003898,,0.0
G7_A_Roll20,school_a,7,sentence_06_own_english,own_english,latin,0.0,data/processed/school_a/G7_A_Roll20/sentence_06_own_english.json,0.4964900014176046,0.0041184338576248,,0.0043029259896729,0.1806677174262015,0.4133671788508116,24.28094625894521,16.95742711977365,0.4549419341900704,2.955326460481101,1.0699106923009614,0.4273504273504273,3.366905725835915,0.3846153846153846,0.1538461538461538,0.3792289843996308,0.4337349397590361,,0.5388645734860184,0.3392857142857143,,,,,0.3010033444816054,1.3244147157190636,1.68561872909699,,1.0,4,2,3,3,3,own,0,0,1,0.38757944069323674,0.8603249663388947,,-0.07049558933045165,0.5577552175453265,0.2979317208086144,1.4371635395876108,0.1845581750147747,0.13360135703381118,0.2585429817170454,-0.6563484054052027,-0.5988056057974772,1.087679549634244,0.10219556961766604,-1.2349226874078791,0.6159835738501828,-0.2327915474630821,,-0.23261510809615724,-0.2210822369134681,,,,,0.01669080301962267,-0.05042647755488565,0.24072629008196986,,0.0
G7_A_Roll21,school_a,7,sentence_01_copy_hindi,copy_hindi,devanagari,0.0,data/processed/school_a/G7_A_Roll21/sentence_01_copy_hindi.json,1.825894472542597,-0.0008095676381902,,0.0354651162790697,0.3387248053390199,5.8390508393399765,19.81601564057424,18.52777428214768,0.2747428743373263,2.6454789615040286,1.081142405712996,0.5192982456140353,15.578609039759217,0.4210526315789473,0.4210526315789473,0.3651757471900105,0.1744186046511628,46.61764705882353,0.6208257736023378,,0.9533333333333334,0.0669510507108481,1.3,0.0043381334520483,0.0743801652892562,0.975206611570248,1.0413223140495869,0.5714285714285714,1.0,1,1,3,0,0,copy,1,0,0,0.8328511769080892,0.13732529097593715,,0.29339646632070565,1.258938534370555,0.653765886794792,-0.010734574439558693,-1.7078021095797722,-0.8675155475775307,-0.5665292743456173,-0.26870379165140523,0.9084912401581581,2.9642235095233636,-1.0649854096998883,1.0768185809187738,-0.45755716355005127,-0.6912970076363107,-0.7291456276478108,-0.3125223339714087,,0.2487965578694239,2.0975505527244125,0.04289524566846772,-0.6497368365269954,-1.0559233145215587,-0.607394438901639,-0.8144848214788203,0.0,0.0
G7_A_Roll21,school_a,7,sentence_02_copy_english,copy_english,latin,0.0,data/processed/school_a/G7_A_Roll21/sentence_02_copy_english.json,0.4626508361832491,-0.1993246970326666,0.2814007629501169,0.0501453488372092,0.221224559148795,-4.944818790556204,22.43017974655305,14.715566692878076,0.4119528433022936,2.537283754225491,1.0777997371951729,0.640926640926641,2.807083728997627,0.5,0.2142857142857142,0.5270143644344192,0.4302325581395348,21.7027027027027,0.2982762418964951,0.3834459459459459,,,,,0.2054414214325374,2.033870072182121,1.4175458078845085,0.3571428571428571,2.0,1,1,3,0,0,copy,1,0,0,-0.6083402271053634,-4.130109884816037,4.023433940929017,0.41473057981326106,-0.5383346535317338,-0.8166745196236601,0.28241008706886445,-0.27876673249024353,-0.1420182599848214,-0.6917381576396456,0.8948403353579722,0.8207875861486494,1.137781013508595,0.3653491613831561,-0.6744907594765952,0.5248678791369752,0.10129278190019458,-2.2367901391076255,-3.1576455333774103,-0.6744907594765952,,,,,0.0,-0.5863839654046814,-0.824290449101506,0.6744907594765952,-1.3489815189531904
G7_A_Roll21,school_a,7,sentence_03_dictated_hindi,dictated_hindi,devanagari,0.0,data/processed/school_a/G7_A_Roll21/sentence_03_dictated_hindi.json,1.8993478258300045,-0.010777527147048,,-0.0671247357293869,0.343235417208259,4.863215668803746,20.24074928490862,20.669682367610456,0.2741050065100749,3.0807365439093486,1.0995208657175095,-0.0888888888888889,-60.03577058720905,0.4285714285714285,0.4285714285714285,0.3231609138792397,0.1744186046511628,63.67857142857143,0.6524128510384114,,1.2969696969696969,0.0759347948681516,1.380952380952381,0.0067416090838897,0.0415512465373961,0.9390581717451524,0.9806094182825486,0.1666666666666666,1.0,1,1,3,0,0,dictated,0,1,0,1.4155603128204373,-0.6567389992999623,,-0.046621001111890895,1.607847601140926,0.6729500726853869,0.3395739238003774,-0.7929432894251108,-0.6234573626908387,0.0,0.6968946533702449,-0.029416873941720916,-5.0,-0.46170498416552697,0.5654832303233535,-0.8376126339883276,-0.6790814647802126,0.13613574961912947,-0.1547294960363294,,5.0,0.7173318235859617,0.5463599171145864,-0.3625872019983749,-0.6744907594765952,-0.05935527701655464,-0.042709542301988056,-1.3489815189531904,0.0
G7_A_Roll21,school_a,7,sentence_04_dictated_english,dictated_english,latin,0.0,data/processed/school_a/G7_A_Roll21/sentence_04_dictated_english.json,0.5852652972954194,0.0034839019318676,,-0.0325581395348837,0.2138326813188854,-2.232320727293556,21.36221704969351,16.804134944537847,0.3873240494960057,2.5575657894736854,1.0804822477100842,1.0520833333333333,2.9698143172120663,0.2222222222222222,0.5555555555555556,0.2517983694986911,0.3720930232558139,38.21052631578947,0.2874588674389095,0.715625,,,,,0.3013850415512465,2.0210526315789474,1.5601108033240998,0.4285714285714285,1.0,1,1,3,0,0,dictated,0,1,0,0.1180161954374909,0.0,,-0.2348209440268923,0.42269456332125904,0.02151222815884037,0.0,0.5629187786627696,-0.4478827181443726,-0.9854150145250005,0.922874400071435,0.08450394652208912,0.6744907594765952,-0.3597284050541839,0.6744907594765953,-0.7667908950375224,-0.4587436556833832,0.022016018855318686,-0.6828534895120906,0.417494236683706,,,,,0.0,1.5863978933664489,0.7455672170051911,-0.6744907594765952,0.0
G7_A_Roll21,school_a,7,sentence_05_own_hindi,own_hindi,devanagari,0.0,data/processed/school_a/G7_A_Roll21/sentence_05_own_hindi.json,2.545178453373315,0.0278277510065652,,-0.1162790697674418,0.2967702053969241,3.6700392433225257,19.98338348243641,19.671507112995,0.3061133259722045,2.8649237472766886,1.0820886187973473,-0.2051282051282051,-41.4691300849198,0.5384615384615384,0.3846153846153846,0.3830520973828721,0.1744186046511628,,0.384168842980581,,1.3095238095238095,0.0808586135547054,1.0714285714285714,0.0046073398020129,0.0496277915632754,0.6451612903225807,0.880893300248139,,1.0,1,1,3,0,0,own,0,0,1,0.9635930737465989,1.7683078941082708,,0.3082406649969674,0.6618559037415243,0.1099708654103383,-0.5698180293356006,0.0,0.5349186744423378,-1.1961166296131565,-0.6744907594765953,0.06490957980300709,-3.4716496472555884,0.4539841650323238,0.2476277263812674,0.06123714509094752,-0.8046831618871848,,-1.3151724519150845,,-0.5200548854209043,1.126851717274267,0.06907862295059662,-0.6486984931584131,-0.4404156048369056,-0.22203866453320534,0.19289163091951697,,0.0
G7_A_Roll21,school_a,7,sentence_06_own_english,own_english,latin,0.0,data/processed/school_a/G7_A_Roll21/sentence_06_own_english.json,0.0718099120856161,-0.0307761106480318,,0.1790697674418604,0.1645667238482955,-3.934935565680076,21.595731959664985,18.11937947254765,0.5264002092448766,2.1946902654867277,1.0752453919504903,1.792372881355932,0.2895506627157007,0.0,0.25,0.1852122440818805,0.686046511627907,,0.3619843148490332,0.4271186440677966,,,,,0.2783018867924528,3.339622641509434,2.087264150943396,,1.0,1,1,3,0,0,own,0,0,1,-1.51020457221826,-5.0,,3.106088166411179,0.2662845080758125,-0.6102614248340256,-0.32465609802336415,0.75132662699534,1.33550607335229,-1.589625297283599,0.22452347827536884,0.5596282121289338,-0.480272423559694,-1.4307379746473232,-0.8222098101057665,-0.628256121153129,3.314612988101144,,-1.5470954259909526,0.19243305842067646,,,,,-0.13425983480786702,2.8138362602596536,1.3077619181105549,,0.0
G7_A_Roll22,school_a,7,sentence_01_copy_hindi,copy_hindi,devanagari,0.0,data/processed/school_a/G7_A_Roll22/sentence_01_copy_hindi.json,0.8976634052210682,0.0023160952537516,,0.1393213572854291,0.2141320172054176,3.2164512840156583,19.76943063458086,26.86485919513169,0.3613786933671249,2.241042345276874,1.1034173771503353,-1.7670068027210886,-2.6267858166824523,0.6428571428571429,0.1428571428571428,0.58509863272661,0.5029940119760479,79.8529411764706,0.4639244030067121,,0.1984126984126984,0.024856146254686,2.8,0.0051269112852189,0.2094182825484764,3.0947368421052635,2.187257617728532,0.5714285714285714,1.0,3,0,2,1,4,copy,1,0,0,-0.13198182611599485,0.27233968386950524,,0.8708699338676276,-0.09070111330071133,0.07303627707696574,-0.04215610235824952,0.4947863747186907,0.38377502665486546,-1.5029018963622576,4.5203786566256365,-0.7404661433445396,0.03410351165888539,0.8338484663859019,-0.6744907594765952,1.1252071022390713,0.6384294485550494,0.6744907594765952,-1.0428669574701028,,-0.5702859870614665,-0.19349335800504067,3.260038670803543,-0.5823819148382665,0.7160506142834643,1.0460503487095607,0.684763524682622,0.0,0.0
G7_A_Roll22,school_a,7,sentence_02_copy_english,copy_english,latin,0.0,data/processed/school_a/G7_A_Roll22/sentence_02_copy_english.json,2.362870519414133,-0.0310022705306962,0.0338624502026722,0.0419161676646706,0.3622309742260851,-0.9058892319780684,21.98085304654418,13.202430878070588,0.2824546943411355,2.5251861585632938,1.0722474089376397,-1.605714285714286,-4.3563752164565575,0.4857142857142857,0.3714285714285714,0.440279773742703,0.1796407185628742,64.74324324324324,0.6945088529845688,2.6296296296296298,,,,,0.0498614958448753,1.9445983379501384,1.7950138504155126,0.1428571428571428,3.0,3,0,2,1,4,copy,1,0,0,1.103169901586471,-0.5316292299701694,-0.23785060766464067,0.34152082816634677,1.69147548334084,0.2175122085151635,0.0,-0.8105528884795031,-1.628536284968128,-0.7108023180919358,-0.7885485397281443,-0.7567940956407596,0.2098536802771114,0.2505251392341643,0.2158370430325102,-0.2330591831242179,-2.0816576495896446,-0.07990954780947628,0.5824310295310944,3.093030984738559,,,,,-0.9926104882965723,-0.660569913533398,-0.5677990888245171,-1.3489815189531913,-0.6744907594765952
G7_A_Roll22,school_a,7,sentence_03_dictated_hindi,dictated_hindi,devanagari,0.0,data/processed/school_a/G7_A_Roll22/sentence_03_dictated_hindi.json,0.3716842298960844,-0.0383791097059438,,-0.1330671989354624,0.2990383696419932,0.2745183137287852,21.883140508448957,27.09713722845607,0.2518297411068872,2.831518257527226,1.093271595500512,0.8500000000000001,2.4721883573759165,0.125,0.125,0.5934077220960022,0.4790419161676646,52.96428571428572,,,0.0,,,,0.1772853185595568,2.2382271468144044,1.8393351800554016,0.3333333333333333,1.0,3,0,2,1,4,dictated,0,1,0,-0.8719443359167595,-2.537325723288463,,-0.5102138398084163,0.9587499744556409,-0.04360156869006978,1.3815085074637132,0.7105044188936576,-1.1290998445583846,-0.6710993979747883,0.2232762628970518,0.5189050043102096,0.48656697794995146,-2.423951166869014,-0.857032995490067,1.864436445485626,0.6919450443092112,-0.32796339680972025,,,-0.6744907594765952,,,,1.5005459868624882,2.00949195764006,0.9625306259609012,-0.6744907594765952,0.0
G7_A_Roll22,school_a,7,sentence_04_dictated_english,dictated_english,latin,0.0,data/processed/school_a/G7_A_Roll22/sentence_04_dictated_english.json,,,,,,7.81588511661023,22.60861008652011,17.38396003656498,0.3860984927411496,2.671361502347417,1.075933719625089,,,,,,0.4431137724550898,,,,,,,,0.4081632653061224,0.5102040816326531,0.4489795918367347,0.7142857142857143,1.0,3,0,2,1,4,dictated,0,1,0,,,,,,2.376268515270033,0.8525273550964855,0.8116000035881769,-0.46152230049508375,-0.6034237683312991,0.47029442068354266,,,,,,0.0631193555750617,,,,,,,,0.4137930867213998,-0.4762858690619383,-0.6812953297397136,0.6744907594765952,0.0
G7_A_Roll22,school_a,7,sentence_05_own_hindi,own_hindi,devanagari,0.0,data/processed/school_a/G7_A_Roll22/sentence_05_own_hindi.json,0.780137955553512,0.0248821388970819,,0.1601796407185629,0.2095737096021715,5.888376695598522,19.171701409724616,22.159549526511064,0.3430560472093348,2.697095435684647,1.0794915637651297,-0.2296296296296294,-20.392123716705434,0.3333333333333333,0.3333333333333333,0.4603930823094867,0.5389221556886228,,0.796479282417398,,0.788888888888889,0.0168742073349342,0.0,0.0001350182680143,0.3605243991260014,2.1303714493809176,1.671522214129643,,1.0,3,0,2,1,4,own,0,0,1,-1.013203747251366,1.4497796067663655,,2.706783646323308,0.0,0.4425259977187211,-0.9860458701390853,1.5048966304671532,1.4387534812227947,-1.7389854603646004,-0.8223346516319167,0.04888072226863168,-1.5189056113270847,-0.9180568670653652,-0.15329335442649877,0.6184954376013955,5.0,,0.30668558484823044,,-1.2357962259384805,-5.0,-1.7730179890653146,-0.9653739634751427,4.8883879866383415,5.0,5.0,,0.0
G7_A_Roll22,school_a,7,sentence_06_own_english,own_english,latin,0.0,data/processed/school_a/G7_A_Roll22/sentence_06_own_english.json,0.4968938289244831,-0.0019059689915372,,0.0528034839412084,0.1828617060549077,6.242070512947495,22.259364176026235,16.3228959765477,0.4361937615599097,2.94262583597325,1.0772571060524934,1.1205882352941177,2.8346578205241646,0.5,0.4,0.3896778161021677,0.4071856287425149,,0.815334300596336,0.3502673796791443,,,,,0.5128205128205128,1.2307692307692308,1.6666666666666667,,1.0,3,0,2,1,4,own,0,0,1,0.38938403998051063,-0.9158298930440367,,0.8110565589665263,0.5974722337085123,1.515323592308147,0.11076548871924768,-0.12494869324971163,-0.18173674886450059,0.22768343086556023,0.5567000780610181,-0.010485524885528582,0.8164923982511543,0.562075632897163,-0.17837772151447104,0.6829924883872134,-0.6060647414688629,,1.8219613470756975,-0.16938082356324047,,,,,1.4251438240275622,-0.1835270225029606,0.19037708967328146,,0.0
G7_A_Roll23,school_a,7,sentence_01_copy_hindi,copy_hindi,devanagari,0.0,data/processed/school_a/G7_A_Roll23/sentence_01_copy_hindi.json,2.8890933690665976,-0.0678213500979098,,-0.055688622754491,0.3781903810341793,-9.449612193772252,22.600690932840013,18.31679662136493,0.2885058354692357,3.3945086705202314,1.0972290284551462,-0.9655172413793104,-7.029417281754132,0.6206896551724138,0.2413793103448276,0.6604006186593303,0.1796407185628742,63.97058823529412,0.5871736265872561,,1.835555555555556,0.0678270180144321,0.9655172413793104,0.0357789377795043,0.1008403361344537,1.1092436974789917,1.2857142857142858,4.285714285714286,1.0,3,1,1,4,4,copy,1,0,0,1.9379740501439353,-2.7572783301759762,,-0.21344708250708486,1.6864456676023973,-2.7316458503122374,1.8675254058823145,-1.7635406525998394,-0.6687356003138973,1.1676631416198378,3.1898938026577235,-0.16240586615744143,-0.6744907594765952,0.6440760567946276,-0.05426937145213975,1.6671483930986355,-0.6701634021660096,0.0037264682844012887,-0.4691663744176541,,1.2060002552466087,2.145225671193067,-0.6744907594765952,2.0350405801938742,-0.7087122170844357,-0.5028321553118152,-0.4947422861392433,5.0,0.0
G7_A_Roll23,school_a,7,sentence_02_copy_english,copy_english,latin,0.0,data/processed/school_a/G7_A_Roll23/sentence_02_copy_english.json,0.727208605630032,-0.1431914687443008,0.2980017338348394,0.0683538583210936,0.2979199516286217,-16.425577915257335,23.6343676127235,15.879065670662204,0.3786086898297282,3.029672045809475,1.080205881944086,-0.5279605263157894,-5.976413951582968,0.625,0.125,0.5897487292037196,0.4550898203592814,79.79729729729729,0.5015321462001704,0.4010025062656641,,,,,0.276750700280112,6.791036414565826,5.854341736694678,0.1428571428571428,5.0,3,1,1,4,4,copy,1,0,0,-0.370055514012392,-2.93006577728075,4.3092137862287485,0.5767200207097767,0.6744907594765952,-3.7563763746628114,1.0392642871993096,0.13014081092942908,-0.5247780566491377,0.08419862002260944,1.6243500318842647,0.0,0.0,1.3700593551868339,-1.1803588290840408,1.0730698411594828,0.3178288485970199,0.6744907594765952,-1.2390940999872495,-0.6450431576448129,,,,,0.4549580405672895,3.366881853299646,2.190533840185062,-1.3489815189531913,0.6744907594765952
G7_A_Roll23,school_a,7,sentence_03_dictated_hindi,dictated_hindi,devanagari,0.0,data/processed/school_a/G7_A_Roll23/sentence_03_dictated_hindi.json,0.9899927234747458,-0.0022710828658369,,-0.1283902782669954,0.2326924991285321,-12.433607987073543,22.230268552203828,26.771767800040948,0.349302549929957,4.020296643247463,1.101970618386335,-0.1133919843597262,-18.447714526788705,0.6666666666666666,0.0909090909090909,0.4217367955641203,0.3712574850299401,66.82142857142857,,,,,,,0.1732811626607043,1.247624371157071,2.1486864169927333,1.0,1.0,3,1,1,4,4,dictated,0,1,0,0.05390318521253304,-0.07716693492795947,,-0.4773338589336147,-0.01563518161362877,-2.0280490175015555,1.601726874783013,0.6343971677190696,1.0835064735169422,2.5300640100708622,0.8825559987399331,-0.04372696269722421,-2.955726019556812,1.0773116297195615,-1.0167808069450501,0.14799334642096765,0.20683669320739914,0.2722714992382586,,,,,,,1.4363823904395308,0.4320175471596235,1.324662872732221,2.0234722784297854,0.0
G7_A_Roll23,school_a,7,sentence_04_dictated_english,dictated_english,latin,0.0,data/processed/school_a/G7_A_Roll23/sentence_04_dictated_english.json,0.2902180921503426,0.003471108029411,,0.0235243798118049,0.1282668638940602,-19.870333230030656,23.54012473329514,14.721439278025622,0.3949217195531208,2.7396293027360987,1.081111096704385,-0.0961538461538461,-11.698481382926015,0.8461538461538461,0.0769230769230769,0.2096787355849862,0.4790419161676646,30.36842105263158,0.7064873885858133,0.2285714285714286,,,,,0.6384149697303247,0.6164006604292791,1.100715465052284,0.7142857142857143,1.0,3,1,1,4,4,dictated,0,1,0,-0.6744907594765952,-0.0005469741749732135,,0.29606848334656605,-1.144673228316165,-4.111884467547197,1.489679276348142,-0.3303287137566539,-0.3633260087084861,-0.3742613378071255,0.9854450733883003,-0.6744907594765952,-3.0970144601206324,3.175294959997508,-2.060096211071049,-1.021727198989798,0.3271206436234509,-0.5744179464978725,0.6260445345602478,-0.6744907594765952,,,,,1.3060776757147001,-0.33130114592934257,0.15563328701341894,0.6744907594765952,0.0
G7_A_Roll23,school_a,7,sentence_05_own_hindi,own_hindi,devanagari,0.0,data/processed/school_a/G7_A_Roll23/sentence_05_own_hindi.json,0.7608888984594053,0.0109674167749903,,0.1497005988023952,0.1784863698159985,-8.350640176932307,24.16512109127535,25.807149475507916,0.293006697266196,2.733529990167157,1.1106475462523069,-0.3043478260869565,-9.548747113028568,0.6470588235294118,0.2352941176470588,0.2798751371013965,0.5508982035928144,,0.798880233622838,,0.0785024154589372,0.0271768596317444,1.0625,0.0139124129197813,0.184,1.932,1.901333333333333,,1.0,3,1,1,4,4,own,0,0,1,-1.03476216187009,-0.05491023074446339,,2.6158679634900084,-0.23596520916997193,-1.692071754813225,1.5745629718594134,3.7111535828075186,0.21425395816442638,-1.6211317811894839,0.9512980429721886,0.0,-0.5142876583672613,1.1803588290840419,-0.9197601265589933,-0.6821748604250022,5.0,,0.3161299297785659,,-2.21239796090901,-5.0,0.053727817850464085,0.010173724212393974,1.8627394939771296,5.0,5.0,,0.0
G7_A_Roll23,school_a,7,sentence_06_own_english,own_english,latin,0.0,data/processed/school_a/G7_A_Roll23/sentence_06_own_english.json,0.2830088727472015,0.0004860683724877,,-0.0094547746612039,0.1083432653755331,-19.01136101906423,23.25238010852761,16.118572599373437,0.350425133989451,3.317073170731708,1.082200616368624,0.328125,4.77189428389705,0.7222222222222222,0.1666666666666666,0.2201898847671911,0.3832335329341317,,0.7558052183600374,0.6447368421052632,,,,,0.4123249299719888,0.9142857142857144,1.3445378151260503,,1.0,3,1,1,4,4,own,0,0,1,-0.56641177110638,-0.21059339171521993,,-0.32055726030187204,-0.751509285244678,-3.759146647873595,0.7623019306376662,-0.22461202618073228,-1.6243368943344816,1.137502988245468,1.3729783186830238,-0.6830138108007274,1.8035392852648888,1.4477705695836012,-1.1798943037675975,-0.40394264744487784,-0.9428220795392949,,1.379572764285637,1.2169742373932213,,,,,0.7569104208008319,-0.6333525376744141,-0.6654099869716812,,0.0
G7_A_Roll24,school_a,7,sentence_01_copy_hindi,copy_hindi,devanagari,0.0,data/processed/school_a/G7_A_Roll24/sentence_01_copy_hindi.json,0.7259031748640689,-0.0025639463867066,,0.1431372549019607,0.1522264941652625,4.516010142250322,17.618890997727604,23.470113759662404,0.3815070281732184,2.5934579439252343,1.1060607124692554,0.4680851063829788,2.9618790104808927,0.5454545454545454,0.0909090909090909,0.3070597894314954,0.5529411764705883,30.176470588235293,0.4246062211132524,,0.1205673758865248,0.016195491996898,1.3333333333333333,0.0193234411745956,0.2078496406854615,2.1824212271973464,1.8966279712548368,0.1428571428571428,1.0,0,3,3,3,3,copy,1,0,0,-0.31051489260088194,0.06154412396429961,,0.8920875285645856,-0.7612868635387479,0.360801257062495,-1.4926923811179962,-0.4020771310907001,0.6744907594765952,-0.6869710312879966,5.0,0.871554662456553,0.9335873570004198,0.0,-1.0015165822531258,-0.875812230492504,0.8405628540367992,-1.4235108846412112,-1.2258852615334872,,-0.6547475078310074,-0.6648553781018396,0.11438732178258026,0.6298810554674104,0.6954668521479274,0.3343532582910706,0.3045273844552424,-1.011736139214893,0.0
G7_A_Roll24,school_a,7,sentence_02_copy_english,copy_english,latin,0.0,data/processed/school_a/G7_A_Roll24/sentence_02_copy_english.json,1.13806610499636,0.0254151630333328,0.0468529387389435,-0.1360613810741688,0.2005705383704451,7.330894358696897,20.68746834228608,15.566990058922674,0.4650416497240779,2.740514905149051,1.0680781457981263,0.1682085786375105,23.53919563727698,0.3902439024390244,0.3170731707317073,0.4440046445666401,0.3411764705882353,61.567567567567565,0.6495433237636737,0.4492078285181733,,,,,0.2127139364303178,4.697432762836185,4.768337408312958,0.2142857142857142,5.0,0,3,3,3,3,copy,1,0,0,0.0,0.6744907594765952,-0.014223939679818328,-1.241831375255555,-0.8649477716192859,2.3265790165598426,-0.8129160518078613,0.020462956290798504,0.4673917455165126,-0.3714735878609358,-2.0526112645573287,0.48884697789429443,3.8233402470844924,-0.5168353990298291,-0.09212556714802257,-0.20050953507291583,-0.6744907594765952,-0.23905144387072128,0.15799720638859294,-0.5641884167380569,,,,,0.0463991394508252,1.6270705541744293,1.4525886473004332,-0.6744907594765962,0.6744907594765952
G7_A_Roll24,school_a,7,sentence_03_dictated_hindi,dictated_hindi,devanagari,0.0,data/processed/school_a/G7_A_Roll24/sentence_03_dictated_hindi.json,0.91799642497583,0.0026859097048441,,-0.039366515837104,0.2348216976868864,4.873082013384642,18.710563401501968,26.943173662582613,0.4399019032652116,3.807321772639692,1.0814257955324893,0.0118518518518518,183.174321429752,0.56,0.2,0.4077604462263066,0.3176470588235294,62.392857142857146,,,0.0,,,,0.1191395477109762,1.399889685603971,2.025372311086597,0.6666666666666666,1.0,0,3,3,3,3,dictated,0,1,0,-0.05390318521253304,0.26056929448718635,,0.14852657650908233,0.01563518161362877,0.6744907594765952,-0.6311774833570702,0.6744907594765952,3.140087216634692,1.956561521455378,-0.6744907594765952,0.02941687394172092,5.0,0.38783218669904257,-0.5055878102891042,0.00825152259763069,-0.03444922521644341,0.0804438520476675,,,-0.6744907594765952,,,,0.5688036000340242,0.6744907594765952,1.180309112674581,0.674490759476595,0.0
G7_A_Roll24,school_a,7,sentence_04_dictated_english,dictated_english,latin,0.0,data/processed/school_a/G7_A_Roll24/sentence_04_dictated_english.json,0.5413283344589713,0.0035273943664559,,0.0621848739495798,0.1907569195068934,6.638982998111495,21.622760374416664,17.095827517358202,0.488172621072537,3.052053981907163,1.071207157518677,1.2241379310344829,1.046242841085811,0.1666666666666666,0.3333333333333333,0.2825544168063739,0.3411764705882353,15.263157894736842,0.49187167814448,0.4778325123152709,,,,,0.1592531576057111,0.557386051619989,0.7484898407468423,0.5714285714285714,1.0,0,3,3,3,3,dictated,0,1,0,0.0,0.0018594200328797713,,0.6620371993363219,0.0,2.1004662769499722,0.1782104881457052,0.6880228269491367,0.6744907594765952,0.6744907594765952,0.0,0.19823352359102608,0.17990297567494862,-0.6744907594765952,-0.5951389054205252,-0.5806346468406278,-0.6859195930641925,-1.7232538394936168,-0.04433961629105017,-0.11564183701293974,,,,,-0.5507976150115088,-0.4118707538766865,-0.2966783267090719,0.0,0.0
G7_A_Roll24,school_a,7,sentence_05_own_hindi,own_hindi,devanagari,0.0,data/processed/school_a/G7_A_Roll24/sentence_05_own_hindi.json,0.4667417492877309,-0.0034507828631552,,-0.2117647058823529,0.0725225176819879,7.520550432915138,21.37898560782873,18.94884398799811,0.3508253169144114,3.3523375142531355,1.0820886187973473,2.066666666666667,8.493187574267752,0.3333333333333333,0.6666666666666666,0.1678458747000931,0.1764705882352941,,0.630651945764915,,4.966666666666667,0.0613610677307286,2.0,9.536603610559047e-06,0.0540735400144196,0.6813266041816871,0.7462148521989906,,1.0,0,3,3,3,3,own,0,0,1,-1.3641988802379785,-1.6140443823547264,,-0.5201882961244984,-1.04027277312496,0.6872082270191816,0.14584205335179745,-0.43710400428174123,1.6288352117385032,0.3805049740996703,-0.6744907594765953,1.551120160955455,1.1572628332794452,-0.9180568670653652,2.452693670823982,-1.4893695908281843,-0.542766681743513,,-0.3456102896686682,,4.507591604068413,-1.4405887052674755,1.6655623533643866,-0.9742590502894741,-0.364214965341433,-0.04778553811331062,-0.6499710250585066,,0.0
G7_A_Roll24,school_a,7,sentence_06_own_english,own_english,latin,0.0,data/processed/school_a/G7_A_Roll24/sentence_06_own_english.json,0.5271344969106219,0.0003757926323673,,0.0092071611253196,0.1529805182529677,8.290938609663916,21.15426172739163,14.716846328065484,0.4416646788129663,2.5732148733135918,1.0745208665090502,0.3368298368298367,5.355750240470488,0.7727272727272727,0.1818181818181818,0.4251930330177365,0.4588235294117647,,0.6108809305952412,0.1627647714604236,,,,,0.219375,1.633125,2.120625,,1.0,0,3,3,3,3,own,0,0,1,0.5245216592979883,-0.24310562514166534,,0.018644395902357315,0.056543441564000624,1.9432533090474264,-0.614313025907429,-0.9083356117417497,-0.08971771756275641,-0.6698989187460327,0.10488898480727275,-0.6756264031184407,2.101021402340501,1.6490648733759736,-1.1148607594654465,0.9107534671080839,0.11994446090062891,,0.30257228204011183,-1.0521385387602085,,,,,-0.5260871468821644,0.3883507586448097,1.3963903764184733,,0.0
G7_A_Roll25,school_a,7,sentence_01_copy_hindi,copy_hindi,devanagari,0.0,data/processed/school_a/G7_A_Roll25/sentence_01_copy_hindi.json,1.9918744516671525,0.0016106311429552,,-0.2194039315155358,0.2225051445157009,11.32155921766744,21.364445156749674,19.193322303350318,0.2964903446183748,3.1814984171649665,1.0822404095448683,0.0666666666666667,111.5067921961812,0.5,0.3333333333333333,0.2480171132007798,0.180722891566265,48.8235294117647,0.5915395280226329,,1.575438596491228,0.0637338937643173,1.263157894736842,0.007814108207147,0.118043844856661,0.7335581787521079,0.9865092748735244,0.8571428571428571,1.0,2,1,0,1,2,copy,1,0,0,1.0053760657406972,0.2418668491716455,,-1.1237558528290001,0.0,1.8677731660826495,1.033679185634807,-1.5319698585533308,-0.5534144646672926,0.6744907594765952,-0.03263476259997098,0.5820386591015528,5.0,-0.3891292843134202,0.5246039240373515,-1.3007368028784982,-0.6657839080203568,-0.635983920537784,-0.44884397297560114,,0.9237755405486289,1.9224545897466088,-0.03612231214186773,-0.3529181411022289,-0.482967297365187,-0.7959042963792147,-0.8861977341266514,0.6744907594765952,0.0
G7_A_Roll25,school_a,7,sentence_02_copy_english,copy_english,latin,0.0,data/processed/school_a/G7_A_Roll25/sentence_02_copy_english.json,1.8398127896627463,-0.0493860770075369,0.0800942435826875,-0.1054785178449647,0.2645954478674511,9.955748807591467,23.49736401957622,11.522466654184017,0.2945599689130049,2.5376288659793818,1.0807932383184948,-0.7250000000000001,-9.53480031831316,0.5208333333333334,0.3125,0.393106574904574,0.180722891566265,73.56756756756756,0.6097557189328354,1.278333333333333,,,,,0.0997229916897507,2.218836565096953,2.368421052631579,0.2857142857142857,5.0,2,1,0,1,2,copy,1,0,0,0.632056687540639,-0.9246473995874368,0.5580133723287652,-0.9697552385515569,0.14751249219580312,2.9986852256363274,0.9531550115459668,-1.4009702905907488,-1.4895790180665502,-0.691194308594442,1.802428333549722,-0.13836027848847185,-0.4609398890996036,0.5328008603504361,-0.11803588290840399,-0.645280463327492,-2.0722306465847207,0.3623017633734723,-0.21756170561879543,0.8265029994472899,,,,,-0.6744907594765953,-0.4326744540237062,-0.1781661220100057,0.0,0.6744907594765952
G7_A_Roll25,school_a,7,sentence_03_dictated_hindi,dictated_hindi,devanagari,0.0,data/processed/school_a/G7_A_Roll25/sentence_03_dictated_hindi.json,0.5307030091580586,0.0042918494716509,,-0.0327022375215146,0.2796906306541378,16.43667061136397,21.182199927315512,24.05962880325312,0.315340298906927,2.692763938315539,1.1148121061278466,1.545138888888889,0.6361082913811476,0.1666666666666666,0.1666666666666666,0.3993553132196824,0.5783132530120482,46.642857142857146,,,,,,,0.2689075630252101,1.7747899159663865,1.8554621848739496,1.1666666666666667,1.0,2,1,0,1,2,dictated,0,1,0,-0.6338315748570172,0.3699872598715189,,0.19537820370009001,0.6746004180873358,2.480212023902247,0.9368311235930756,0.0,0.3125725884986297,-1.0447394764824656,1.8557839988468043,0.9248740872467353,0.18444676309848876,-2.1546232594391235,-0.6617856703784213,-0.07578677577586475,1.1387382779879889,-0.601781893202742,,,,,,,2.9687237665899153,1.271496476008632,0.9814091943689396,2.697963037906381,0.0
G7_A_Roll25,school_a,7,sentence_04_dictated_english,dictated_english,latin,0.0,data/processed/school_a/G7_A_Roll25/sentence_04_dictated_english.json,0.6517799383174481,0.0039603960396039,,-0.1686746987951807,0.2817835075548554,13.672680327507312,26.446576132578077,13.91899112420272,0.3296131076897738,2.8351260234387534,1.081150262305777,1.923076923076923,0.2451303508113365,0.0,0.5,0.4911562660915202,0.4698795180722891,16.57894736842105,0.2895487738017182,0.7350427350427351,,,,,0.5182724252491695,0.8637873754152824,0.7342192691029901,0.5714285714285714,1.0,2,1,0,1,2,dictated,0,1,0,0.2966768120925511,0.02037142086574286,,-1.5233301451744556,1.6673964742330647,3.7487847195981696,3.477679249820298,-0.6744907594765952,-1.0901647994794272,-0.0536964375362682,0.9893420630824179,0.660238242000505,-0.02607868711129254,-1.6187778227438276,0.35708334325231506,0.6819638022180922,0.2597950139404279,-1.6231810265148934,-0.6763253555767458,0.46102923277025565,,,,,0.8404944080856562,0.006443203138780208,-0.31500392497212115,0.0,0.0
G7_A_Roll25,school_a,7,sentence_05_own_hindi,own_hindi,devanagari,0.0,data/processed/school_a/G7_A_Roll25/sentence_05_own_hindi.json,2.2751931886776102,-0.0150016420641386,,-0.2793674698795181,0.1743851914494315,18.666220551226665,23.319062924799272,19.260008695948105,0.2363061608507838,3.90499194847021,1.1069652827930805,-0.0711111111111112,-93.55457309678349,0.5333333333333333,0.2666666666666666,0.2078744103232311,0.180722891566265,,0.8381232459309079,,1.925,0.073386152503022,1.25,0.0143274367110968,0.0934579439252336,0.5514018691588785,0.8317757009345794,,1.0,2,1,0,1,2,own,0,0,1,0.6612170015680838,-2.863114274066342,,-1.1067067488026971,-0.26709477566767453,2.358076559994306,1.1407071856277853,-0.2488955083290978,-1.172972446907872,2.1681584615655534,0.741675930618072,0.15258370287475412,-5.0,0.4196831392298817,-0.6744907594765953,-1.20095545394838,0.0,,0.47049564262731414,,0.32606921453546844,0.14287667071388463,0.3760947249532486,0.03956066638735909,0.310838244963263,-0.6737939661115134,-0.11450269098106862,,0.0
G7_A_Roll25,school_a,7,sentence_06_own_english,own_english,latin,0.0,data/processed/school_a/G7_A_Roll25/sentence_06_own_english.json,0.1356305965671301,0.00191465937891,,0.0289156626506024,0.0788213360664873,16.754661929504092,26.631260070075253,15.33325706091357,0.4697617778998589,2.655068078668684,1.0797452432301795,1.721698113207547,0.7955779454064283,0.25,0.5,0.1165292289886004,0.6385542168674698,,0.4891209916870809,0.3283018867924528,,,,,0.4481397970687711,2.240698985343856,1.8523111612175875,,1.0,2,1,0,1,2,own,0,0,1,-1.225006660320385,0.21059339171521999,,0.37686856059523516,-1.2859345453369502,3.7109994751492743,2.979248664081084,-0.6076673820966505,0.3828662607309166,-0.4710147495895463,0.9675442167291795,0.4996496811846601,-0.2224450165459527,-0.4343311708750801,0.2508436708797258,-1.0687239571327043,2.6468894247717305,,-0.6022830389334137,-0.27279382937707136,,,,,0.9950571119073397,1.251910049184694,0.6835715319815092,,0.0
