student_id,school,grade,task_id,task_name,script,json_path,baseline_rmse_norm,baseline_slope_mean,baseline_slope_std,rule_offset_mean,rule_offset_std,slant_mean_deg,slant_circular_std_deg,jerk_proxy,tangent_variance_short_wavelength,kappa_sign_changes_per_h,tortuosity_median,gap_mean,gap_cv,gap_fraction_below_0_3h,gap_fraction_above_2h,word_height_cv,h_over_r,word_width_per_char,component_height_cv,ascender_descender_ratio,matra_ratio,shirorekha_rms_deviation_norm,shirorekha_breaks_per_word,shirorekha_tilt_var,components_per_unit_width,junctions_per_unit_width,endpoints_per_unit_width,words_written_ratio,lines_used,label
G3_A_Roll01,school_a,3,sentence_01_copy_hindi,copy_hindi,devanagari,data/processed/school_a/G3_A_Roll01/sentence_01_copy_hindi.json,2.0735938148724977,0.014096356905641226,,-2.220446049250313e-16,0.3316877920376681,0.907173551523775,18.884612452185664,17.853396129962555,0.2670901652431762,2.5444839857651242,1.0938726778994943,2.460606060606061,2.4376545037649,0.45454545454545453,0.36363636363636365,0.4641241810240611,0.17647058823529413,35.0,0.7360195785339446,,1.517925438513793,0.0649273156880407,1.25,0.003342670894512205,0.09850746268656715,0.6895522388059702,0.7253731343283581,0.14285714285714285,1.0,0.0
G3_A_Roll01,school_a,3,sentence_02_copy_english,copy_english,latin,data/processed/school_a/G3_A_Roll01/sentence_02_copy_english.json,0.3610452167741299,-0.024292741184177253,0.010374153005587942,-1.3461454173580022e-16,0.10362093853668251,0.6331600564689733,22.387551462159706,18.117913215853417,0.4628084270817222,3.1612140323216384,1.0555187533963053,0.28968253968253976,34.152641430136796,0.25,0.75,0.8847934293760916,0.37058823529411766,37.351351351351354,0.7801398055324436,1.7492890938868413,,,,,0.23449131513647642,3.517369727047146,2.559863523573201,0.35714285714285715,2.0,0.0
G3_A_Roll01,school_a,3,sentence_03_dictated_hindi,dictated_hindi,devanagari,data/processed/school_a/G3_A_Roll01/sentence_03_dictated_hindi.json,2.945648009659768,0.006217568510556785,,9.992007221626409e-16,0.4496820040914047,0.3606545342549424,20.95105994787657,20.236010455867603,0.30357703479236653,2.851159793814433,1.1113347229709094,-3.52,-4.250498413953457,0.4666666666666667,0.4,0.45594835468455075,0.17647058823529413,76.32142857142857,0.8047887188391897,,1.8197336996795537,0.06285492303284518,1.375,0.0009141790377832499,0.08727272727272727,0.8290909090909091,0.7527272727272727,0.6666666666666666,1.0,0.0
G3_A_Roll01,school_a,3,sentence_04_dictated_english,dictated_english,latin,data/processed/school_a/G3_A_Roll01/sentence_04_dictated_english.json,0.3687479590934576,-0.049110922946655367,,3.344546861683284e-15,0.09802691176091982,0.3167780237882211,23.429526701977323,17.4517048421555,0.49983051536679085,2.9384679782335703,1.0661270361026398,1.088888888888889,3.3748987675131974,0.3333333333333333,0.6666666666666666,0.47042787275473547,0.35294117647058826,26.473684210526315,0.8164249563596109,1.641992457182512,,,,,0.15873015873015875,1.7724867724867726,1.2433862433862435,0.2857142857142857,1.0,0.0
G3_A_Roll02,school_a,3,sentence_01_copy_hindi,copy_hindi,devanagari,data/processed/school_a/G3_A_Roll02/sentence_01_copy_hindi.json,2.04993876003926,0.004795712420846821,,-1.9040324872321433e-15,0.32783681135862797,-3.520962516492719,18.438627043363464,19.91686243714169,0.24309626523785435,3.2493297587131367,1.090325523878399,1.0982456140350878,5.690096145624227,0.3157894736842105,0.3684210526315789,0.2744037269144923,0.17647058823529413,35.794117647058826,0.7536644928447721,,2.1282951812053,0.05305712030195553,0.7222222222222222,0.0042054118580870615,0.09505703422053231,0.7224334600760456,0.9315589353612167,2.857142857142857,1.0,0.0
G3_A_Roll02,school_a,3,sentence_02_copy_english,copy_english,latin,data/processed/school_a/G3_A_Roll02/sentence_02_copy_english.json,0.057085838542889074,0.005287081040050342,0.0036655449985212012,6.690828446842545e-16,0.030440841934332375,-7.6317086216643615,22.24639302533448,17.531773505112547,0.48805664144432004,3.177811223392819,1.0781509098892892,1.3139534883720931,2.291471553976751,0.125,0.25,0.2854105375420791,0.5058823529411764,29.472972972972972,0.5613403394486453,1.793291270441155,,,,,0.608375778155065,2.409168081494058,2.263157894736842,0.7142857142857143,2.0,0.0
G3_A_Roll02,school_a,3,sentence_03_dictated_hindi,dictated_hindi,devanagari,data/processed/school_a/G3_A_Roll02/sentence_03_dictated_hindi.json,2.4008861677622395,0.024563771476966808,,-7.301566758618113e-15,0.3653293995686366,-3.4883559721298805,20.754371611150493,19.256166986574975,0.3489634768082849,3.3884768967484313,1.0895253600055428,1.3142857142857145,3.2845873482735137,0.35714285714285715,0.42857142857142855,0.27491246957781046,0.17647058823529413,34.82142857142857,0.8254215909949278,,1.7123320205791672,0.07054013631231773,1.1538461538461537,0.028612578186445362,0.058548009367681494,0.6088992974238876,0.7962529274004684,2.5,1.0,0.0
G3_A_Roll02,school_a,3,sentence_04_dictated_english,dictated_english,latin,data/processed/school_a/G3_A_Roll02/sentence_04_dictated_english.json,0.07014176113451526,0.005611875365260558,,-3.5671697077669746e-15,0.03796624568126066,-7.538160945925663,21.219672025665712,16.21759213939638,0.579351638377047,2.9962855963681387,1.0750931383367088,1.2857142857142856,4.210856209100166,0.2,0.8,0.28771620087318334,0.49411764705882355,30.18421052631579,0.4396491340629061,1.9576707558361248,,,,,0.4353835521769178,1.190048375950242,1.0739460953697306,0.2857142857142857,1.0,0.0
G3_A_Roll03,school_a,3,sentence_01_copy_hindi,copy_hindi,devanagari,data/processed/school_a/G3_A_Roll03/sentence_01_copy_hindi.json,1.8927511926722949,0.03634432055735081,,1.4186183092432555e-16,0.2990560490999128,8.429788606080946,19.060177023517515,16.703702219288022,0.33901829997640764,2.63724808895066,1.079217509516576,1.4823529411764707,3.2015245462480837,0.35294117647058826,0.4117647058823529,0.33205616317959635,0.1724137931034483,29.264705882352942,0.5338413469829142,,1.903305350746601,0.05347162547097122,0.5,0.016305079767266934,0.18175338560228083,0.6949394155381325,1.1225944404846757,2.5714285714285716,1.0,0.0
G3_A_Roll03,school_a,3,sentence_02_copy_english,copy_english,latin,data/processed/school_a/G3_A_Roll03/sentence_02_copy_english.json,0.8023032336375445,-0.021245705860190974,0.03004596536967162,-2.5294309130890054e-15,0.13448272607062028,2.812379616932265,22.19317164531828,17.452975570890857,0.4603225378477813,2.902208201892745,1.0805010168190816,0.3595959595959595,10.370005657272635,0.26666666666666666,0.4,0.5557453944664676,0.3793103448275862,30.12162162162162,0.7363499946466507,1.5702067639645458,,,,,0.22525597269624573,2.4590443686006824,2.34641638225256,0.2857142857142857,2.0,0.0
G3_A_Roll03,school_a,3,sentence_03_dictated_hindi,dictated_hindi,devanagari,data/processed/school_a/G3_A_Roll03/sentence_03_dictated_hindi.json,2.7879808426152635,0.025868867297721605,,2.080035490253602e-15,0.4220949046314858,3.912133925571684,19.73640255157119,18.411476297997876,0.29794949985917507,2.887252412392077,1.0933016298896143,0.30000000000000004,22.70468851709787,0.375,0.4375,0.37263735219455874,0.1724137931034483,44.035714285714285,0.587828694784333,,1.5123828236866943,0.058429116329604694,0.625,0.005762320525184013,0.0898876404494382,0.651685393258427,0.8764044943820225,2.8333333333333335,1.0,0.0
G3_A_Roll03,school_a,3,sentence_04_dictated_english,dictated_english,latin,data/processed/school_a/G3_A_Roll03/sentence_04_dictated_english.json,0.2709390637877029,-0.023117505070051315,,-2.613881333601853e-15,0.08632947498401478,1.8131842688196464,21.96319243923251,22.592743473486294,0.41578391719462204,3.3604887983706733,1.0748909406791958,1.8035714285714288,1.0058808225271336,0.25,0.75,0.36091755234656675,0.3218390804597701,20.763157894736842,1.1061670438363813,1.2381696829794333,,,,,0.15053763440860216,1.1290322580645162,1.1792114695340503,0.14285714285714285,1.0,0.0
G3_A_Roll04,school_a,3,sentence_01_copy_hindi,copy_hindi,devanagari,data/processed/school_a/G3_A_Roll04/sentence_01_copy_hindi.json,0.4513486309125447,0.013821551200389375,,1.530939118167321e-15,0.2786564092496166,3.1922438866598157,19.798064634423767,29.88206600034009,0.4067358112343716,2.6415094339622645,1.0932048602919613,-0.4140461215932914,-9.154357443090065,0.6111111111111112,0.3333333333333333,0.4906656019440542,0.6309523809523809,61.94117647058823,1.2338429670676834,,2.5960747339398114,0.014067207874929221,0.47368421052631576,0.023743188233112594,0.0913268236645606,2.9529006318207927,2.1309592188397475,2.7142857142857144,1.0,0.0
G3_A_Roll04,school_a,3,sentence_02_copy_english,copy_english,latin,data/processed/school_a/G3_A_Roll04/sentence_02_copy_english.json,,,,,,-2.788432150061526,20.23175992739027,17.378050664565148,0.4853451303439336,3.029875323453305,1.0658072990157939,,,,,,0.38095238095238093,,,,,,,,0.14089157952669235,1.5674188222344525,1.268024215740231,0.14285714285714285,1.0,0.0
G3_A_Roll04,school_a,3,sentence_03_dictated_hindi,dictated_hindi,devanagari,data/processed/school_a/G3_A_Roll04/sentence_03_dictated_hindi.json,,,,,,2.9325736669568094,21.138472753150314,17.35042195475837,0.2552840154433323,2.6117103235747305,1.081334383815161,,,,,,0.17857142857142858,,,,,,,,0.04693366708385482,0.5350438047559449,0.3097622027534418,0.3333333333333333,1.0,0.0
G3_A_Roll04,school_a,3,sentence_04_dictated_english,dictated_english,latin,data/processed/school_a/G3_A_Roll04/sentence_04_dictated_english.json,0.8312640526380237,0.036859554059341125,,-7.259150545626023e-16,0.3335299894411224,-0.5689572118358709,19.61072943014589,18.575558701794616,0.47470266838672015,3.3633633633633635,1.06826595747134,-1.4291666666666665,-4.777626180563717,0.5,0.4166666666666667,0.4849226147849501,0.47619047619047616,56.578947368421055,0.5908186410961207,1.5194620655684048,,,,,0.2272727272727273,2.765151515151515,2.121212121212121,0.2857142857142857,1.0,0.0
G3_A_Roll05,school_a,3,sentence_01_copy_hindi,copy_hindi,devanagari,data/processed/school_a/G3_A_Roll05/sentence_01_copy_hindi.json,2.4145452960958855,0.02152619728044912,,-2.2930375547065733e-15,0.33048894410355156,6.243830078004545,20.13693171617579,19.59812866560982,0.24367854660297167,2.867764206054169,1.0852790393457303,-0.9166666666666669,-11.272284715386371,0.4166666666666667,0.5,0.3824698855665957,0.17857142857142858,46.61764705882353,0.8639675533492913,,1.851701329561527,0.0624587873872495,0.8333333333333334,0.000797643061062299,0.09278350515463918,0.7938144329896907,0.6804123711340206,0.7142857142857143,1.0,0.0
G3_A_Roll05,school_a,3,sentence_02_copy_english,copy_english,latin,data/processed/school_a/G3_A_Roll05/sentence_02_copy_english.json,0.2959753601959182,0.003598216058550323,,7.547974591027974e-16,0.12022010463910852,-5.1470794629874215,20.164908253463977,17.5775151216242,0.48446352334817483,3.082967413912641,1.0643915514409614,1.1805555555555558,0.6012016308109681,0.25,0.0,0.2847366851041993,0.42857142857142855,14.216216216216216,0.9211001944938905,2.8012902204972727,,,,,0.3564356435643564,1.4455445544554455,1.683168316831683,0.21428571428571427,1.0,0.0
G3_A_Roll05,school_a,3,sentence_03_dictated_hindi,dictated_hindi,devanagari,data/processed/school_a/G3_A_Roll05/sentence_03_dictated_hindi.json,3.2305890845843117,0.006810240901161499,,-4.7038396569644794e-15,0.5006514873140462,1.4775799197021018,20.269543417865666,16.34721264908828,0.2645928665011385,2.9240806642941877,1.0841721050961879,-2.174074074074074,-5.095970965518185,0.3333333333333333,0.3333333333333333,0.48221042940375175,0.17857142857142858,68.10714285714286,1.023085570800865,,1.4609724473476795,0.07602643672823954,0.5789473684210527,0.0038471172884215732,0.09246575342465754,0.8424657534246576,0.7294520547945206,0.8333333333333334,1.0,0.0
G3_A_Roll05,school_a,3,sentence_04_dictated_english,dictated_english,latin,data/processed/school_a/G3_A_Roll05/sentence_04_dictated_english.json,,,,,,-1.8965760493779567,20.80871711057559,17.155146909626232,0.4891654179295079,2.982527427874847,1.0595685444966534,,,,,,0.4523809523809524,,,,,,,,0.2643478260869565,1.9165217391304348,1.3217391304347825,0.42857142857142855,1.0,0.0
G3_A_Roll06,school_a,3,sentence_01_copy_hindi,copy_hindi,devanagari,data/processed/school_a/G3_A_Roll06/sentence_01_copy_hindi.json,1.8340252552329472,0.026286380253582632,,8.932248879938759e-16,0.2913803461292802,-0.8009290159318229,19.076800982781116,16.716832687494936,0.24423051081582556,2.4447252053063804,1.0812476654948298,-5.686666666666668,-2.9926529403708657,0.4,0.4,0.4747453738288749,0.18518518518518517,56.029411764705884,1.0065063577641316,,1.7369438799356365,0.07070999788800687,1.1818181818181819,0.004865566016706719,0.09704251386321626,1.21996303142329,0.9288354898336413,1.5714285714285714,1.0,0.0
G3_A_Roll06,school_a,3,sentence_02_copy_english,copy_english,latin,data/processed/school_a/G3_A_Roll06/sentence_02_copy_english.json,0.664002938747936,-0.011785752428128442,,-2.8063970900247013e-15,0.1578798542131075,-7.190768754664291,21.930693915539866,26.113484764136665,0.40996315668631644,3.720298710115411,1.0707373138537986,-1.9261363636363638,-2.8859268081197738,0.375,0.0,0.5367371933457162,0.2716049382716049,27.14864864864865,0.7742193161074601,2.3813097344177283,,,,,0.1121813031161473,1.4458923512747874,1.0220963172804531,0.6428571428571429,1.0,0.0
G3_A_Roll06,school_a,3,sentence_03_dictated_hindi,dictated_hindi,devanagari,data/processed/school_a/G3_A_Roll06/sentence_03_dictated_hindi.json,1.3375346372822157,-0.05300598194356812,,5.206152969045824e-15,0.23837592799294574,-1.2088108503917014,18.576881103837568,17.234569317629454,0.2574089556272944,2.676056338028169,1.0820341839886867,-2.3000000000000003,-3.8923877799751194,0.3333333333333333,0.16666666666666666,0.5894738434330719,0.18518518518518517,42.25,0.7613081486771758,,1.442887614932682,0.0772203849598194,3.0,0.0035823136252439575,0.05964214711729623,1.088469184890656,0.8051689860834991,0.16666666666666666,1.0,0.0
G3_A_Roll06,school_a,3,sentence_04_dictated_english,dictated_english,latin,data/processed/school_a/G3_A_Roll06/sentence_04_dictated_english.json,3.309581434771869,-0.04873562968212878,,7.70911112724093e-15,0.508344468315246,-3.964652344904496,17.22872872820545,11.273701855449447,0.3246606368946406,2.1468058968058967,1.0628950796227707,-17.666666666666668,-1.7549766494822199,0.6666666666666666,0.0,0.6983166993189373,0.18518518518518517,43.8421052631579,0.9355375083964247,1.5067127476127218,,,,,0.06659267480577136,0.9822419533851275,0.5993340732519422,0.14285714285714285,1.0,0.0
G3_A_Roll07,school_a,3,sentence_01_copy_hindi,copy_hindi,devanagari,data/processed/school_a/G3_A_Roll07/sentence_01_copy_hindi.json,1.9855677834068592,0.007303254763937138,,7.23780010284477e-16,0.2919769901378666,1.844426878775114,20.591779458463638,17.969978162870238,0.26096042157272076,2.8547990155865466,1.078989670755252,-1.8166666666666667,-8.353809715653526,0.4166666666666667,0.4166666666666667,0.2556333475096803,0.17857142857142858,51.11764705882353,0.8144789089394278,,2.464998880139814,0.04685620936056204,1.0769230769230769,0.013307432268404371,0.01763668430335097,0.7231040564373897,0.7495590828924162,1.8571428571428572,1.0,0.0
G3_A_Roll07,school_a,3,sentence_02_copy_english,copy_english,latin,data/processed/school_a/G3_A_Roll07/sentence_02_copy_english.json,0.37268367060886226,-0.010986020031535582,,-3.8639726339186254e-15,0.17180691985116897,-9.910035124097941,22.47708825699531,15.63228911140385,0.4202700071250866,2.8110944527736126,1.0713640946652256,-0.046153846153846136,-43.87226719078967,0.55,0.15,0.37052739207862445,0.4642857142857143,23.675675675675677,0.5895079619018018,1.9579049574217935,,,,,0.45882352941176474,1.4638655462184875,2.272268907563025,0.2857142857142857,1.0,0.0
G3_A_Roll07,school_a,3,sentence_04_dictated_english,dictated_english,latin,data/processed/school_a/G3_A_Roll07/sentence_04_dictated_english.json,2.3597747443861237,0.019504109106855978,,-5.122886242198937e-15,0.33574217464697814,-6.022482611177753,20.412663047196546,9.442125051239449,0.2460566565795188,1.7364359214218896,1.0675088861702262,-2.8051282051282054,-4.252967616422608,0.46153846153846156,0.46153846153846156,0.2887679217969003,0.17857142857142858,60.578947368421055,0.8813214953919287,1.2416703478424345,,,,,0.18533772652388797,1.0749588138385502,1.2355848434925865,0.2857142857142857,1.0,0.0
G3_A_Roll07,school_a,3,sentence_05_own_hindi,own_english,devanagari,data/processed/school_a/G3_A_Roll07/sentence_05_own_hindi.json,0.3222389808337278,0.02662519483704582,,3.2127078775090467e-15,0.19086901870688847,0.48301463510080334,20.77692747812732,26.65325622209962,0.3666570104088216,2.2057001239157374,1.122241554966241,0.23018867924528294,5.314178050083227,0.5333333333333333,0.0,0.3866432337434095,0.6309523809523809,,,,,,,,0.27727952167414055,1.822122571001495,1.2675635276532138,,1.0,0.0
G3_A_Roll08,school_a,3,sentence_01_copy_hindi,copy_hindi,devanagari,data/processed/school_a/G3_A_Roll08/sentence_01_copy_hindi.json,2.5825358626964747,0.022026971547211997,,-1.8446782563002602e-15,0.3541973436741974,-0.2246134820578659,20.69312525272124,20.46924880220067,0.23069930229418656,3.10656836461126,1.092381315797992,-4.427777777777778,-3.691050190044067,0.5,0.4166666666666667,0.5009793553268912,0.18072289156626506,69.05882352941177,1.0760402204637225,,2.0745118459324425,0.06584330301053422,1.8461538461538463,0.0008992553659254028,0.03717472118959108,0.6133828996282529,0.6784386617100372,1.8571428571428572,1.0,0.0
G3_A_Roll08,school_a,3,sentence_02_copy_english,copy_english,latin,data/processed/school_a/G3_A_Roll08/sentence_02_copy_english.json,0.13048350097314604,-0.002777716690561336,,-2.498001805406602e-16,0.060360341449723416,-8.054545339120454,22.122829212656566,15.421711720089608,0.5057043970123041,2.712177121771215,1.0722156528799347,0.7731707317073171,1.3566747205841305,0.4,0.2,0.4572059800971139,0.4939759036144578,18.5,0.3881479995932483,1.9924701728332008,,,,,0.06799336650082918,1.6998341625207296,1.722498618021006,0.14285714285714285,1.0,0.0
G3_A_Roll08,school_a,3,sentence_04_dictated_english,dictated_english,latin,data/processed/school_a/G3_A_Roll08/sentence_04_dictated_english.json,2.608759858339094,0.02928472323804243,,8.0953762212251e-16,0.4086682885603095,-1.3502627110296779,22.38415648554297,11.56512479161349,0.2590073942740803,2.3467741935483875,1.0682863018197706,-5.696969696969699,-3.5369295661630273,0.45454545454545453,0.45454545454545453,0.4530515222556722,0.18072289156626506,60.078947368421055,0.7094464874484709,1.0746558129499606,,,,,0.052128583840139006,1.0295395308427455,0.8731537793223284,0.14285714285714285,1.0,0.0
G3_A_Roll08,school_a,3,sentence_05_own_hindi,dictated_hindi,devanagari,data/processed/school_a/G3_A_Roll08/sentence_05_own_hindi.json,0.06519200031713551,-0.022975258322240958,,6.391877767815875e-15,0.0394407986724216,-0.38190549924108425,20.274598151249293,25.989055374798742,0.31936031325659653,2.4751580849141837,1.1009888322513497,1.2804878048780488,0.875465538611916,0.0,0.5,0.3743633313196405,0.4939759036144578,34.714285714285715,,,,,,,0.11444521981856245,1.916957431960921,0.7725052337752966,0.5,1.0,0.0
G3_A_Roll09,school_a,3,sentence_01_copy_hindi,copy_hindi,devanagari,data/processed/school_a/G3_A_Roll09/sentence_01_copy_hindi.json,2.6656430103852378,0.10312235932035889,,-2.808864252301646e-15,0.387135038914527,-6.7622276456051065,21.42520834390924,20.39959072434263,0.2539781113850582,3.3964945523448606,1.0921896301776837,-1.2444444444444445,-5.077288490756395,0.5555555555555556,0.3333333333333333,0.3305553336640137,0.17647058823529413,33.088235294117645,0.7192825581408062,,2.762765503088427,0.06559573896383951,1.3,0.0006712090312200296,0.02737226277372263,0.5565693430656935,0.5018248175182483,0.14285714285714285,1.0,0.0
G3_A_Roll09,school_a,3,sentence_02_copy_english,copy_english,latin,data/processed/school_a/G3_A_Roll09/sentence_02_copy_english.json,0.08933454888095578,0.013157154899953985,,2.0571151619737275e-15,0.04342340784939242,-0.0248646020903285,20.83598177945316,15.971311281716572,0.49789112072070485,3.5106621773288444,1.0610832873637137,0.2836879432624116,12.915107432770341,0.5,0.08333333333333333,0.3377723747343104,0.5529411764705883,19.39189189189189,0.5031772189390723,2.0538170053566716,,,,,0.36173721825178673,1.9637163276525564,1.8603628367234746,0.21428571428571427,1.0,0.0
G3_A_Roll09,school_a,3,sentence_04_dictated_english,dictated_english,latin,data/processed/school_a/G3_A_Roll09/sentence_04_dictated_english.json,3.1696039117801504,-0.05029443381084484,,4.321329618925609e-15,0.4393169570073491,1.200011039277475,22.718363228941378,11.546667632936465,0.2865470765180361,2.5615505500261917,1.074916881528864,-2.0388888888888888,-6.1633313580025915,0.5,0.4166666666666667,0.7785842130056202,0.17647058823529413,55.8421052631579,0.630445938580159,0.1716555923521344,,,,,0.14455151964418086,1.178650852483321,1.000741289844329,0.2857142857142857,1.0,0.0
G3_A_Roll09,school_a,3,sentence_05_own_hindi,dictated_hindi,devanagari,data/processed/school_a/G3_A_Roll09/sentence_05_own_hindi.json,1.5344422228455807,0.03319712267727141,,5.782411586589357e-19,0.2963224466229559,-2.528165893087247,21.955521432724375,20.342881362497383,0.36427077324193063,3.548387096774193,1.08800866562134,-13.933333333333332,-3.624644298431094,0.6,0.4,0.265564898950665,0.17647058823529413,81.17857142857143,,,,,,,0.0182370820668693,0.5744680851063829,0.3465045592705167,0.16666666666666666,1.0,0.0
G3_A_Roll10,school_a,3,sentence_01_copy_hindi,copy_hindi,devanagari,data/processed/school_a/G3_A_Roll10/sentence_01_copy_hindi.json,1.9696800973672741,0.013826235742002962,,-3.7007434154171884e-18,0.2701887451757755,-7.806947398624886,18.925140383122475,18.53401428566601,0.27742811133618833,3.3590733590733595,1.0796424711964394,-2.8857142857142852,-3.03703204393305,0.42857142857142855,0.21428571428571427,0.48324444038314973,0.17857142857142858,64.20588235294117,1.0351860538420168,,2.003341180324856,0.051977687624432375,1.2666666666666666,0.010415634553325044,0.056004978220286245,0.6720597386434349,0.9147479775980086,2.142857142857143,1.0,0.0
G3_A_Roll10,school_a,3,sentence_02_copy_english,copy_english,latin,data/processed/school_a/G3_A_Roll10/sentence_02_copy_english.json,,,,,,-13.345248072129227,22.995399208810607,18.655346663192407,0.5210622816063197,3.403416557161629,1.0823548422352838,,,,,,0.4880952380952381,,,,,,,,0.18594104308390022,1.7431972789115646,1.4410430839002268,0.21428571428571427,1.0,0.0
G3_A_Roll10,school_a,3,sentence_04_dictated_english,dictated_english,latin,data/processed/school_a/G3_A_Roll10/sentence_04_dictated_english.json,2.5617318463782657,0.02232368626623936,,4.052314039881821e-15,0.3257445296018224,-12.7753389801021,20.433705772450285,13.026100249035217,0.2853637955502719,2.564862861378799,1.0805981240497764,-2.9166666666666665,-5.386330255174739,0.4166666666666667,0.5,0.24944558481465293,0.17857142857142858,54.60526315789474,0.7726665818920531,11.770995350280852,,,,,0.09325044404973358,1.0124333925399644,1.2921847246891653,0.2857142857142857,1.0,0.0
G3_A_Roll10,school_a,3,sentence_05_own_hindi,custom,devanagari,data/processed/school_a/G3_A_Roll10/sentence_05_own_hindi.json,0.5767400071289355,-0.03835086303615806,,3.7192471324942744e-15,0.19700223864256422,-5.020426275441448,21.39814328225435,26.345485478394966,0.37653712605298467,3.157216494845361,1.0821817071276145,0.028571428571428692,147.86079539490726,0.2857142857142857,0.42857142857142855,0.7000330453088518,0.35714285714285715,,,,,,,,0.09433962264150944,1.2452830188679245,1.0188679245283019,,1.0,0.0
G3_A_Roll12,school_a,3,sentence_01_copy_hindi,copy_hindi,devanagari,data/processed/school_a/G3_A_Roll12/sentence_01_copy_hindi.json,2.680529006993758,0.038539420339860256,,5.789020056974031e-16,0.42984130778103136,5.017568287567454,19.89482541962503,18.292978345569136,0.26751701615873874,3.0873925501432664,1.0814453315044006,-1.4820512820512823,-4.175328018746261,0.46153846153846156,0.23076923076923078,0.575481895684385,0.17857142857142858,45.8235294117647,1.0347988556785535,,1.6418651850108057,0.04530425962500221,0.6428571428571429,0.0024085187622410573,0.5311778290993072,1.073903002309469,1.004618937644342,2.0,1.0,1.0
G3_A_Roll12,school_a,3,sentence_02_copy_english,copy_english,latin,data/processed/school_a/G3_A_Roll12/sentence_02_copy_english.json,0.06678922603031201,-0.02221416439245024,0.014952085222135822,1.083855227790309e-15,0.043559031124109686,1.3597766585853026,21.14735965973137,17.811857573019108,0.4636614107226989,2.9662180719582536,1.0737942520943184,-2.7346938775510203,-2.5479474265015045,0.6666666666666666,0.3333333333333333,0.786416526506456,0.5833333333333334,34.17567567567568,1.1313738783251752,0.9199363425472148,,,,,0.3312676056338028,3.8647887323943664,2.236056338028169,0.2857142857142857,2.0,1.0
G3_A_Roll12,school_a,3,sentence_03_dictated_hindi,dictated_hindi,devanagari,data/processed/school_a/G3_A_Roll12/sentence_03_dictated_hindi.json,3.7044649228771847,0.0365993744615805,,4.126328908190165e-15,0.5658852914678996,4.426906747918631,19.349200592229145,18.245936083585615,0.3084567863463786,3.1260504201680672,1.0807932383184948,-4.847058823529412,-2.323323325893627,0.5882352941176471,0.23529411764705882,0.5594145256430292,0.17857142857142858,86.17857142857143,0.689501021299734,,1.4493787192885357,0.053392504117585296,0.9444444444444444,0.00784293958129258,0.13444302176696543,0.7874519846350831,0.7970550576184379,1.1666666666666667,1.0,1.0
G3_A_Roll12,school_a,3,sentence_04_dictated_english,dictated_english,latin,data/processed/school_a/G3_A_Roll12/sentence_04_dictated_english.json,,,,,,1.9355412339611633,20.897310139415254,17.84290290185196,0.591542796697843,3.2378854625550666,1.1048213408156136,,,,,,0.8809523809523809,,,,,,,,0.8352144469525958,4.09255079006772,1.6704288939051917,0.42857142857142855,1.0,1.0
G3_A_Roll13,school_a,3,sentence_01_copy_hindi,copy_hindi,devanagari,data/processed/school_a/G3_A_Roll13/sentence_01_copy_hindi.json,6.17506472078868,-0.09451259083804846,0.12598460741993642,5.709718412357948e-16,0.5975235158314849,-0.16027354514450118,20.15044710454893,16.90627540088626,0.28155694882160465,3.0386542591267,1.0970260331579729,0.0666666666666666,160.86674955102177,0.5263157894736842,0.3684210526315789,0.5057351166525424,0.1875,68.05882352941177,1.060949610833916,,2.4918934107105835,0.05407293100662323,1.0476190476190477,0.01289148024691511,0.22475570032573292,0.8599348534201955,1.5732899022801303,0.8571428571428571,2.0,1.0
G3_A_Roll13,school_a,3,sentence_02_copy_english,copy_english,latin,data/processed/school_a/G3_A_Roll13/sentence_02_copy_english.json,0.6626657607798109,-0.03128159588607778,0.06453594835536779,2.843878978462901e-15,0.1952115869436322,-13.151820273387484,24.580483465425424,20.030441044683066,0.39637227354392474,4.22449632235369,1.079642697659705,2.845878136200717,2.6911154362295235,0.5555555555555556,0.4444444444444444,0.6353578209849774,0.3875,45.972972972972975,1.151903936801898,1.026255411202576,,,,,0.31313131313131315,3.1139169472502806,3.148709315375982,0.14285714285714285,4.0,1.0
G3_A_Roll13,school_a,3,sentence_03_dictated_hindi,dictated_hindi,devanagari,data/processed/school_a/G3_A_Roll13/sentence_03_dictated_hindi.json,4.77080306808761,-0.03804356785546936,,2.971234369653075e-15,0.6977924046619418,-2.183867900799771,21.258078576408842,18.466299404138713,0.3021192838996702,3.3898009081383162,1.0887443661039984,-2.543859649122807,-4.065526646052576,0.5263157894736842,0.21052631578947367,0.39463011740031645,0.1875,86.64285714285714,0.8925628727298733,,2.6803720652692067,0.07051386446644804,1.5,0.022659658363866103,0.06741573033707865,0.7752808988764045,0.9269662921348314,0.5,1.0,1.0
G3_A_Roll13,school_a,3,sentence_04_dictated_english,dictated_english,latin,data/processed/school_a/G3_A_Roll13/sentence_04_dictated_english.json,2.966002254426615,0.08880603472009187,,9.25185853854297e-18,0.4467489360555589,-13.58319967201773,21.944957401476884,11.662064998264857,0.2960707652778047,2.4345067539909944,1.0739234056365108,-10.946666666666664,-1.9378802505873487,0.4,0.2,0.5117261735144257,0.1875,31.81578947368421,0.927457285084215,1.115004899109959,,,,,0.5212355212355213,0.2548262548262548,0.44015444015444016,0.8571428571428571,1.0,1.0
G3_A_Roll14,school_a,3,sentence_01_copy_hindi,copy_hindi,devanagari,data/processed/school_a/G3_A_Roll14/sentence_01_copy_hindi.json,1.8473644004825636,0.030067603893861684,,1.0325074129013957e-15,0.26924999325894206,3.139941857915487,19.330617140775445,18.821187509452912,0.3025665604296522,2.8030810448760883,1.0816364623320882,-4.911111111111111,-4.873794704158958,0.3333333333333333,0.4444444444444444,0.501149543883049,0.18072289156626506,70.94117647058823,1.3136855184246368,,1.1996983210354588,0.056770704656452925,0.8,0.002998665147408006,0.03372681281618887,0.6913996627318719,0.5564924114671164,1.4285714285714286,1.0,0.0
G3_A_Roll14,school_a,3,sentence_02_copy_english,copy_english,latin,data/processed/school_a/G3_A_Roll14/sentence_02_copy_english.json,,,,,,-0.5161292078860047,23.166448935553102,18.72176424824949,0.4430697842133298,2.968337730870712,1.0745367823617071,,,,,,0.4578313253012048,,,,,,,,0.16767788196359626,2.22173193601765,1.257584114726972,0.2857142857142857,1.0,0.0
G3_A_Roll14,school_a,3,sentence_04_dictated_english,dictated_english,latin,data/processed/school_a/G3_A_Roll14/sentence_04_dictated_english.json,1.4072315294596018,0.04976696170495308,,4.255854927729767e-15,0.3828682071590718,-1.5023370219069339,23.370119760718104,16.343206847027393,0.4878430067515759,2.9090909090909087,1.0740422514375654,-5.024305555555555,-2.503013007717441,0.375,0.5,0.5593706316209556,0.43373493975903615,76.76315789473684,0.6023266794783315,15.615417592395469,,,,,0.22897526501766782,2.086219081272085,1.1957597173144876,0.42857142857142855,1.0,0.0
G3_A_Roll14,school_a,3,sentence_05_own_hindi,dictated_english,devanagari,data/processed/school_a/G3_A_Roll14/sentence_05_own_hindi.json,1.165468025057173,0.060991105463786534,,5.019133257159562e-15,0.23932192612616804,2.4859000013575137,23.082755226009535,29.628826586252718,0.3818659043412546,2.909090909090909,1.0977890572323443,1.096774193548387,5.4072871502500695,0.5,0.5,0.5876505252172143,0.37349397590361444,33.81578947368421,,,,,,,0.07898089171974522,1.480891719745223,0.90828025477707,0.14285714285714285,1.0,0.0
G3_A_Roll15,school_a,3,sentence_01_copy_hindi,copy_hindi,devanagari,data/processed/school_a/G3_A_Roll15/sentence_01_copy_hindi.json,3.332986273518174,-0.0030628766427460387,,1.9465910365094413e-15,0.40542783533589444,2.0893804894486374,19.047356633095117,16.767593299315667,0.31484850604180215,2.658831003811944,1.0798220897071724,-2.4666666666666663,-4.670980541970244,0.42857142857142855,0.5,0.46641066907385564,0.17647058823529413,66.8529411764706,0.7929421540848749,,3.302590207801245,0.05236897325002714,0.7857142857142857,0.003302490534389431,0.36195883605393897,0.8623136976579133,1.6181689141234918,0.2857142857142857,1.0,1.0
G3_A_Roll15,school_a,3,sentence_02_copy_english,copy_english,latin,data/processed/school_a/G3_A_Roll15/sentence_02_copy_english.json,1.226840840650228,-0.0006211414097676144,,-2.0354088784794535e-15,0.29832239731860477,-7.1615991119314115,25.32451138708914,20.543260435681127,0.4316299714659689,3.52124891587164,1.0714189350537733,-0.5178571428571429,-7.383312177102478,0.45,0.15,0.44466758123551403,0.32941176470588235,21.0,0.5998909464017562,1.8902366464280116,,,,,0.34106728538283065,1.6728538283062646,1.6078886310904872,0.14285714285714285,1.0,1.0
G3_A_Roll15,school_a,3,sentence_04_dictated_english,dictated_english,latin,data/processed/school_a/G3_A_Roll15/sentence_04_dictated_english.json,2.9790472004018707,0.0,,2.761679773755077e-15,0.4028702124107532,-2.0835323771389693,22.223336316709773,11.852662636326347,0.280577284642369,2.3121951219512193,1.0767780781750589,-6.2844444444444445,-2.782914379636351,0.4666666666666667,0.4,0.38918986031188363,0.17647058823529413,69.07894736842105,0.7635679185594983,12.638931142745323,,,,,0.11081262592343855,0.8764271323035594,0.7958361316319678,0.2857142857142857,1.0,1.0
G3_A_Roll15,school_a,3,sentence_05_own_hindi,dictated_hindi,devanagari,data/processed/school_a/G3_A_Roll15/sentence_05_own_hindi.json,0.7542843481388776,0.0026629894121703982,,4.6043415993482186e-15,0.20821796333692705,-0.37666871711949235,21.45307359818865,31.67083692874817,0.3561031650023077,4.100358422939068,1.0807932383184908,0.1458823529411766,24.435157162725936,0.29411764705882354,0.29411764705882354,0.2644459549375742,0.29411764705882354,46.82142857142857,,,,,,,0.21484375,1.34765625,1.2890625,0.6666666666666666,1.0,1.0
G3_A_Roll16,school_a,3,sentence_02_copy_english,copy_english,latin,data/processed/school_a/G3_A_Roll16/sentence_02_copy_english.json,0.865305817964201,0.03855254999388388,,-2.3684757858670005e-15,0.44650793038150993,-6.015655565584043,20.885079000438875,14.60068621684279,0.517143700866017,3.39913336543091,1.0641119415371438,1.0145454545454544,2.1344755608852597,0.4,0.6,0.3501254962475094,0.650887573964497,7.486486486486487,0.4497785945417516,0.6178760999782522,,,,,0.2502844141069397,1.2514220705346986,1.2201365187713311,0.21428571428571427,1.0,0.0
G3_A_Roll16,school_a,3,sentence_03_dictated_hindi,copy_hindi,devanagari,data/processed/school_a/G3_A_Roll16/sentence_03_dictated_hindi.json,0.43733386424712795,-0.02617467339333573,,3.769207168602407e-15,0.06821534024099175,4.193986364589072,18.150765090266912,18.63849142265663,0.25000488107408114,3.220545277507303,1.0820886187973473,7.466666666666666,0.23678957477281054,0.0,1.0,0.37990608722474106,0.17751479289940827,38.44117647058823,0.0,,,,,,0.16521739130434782,0.7478260869565218,0.6695652173913044,0.2857142857142857,1.0,0.0
G3_A_Roll16,school_a,3,sentence_04_dictated_english,dictated_english,latin,data/processed/school_a/G3_A_Roll16/sentence_04_dictated_english.json,0.5772737539568626,-0.01095033767265313,,-3.842164681649202e-15,0.20624711652303665,-4.617836282385722,20.458360696752365,16.60382221559414,0.5056052968750032,3.4942139429861707,1.0679347706287128,0.7675438596491232,16.83868316146618,0.5,0.3333333333333333,0.6337130326922407,0.44970414201183434,31.42105263157895,0.5993261795930066,2.234661472395793,,,,,0.17292377701934017,1.6427758816837315,1.124004550625711,0.2857142857142857,1.0,0.0
G3_A_Roll16,school_a,3,sentence_05_own_hindi,dictated_hindi,devanagari,data/processed/school_a/G3_A_Roll16/sentence_05_own_hindi.json,4.102943800796676,0.008498807828562676,,-1.438085761584773e-15,0.4829362316863871,-1.8765129029957741,18.97223469004842,18.60854559933934,0.2743199450811381,3.12821833161689,1.0985501720182447,-4.071794871794872,-3.4849735097415326,0.46153846153846156,0.3076923076923077,0.6532677452100428,0.17751479289940827,72.39285714285714,0.7296094909380483,,1.8498580436726362,0.06337510541620062,1.0,0.011080544918910763,0.0933852140077821,0.7937743190661478,0.8054474708171205,0.6666666666666666,1.0,0.0
G3_A_Roll17,school_a,3,sentence_01_copy_hindi,copy_hindi,devanagari,data/processed/school_a/G3_A_Roll17/sentence_01_copy_hindi.json,2.0932465948780123,-0.01689684369156023,,9.575673587391975e-16,0.326608495442649,3.597466097258632,19.538268726066445,18.53068011107706,0.2659482136354826,2.658486707566462,1.0820886187973422,0.3589743589743589,15.286692225058813,0.46153846153846156,0.46153846153846156,0.22616073671332845,0.17543859649122806,34.11764705882353,0.6717858987170576,,2.8143030630506347,0.05397450183145812,1.0,0.005188146863363701,0.05952380952380952,1.0119047619047619,1.2976190476190477,0.14285714285714285,1.0,0.0
G3_A_Roll17,school_a,3,sentence_02_copy_english,copy_english,latin,data/processed/school_a/G3_A_Roll17/sentence_02_copy_english.json,0.3366722283019642,0.002890425943473335,,1.7389935645330577e-15,0.09924164787959039,-0.19903771922669244,20.70635597697921,19.676491627971586,0.41880966116109103,3.4006946637196087,1.0722202330097796,0.9888888888888889,1.2231765829379295,0.25,0.25,0.3190204678409261,0.3508771929824561,18.905405405405407,0.4304788679647724,1.7573546371421847,,,,,0.04983388704318937,1.744186046511628,2.009966777408638,0.07142857142857142,1.0,0.0
G3_A_Roll17,school_a,3,sentence_03_dictated_hindi,dictated_hindi,devanagari,data/processed/school_a/G3_A_Roll17/sentence_03_dictated_hindi.json,0.794360041046259,0.18386857611113278,,2.2158201199810415e-15,0.16768018924673198,2.366572217775514,19.289776608780382,30.710713628102095,0.4116792999473765,4.022842639593907,1.0811098352628092,-0.85,-3.8058288123437483,0.8,0.2,0.4405824343383143,0.2807017543859649,11.25,0.6066119050490911,,3.758403361344538,0.0302779943845108,1.0,0.03403852951814473,0.2589928057553957,0.3971223021582734,0.41438848920863314,0.3333333333333333,1.0,0.0
G3_A_Roll17,school_a,3,sentence_04_dictated_english,dictated_english,latin,data/processed/school_a/G3_A_Roll17/sentence_04_dictated_english.json,2.4466091966578905,0.005081987025953742,,1.0824674490095276e-15,0.3604982793092553,-4.679708680518566,19.747964758618007,13.570594904217597,0.2864670735660426,2.7059903603396833,1.0548059586096428,0.07111111111111107,81.07185139914915,0.4,0.3333333333333333,0.37286702545630657,0.17543859649122806,32.78947368421053,0.6698906348083081,2.1997556972081047,,,,,0.026714158504007126,1.0017809439002672,1.402493321460374,0.14285714285714285,1.0,0.0
G3_A_Roll19,school_a,3,sentence_01_copy_hindi,copy_hindi,devanagari,data/processed/school_a/G3_A_Roll19/sentence_01_copy_hindi.json,2.195587296920188,0.029516525063323088,,1.796182250554271e-15,0.33531215985003576,4.7226734765346094,21.230487719382253,19.12342512749508,0.248991447799871,2.8091397849462365,1.0806477046778493,-0.33846153846153826,-14.672691599971664,0.5384615384615384,0.38461538461538464,0.38352049359897955,0.18072289156626506,37.5,1.0221185648527762,,2.9440542060241035,0.052799757017360685,0.7142857142857143,0.0025225887530862657,0.09685230024213076,1.0653753026634383,1.1743341404358354,2.0,1.0,1.0
G3_A_Roll19,school_a,3,sentence_02_copy_english,copy_english,latin,data/processed/school_a/G3_A_Roll19/sentence_02_copy_english.json,1.9337682822109077,0.0007848451415733947,,5.738465258531278e-15,0.3779889777105338,-4.121638028313174,23.461323213215405,18.759673337333684,0.37974013720081984,3.114857395533938,1.0775717462648426,-0.992982456140351,-12.20910113400759,0.26666666666666666,0.4666666666666667,0.4628100447950983,0.2289156626506024,27.54054054054054,0.5395727864772801,1.9073477591879497,,,,,0.18217710095882686,1.350253807106599,1.6931754089114497,0.2857142857142857,1.0,1.0
G3_A_Roll19,school_a,3,sentence_03_dictated_hindi,dictated_hindi,devanagari,data/processed/school_a/G3_A_Roll19/sentence_03_dictated_hindi.json,2.62481804514551,0.016606254258931582,,-1.8041124150158794e-16,0.3771506388302496,6.789352375035914,20.04198581413605,17.34805089223998,0.26559227922577733,2.862190812720848,1.082392200292394,-1.5047619047619047,-1.909498321041456,0.5714285714285714,0.14285714285714285,0.32708916262508486,0.18072289156626506,16.642857142857142,0.5904211439833866,,1.4317154092362196,0.07537360642063007,1.0,0.004748734315803897,0.09868421052631579,0.4440789473684211,0.518092105263158,0.8333333333333334,1.0,1.0
G3_A_Roll19,school_a,3,sentence_04_dictated_english,dictated_english,latin,data/processed/school_a/G3_A_Roll19/sentence_04_dictated_english.json,2.8633098901233,0.0033004436985585874,,3.4416913763379853e-15,0.40530524395129225,-0.046122086660045206,23.03505227093698,13.126092440511801,0.2854366538048206,2.748194945848376,1.0760425757859147,-3.2166666666666663,-2.8645099109475485,0.65,0.15,0.3778894654566893,0.18072289156626506,54.76315789473684,0.5545325426562507,19.154421040127996,,,,,0.06799637352674524,1.2239347234814144,1.387126019945603,0.42857142857142855,1.0,1.0
G3_A_Roll20,school_a,3,sentence_01_copy_hindi,copy_hindi,devanagari,data/processed/school_a/G3_A_Roll20/sentence_01_copy_hindi.json,1.0034451705591203,-0.07567567567567567,,-6.892634611214513e-16,0.09445789711175907,3.643622517305508,19.00885043317046,16.198258067970166,0.2752657336051325,2.6777609682299546,1.079745920896222,3.5666666666666664,1.5728169525457787,0.5,0.5,0.4411814969842344,0.18181818181818182,24.058823529411764,1.3476925034606264,,1.7958179586856886,0.03185670191891459,0.6666666666666666,2.3293398151776406e-05,0.07796257796257795,0.8108108108108107,1.2318087318087316,0.14285714285714285,1.0,0.0
G3_A_Roll20,school_a,3,sentence_02_copy_english,copy_english,latin,data/processed/school_a/G3_A_Roll20/sentence_02_copy_english.json,0.9078219261346474,0.05274068894340275,,-1.4802973661668753e-16,0.27786923171009303,-0.628094764226152,23.819175506279365,16.783318208967724,0.4494425023664095,2.836573074154067,1.0692749827928587,-0.3534482758620692,-8.375605088689568,0.5,0.25,0.5162530469813735,0.3515151515151515,7.797297297297297,0.7544636875520873,,,,,,0.22466107165913493,0.4118786313750807,0.486765655261459,0.14285714285714285,1.0,0.0
G3_A_Roll20,school_a,3,sentence_03_dictated_hindi,dictated_hindi,devanagari,data/processed/school_a/G3_A_Roll20/sentence_03_dictated_hindi.json,0.009037805973948165,0.0036567007017190823,,-2.506281167451037e-16,0.003906468481209101,1.6265302286345757,20.68182532131562,26.953366821683183,0.4762467435200255,2.65520534861509,1.1108662679214667,1.4705882352941173,1.1664571240393806,0.3,0.3,0.28382752206883854,0.4121212121212121,31.285714285714285,1.1107807673811667,,2.248180792397057,0.017571235182293046,0.6666666666666666,0.08599311733311979,0.1453879047037263,0.45693341478313987,0.9138668295662797,0.16666666666666666,1.0,0.0
G3_A_Roll20,school_a,3,sentence_04_dictated_english,dictated_english,latin,data/processed/school_a/G3_A_Roll20/sentence_04_dictated_english.json,0.2816568216101039,0.00463029604179474,,-2.505571507847228e-15,0.07321978529917914,-4.62177606703905,21.810109725508898,20.50906400721115,0.4470988912843474,3.2472324723247237,1.0675455236773823,1.875,1.359859590912196,0.1,0.3,0.3186031626175018,0.2909090909090909,19.5,0.6111111111111112,1.3529411764705883,,,,,0.19639934533551556,0.5695581014729951,1.0016366612111294,0.42857142857142855,1.0,0.0
G3_A_Roll21,school_a,3,sentence_01_copy_hindi,copy_hindi,devanagari,data/processed/school_a/G3_A_Roll21/sentence_01_copy_hindi.json,1.8173218248690823,0.007054970833314518,,-1.5927430314814746e-15,0.2860403593689668,2.0143507172531048,18.646401587059614,17.979514003896558,0.24963255282905056,2.7800161160354553,1.0809442582320803,1.761111111111111,4.490799100723743,0.3333333333333333,0.5,0.2574346450745194,0.18181818181818182,33.94117647058823,0.6109546873953592,,3.029799699037277,0.049168106148353666,0.8461538461538461,0.005003051459293254,0.07994670219853431,0.7395069953364424,1.039307128580946,1.8571428571428572,1.0,0.0
G3_A_Roll21,school_a,3,sentence_02_copy_english,copy_english,latin,data/processed/school_a/G3_A_Roll21/sentence_02_copy_english.json,0.28976843695826665,-0.02579626825746351,,1.1518563880486e-15,0.1332570690649237,-8.54625366518492,21.781284505520652,19.05573087716653,0.49541092787521956,3.610038610038609,1.0786315320903697,1.9609756097560975,0.6574180256382903,0.2,0.6,0.3031865369657111,0.49696969696969695,18.283783783783782,0.6457321550633304,1.7235220892558099,,,,,0.16078431372549018,2.4347338935574228,2.0672268907563023,0.21428571428571427,1.0,0.0
G3_A_Roll21,school_a,3,sentence_03_dictated_hindi,dictated_hindi,devanagari,data/processed/school_a/G3_A_Roll21/sentence_03_dictated_hindi.json,1.6826467205485622,-0.020523234670331264,,6.83481049534862e-16,0.4291944561465386,2.929714537747616,21.513712067808047,34.07357025791406,0.3058033978069982,3.3451957295373664,1.1174900481707448,0.2582417582417582,40.823248878691906,0.5714285714285714,0.2857142857142857,0.6301850393628723,0.3151515151515151,27.928571428571427,0.5693587069294279,,7.6873072119039865,0.0419980551376793,1.0,0.002247619320852517,0.11854103343465046,0.9680851063829787,1.5607902735562311,0.8333333333333334,1.0,0.0
G3_A_Roll21,school_a,3,sentence_04_dictated_english,dictated_english,latin,data/processed/school_a/G3_A_Roll21/sentence_04_dictated_english.json,2.9354428538756987,0.034277262819338,,-7.207909482951016e-15,0.4421713209402446,-14.013583405370191,21.989556204298367,13.788388478442716,0.2854291238537559,2.8770178419711128,1.0807711911409281,-4.355555555555555,-3.885915814023756,0.5833333333333334,0.3333333333333333,0.5459528328797286,0.18181818181818182,53.078947368421055,0.6928085151500731,0.9090421413661368,,,,,0.09297520661157026,0.7541322314049587,0.640495867768595,0.7142857142857143,1.0,0.0
G3_A_Roll22,school_a,3,sentence_01_copy_hindi,copy_hindi,devanagari,data/processed/school_a/G3_A_Roll22/sentence_01_copy_hindi.json,2.383350654895408,-0.00698072019380185,,5.936609228898407e-16,0.42650250977023263,-1.2560095139668912,20.940916543124146,19.01313257050434,0.3041676721955373,3.0298013245033113,1.0814453315043981,0.7607843137254902,13.293838292411923,0.29411764705882354,0.35294117647058826,0.538050831751722,0.17964071856287425,45.470588235294116,0.7748488224077384,,1.9674042100689206,0.05490250775490976,0.5882352941176471,0.0033320336434505666,0.2184873949579832,0.7310924369747899,1.218487394957983,2.5714285714285716,1.0,0.0
G3_A_Roll22,school_a,3,sentence_02_copy_english,copy_english,latin,data/processed/school_a/G3_A_Roll22/sentence_02_copy_english.json,0.6787022856194898,-0.05665669361186099,,-2.1490745690958388e-15,0.3007569958562297,-3.9444010295173855,22.83162770181342,16.438768795475696,0.5004472491251908,3.430890835291604,1.0762289062424613,1.0795454545454548,0.5221307294298607,0.0,0.0,0.36047164596247533,0.5269461077844312,19.864864864864863,0.8241206852989211,1.464472470412107,,,,,0.34355828220858897,3.4355828220858897,2.9447852760736195,0.14285714285714285,1.0,0.0
G3_A_Roll22,school_a,3,sentence_03_dictated_hindi,dictated_hindi,devanagari,data/processed/school_a/G3_A_Roll22/sentence_03_dictated_hindi.json,2.2343073993215685,0.0009562579017641805,,-1.789504217323443e-15,0.3130385792745949,-2.9165771257365902,20.647030488509348,18.75406284113446,0.3143831181343166,3.076923076923077,1.0814453315043975,-0.4000000000000001,-25.183704140740808,0.5,0.2777777777777778,0.5073428711058635,0.17964071856287425,53.82142857142857,1.2477857217302404,,1.9728312391343632,0.07136425143870674,0.45454545454545453,0.01596915552981506,0.08291873963515754,0.845771144278607,1.285240464344942,0.8333333333333334,1.0,0.0
G3_A_Roll22,school_a,3,sentence_04_dictated_english,dictated_english,latin,data/processed/school_a/G3_A_Roll22/sentence_04_dictated_english.json,0.8139305715243765,-0.06963086984757025,,-2.521792298791427e-15,0.43348650826858537,-5.3498036652311125,21.529161456626397,15.62933208755199,0.5167985443406752,3.466776723070573,1.0735501533691199,1.0510204081632653,2.8032742796193495,0.3333333333333333,0.6666666666666666,0.448012964227674,0.5868263473053892,38.05263157894737,0.9940922059222854,9.42062802122969,,,,,0.32941176470588235,2.2784313725490195,1.9490196078431372,0.5714285714285714,1.0,0.0
G3_A_Roll23,school_a,3,sentence_01_copy_hindi,copy_hindi,devanagari,data/processed/school_a/G3_A_Roll23/sentence_01_copy_hindi.json,0.7780211376376959,-0.00268621990757544,,4.2327252813834093e-16,0.11902943379342497,-7.743568257290251,23.69959762461941,19.86835482954084,0.24724503191367397,3.3270940570893774,1.0908998194731019,5.6571428571428575,0.2389505144232579,0.0,1.0,0.2848389805916593,0.17857142857142858,33.294117647058826,1.2595880373477364,,1.142752336681164,0.036744043895478445,0.375,0.026544364153765522,0.4319593450028233,0.6098249576510446,1.1434217955957087,0.5714285714285714,1.0,0.0
G3_A_Roll23,school_a,3,sentence_02_copy_english,copy_english,latin,data/processed/school_a/G3_A_Roll23/sentence_02_copy_english.json,,,,,,-7.362618151331381,23.266536625098528,12.222308784246442,0.274711425991959,2.5783676927421633,1.0667484021721614,,,,,,0.17857142857142858,,,,,,,,0.17128874388254486,0.040783034257748776,0.23654159869494293,0.21428571428571427,1.0,0.0
G3_A_Roll23,school_a,3,sentence_03_dictated_hindi,dictated_hindi,devanagari,data/processed/school_a/G3_A_Roll23/sentence_03_dictated_hindi.json,0.04657528866983578,-0.0009078583216514216,,-1.4246644799548473e-15,0.024495441570937193,-6.129911687997591,22.206262087727005,25.75535268930321,0.3467487143066691,3.196652719665272,1.1280950439657675,0.8488372093023255,1.2029219812755465,0.6111111111111112,0.2777777777777778,0.2821457843299583,0.5119047619047619,39.214285714285715,0.6838074236161762,,3.5885120634531718,0.022388743731355652,1.0,0.0597206061947816,0.12492736780941313,0.9244625217896572,1.8239395700174317,0.6666666666666666,1.0,0.0
G3_A_Roll23,school_a,3,sentence_04_dictated_english,dictated_english,latin,data/processed/school_a/G3_A_Roll23/sentence_04_dictated_english.json,0.02997771741066331,0.001655290129752781,,-1.804401535595209e-15,0.013046126944376341,-8.099015873716954,25.295844585781342,18.747621920278256,0.45011946068120634,3.3567909922589725,1.0805021710371945,0.4285714285714286,2.9541684297126847,0.7272727272727273,0.09090909090909091,0.23993842327769418,0.4166666666666667,20.657894736842106,0.3417492472291818,0.7114302590174312,,,,,0.45297670405522,0.90595340811044,1.81190681622088,0.5714285714285714,1.0,0.0
G4_A_Roll01,school_a,4,sentence_01_copy_hindi,copy_hindi,devanagari,data/processed/school_a/G4_A_Roll01/sentence_01_copy_hindi.json,0.47431480295011613,0.01521478050055914,,2.616868074890926e-15,0.3556428261887756,-2.798272050016435,23.505401517062698,31.7076972481478,0.5519235757804097,2.537764350453173,1.0809649474093348,-0.8577331759149939,-3.2509880226928645,0.6818181818181818,0.045454545454545456,0.42088898610667397,0.9058823529411765,85.55882352941177,0.9480317499126409,,2.2553846688570536,0.014183090577690917,1.3888888888888888,0.068030354632031,1.4235294117647057,3.796078431372549,2.803921568627451,3.2857142857142856,1.0,0.0
G4_A_Roll01,school_a,4,sentence_02_copy_english,copy_english,latin,data/processed/school_a/G4_A_Roll01/sentence_02_copy_english.json,0.4911970667708007,0.02501372853450312,0.06267890997420486,2.431804015435637e-16,0.23143056327594286,-7.670332195390924,21.909675173494104,17.561782483005256,0.545678482956656,4.15022966765739,1.0762710703718061,1.691326530612245,0.554769327016738,0.125,0.5,0.27774350934806247,0.5764705882352941,48.2972972972973,1.3018393082016644,1.6670695400994389,,,,,1.0156862745098039,6.066666666666666,4.090196078431372,0.7857142857142857,3.0,0.0
G4_A_Roll01,school_a,4,sentence_03_dictated_hindi,dictated_hindi,devanagari,data/processed/school_a/G4_A_Roll01/sentence_03_dictated_hindi.json,2.459778963196416,0.013551027386239537,,8.241270913563662e-16,0.3959795155155582,-6.1010252098235584,21.82587882952959,22.377929955309337,0.3352851205622489,3.595959595959596,1.0812485981145818,-0.3111111111111113,-36.657303296507905,0.3333333333333333,0.3333333333333333,0.35383127949744325,0.17647058823529413,41.142857142857146,0.9079745917488513,,3.716330746656507,0.08078466812209674,1.5454545454545454,0.013602634874286127,0.11989342806394317,0.6261101243339254,0.6927175843694494,2.1666666666666665,1.0,0.0
G4_A_Roll01,school_a,4,sentence_04_dictated_english,dictated_english,latin,data/processed/school_a/G4_A_Roll01/sentence_04_dictated_english.json,0.5381038404318614,0.0020963903921539587,,5.801493544825102e-15,0.19543871932823662,-9.13578493811701,22.496438034359453,18.162525602087424,0.5410561588343626,3.312522952625781,1.082989959240685,2.1136363636363638,0.5391912941669212,0.2,0.8,0.28079863979896225,0.5176470588235295,33.94736842105263,0.7823952809853499,1.2052419159620922,,,,,0.6825484764542936,1.243213296398892,2.023268698060942,0.7142857142857143,1.0,0.0
G4_A_Roll01,school_a,4,sentence_05_own_hindi,own_hindi,devanagari,data/processed/school_a/G4_A_Roll01/sentence_05_own_hindi.json,0.6337382180523597,0.009570619115608575,,-4.9642829529667715e-15,0.4295043039234908,-8.507079106845913,21.25697822151298,28.04245292407084,0.35356996344725306,3.274853801169591,1.080717493056837,0.49999999999999983,4.063603435823118,0.5,0.3333333333333333,0.29688561254234896,0.7176470588235294,,0.8884058132451823,,1.7467602460388354,0.019704065258418783,1.4285714285714286,0.02713214121810997,1.1830303030303029,2.8836363636363633,2.44,,1.0,0.0
G4_A_Roll01,school_a,4,sentence_06_own_english,own_english,latin,data/processed/school_a/G4_A_Roll01/sentence_06_own_english.json,1.7286852459282078,0.026105873821609865,,1.339206523454095e-15,0.21336561995956818,-6.839168569257301,19.892883430970315,13.13526067730923,0.27624882141249524,2.567856379568284,1.0782357985993676,13.133333333333333,0.145092445969101,0.0,1.0,0.241307203926171,0.17647058823529413,,0.43323357093087367,1.6664517444876243,,,,,0.09685230024213076,0.2784503631961259,0.5690072639225182,,1.0,0.0
G4_A_Roll02,school_a,4,sentence_01_copy_hindi,copy_hindi,devanagari,data/processed/school_a/G4_A_Roll02/sentence_01_copy_hindi.json,0.4972968813680746,0.042660193248623544,,-3.4149270712800575e-16,0.250694945045775,0.16911976044717825,22.690161021284414,29.63484148307267,0.35301988593480815,2.9824561403508785,1.100623471662248,-2.6538461538461537,-2.2456127146738987,0.7692307692307693,0.07692307692307693,0.38831698734779047,0.5269461077844312,84.32352941176471,0.8423614036754323,,1.7274015167514758,0.02351700468482121,1.0714285714285714,0.0015687701262773839,0.25611175785797435,2.3306169965075667,1.7927823050058207,0.42857142857142855,1.0,0.0
G4_A_Roll02,school_a,4,sentence_02_copy_english,copy_english,latin,data/processed/school_a/G4_A_Roll02/sentence_02_copy_english.json,0.5217506917142809,-0.025024931324433706,0.04447553564832426,2.2685557136507366e-15,0.17252481401741337,1.7985871614075697,23.844851396213322,18.57379284809136,0.5260468178060071,3.9312344656172313,1.0782703641148665,0.8037904124860648,6.792921562121812,0.4230769230769231,0.38461538461538464,0.6374087326479431,0.41317365269461076,68.89189189189189,0.8435062939354216,1.6972623119575985,,,,,1.0243697478991596,3.4016806722689075,2.5899159663865547,2.142857142857143,4.0,0.0
G4_A_Roll02,school_a,4,sentence_03_dictated_hindi,dictated_hindi,devanagari,data/processed/school_a/G4_A_Roll02/sentence_03_dictated_hindi.json,1.7167397655935839,0.019254946842799336,,2.614806519455707e-15,0.30798165160762686,-1.898463715182627,22.44760060790933,21.755316860166978,0.25377033503147356,3.238396624472574,1.111868756439387,-4.624242424242425,-3.8679716565768403,0.36363636363636365,0.5454545454545454,0.4923689509133174,0.17964071856287425,68.0,0.7663759377902634,,1.8825053318654168,0.07038331352201663,2.1,0.02199908518940331,0.03842869342442357,0.7813834329632793,0.6789069171648164,0.16666666666666666,1.0,0.0
G4_A_Roll02,school_a,4,sentence_04_dictated_english,dictated_english,latin,data/processed/school_a/G4_A_Roll02/sentence_04_dictated_english.json,0.5487879923456723,-0.0022722931592496264,,-5.421589103586182e-16,0.2201608592120582,-7.225435499804382,20.211086197877915,16.476763276188546,0.5032348283461551,2.8733233979135613,1.0711807927002404,0.9242424242424242,4.323371693806029,0.2857142857142857,0.35714285714285715,0.4810157354107065,0.39520958083832336,27.05263157894737,0.5634372630228871,1.7378050888360748,,,,,0.6,1.1111111111111112,1.6444444444444444,2.142857142857143,1.0,0.0
G4_A_Roll02,school_a,4,sentence_05_own_hindi,own_hindi,devanagari,data/processed/school_a/G4_A_Roll02/sentence_05_own_hindi.json,,,,,,-3.9892444237599247,20.469910129259972,21.300442027283477,0.28485579916332743,3.5195530726256985,1.0807649990071697,,,,,,0.17964071856287425,,,,,,,,0.12589928057553956,0.7553956834532374,0.5935251798561151,,1.0,0.0
G4_A_Roll02,school_a,4,sentence_06_own_english,own_english,latin,data/processed/school_a/G4_A_Roll02/sentence_06_own_english.json,0.11096348841096274,-0.05869452740998566,,1.2255821357776142e-14,0.06137944901009873,-1.9972323950084818,18.25265599122718,18.543539773913174,0.5683782631438643,3.02803738317757,1.065102969142047,1.6000000000000003,0.2816836933956241,0.0,0.0,0.05369828995148688,0.47904191616766467,,0.48081206795914067,1.4854284482774007,,,,,0.4134366925064599,1.0852713178294573,2.222222222222222,,1.0,0.0
G4_A_Roll03,school_a,4,sentence_01_copy_hindi,copy_hindi,devanagari,data/processed/school_a/G4_A_Roll03/sentence_01_copy_hindi.json,,,,,,-0.18983052604564346,22.909066144266014,23.885541989862197,0.45942129528472087,2.29934924078091,1.0623062397491398,,,,,,0.9651162790697675,,,,,,,,0.7904761904761906,5.858823529411765,2.9759103641456583,0.2857142857142857,1.0,0.0
G4_A_Roll03,school_a,4,sentence_02_copy_english,copy_english,latin,data/processed/school_a/G4_A_Roll03/sentence_02_copy_english.json,0.2129976377129663,-0.03841580936379991,0.08840532074452682,7.109697446157253e-16,0.12396976007022241,-1.7843033672869497,21.114009696630323,16.416863224122512,0.5979635656176806,4.248120300751878,1.0950486307708445,-1.529320987654321,-2.164729579968953,0.5555555555555556,0.1111111111111111,0.48154545446835334,0.8372093023255814,81.47297297297297,0.7566473667403156,1.8127151429714319,,,,,2.654748603351955,6.71731843575419,6.556424581005587,0.21428571428571427,4.0,0.0
G4_A_Roll03,school_a,4,sentence_03_dictated_hindi,dictated_hindi,devanagari,data/processed/school_a/G4_A_Roll03/sentence_03_dictated_hindi.json,0.5863415190665155,-0.015657715989317256,,1.586032892321652e-17,0.43722910033894635,0.8741759857433707,20.288145404841398,25.454949289240915,0.4571124061934524,2.3543123543123543,1.0921028276015132,-0.16120218579234966,-21.05781428971572,0.6666666666666666,0.16666666666666666,0.668688761883292,0.7093023255813954,43.142857142857146,1.0772629921066545,,3.1367654660405564,0.016784094728048045,1.6666666666666667,0.04963199813376976,0.4346793349168646,3.960411718131433,1.9319081551860648,0.16666666666666666,1.0,0.0
G4_A_Roll03,school_a,4,sentence_04_dictated_english,dictated_english,latin,data/processed/school_a/G4_A_Roll03/sentence_04_dictated_english.json,0.07622844177379266,0.007868006278023174,,4.6265075104301445e-15,0.04211053746627256,-1.8492348118241613,21.949532344674513,16.7780429052695,0.548972968113179,3.324840764331211,1.0856818806637332,0.007246376811594289,473.1429865424198,0.5333333333333333,0.0,0.23959485171882947,0.5348837209302325,45.578947368421055,0.6535690699310598,1.571068246102918,,,,,1.0413129598189022,1.0152801358234296,1.7702320316921336,2.2857142857142856,1.0,0.0
G4_A_Roll03,school_a,4,sentence_05_own_hindi,own_hindi,devanagari,data/processed/school_a/G4_A_Roll03/sentence_05_own_hindi.json,2.916259876984408,0.010327600972004138,,-3.9621084191310274e-15,0.47569790511333937,0.1988387662834947,17.496584567852583,17.25802316527361,0.3377924377291979,2.7784290738569752,1.0823166867164202,-4.514285714285713,-3.14936578841422,0.42857142857142855,0.2857142857142857,0.5726103566325966,0.1744186046511628,,1.1982583319601976,,2.769724928928368,0.05823220906443667,0.875,0.0031648000919030092,0.11450381679389313,0.8833151581243185,0.49073064340239914,,1.0,0.0
G4_A_Roll03,school_a,4,sentence_06_own_english,own_english,latin,data/processed/school_a/G4_A_Roll03/sentence_06_own_english.json,0.25529081933608117,0.000453908534654721,,-1.1290571652214762e-15,0.11709371915198172,-0.6065189108670294,21.993038585771338,17.086450765616764,0.626416954146664,3.4669555796316365,1.0775238694396658,0.8115942028985507,1.692184540884405,0.5,0.16666666666666666,0.2710065640018159,0.5348837209302325,,0.07724158484461087,1.8242422968282175,,,,,0.8292220113851992,0.9601518026565464,1.3092979127134725,,1.0,0.0
G4_A_Roll04,school_a,4,sentence_01_copy_hindi,copy_hindi,devanagari,data/processed/school_a/G4_A_Roll04/sentence_01_copy_hindi.json,1.0572146958738977,-0.03614683487508376,,1.5785983631388945e-15,0.1297710860850835,2.2069194332623914,20.488062995118643,34.026884407237915,0.4718724050544192,4.203558129913116,1.0820886187973422,4.8,0.6910420121092495,0.0,0.6666666666666666,0.3343936343627813,0.24691358024691357,43.14705882352941,1.0287665780053095,,1.9510761183793066,0.0419578444335002,1.25,0.0005671316213295914,0.12324929971988796,0.8403361344537815,0.8515406162464986,0.5714285714285714,1.0,0.0
G4_A_Roll04,school_a,4,sentence_02_copy_english,copy_english,latin,data/processed/school_a/G4_A_Roll04/sentence_02_copy_english.json,0.5970323852167013,0.012391876982043469,0.025985666272346383,4.775809377595882e-15,0.2550744689082844,-0.45355302598364106,19.943270739498974,17.121144575331556,0.5548030704310554,3.745228049025518,1.058608864223186,-0.2198581560283688,-17.217900435692833,0.4074074074074074,0.2222222222222222,0.6124437682504587,0.5802469135802469,65.95945945945945,0.6105099963428102,1.7472223712146855,,,,,0.6770083102493074,3.5412742382271465,5.390027700831025,0.14285714285714285,3.0,0.0
G4_A_Roll04,school_a,4,sentence_03_dictated_hindi,dictated_hindi,devanagari,data/processed/school_a/G4_A_Roll04/sentence_03_dictated_hindi.json,0.2031776374709124,0.01627078972993728,,1.734723475976807e-18,0.04344617173597906,4.2446578256173035,21.22927611627045,19.459317269123897,0.31791274303337475,3.3641807294501906,1.0794453482778934,6.800000000000001,0.269563276173873,0.0,1.0,0.11502744937648786,0.18518518518518517,51.75,1.138399717320529,,3.94790736554294,0.03674429468033656,0.0,0.0001090556319565844,0.09243697478991597,0.6218487394957983,0.7142857142857143,0.6666666666666666,1.0,0.0
G4_A_Roll04,school_a,4,sentence_04_dictated_english,dictated_english,latin,data/processed/school_a/G4_A_Roll04/sentence_04_dictated_english.json,0.346135521208406,-0.0015804122873788377,,-1.2027416100105862e-16,0.12276322637385362,4.588497617763385,22.0876594172757,17.920822704068673,0.5189154803983698,3.074817518248175,1.0791516628036697,0.5082458770614693,6.100854313784441,0.17391304347826086,0.21739130434782608,0.2619442103399336,0.35802469135802467,36.36842105263158,0.7947600225213284,2.2600753039213397,,,,,0.5134209023415192,0.9605939463163906,1.2918332381496287,3.4285714285714284,1.0,0.0
G4_A_Roll04,school_a,4,sentence_05_own_hindi,own_hindi,devanagari,data/processed/school_a/G4_A_Roll04/sentence_05_own_hindi.json,0.7033150209272883,0.00010193385838886745,,-1.9944363620944778e-15,0.37636224914289024,4.021712026924487,20.379728189730972,27.857869587122345,0.41613569545551266,3.12625250501002,1.0775238694396696,-0.11956521739130432,-22.114876635311386,0.5,0.16666666666666666,0.5297558590065425,0.5679012345679012,,0.9363868362940041,,2.1212829295124984,0.023730286444219362,1.8571428571428572,0.013829034257927393,1.0186480186480187,1.983682983682984,2.358974358974359,,1.0,0.0
G4_A_Roll04,school_a,4,sentence_06_own_english,own_english,latin,data/processed/school_a/G4_A_Roll04/sentence_06_own_english.json,0.46531573511526436,-0.00447209895774067,,5.104502679128845e-15,0.14563365399599817,-2.3885467247385996,24.07739977500972,22.78565717093585,0.4756434736955265,4.011019283746557,1.070991490707322,0.125925925925926,24.556113114102295,0.4,0.2,0.2829406327519076,0.3333333333333333,,0.5298684836246847,1.7135574162399336,,,,,0.3218116805721097,0.8045292014302742,1.4481525625744935,,1.0,0.0
G4_A_Roll05,school_a,4,sentence_01_copy_hindi,copy_hindi,devanagari,data/processed/school_a/G4_A_Roll05/sentence_01_copy_hindi.json,0.7164123683218937,-0.04380623723128193,,1.7162197588997212e-15,0.48423171746379895,3.2016820738986747,22.737425813810354,25.818196706007356,0.3054281278707178,2.785046728971963,1.08278113595326,-1.584848484848485,-3.421858404208537,0.6,0.2,0.4885600701530218,0.8571428571428571,66.70588235294117,1.3374246757697978,,1.7907624814901268,0.01754843657391616,5.6,0.0005768827252798185,0.837748344370861,5.245033112582782,2.4403973509933774,0.42857142857142855,1.0,0.0
G4_A_Roll05,school_a,4,sentence_02_copy_english,copy_english,latin,data/processed/school_a/G4_A_Roll05/sentence_02_copy_english.json,1.058624088813962,-0.006096852068836811,0.02009453176579138,3.552713678800501e-16,0.37902101694979845,-5.434457524490815,22.48433330735379,21.38068334613286,0.4472263449954369,3.8972477064220166,1.0801689138280348,-1.5166981726528046,-4.570766593413753,0.5869565217391305,0.21739130434782608,0.7789124240754839,0.44805194805194803,112.47297297297297,0.8231516875104844,2.037118967329555,,,,,0.7167851284855112,4.527063969382176,4.564789502460361,0.21428571428571427,4.0,0.0
G4_A_Roll05,school_a,4,sentence_03_dictated_hindi,dictated_hindi,devanagari,data/processed/school_a/G4_A_Roll05/sentence_03_dictated_hindi.json,3.7653690889352243,-0.03963414634146341,,-5.176414852314792e-15,0.5795210238562253,2.544812821446584,18.092694155372268,15.791310457295898,0.32031389205387084,2.7546468401486988,1.0784443202117378,-15.866666666666665,-2.302425165152396,0.6666666666666666,0.3333333333333333,0.7346731886908764,0.19480519480519481,49.5,1.602885406115329,,1.6418841835253555,0.060373738492053027,3.75,0.05020549512730641,0.21290322580645163,0.9870967741935485,0.8129032258064517,0.5,1.0,0.0
G4_A_Roll05,school_a,4,sentence_04_dictated_english,dictated_english,latin,data/processed/school_a/G4_A_Roll05/sentence_04_dictated_english.json,0.07933229081891664,-0.0067641246473927035,,5.906733435701028e-15,0.06900119814712827,-3.163585100224863,20.549057747539738,16.754606198511127,0.539020110623054,3.103168155970755,1.073984194385449,1.0517241379310345,0.6709305550715123,0.3333333333333333,0.0,0.18683704627073952,0.7532467532467533,41.36842105263158,0.40588460467534143,1.685082190495344,,,,,0.283695652173913,3.309782608695652,2.5847826086956522,0.5714285714285714,1.0,0.0
G4_A_Roll05,school_a,4,sentence_05_own_hindi,own_hindi,devanagari,data/processed/school_a/G4_A_Roll05/sentence_05_own_hindi.json,0.08457480050867348,0.0217937390641512,,-1.0335374049652568e-14,0.019024396301430626,5.874303485894968,21.093349572180127,17.373029547804663,0.2924469859320086,2.5069060773480665,1.0786970263613291,-7.066666666666667,-2.4002343542871345,0.3333333333333333,0.3333333333333333,0.31351373693730417,0.19480519480519481,,1.228315425559674,,1.1348502823791915,0.06797382719231634,2.0,0.00031465429802887744,0.43859649122807015,1.0745614035087718,0.9868421052631579,,1.0,0.0
G4_A_Roll05,school_a,4,sentence_06_own_english,own_english,latin,data/processed/school_a/G4_A_Roll05/sentence_06_own_english.json,,,,,,5.788731306384478,21.041258828195613,18.178416747637566,0.48006359475177024,2.9431438127090295,1.0704862500853063,,,,,,0.5324675324675324,,,,,,,,0.21409921671018275,1.552219321148825,1.7663185378590078,,1.0,0.0
G4_A_Roll06,school_a,4,sentence_01_copy_hindi,copy_hindi,devanagari,data/processed/school_a/G4_A_Roll06/sentence_01_copy_hindi.json,0.39723895537636145,-0.006649313353274103,,-7.881558410966443e-16,0.3235272540468182,-2.0039425632268766,21.552777282248694,19.48472148223512,0.513919234087757,2.1116751269035534,1.0829613927352613,-1.3369230769230769,-2.6608941539559585,0.6,0.1,0.4580906398729731,0.8441558441558441,70.1470588235294,0.7104781103433575,,1.7104138113179843,0.018284227127312175,2.4,0.03574811335122769,0.8739495798319328,3.4593837535014007,3.1316526610644257,1.5714285714285714,1.0,0.0
G4_A_Roll06,school_a,4,sentence_02_copy_english,copy_english,latin,data/processed/school_a/G4_A_Roll06/sentence_02_copy_english.json,0.5275120748500118,-0.052057743078502076,0.08247719140629904,-2.4103526192519845e-15,0.2283087878725553,-0.9058706843892304,22.072843823233825,18.220949256048897,0.5683986081423105,3.737131091283458,1.06415274455584,-0.3593004769475358,-12.077921973309767,0.4117647058823529,0.058823529411764705,0.5747236799433886,0.4805194805194805,49.945945945945944,1.0174721011215146,1.769360222115363,,,,,0.373109243697479,3.4823529411764707,3.461624649859944,1.3571428571428572,2.0,0.0
G4_A_Roll06,school_a,4,sentence_03_dictated_hindi,dictated_hindi,devanagari,data/processed/school_a/G4_A_Roll06/sentence_03_dictated_hindi.json,2.2775408999047,0.006739803067286217,,9.71445146547012e-17,0.3740144892412035,1.4431968561778155,20.862252384275713,18.046731286355588,0.3613292474523259,3.218806509945751,1.0791402337054175,-1.3777777777777775,-8.20589213161101,0.4666666666666667,0.4666666666666667,0.35588523161669616,0.19480519480519481,73.75,1.0601944425801277,,2.5802299890760096,0.05987031610386158,0.42857142857142855,0.060083790230279197,0.08093525179856115,0.5125899280575539,0.8228417266187049,0.16666666666666666,1.0,0.0
G4_A_Roll06,school_a,4,sentence_04_dictated_english,dictated_english,latin,data/processed/school_a/G4_A_Roll06/sentence_04_dictated_english.json,0.3259030989628074,0.005574255101683029,,-5.679217779813301e-15,0.17392833866090132,-2.4016682227597657,20.1737437442101,16.28440404710341,0.47831120665019183,3.05673991472614,1.0573444807474743,0.1666666666666666,10.870700125204507,0.75,0.16666666666666666,0.3926233433650812,0.5844155844155844,38.81578947368421,0.6780934340370985,1.5064360088811233,,,,,0.22689075630252103,1.8907563025210086,2.092436974789916,1.8571428571428572,1.0,0.0
G4_A_Roll06,school_a,4,sentence_05_own_hindi,own_hindi,devanagari,data/processed/school_a/G4_A_Roll06/sentence_05_own_hindi.json,0.7235403866771196,0.0259451299229885,,-9.80697005085555e-16,0.4288034877386062,2.3135975809257165,17.499621495609787,23.91242412525273,0.3939929722193807,3.5779816513761467,1.0812157878152193,0.20392156862745092,8.292286731099527,0.4,0.2,0.3646071347814695,0.6623376623376623,,0.5725439535339901,,1.679068704293254,0.021767438187565075,1.1666666666666667,0.05060290756156355,0.18181818181818182,2.4545454545454546,2.3636363636363638,,1.0,0.0
G4_A_Roll06,school_a,4,sentence_06_own_english,own_english,latin,data/processed/school_a/G4_A_Roll06/sentence_06_own_english.json,0.45159308116289437,0.005651939390307055,,-8.405974329304756e-16,0.20095800083362567,0.8413936095691122,20.923086807638263,16.04176907215815,0.5559360410327873,2.6323529411764697,1.072961084843038,0.837719298245614,1.8088804448010887,0.5,0.3333333333333333,0.4250546679264382,0.4935064935064935,,0.5984343514318141,1.561980263815402,,,,,0.34493192133131617,1.1497730711043872,1.264750378214826,,1.0,0.0
G4_A_Roll07,school_a,4,sentence_01_copy_hindi,copy_hindi,devanagari,data/processed/school_a/G4_A_Roll07/sentence_01_copy_hindi.json,1.7412565546427918,-0.0037333605620712895,,2.2088812260771342e-15,0.3083598453482744,5.84426569456154,24.161248378409333,20.660474770998544,0.31480083226946737,3.3286985539488323,1.0820886187973422,-3.472727272727272,-5.019432585800534,0.36363636363636365,0.45454545454545453,0.42763065037096126,0.19480519480519481,68.47058823529412,1.001025042349848,,2.141618466408269,0.08962536147006299,2.0,0.006894589196885987,0.1092436974789916,0.7226890756302521,0.6974789915966386,1.7142857142857142,1.0,0.0
G4_A_Roll07,school_a,4,sentence_02_copy_english,copy_english,latin,data/processed/school_a/G4_A_Roll07/sentence_02_copy_english.json,1.0122049916500393,0.03748521416431146,0.044142762986257245,1.5922935484755534e-16,0.3731506821096312,-4.887557888622029,23.635930445434585,21.269146604682874,0.49526994633940014,3.735668125912027,1.0676596354315104,-0.3719966859983429,-12.454347196502397,0.5588235294117647,0.17647058823529413,0.7369680132347626,0.461038961038961,85.51351351351352,0.6759947399273185,2.011894733828211,,,,,0.5369747899159664,3.9974789915966387,2.9434173669467785,2.7142857142857144,4.0,0.0
G4_A_Roll07,school_a,4,sentence_03_dictated_hindi,dictated_hindi,devanagari,data/processed/school_a/G4_A_Roll07/sentence_03_dictated_hindi.json,2.2151220577225037,-0.0024437153257356086,,1.2114492415762738e-15,0.35525313309937595,8.14748805009725,20.4465122182333,18.27969703981083,0.2632525559186269,3.2200772200772203,1.0805021710371898,0.383333333333333,24.005166425644177,0.5625,0.3125,0.3035119206631308,0.19480519480519481,58.392857142857146,0.8284600377259054,,2.088063335541668,0.04655692093128722,0.5384615384615384,0.05401855961083624,0.1005586592178771,0.6536312849162011,1.1899441340782124,0.16666666666666666,1.0,0.0
G4_A_Roll07,school_a,4,sentence_04_dictated_english,dictated_english,latin,data/processed/school_a/G4_A_Roll07/sentence_04_dictated_english.json,0.7775261785015866,-0.0007420701748723118,,-1.9984014443252818e-16,0.26530104799496995,2.701661642986045,22.280990600223966,19.43171192805347,0.5272976256021245,3.230154767848228,1.0682637828810884,0.09956709956709954,57.45306548103883,0.5,0.42857142857142855,0.48644980753342343,0.42857142857142855,40.60526315789474,0.435309266340757,2.166368725616098,,,,,0.3361629881154499,1.3820033955857385,1.5500848896434634,0.2857142857142857,1.0,0.0
G4_A_Roll07,school_a,4,sentence_05_own_hindi,own_hindi,devanagari,data/processed/school_a/G4_A_Roll07/sentence_05_own_hindi.json,0.2429525437767228,0.010436688814064192,,-9.596490269103697e-15,0.1483443857406978,3.473480835369897,24.018975026908365,28.270499657695243,0.35543039329329545,2.5612052730696795,1.094649771469295,0.9935897435897435,1.253490444097732,0.3333333333333333,0.3333333333333333,0.4856098207193303,0.6753246753246753,,0.6670479275350555,,1.1919589176320833,0.015467534970228108,1.0,0.00014952133540777873,0.42345276872964166,2.371335504885993,2.794788273615635,,1.0,0.0
G4_A_Roll07,school_a,4,sentence_06_own_english,own_english,latin,data/processed/school_a/G4_A_Roll07/sentence_06_own_english.json,0.6171285332489957,-0.009166438950928776,,6.3953472147678286e-15,0.2044902260562188,2.271678105894921,22.384057648236396,18.135235690272662,0.515308523119817,2.6334519572953736,1.0756818452200811,0.7214076246334309,2.0616946838133745,0.6363636363636364,0.2727272727272727,0.33275150210349697,0.4025974025974026,,0.3420588661439408,2.498058529778494,,,,,0.4163614163614164,0.5677655677655677,1.249084249084249,,1.0,0.0
G4_A_Roll08,school_a,4,sentence_01_copy_hindi,copy_hindi,devanagari,data/processed/school_a/G4_A_Roll08/sentence_01_copy_hindi.json,1.9788709655930825,0.007467191472015319,,-3.157196726277789e-16,0.3249921423574005,2.091775529153393,23.715760536348146,19.253996349891946,0.26211409250056406,3.309037900874636,1.0869953155386214,-1.2177777777777783,-8.966374687525901,0.4666666666666667,0.3333333333333333,0.4691291789134009,0.1875,59.6764705882353,1.0435507764063283,,1.3824245717603967,0.05267457026919087,0.8125,0.03557418918957974,0.08403361344537816,0.5966386554621849,0.6722689075630253,2.2857142857142856,1.0,0.0
G4_A_Roll08,school_a,4,sentence_02_copy_english,copy_english,latin,data/processed/school_a/G4_A_Roll08/sentence_02_copy_english.json,0.9616387811685583,-0.06741267011752801,0.11756272585508909,-1.340007165058392e-15,0.3276274076950046,-5.6901050450088295,23.688050628782644,20.83271092237365,0.43308821529398955,3.823779554345977,1.0750140741134606,-0.4189342403628119,-8.757032473830115,0.5102040816326531,0.16326530612244897,0.5176400244360999,0.45,61.45945945945946,0.4564727843461785,2.1435079010152953,,,,,0.7260504201680672,3.549579831932773,3.448739495798319,3.7142857142857144,3.0,0.0
G4_A_Roll08,school_a,4,sentence_03_dictated_hindi,dictated_hindi,devanagari,data/processed/school_a/G4_A_Roll08/sentence_03_dictated_hindi.json,,,,,,2.4131854791556235,23.95144291772332,19.65013350778484,0.308515135160831,3.3203125,1.0841979523881142,,,,,,0.1875,,,,,,,,0.14792899408284024,1.0946745562130178,0.8579881656804734,0.3333333333333333,1.0,0.0
G4_A_Roll08,school_a,4,sentence_04_dictated_english,dictated_english,latin,data/processed/school_a/G4_A_Roll08/sentence_04_dictated_english.json,0.41046662388325267,-0.004877745561902416,,-5.093964465927188e-16,0.2100080426282732,-6.984497357846424,23.043021279166183,16.450897643076516,0.46807966417665997,3.1153388822829973,1.0761360948744385,0.5087209302325582,7.802521553000287,0.375,0.25,0.4215028602676128,0.5375,34.73684210526316,0.8485833949786958,1.7211872051430095,,,,,0.8672268907563025,1.4212885154061625,2.2885154061624653,2.4285714285714284,1.0,0.0
G4_A_Roll08,school_a,4,sentence_05_own_hindi,own_hindi,devanagari,data/processed/school_a/G4_A_Roll08/sentence_05_own_hindi.json,2.6285390144411154,0.06803753460173412,,-1.4247862149356176e-15,0.41950156767401975,3.003725171958169,21.984375690369873,19.91341708969249,0.28714734288842764,3.47085201793722,1.0816256222789173,-2.1866666666666665,-2.7105356060863666,0.6,0.2,0.4422097420180751,0.1875,,1.1869561117561835,,1.324411321956472,0.06088229908240402,1.5,0.0023011295929911794,0.14664804469273743,0.7960893854748603,0.8589385474860335,,1.0,0.0
G4_A_Roll08,school_a,4,sentence_06_own_english,own_english,latin,data/processed/school_a/G4_A_Roll08/sentence_06_own_english.json,0.5652603557027258,0.010684818762073785,,1.804743223552598e-15,0.23500471714856147,-3.3879211950795765,24.169810509880193,19.25278077985613,0.38865640758258124,3.1733333333333325,1.0777829574521256,0.434375,11.48034793145346,0.5,0.3,0.3933369426411549,0.4,,0.6203237377806765,1.678183834637047,,,,,0.27263045793397234,1.4994675186368478,1.2949946751863686,,1.0,0.0
G4_A_Roll09,school_a,4,sentence_01_copy_hindi,copy_hindi,devanagari,data/processed/school_a/G4_A_Roll09/sentence_01_copy_hindi.json,1.9517000137301086,-0.06833333333333333,,2.123301534595612e-15,0.48976957593638676,-8.139178898858512,21.8343257866623,33.50303730893832,0.4381436325251375,4.442724458204332,1.09652694304616,-7.841269841269842,-1.9015888767963538,0.6666666666666666,0.3333333333333333,0.7270598496506223,0.28378378378378377,62.23529411764706,1.0076565758544824,,1.0478445134835601,0.06071062577550979,5.25,0.013670598426582132,0.10671936758893281,1.1027667984189724,0.9130434782608696,0.5714285714285714,1.0,1.0
G4_A_Roll09,school_a,4,sentence_02_copy_english,copy_english,latin,data/processed/school_a/G4_A_Roll09/sentence_02_copy_english.json,0.30337437430268127,-0.0071810738599203325,0.026928405208007107,4.3814158650385644e-16,0.11993668578087091,-10.278909463046894,21.402667032227697,17.338295161204105,0.48518020736185685,3.49527368652451,1.0723575735193491,1.0382775119617227,2.953507056530926,0.2727272727272727,0.36363636363636365,0.7449953772217812,0.5135135135135135,64.66216216216216,0.9928615718274194,1.276792655813356,,,,,0.2112284602556976,5.175097276264591,4.287937743190661,0.2857142857142857,3.0,1.0
G4_A_Roll09,school_a,4,sentence_03_dictated_hindi,dictated_hindi,devanagari,data/processed/school_a/G4_A_Roll09/sentence_03_dictated_hindi.json,0.20322023236613512,-0.275229357798165,,2.049286666287268e-15,0.04639963333581877,-11.825783875306442,23.25212883192275,29.384919058766947,0.35536431515852734,3.5223880597014925,1.0983188711755363,-1.2833333333333334,-2.810060714845241,0.5,0.0,0.8932253704972782,0.40540540540540543,12.107142857142858,0.9951873216699558,,80.75,,,,0.10695187165775401,1.3903743315508021,1.0160427807486632,0.3333333333333333,1.0,1.0
G4_A_Roll09,school_a,4,sentence_04_dictated_english,dictated_english,latin,data/processed/school_a/G4_A_Roll09/sentence_04_dictated_english.json,1.8882357964661787,-0.015053386398302853,,-6.143234069592533e-15,0.31395447516270697,-10.389993609421253,24.519053057292698,14.122575387150162,0.32190157270642766,2.585774058577406,1.0812953949172646,-0.3600000000000001,-8.716106214622535,0.4,0.4,0.16885529522832146,0.20270270270270271,12.31578947368421,0.29631141306864844,2.6768568935494073,,,,,0.246189917936694,0.6154747948417351,0.6506447831184056,0.2857142857142857,1.0,1.0
G4_A_Roll09,school_a,4,sentence_06_own_english,own_english,latin,data/processed/school_a/G4_A_Roll09/sentence_06_own_english.json,0.30002911800212134,0.0022771862358483552,,-1.2269699145583956e-15,0.11033564067274897,-9.28844523680028,23.610331010642305,20.20830008613235,0.4681299737482793,2.926239419588876,1.082080389410105,-0.12418300653594781,-18.743766276771236,0.6666666666666666,0.1111111111111111,0.5247639746409168,0.4594594594594595,,0.6372475740146131,2.729064439726094,,,,,0.15644171779141106,2.920245398773006,2.3987730061349692,,1.0,1.0
G4_A_Roll11,school_a,4,sentence_01_copy_hindi,copy_hindi,devanagari,data/processed/school_a/G4_A_Roll11/sentence_01_copy_hindi.json,2.02387848171509,0.016868795577580593,,2.187792430878985e-15,0.33060298126025883,-9.296371359571873,25.302379084684233,20.44607950196518,0.249038122304732,3.277547950357277,1.0883908867706,-4.8,-3.44830279718443,0.5625,0.4375,0.4622200877858213,0.18518518518518517,85.5,1.213622871960604,,2.0563836391320733,0.06417682994006003,1.375,0.03535972575462135,0.13445378151260504,0.907563025210084,0.7394957983193278,2.4285714285714284,1.0,1.0
G4_A_Roll11,school_a,4,sentence_02_copy_english,copy_english,latin,data/processed/school_a/G4_A_Roll11/sentence_02_copy_english.json,,,,,,-15.515673775536209,23.515466109055517,17.428644392590453,0.5362776201658591,4.2163998059194565,1.0843915875421275,,,,,,0.6790123456790124,,,,,,,,1.4930747922437673,2.590027700831025,1.889196675900277,0.2857142857142857,1.0,1.0
G4_A_Roll11,school_a,4,sentence_03_dictated_hindi,dictated_hindi,devanagari,data/processed/school_a/G4_A_Roll11/sentence_03_dictated_hindi.json,,,,,,-7.046587294036967,22.810202882867475,24.70195251051451,0.40338839037586105,3.5079726651480656,1.0809598005895749,,,,,,0.7037037037037037,,,,,,,,0.5682515337423313,4.065184049079755,2.5789877300613497,0.5,1.0,1.0
G4_A_Roll11,school_a,4,sentence_04_dictated_english,dictated_english,latin,data/processed/school_a/G4_A_Roll11/sentence_04_dictated_english.json,1.3435898775502453,0.23348017621145373,,3.740063814205996e-15,0.23711791123298015,-13.425049139234364,22.09253133200985,12.874425311866077,0.2847305722869749,2.751048767697955,1.0814546642726697,-44.4,-0.13590040239020731,1.0,0.0,0.7531609801286204,0.18518518518518517,41.23684210526316,0.6917641796286618,6.241806089144395,,,,,0.19292604501607716,0.4823151125401929,0.4340836012861736,0.7142857142857143,1.0,1.0
G4_A_Roll11,school_a,4,sentence_05_own_hindi,own_hindi,devanagari,data/processed/school_a/G4_A_Roll11/sentence_05_own_hindi.json,2.255670815091563,0.04485403377260159,0.054927353220338496,7.558056744563565e-16,0.3569919608471465,5.182448707379773,25.428198028975093,20.339182536869167,0.3318602305352305,3.5109060402684564,1.0903238535531674,-3.1833333333333336,-5.5897837512899855,0.4583333333333333,0.375,0.4531069428116058,0.18518518518518517,,0.5847380581423482,,3.1301893728430428,0.05876222706405413,0.5,0.05267699731546289,0.13222331047992164,2.218413320274241,2.0568070519098924,,2.0,1.0
G4_A_Roll11,school_a,4,sentence_06_own_english,own_english,latin,data/processed/school_a/G4_A_Roll11/sentence_06_own_english.json,0.8352845839323246,-0.0013850031517916664,,-9.747105083841448e-15,0.3059454000729051,-6.318642504416178,20.269033982255927,17.716176828768692,0.4637759018189644,3.242811501597444,1.068991838124645,0.30095238095238097,5.024970836384705,0.6,0.13333333333333333,0.34340651031387265,0.43209876543209874,,0.04015869380463165,1.510811913504692,,,,,0.07276507276507277,5.675675675675676,5.53014553014553,,2.0,1.0
G4_A_Roll12,school_a,4,sentence_01_copy_hindi,copy_hindi,devanagari,data/processed/school_a/G4_A_Roll12/sentence_01_copy_hindi.json,2.021157808569112,-0.011776794471644432,,-8.839083311438746e-16,0.34814249279992093,3.9838871574588217,22.37065196262737,19.71575921285204,0.3188126087742348,3.303639120545868,1.1077931540117332,-3.849999999999999,-4.078401657613153,0.5833333333333334,0.4166666666666667,0.6067543802932682,0.1875,65.26470588235294,1.0143226571608004,,1.5251093846944899,0.0640944698984796,1.7692307692307692,0.02497653508518358,0.10084033613445378,0.7478991596638656,0.7647058823529411,1.8571428571428572,1.0,0.0
G4_A_Roll12,school_a,4,sentence_02_copy_english,copy_english,latin,data/processed/school_a/G4_A_Roll12/sentence_02_copy_english.json,0.6124044328753252,0.12118023823642066,0.18154752179232553,-2.62183437353787e-15,0.27182761023288293,1.9376039241191925,22.23700188326385,15.710936993989167,0.5514102923764231,3.775656324582339,1.0682029348979643,0.6451612903225806,2.817874494484569,0.2,0.0,0.4169966881018927,0.775,49.945945945945944,0.5850282919316278,1.5413705090220042,,,,,1.0420168067226891,5.870028011204482,5.244817927170868,0.9285714285714286,3.0,0.0
G4_A_Roll12,school_a,4,sentence_03_dictated_hindi,dictated_hindi,devanagari,data/processed/school_a/G4_A_Roll12/sentence_03_dictated_hindi.json,2.212636217028265,0.00014606041934123805,,2.3213754151253274e-15,0.40064571892789524,8.290783961948968,22.625381665033593,20.33740128085463,0.29390876071095307,3.590133982947625,1.090690308502203,0.15999999999999998,26.52101426286077,0.5,0.3,0.43208694907853495,0.1875,41.392857142857146,0.9468743083915345,,1.6667937960697896,0.06041132401816736,0.5,0.035346501348358976,0.0494641384995878,0.6430338004946414,0.6677658697444353,1.8333333333333333,1.0,0.0
G4_A_Roll12,school_a,4,sentence_04_dictated_english,dictated_english,latin,data/processed/school_a/G4_A_Roll12/sentence_04_dictated_english.json,0.26208981909966556,-0.018667453619245964,,-1.4270991795702532e-15,0.16151376979388882,5.7339582598962595,22.350002112846536,16.35851339050554,0.5591606553741149,2.891986062717768,1.0702573832460551,0.4870967741935484,3.863714872858088,0.2,0.0,0.45023609318965485,0.775,42.21052631578947,0.6426301576386966,1.3450691222624336,,,,,0.9617728531855956,1.9578947368421051,2.713573407202216,0.8571428571428571,1.0,0.0
G4_A_Roll12,school_a,4,sentence_05_own_hindi,own_hindi,devanagari,data/processed/school_a/G4_A_Roll12/sentence_05_own_hindi.json,2.1116631246451125,-0.07543883359069165,,-1.3322676295501878e-14,0.3957637131388617,8.51156419089783,21.41215202506421,18.392354824710697,0.27595093399418136,3.2178631051752924,1.08224040954487,-1.4088888888888889,-5.839115258453587,0.3333333333333333,0.26666666666666666,0.41537959366220323,0.1875,,0.8829603376403183,,2.93473717060305,0.0528878658534778,0.4,0.03050003587048496,0.09398496240601503,0.6954887218045113,1.1090225563909775,,1.0,0.0
G4_A_Roll12,school_a,4,sentence_06_own_english,own_english,latin,data/processed/school_a/G4_A_Roll12/sentence_06_own_english.json,0.4304920511531846,0.05748265609514369,,1.136590821460004e-14,0.2289645948831931,4.197869451178661,22.950740413520286,16.802854251403442,0.5092047176391192,2.606232294617564,1.0749879599561671,0.9473684210526317,0.594037590086868,0.0,0.0,0.2309982863158149,0.7125,,0.7372435784482647,1.4843782409926356,,,,,0.6627906976744187,1.6569767441860466,1.877906976744186,,1.0,0.0
G4_A_Roll13,school_a,4,sentence_01_copy_hindi,copy_hindi,devanagari,data/processed/school_a/G4_A_Roll13/sentence_01_copy_hindi.json,1.9470580955966263,-0.01132101030169143,,-1.1934897514720433e-15,0.35463312166432226,3.297924573354254,21.61068349013768,20.202474165890983,0.24642478236506069,3.288856833754057,1.1013791515284608,-0.9435897435897436,-9.965206582593982,0.38461538461538464,0.38461538461538464,0.48248175568468205,0.19230769230769232,57.029411764705884,0.9883643057154926,,1.3723053875943036,0.07002241642753357,0.9285714285714286,0.00588112106507442,0.05042016806722689,0.6722689075630253,0.6470588235294118,2.0,1.0,0.0
G4_A_Roll13,school_a,4,sentence_02_copy_english,copy_english,latin,data/processed/school_a/G4_A_Roll13/sentence_02_copy_english.json,0.35995486599873733,0.02602818457112402,0.16519333480853043,2.3314683517128287e-15,0.15327559618358355,-1.0601629900835088,22.404434942778277,18.87546179005073,0.4992094882826757,3.5708390646492414,1.0649777628590797,-1.242753623188406,-2.9775742999707417,0.5,0.16666666666666666,0.8638524875986429,0.5897435897435898,58.0,0.908619741359605,1.6256083760314413,,,,,0.33130193905817173,4.45983379501385,5.581163434903047,0.2857142857142857,4.0,0.0
G4_A_Roll13,school_a,4,sentence_03_dictated_hindi,dictated_hindi,devanagari,data/processed/school_a/G4_A_Roll13/sentence_03_dictated_hindi.json,2.589460787122765,0.04563786435071684,,4.472117121068209e-15,0.3508610332789077,0.8981535547190579,19.899877246990457,18.71405373469076,0.24218880267820278,2.814645308924485,1.090325523878399,1.084444444444444,3.998769462697521,0.4666666666666667,0.3333333333333333,0.2803517158846414,0.19230769230769232,36.535714285714285,0.9327123750760741,,1.3315986896208796,0.06633545663448731,0.7333333333333333,0.005084014058729875,0.08836524300441827,0.6627393225331369,0.9278350515463918,0.5,1.0,0.0
G4_A_Roll13,school_a,4,sentence_04_dictated_english,dictated_english,latin,data/processed/school_a/G4_A_Roll13/sentence_04_dictated_english.json,0.40869305559148733,0.005156048859714162,,-9.737581111816478e-16,0.24845675091780972,-2.6044838999341238,21.691166274861235,16.83645344421156,0.5388335569739922,3.4018077239112565,1.0675832394376643,0.26666666666666666,11.544075029319087,0.2,0.0,0.33441509397259317,0.7307692307692307,44.18421052631579,0.5724032788775802,1.715019693804211,,,,,0.631578947368421,2.3684210526315788,2.1157894736842104,0.7142857142857143,1.0,0.0
G4_A_Roll13,school_a,4,sentence_05_own_hindi,own_hindi,devanagari,data/processed/school_a/G4_A_Roll13/sentence_05_own_hindi.json,3.172332982243942,0.028015221865009893,,1.0092936587501423e-17,0.4786862138344457,1.4892236513710564,18.02821495312035,19.00987845277476,0.36058317730017314,2.8662420382165603,1.0963615902496904,-3.8466666666666662,-2.526937970946741,0.6,0.4,0.48722265565224365,0.19230769230769232,,1.0665457201341195,,1.5083781008361534,0.057470442931991696,0.6363636363636364,0.003588764147120521,0.13468013468013468,0.5387205387205387,0.7912457912457913,,1.0,0.0
G4_A_Roll13,school_a,4,sentence_06_own_english,own_english,latin,data/processed/school_a/G4_A_Roll13/sentence_06_own_english.json,0.46644289010096945,0.06880733944954125,,7.771561172376096e-15,0.1333809962092639,0.02173343948748277,22.714770653687978,18.0001244498029,0.5701560995911243,4.031690140845072,1.0611704933894721,1.526315789473684,0.032510656606278054,0.0,0.0,0.13850995965366522,0.7307692307692307,,0.9961199377957175,1.6424609134155304,,,,,0.434640522875817,1.9248366013071896,1.9869281045751634,,1.0,0.0
G4_A_Roll14,school_a,4,sentence_01_copy_hindi,copy_hindi,devanagari,data/processed/school_a/G4_A_Roll14/sentence_01_copy_hindi.json,0.5412450501445225,0.026444458881046917,,-1.136345919322219e-15,0.4286241573250572,2.7340057083080573,23.638579082273615,32.32750233953317,0.4058681329223668,2.3988005997001505,1.1050911850355343,-1.0584415584415585,-2.6820600284035785,0.8125,0.0625,0.47342836883155137,0.9746835443037974,82.8529411764706,1.055047118313326,,1.9834273274457384,0.01352248612548964,1.1875,0.012800087175411834,0.9058823529411764,4.6156862745098035,3.105882352941176,2.4285714285714284,1.0,1.0
G4_A_Roll14,school_a,4,sentence_02_copy_english,copy_english,latin,data/processed/school_a/G4_A_Roll14/sentence_02_copy_english.json,0.30778590931082334,0.002718929079773484,0.00384514637974626,7.87249053825111e-16,0.1643977588271245,0.7183593205115867,23.12856472229623,19.78630011264283,0.5948338529964702,3.774250440917108,1.0996828485649917,1.0062893081761004,0.3929679734087755,0.0,0.0,0.36689077875767734,0.6708860759493671,40.7027027027027,0.765147110227803,1.3478036683594985,,,,,2.4958448753462603,4.815512465373962,4.844875346260388,0.21428571428571427,2.0,1.0
G4_A_Roll14,school_a,4,sentence_03_dictated_hindi,dictated_hindi,devanagari,data/processed/school_a/G4_A_Roll14/sentence_03_dictated_hindi.json,2.440625480705498,0.0331752486711813,,-4.084034697728254e-16,0.36823918999200084,0.5033990856454681,24.18075221049515,20.56921289625414,0.30036343072104704,2.9679144385026737,1.0801143576692898,-3.3333333333333335,-4.289281214065281,0.38461538461538464,0.3076923076923077,0.2522107306635902,0.189873417721519,54.607142857142854,1.0316723080541597,,2.170687354458848,0.06192795591429192,1.7142857142857142,0.005656251986040804,0.297029702970297,1.188118811881188,1.1386138613861385,0.8333333333333334,1.0,1.0
G4_A_Roll14,school_a,4,sentence_04_dictated_english,dictated_english,latin,data/processed/school_a/G4_A_Roll14/sentence_04_dictated_english.json,0.27957854914455704,0.021138912855910262,,-3.1613600626201334e-15,0.14012514853831615,-0.30078240142249296,22.230203459972728,17.445483269438654,0.2933879874504942,2.7988614800759017,1.0957773290663606,0.4351851851851852,6.166004923731484,0.25,0.25,0.27427982299931764,0.6835443037974683,36.26315789473684,0.7546523437310191,1.5757675010943746,,,,,1.0426098535286286,2.44474034620506,2.157123834886818,0.7142857142857143,1.0,1.0
G4_A_Roll14,school_a,4,sentence_05_own_hindi,own_hindi,devanagari,data/processed/school_a/G4_A_Roll14/sentence_05_own_hindi.json,,,,,,-0.8666880923347825,20.988707351860842,17.1933959808682,0.3987986006159159,2.3203125,1.0739383575104577,,,,,,0.189873417721519,,,,,,,,0.20833333333333334,1.40625,0.8854166666666667,,1.0,1.0
G4_A_Roll14,school_a,4,sentence_06_own_english,own_english,latin,data/processed/school_a/G4_A_Roll14/sentence_06_own_english.json,0.2938656971808861,0.07745504840940524,,9.610368056911511e-16,0.16292891418492467,5.858794561574521,23.74335016264051,17.339702723092373,0.540805950794009,3.577981651376146,1.0821776330265234,-1.1111111111111112,-3.7476659402887016,0.5,0.0,0.2104417123236605,0.6835443037974683,,0.6397695063745794,1.2527928970683877,,,,,1.6322418136020151,2.856423173803526,2.856423173803526,,1.0,1.0
G4_A_Roll15,school_a,4,sentence_01_copy_hindi,copy_hindi,devanagari,data/processed/school_a/G4_A_Roll15/sentence_01_copy_hindi.json,1.8579517663788183,0.015500482115613919,,8.571268694801404e-16,0.30893328591290836,9.159754192414162,21.130713726041034,20.691012530083935,0.3006357299281188,3.8333333333333335,1.0888498208774695,-0.18947368421052602,-42.16195115244257,0.47368421052631576,0.2631578947368421,0.5230059444722596,0.18072289156626506,52.8235294117647,0.9214020560257631,,1.5104764684117902,0.07547322741987057,0.9444444444444444,0.012231144970796559,0.07618510158013543,0.42325056433408575,0.8465011286681715,0.42857142857142855,1.0,0.0
G4_A_Roll15,school_a,4,sentence_02_copy_english,copy_english,latin,data/processed/school_a/G4_A_Roll15/sentence_02_copy_english.json,0.43137076713303496,0.04630973063980203,0.12760319713706322,1.5883412389890312e-15,0.2678721683130136,1.58877392795978,22.96579801119564,16.62009687244522,0.4397454257145104,3.058548009367679,1.074381280816716,0.9292149292149292,1.1146392413108903,0.14285714285714285,0.047619047619047616,0.5179326935689897,0.6686746987951807,59.87837837837838,0.9410618986894508,1.9647029888097025,,,,,1.0146814404432134,3.7204986149584487,6.057340720221607,0.35714285714285715,4.0,0.0
G4_A_Roll15,school_a,4,sentence_03_dictated_hindi,dictated_hindi,devanagari,data/processed/school_a/G4_A_Roll15/sentence_03_dictated_hindi.json,3.1163821802940173,-0.007863626767996623,,-5.10702591327572e-15,0.47404216838973456,7.470926733830698,21.77282727778644,21.330533112118843,0.31409496835737144,3.478135788262371,1.1004463079039761,-0.20000000000000012,-54.88153520067476,0.5714285714285714,0.42857142857142855,0.3270235639830779,0.18072289156626506,50.92857142857143,0.9735951428806012,,1.8761032239450974,0.06831345445111305,0.8,0.009191553793147556,0.06072874493927126,0.4757085020242915,0.8805668016194332,0.3333333333333333,1.0,0.0
G4_A_Roll15,school_a,4,sentence_04_dictated_english,dictated_english,latin,data/processed/school_a/G4_A_Roll15/sentence_04_dictated_english.json,0.2247989212190233,-0.04646472322874898,0.065711041762009,5.480125819571868e-15,0.13990165099223364,0.3665536822419576,21.40876380118688,13.832812288961115,0.550394819586569,2.637844611528823,1.0667168700781717,0.4235294117647058,5.799247134046239,0.4,0.2,0.6782272038075333,0.7168674698795181,53.76315789473684,0.7017931034948104,1.4486571703691777,,,,,0.7,2.0,2.566666666666667,1.0,2.0,0.0
G4_A_Roll15,school_a,4,sentence_05_own_hindi,own_hindi,devanagari,data/processed/school_a/G4_A_Roll15/sentence_05_own_hindi.json,1.8956074033448145,0.015967463853610787,,4.749904173687961e-15,0.32108797172941683,11.026758067548029,19.859487154325503,21.959974291074225,0.27672763226169683,3.4940855323020927,1.091538983780402,1.0571428571428572,3.135529403841631,0.35714285714285715,0.21428571428571427,0.2588997120711731,0.18072289156626506,,0.891451647612506,,1.5175842027196353,0.051610774480199385,0.4166666666666667,0.02332404674075135,0.04875406283856988,0.4225352112676056,0.8613217768147345,,1.0,0.0
G4_A_Roll15,school_a,4,sentence_06_own_english,own_english,latin,data/processed/school_a/G4_A_Roll15/sentence_06_own_english.json,0.10422928711172315,-0.0017048505586614443,0.045396237443674575,-3.5225456133938406e-15,0.054255661281202835,-0.37757578391983954,22.330446010193075,14.067532177230307,0.45390745439975094,2.652152399802078,1.0549793829170733,2.71,1.0049128038448818,0.0,0.4,0.37112377680374575,0.4819277108433735,,0.4378439622916909,1.4603708510103857,,,,,0.18331805682859761,0.6599450045829515,1.5398716773602201,,2.0,0.0
G4_A_Roll16,school_a,4,sentence_01_copy_hindi,copy_hindi,devanagari,data/processed/school_a/G4_A_Roll16/sentence_01_copy_hindi.json,2.343710671757099,0.024093909804553986,,2.0724163126336256e-16,0.34776532463085813,1.8652295358418687,20.648758413022325,19.729668853727233,0.27428516487531784,2.948218262806236,1.1155154021518427,-3.0666666666666664,-5.35809439190634,0.35714285714285715,0.5,0.5167788920007014,0.19607843137254902,59.029411764705884,0.48875249973406365,,1.4585612491537263,0.08076768904949114,1.4285714285714286,0.007081963511372641,0.07537688442211056,0.7753050969131372,0.7322325915290739,2.142857142857143,1.0,0.0
G4_A_Roll16,school_a,4,sentence_02_copy_english,copy_english,latin,data/processed/school_a/G4_A_Roll16/sentence_02_copy_english.json,1.014550822620044,-0.01706641853612221,0.03250757316997162,3.855072289762245e-15,0.254852997447049,-1.8167083474385481,21.635499618615917,16.45455794614473,0.47573478449129963,2.8942807625649913,1.0665106628969483,0.6418604651162788,9.501917449793613,0.37209302325581395,0.3488372093023256,0.3864164834996747,0.32679738562091504,58.91891891891892,0.7056727663826405,2.240279588717874,,,,,0.3041362530413625,3.117396593673966,3.421532846715328,0.14285714285714285,4.0,0.0
G4_A_Roll16,school_a,4,sentence_03_dictated_hindi,dictated_hindi,devanagari,data/processed/school_a/G4_A_Roll16/sentence_03_dictated_hindi.json,0.6100888327090084,-0.037804891011490385,,8.913703108959225e-15,0.25081162483756764,-0.3257784894968913,19.48120162350276,27.96216738664997,0.31979715920576574,2.5373134328358207,1.0732205384928983,2.9930555555555554,0.6628804545320568,0.25,0.75,0.33257647641941274,0.47058823529411764,47.285714285714285,,,,,,,0.12693935119887165,1.447108603667137,2.208744710860367,0.16666666666666666,1.0,0.0
G4_A_Roll16,school_a,4,sentence_04_dictated_english,dictated_english,latin,data/processed/school_a/G4_A_Roll16/sentence_04_dictated_english.json,,,,,,-1.5020900757950801,20.10388443324266,9.533710325049007,0.29989659560666226,1.9000266951414844,1.0635803573999159,,,,,,0.19607843137254902,,,,,,,,0.15882352941176472,0.16764705882352943,0.1323529411764706,0.5714285714285714,1.0,0.0
G4_A_Roll16,school_a,4,sentence_05_own_hindi,own_hindi,devanagari,data/processed/school_a/G4_A_Roll16/sentence_05_own_hindi.json,1.9482682463677294,0.018540260879662478,,2.9920510513647968e-15,0.3535590997918535,0.6144639849148102,20.71790516691525,20.423849559537175,0.24823452037320146,2.8660714285714284,1.103172190561036,0.0962962962962966,113.97669880209027,0.3333333333333333,0.4444444444444444,0.33640862824518153,0.19607843137254902,,0.39428620827428934,,3.1757391885846635,0.08488739065684639,0.8888888888888888,0.0007348220297112757,0.017321016166281754,0.918013856812933,0.4503464203233256,,1.0,0.0
G4_A_Roll16,school_a,4,sentence_06_own_english,own_english,latin,data/processed/school_a/G4_A_Roll16/sentence_06_own_english.json,0.5857238888760716,0.005875593124399694,,5.571931804837504e-15,0.21972330517821415,-2.8912531615897983,21.239435227229986,17.239994721233057,0.4894672844036599,2.821576763485476,1.0604149862964796,1.8571428571428572,1.2905078762417486,0.42857142857142855,0.42857142857142855,0.14380433752210936,0.40522875816993464,,0.44378413603389877,1.7109663151013859,,,,,0.543859649122807,0.7614035087719297,1.631578947368421,,1.0,0.0
G4_A_Roll17,school_a,4,sentence_01_copy_hindi,copy_hindi,devanagari,data/processed/school_a/G4_A_Roll17/sentence_01_copy_hindi.json,2.037978014073344,0.01807976705555757,,1.5949543273409615e-15,0.32568843935840963,-2.956857965584835,22.321913489411834,21.124051061159093,0.2811411737093738,3.5502625656414106,1.0877954660009896,-0.2871794871794867,-54.81483790071483,0.46153846153846156,0.3076923076923077,0.4709880510427128,0.189873417721519,53.26470588235294,1.1391125419174672,,2.075724522796371,0.07445715978982428,1.4615384615384615,0.019277638361098578,0.17647058823529413,0.9495798319327731,1.050420168067227,2.0,1.0,1.0
G4_A_Roll17,school_a,4,sentence_02_copy_english,copy_english,latin,data/processed/school_a/G4_A_Roll17/sentence_02_copy_english.json,0.26989657710395304,-4.818477602001688e-05,,2.1609698157882512e-15,0.1568025494587082,0.6794704502559795,24.042365133743655,18.433917723536133,0.4677008452412769,4.055496264674493,1.0783474306332066,-0.06153846153846159,-31.712448630595315,0.5384615384615384,0.07692307692307693,0.24755273411819836,0.569620253164557,21.364864864864863,0.722509254996506,2.0188286234973627,,,,,0.1916058394160584,1.7518248175182483,1.916058394160584,0.21428571428571427,1.0,1.0
G4_A_Roll17,school_a,4,sentence_03_dictated_hindi,dictated_hindi,devanagari,data/processed/school_a/G4_A_Roll17/sentence_03_dictated_hindi.json,2.763815925372946,0.01056014009048259,,-5.551115123125783e-16,0.39315977212716274,0.1381163321696019,18.825683348350072,18.007077049560976,0.37788206149216597,2.814113597246127,1.059388442208454,4.41904761904762,7.858449987239348,0.42857142857142855,0.2857142857142857,0.811262016524454,0.189873417721519,46.107142857142854,0.36724255472665146,,2.168063743284449,0.06666849992650761,1.0,0.00011808951788888643,0.11627906976744186,0.9883720930232559,2.616279069767442,0.16666666666666666,1.0,1.0
G4_A_Roll17,school_a,4,sentence_04_dictated_english,dictated_english,latin,data/processed/school_a/G4_A_Roll17/sentence_04_dictated_english.json,0.15167149306617936,-0.019601376184040096,,1.0361156377314274e-14,0.07856942316897332,-1.9319809928460925,22.895873033643802,19.69007046725969,0.5074324521102366,3.7819025522041754,1.0688773289475542,0.7463768115942028,0.8553888440148592,0.1111111111111111,0.0,0.2138364779874214,0.5822784810126582,16.94736842105263,0.020657209392952222,1.7389482047677685,,,,,0.46795523906408953,1.4506612410986774,1.4506612410986774,0.5714285714285714,1.0,1.0
G4_A_Roll17,school_a,0,sentence_05_custom,own_english,latin,data/processed/school_a/G4_A_Roll17/sentence_05_custom.json,,,,,,1.25041057677361,21.264356164714314,12.780447673773368,0.5883329750852392,2.9426433915211976,1.0583047666658223,,,,,,,,,,,,,,0.7374005305039788,0.0,0.0,,1.0,1.0
G4_A_Roll18,school_a,4,sentence_01_copy_hindi,copy_hindi,devanagari,data/processed/school_a/G4_A_Roll18/sentence_01_copy_hindi.json,1.997718353721768,-0.001720384793585837,,-1.7077842408204614e-15,0.34412936529629556,2.605170078187122,21.71164083552612,18.65485288980765,0.3114854125145258,3.133498145859085,1.0801143576692898,-2.770833333333334,-4.147353663319925,0.5,0.375,0.5515127675940134,0.18292682926829268,61.26470588235294,0.9615956752826678,,1.626962051134807,0.07748173019383378,0.7647058823529411,0.022338139562651987,0.1092436974789916,0.6554621848739496,0.8487394957983193,2.4285714285714284,1.0,0.0
G4_A_Roll18,school_a,4,sentence_02_copy_english,copy_english,latin,data/processed/school_a/G4_A_Roll18/sentence_02_copy_english.json,0.8518461978444637,0.0007660472210970368,0.0019734842112230713,-3.649344201314172e-16,0.2122136809722264,-6.126786990311799,23.094817552321462,18.761725490143807,0.46750451626106726,3.175745118191161,1.0708546283571172,1.3935185185185184,1.3767788192003496,0.25,0.375,0.4564299685194868,0.32926829268292684,37.78378378378378,0.5420350603525712,1.7654116292558855,,,,,0.34907251264755484,1.957841483979764,3.0050590219224285,1.9285714285714286,3.0,0.0
G4_A_Roll18,school_a,4,sentence_03_dictated_hindi,dictated_hindi,devanagari,data/processed/school_a/G4_A_Roll18/sentence_03_dictated_hindi.json,0.47723215939285785,0.013743476239859836,,-9.228728892196614e-16,0.08875791796275566,2.7816009913593516,25.08872864990955,19.565218217423716,0.3129999545638916,3.3947816222348273,1.0802680398350197,1.3066666666666662,7.978423892813111,0.2,0.8,0.33297750666569326,0.18292682926829268,57.57142857142857,0.891403147666202,,0.8349801890630674,0.04532922383625985,1.0,5.009747841805649e-05,0.18201284796573874,0.6638115631691648,1.0599571734475375,0.5,1.0,0.0
G4_A_Roll18,school_a,4,sentence_04_dictated_english,dictated_english,latin,data/processed/school_a/G4_A_Roll18/sentence_04_dictated_english.json,0.7455809368831212,0.0006554866729829529,,1.78901011651914e-15,0.19093527597522297,-1.92514611245584,23.23704082319748,22.490983783161912,0.43160550390066676,3.6070047759836252,1.0661211847571477,0.9739583333333333,2.2596376753499965,0.5,0.25,0.2779900917820441,0.2926829268292683,35.26315789473684,0.6939966891350025,1.592392622265692,,,,,0.20642201834862384,1.1697247706422018,1.2522935779816513,2.4285714285714284,1.0,0.0
G4_A_Roll18,school_a,4,sentence_05_own_hindi,own_hindi,devanagari,data/processed/school_a/G4_A_Roll18/sentence_05_own_hindi.json,2.9765496436435073,-0.008294750388160745,,6.167905692361981e-16,0.47342500655696035,0.7520477639750367,22.80608957915633,19.64192372720511,0.25410071840447873,3.236692015209125,1.0816682292622366,-1.4916666666666663,-4.803760225338163,0.5,0.375,0.523497643390061,0.18292682926829268,,0.6857900547181052,,2.173765883969726,0.08115503901694272,0.875,0.016272189073619287,0.12949640287769784,0.9496402877697842,0.6906474820143884,,1.0,0.0
G4_A_Roll18,school_a,4,sentence_06_own_english,own_english,latin,data/processed/school_a/G4_A_Roll18/sentence_06_own_english.json,1.3363823493583964,-0.001651104744374071,,-6.467049118441537e-15,0.2910302868098255,-5.724776016820735,24.046188878154915,22.62888421612761,0.2735054937194255,3.6915504511894994,1.0733481623731485,0.606060606060606,6.16330764371787,0.36363636363636365,0.2727272727272727,0.25376157582896247,0.21951219512195122,,0.9411548633311491,1.8781187825417536,,,,,0.1323529411764706,0.75,1.0588235294117647,,1.0,0.0
G4_A_Roll19,school_a,4,sentence_01_copy_hindi,copy_hindi,devanagari,data/processed/school_a/G4_A_Roll19/sentence_01_copy_hindi.json,1.588892059673562,0.005156618328519056,,1.812042579477488e-15,0.26995818508155345,-3.177959099310094,23.38731813177245,19.69345406513317,0.22303306241719087,3.1965944272445825,1.0925885888125655,-0.03333333333333317,-266.37567456507867,0.45,0.4,0.3172056092241044,0.18518518518518517,48.44117647058823,1.075091122625982,,2.045734791919544,0.06491183253108186,0.6842105263157895,0.04604922158116768,0.04201680672268908,0.5798319327731093,0.7478991596638656,3.0,1.0,0.0
G4_A_Roll19,school_a,4,sentence_02_copy_english,copy_english,latin,data/processed/school_a/G4_A_Roll19/sentence_02_copy_english.json,0.39637178258580735,0.004955271324010968,0.011151503489964368,3.0869853998130685e-15,0.17319440324568208,-14.27922169333622,22.81106318998289,21.294416687777883,0.44405118905409563,3.4233365477338484,1.0739717760412009,1.5041152263374487,1.4666249769545774,0.4074074074074074,0.3333333333333333,0.45597515007389966,0.4444444444444444,38.45945945945946,0.5981156677185402,1.529062283992362,,,,,0.34285714285714286,2.3394957983193274,3.8319327731092434,2.142857142857143,3.0,0.0
G4_A_Roll19,school_a,4,sentence_03_dictated_hindi,dictated_hindi,devanagari,data/processed/school_a/G4_A_Roll19/sentence_03_dictated_hindi.json,1.866286414156471,0.003586147471126873,,-7.273593492213342e-15,0.30037906029112427,-5.275919516024374,22.23202054603193,21.15709146692951,0.2713837581649126,3.2777777777777777,1.0960787228995272,-0.06250000000000022,-155.03696667903714,0.4375,0.375,0.3291179461059205,0.18518518518518517,52.392857142857146,0.6053604955469534,,1.8610311918733424,0.0705374953360726,0.8125,0.029888926346607225,0.06972690296339337,0.6013945380592679,0.6449738524113887,2.8333333333333335,1.0,0.0
G4_A_Roll19,school_a,4,sentence_04_dictated_english,dictated_english,latin,data/processed/school_a/G4_A_Roll19/sentence_04_dictated_english.json,0.5237666667426962,-0.0017887179574696847,,-5.144033347429892e-15,0.1974652698910392,-13.556476794411086,22.052617449827142,19.106617375431277,0.489437166333553,3.1258840169731252,1.0747156233266135,0.44761904761904747,8.035736022159774,0.2,0.4,0.3869688591594725,0.5185185185185185,37.21052631578947,0.45012672696431677,1.554432512070265,,,,,0.23582257158899494,1.580011229646266,1.674340258281864,0.8571428571428571,1.0,0.0
G4_A_Roll19,school_a,4,sentence_05_own_hindi,own_hindi,devanagari,data/processed/school_a/G4_A_Roll19/sentence_05_own_hindi.json,0.670190962920585,0.020535309728785037,,1.0547118733938987e-15,0.33871394204002536,-8.373312814428548,21.34297242746404,29.813513540982473,0.36250175475975815,2.947368421052632,1.0813351086623217,0.9037267080745341,1.631893600462939,0.5714285714285714,0.2857142857142857,0.30726645644875045,0.5679012345679012,,0.844709059208455,,1.5233019531494478,0.019099971822901508,1.0,0.07365410936050908,0.27090694935217907,1.7879858657243817,1.8963486454652534,,1.0,0.0
G4_A_Roll19,school_a,4,sentence_06_own_english,own_english,latin,data/processed/school_a/G4_A_Roll19/sentence_06_own_english.json,0.18392227210462833,-0.008530535282906614,,1.2748640527087735e-15,0.07157105837747349,-9.687020368071032,23.761084840478876,16.710962002893957,0.4425643805780178,2.9224762967094255,1.068667727319326,1.225,1.8142935726338423,0.5,0.3,0.2975659327387676,0.4444444444444444,,0.34355204870743006,1.842682905943789,,,,,0.18329938900203666,0.6598778004073319,1.1731160896130346,,1.0,0.0
G4_A_Roll20,school_a,4,sentence_01_copy_hindi,copy_hindi,devanagari,data/processed/school_a/G4_A_Roll20/sentence_01_copy_hindi.json,1.6948782383530228,-0.008710706695079808,,4.956352788505163e-16,0.2793678787661332,-9.188328148036549,22.213019803399202,19.014252424976178,0.341159388523341,3.3527742749054226,1.089881621981365,-12.266666666666664,-2.928292273052832,0.38461538461538464,0.38461538461538464,0.48495904772885134,0.18518518518518517,120.67647058823529,1.2397473363837768,,1.6739887395467157,0.08017218023226463,1.4285714285714286,0.01374498001020018,0.11538461538461539,0.8489010989010989,0.6263736263736264,0.5714285714285714,1.0,0.0
G4_A_Roll20,school_a,4,sentence_02_copy_english,copy_english,latin,data/processed/school_a/G4_A_Roll20/sentence_02_copy_english.json,2.2840858349643716,-0.425586882846579,1.007311421787658,-2.42861286636753e-17,0.30558485140892866,-13.089648974663552,27.38542337460189,17.419712818022777,0.3030091661895928,3.637852932050884,1.0817596851831053,-3.269396551724138,-5.967219320156422,0.5344827586206896,0.22413793103448276,0.49794760874924676,0.19753086419753085,139.67567567567568,0.8426706352376646,2.110479137414097,,,,,0.44321329639889195,2.1362880886426594,2.9961218836565098,0.14285714285714285,6.0,0.0
G4_A_Roll20,school_a,4,sentence_03_dictated_hindi,dictated_hindi,devanagari,data/processed/school_a/G4_A_Roll20/sentence_03_dictated_hindi.json,0.7806844392854282,-0.013154604482433921,,6.033820786006285e-18,0.29600068836714943,-6.351213229807963,24.478548563858578,24.245998960575378,0.26681574726726903,3.4729729729729737,1.1076805951588584,-0.45454545454545453,-7.794874481111572,0.7727272727272727,0.045454545454545456,0.4945038152582653,0.4567901234567901,75.89285714285714,,,,,,,0.33165266106442576,1.699719887955182,2.010644257703081,0.6666666666666666,1.0,0.0
G4_A_Roll20,school_a,4,sentence_04_dictated_english,dictated_english,latin,data/processed/school_a/G4_A_Roll20/sentence_04_dictated_english.json,0.5066428382174808,-0.008002071830980631,,3.1456319031046104e-16,0.22767855359507697,-10.413940488586558,23.940712547364875,20.86068817631092,0.45186355944833023,4.255492270138323,1.0823311570865837,0.15705128205128205,6.074721649013116,0.75,0.125,0.3531141302500575,0.48148148148148145,16.026315789473685,1.1831085014810419,1.772996363552763,,,,,1.5753275109170306,0.638646288209607,0.7663755458515285,0.2857142857142857,1.0,0.0
G4_A_Roll20,school_a,4,sentence_05_own_hindi,own_hindi,devanagari,data/processed/school_a/G4_A_Roll20/sentence_05_own_hindi.json,,,,,,-12.086878341178922,18.53220977359284,24.15189517157931,0.42579900770984147,3.8078291814946614,1.0855020894619156,,,,,,0.6049382716049383,,,,,,,,0.276056338028169,1.7253521126760563,2.3464788732394366,,1.0,0.0
G4_A_Roll20,school_a,4,sentence_06_own_english,own_english,latin,data/processed/school_a/G4_A_Roll20/sentence_06_own_english.json,0.6018049248767963,-0.011405244558949323,,1.1743131719557905e-14,0.2631830374411079,-15.364903911731046,24.577931903632525,22.689428059227716,0.41721324563322915,4.546820230345519,1.0805021710371912,0.05714285714285713,29.117005340522237,0.8095238095238095,0.14285714285714285,0.43489015035921647,0.43209876543209874,,0.638094047432172,1.923878944885012,,,,,0.21329639889196678,1.0083102493074794,1.2022160664819945,,1.0,0.0
G4_A_Roll22,school_a,4,sentence_01_copy_hindi,copy_hindi,devanagari,data/processed/school_a/G4_A_Roll22/sentence_01_copy_hindi.json,0.5288552768659858,0.02084718155176348,,-6.661338147750939e-17,0.415217071713887,-4.238855064420882,21.523329903246232,27.465500901603946,0.4040219879464346,3.062381852551984,1.0801631846642081,-0.273972602739726,-5.474684823169593,0.7083333333333334,0.0,0.5126891437925827,0.8902439024390244,65.73529411764706,1.0763300838057317,,2.2189834494767986,0.015407696220948744,0.7916666666666666,0.0031473901849268875,0.8179271708683473,5.643697478991596,3.72156862745098,3.5714285714285716,1.0,1.0
G4_A_Roll22,school_a,4,sentence_02_copy_english,copy_english,latin,data/processed/school_a/G4_A_Roll22/sentence_02_copy_english.json,0.8705613134205508,-0.0029783909275478636,0.006059997672370007,4.2028670106453846e-15,0.3283758124042893,-13.908976860305739,21.789400286778143,19.774365744258496,0.5141767906989559,3.4820322180916974,1.0817081151316135,-0.016227180527383204,-175.70536315906173,0.41379310344827586,0.1724137931034483,0.49244114909536085,0.5182926829268293,68.01351351351352,1.4169878571144872,1.6719002660402922,,,,,0.21191135734072022,6.969529085872576,7.134349030470914,0.14285714285714285,4.0,1.0
G4_A_Roll22,school_a,4,sentence_03_dictated_hindi,dictated_hindi,devanagari,data/processed/school_a/G4_A_Roll22/sentence_03_dictated_hindi.json,0.8274111252453483,0.13181032818869515,,-8.711285661076674e-15,0.3706017270510734,-2.9800929937758087,19.926269316576178,29.37428548297336,0.4764824953121484,3.9146800501882058,1.0786002994781017,0.07516339869281048,34.1408070641912,0.3333333333333333,0.16666666666666666,0.6013961920890404,0.6219512195121951,19.964285714285715,,,,,,,1.4138613861386138,2.3227722772277226,0.9089108910891088,0.3333333333333333,1.0,1.0
G4_A_Roll22,school_a,4,sentence_04_dictated_english,dictated_english,latin,data/processed/school_a/G4_A_Roll22/sentence_04_dictated_english.json,,,,,,-18.874177319793567,22.420204060166707,13.688074792633136,0.26998213265366033,2.610708534621578,1.0800666280927802,,,,,,0.18292682926829268,,,,,,,,0.2814569536423841,0.07450331125827815,0.16556291390728478,0.42857142857142855,1.0,1.0
G4_A_Roll22,school_a,4,sentence_05_own_hindi,own_hindi,devanagari,data/processed/school_a/G4_A_Roll22/sentence_05_own_hindi.json,0.38205231022681807,-0.008582896679476669,,-1.2398987065822935e-14,0.2782243679665361,-8.439581712452679,21.248421288980985,30.011480158750516,0.3863530305054688,2.7999999999999994,1.0806314373385875,-0.7198275862068965,-3.4055298377145142,0.75,0.0625,0.5385059936753555,0.7073170731707317,,,,,,,,0.29441624365482233,6.182741116751269,3.312182741116751,,1.0,1.0
G4_A_Roll22,school_a,4,sentence_06_own_english,own_english,latin,data/processed/school_a/G4_A_Roll22/sentence_06_own_english.json,,,,,,-9.226495560048695,21.60676290467098,14.633924123674587,0.2503090445429343,2.850474683544304,1.0802011299959482,,,,,,0.18292682926829268,,,,,,,,0.09700889248181083,0.03637833468067906,0.04850444624090541,,1.0,1.0
G4_A_Roll23,school_a,4,sentence_01_copy_hindi,copy_hindi,devanagari,data/processed/school_a/G4_A_Roll23/sentence_01_copy_hindi.json,2.1186558960757713,0.0020299688718618176,,6.70098897005898e-16,0.319152747317033,-5.209706698841705,22.259542274194168,21.79013526718624,0.3536207800553857,3.4087102177554436,1.0823767652646432,-0.23589743589743614,-37.99285037041915,0.38461538461538464,0.38461538461538464,0.4281275249674348,0.17647058823529413,49.8235294117647,0.5038157872242515,,2.2514436806780345,0.07651971917725335,1.0714285714285714,0.014598829221973735,0.05363528009535161,0.6257449344457688,0.7419547079856973,2.0,1.0,1.0
G4_A_Roll23,school_a,4,sentence_02_copy_english,copy_english,latin,data/processed/school_a/G4_A_Roll23/sentence_02_copy_english.json,0.30981651002265537,-0.0005482150299108416,,2.4670436633737854e-15,0.10284703059497899,-7.371340455332657,22.82876274930674,20.32755584370418,0.42868144625306415,3.436518618214446,1.0741774632814731,1.2444444444444442,1.3432894699898192,0.5,0.4166666666666667,0.3425717049262795,0.35294117647058826,17.66216216216216,0.2673174013268298,1.9649749290013974,,,,,0.22975929978118162,0.8041575492341357,1.1980306345733043,0.35714285714285715,1.0,1.0
G4_A_Roll23,school_a,4,sentence_03_dictated_hindi,dictated_hindi,devanagari,data/processed/school_a/G4_A_Roll23/sentence_03_dictated_hindi.json,0.22495693737087313,-0.002621721008262077,,-3.8461297638800067e-16,0.08297008572125274,-7.122799904545489,19.068449978252623,23.77553875536409,0.34780080405569863,3.0832196452933154,1.0827606003870502,2.118421052631579,0.10445129445752992,0.0,0.6666666666666666,0.2334423699231825,0.4470588235294118,42.285714285714285,0.4603646022713354,,12.660777986923947,0.011295060345773789,1.0,7.058254976471456e-05,0.15,3.4,5.9,0.16666666666666666,1.0,1.0
G4_A_Roll23,school_a,4,sentence_04_dictated_english,dictated_english,latin,data/processed/school_a/G4_A_Roll23/sentence_04_dictated_english.json,0.9221557854538549,-0.002008693361433087,,7.93016446160826e-18,0.38907759583334117,-9.371693900923793,21.069598205107717,18.2180412334934,0.5427135357059274,3.312209547950993,1.075993343486092,0.46258503401360546,4.1297196969148535,0.5,0.16666666666666666,0.4501363037871901,0.5764705882352941,13.263157894736842,0.18213356485108045,0.6483644859813084,,,,,0.6901408450704225,1.1920614596670935,0.8783610755441742,0.2857142857142857,1.0,1.0
G4_A_Roll23,school_a,4,sentence_05_own_hindi,own_hindi,devanagari,data/processed/school_a/G4_A_Roll23/sentence_05_own_hindi.json,0.7335331328474767,-0.0013887330421808218,,6.462423189172266e-15,0.21090253451452784,-6.858245258395629,18.318357771994062,26.662187719395586,0.4279618093449837,3.456221198156681,1.0904820105488617,1.3246753246753247,1.6427263425784915,0.36363636363636365,0.45454545454545453,0.3608082246419218,0.32941176470588235,,0.7323605948003528,,0.6450996292863762,0.014093472775150717,0.0,0.00045442257785468143,0.08536585365853659,2.475609756097561,3.158536585365854,,1.0,1.0
G4_A_Roll24,school_a,4,sentence_01_copy_hindi,copy_hindi,devanagari,data/processed/school_a/G4_A_Roll24/sentence_01_copy_hindi.json,0.47203276582492293,-0.03366521295403909,,1.942890293094024e-16,0.23144257869361934,-3.2321909234360273,22.40845392407228,25.863942798766317,0.4025939826845107,3.193851409052092,1.078251300840327,1.002,3.7724192999718613,0.4,0.6,0.3516057888530662,0.6024096385542169,35.38235294117647,0.4292540425535128,,1.4281534369449416,0.017921944314791268,1.0,0.022758095430826582,0.4986149584487534,2.326869806094183,2.0498614958448753,0.42857142857142855,1.0,0.0
G4_A_Roll24,school_a,4,sentence_02_copy_english,copy_english,latin,data/processed/school_a/G4_A_Roll24/sentence_02_copy_english.json,0.3069840437956733,-0.0018601368262426729,0.009800405395448797,-3.4231876592608995e-16,0.1010609827012186,-7.320604907130242,22.04862162792088,21.771130880454887,0.4624371152867608,3.9493162714841303,1.0692749827928645,-4.33448275862069,-3.2346771290473377,0.5,0.4,0.39306752197557465,0.3493975903614458,38.608108108108105,0.5851703732064271,1.6826462904090658,,,,,0.5443686006825939,2.7218430034129693,2.193970420932878,0.8571428571428571,2.0,0.0
G4_A_Roll24,school_a,4,sentence_03_dictated_hindi,dictated_hindi,devanagari,data/processed/school_a/G4_A_Roll24/sentence_03_dictated_hindi.json,1.7322161070977538,-0.025731054990593596,,2.0539125955565396e-15,0.24946219704543843,-2.3105987433075503,20.504598641205224,20.560291687763595,0.3042020976129829,3.8793103448275863,1.077166425773397,3.466666666666667,2.2750902186415773,0.3333333333333333,0.3333333333333333,0.1023986211504105,0.18072289156626506,7.714285714285714,0.5196747004798737,,1.2719458046407333,0.0752532158126911,1.25,0.0010755544769887944,0.10817307692307691,0.5769230769230769,0.6490384615384616,0.6666666666666666,1.0,0.0
G4_A_Roll24,school_a,4,sentence_04_dictated_english,dictated_english,latin,data/processed/school_a/G4_A_Roll24/sentence_04_dictated_english.json,0.12908506361684005,-0.004561608485681753,,7.19086248879286e-15,0.050859765785739836,-6.46002022720337,19.708391122118133,19.42486894642814,0.5217074644174514,4.2164048865619534,1.0699214372039634,1.2358803986710964,2.2356715222400507,0.5714285714285714,0.42857142857142855,0.2119085026774927,0.5180722891566265,33.6578947368421,0.6206259849313555,1.6620770423827116,,,,,0.38848108413325805,1.9909655561829476,1.5296442687747036,0.8571428571428571,1.0,0.0
G4_A_Roll24,school_a,4,sentence_05_own_hindi,own_hindi,devanagari,data/processed/school_a/G4_A_Roll24/sentence_05_own_hindi.json,0.5589028904411375,-0.025187022664787513,,9.739123088239568e-15,0.3331746775001789,1.8989064480558189,17.541474620396126,27.21335735942797,0.4779384257275633,3.1007751937984493,1.0729718434650881,0.49764150943396224,3.9653007914731226,0.625,0.25,0.2621804723948961,0.6385542168674698,,0.6264065096919023,,1.3524663083012196,0.01715712937923138,1.1111111111111112,0.0035517274097685487,0.5151883353584447,2.0607533414337786,2.447144592952612,,1.0,0.0
G4_A_Roll24,school_a,4,sentence_06_own_english,own_english,latin,data/processed/school_a/G4_A_Roll24/sentence_06_own_english.json,0.5167636874377312,-0.010079564683604356,,-2.195466031196247e-15,0.13592176110771945,-5.347125628191911,23.194855873197195,22.177014264128132,0.4702142690123047,3.795771015987623,1.0736122054929924,3.442307692307692,1.4732370729564814,0.25,0.5,0.29429833994360927,0.3132530120481928,,0.3738150432829725,1.510041106338691,,,,,0.29213483146067415,0.6491885143570537,1.1036204744069913,,1.0,0.0
G4_A_Roll25,school_a,4,sentence_01_copy_hindi,copy_hindi,devanagari,data/processed/school_a/G4_A_Roll25/sentence_01_copy_hindi.json,0.47239051560537465,-0.009823036021354224,,2.5564345961763475e-16,0.32391932220230313,-9.244543086281318,20.852285437834727,30.420254942413028,0.346507965599181,3.0406852248393985,1.1432960949541031,-0.5783730158730158,-4.194991273896342,0.6111111111111112,0.05555555555555555,0.5166538984152756,0.691358024691358,62.705882352941174,0.8394518348396611,,1.6609534069318448,0.017051491982520536,0.875,0.04600557688739061,0.47058823529411764,1.9137254901960785,2.4784313725490197,2.7142857142857144,1.0,0.0
G4_A_Roll25,school_a,4,sentence_02_copy_english,copy_english,latin,data/processed/school_a/G4_A_Roll25/sentence_02_copy_english.json,0.20934820704303633,-0.0019767619371716745,0.01071546046059361,2.6862570139299983e-15,0.08613213121721591,-13.391624496104628,20.10730766150301,14.433178329478066,0.5171967236365254,3.228540185893931,1.0725685835327987,0.5235880398671096,5.751897085291098,0.5813953488372093,0.20930232558139536,0.3569488008945618,0.43209876543209874,36.9054054054054,0.8415443610398405,1.8436258449727483,,,,,0.5294117647058824,3.2941176470588234,3.9019607843137254,3.2857142857142856,3.0,0.0
G4_A_Roll25,school_a,4,sentence_03_dictated_hindi,dictated_hindi,devanagari,data/processed/school_a/G4_A_Roll25/sentence_03_dictated_hindi.json,1.9907981503793881,0.013345465574764941,,-2.253752739989068e-15,0.3494374073143029,-7.773011107665732,21.08401518909251,21.19451283584588,0.2851466898296875,3.7266112266112263,1.087456466737588,4.233333333333333,1.8749418739827808,0.25,0.75,0.4125523857516121,0.18518518518518517,53.607142857142854,1.5936293032134565,,2.382802503371004,0.04057221595104251,1.0,0.00010561877994156388,0.07563025210084033,0.4957983193277311,0.6974789915966386,0.8333333333333334,1.0,0.0
G4_A_Roll25,school_a,4,sentence_04_dictated_english,dictated_english,latin,data/processed/school_a/G4_A_Roll25/sentence_04_dictated_english.json,0.20558190309707933,-0.0037940520746821346,,2.2250719785195847e-15,0.09040728478223727,-12.19282051092882,18.308786380671975,17.093561036597414,0.4678620781483456,3.343688223665631,1.0744349892383942,0.535840188014101,2.587592159583198,0.4782608695652174,0.17391304347826086,0.29882081112897535,0.4567901234567901,31.973684210526315,0.6026318837215383,2.0018278091968464,,,,,0.2664819944598338,1.004432132963989,1.7013850415512466,0.2857142857142857,1.0,0.0
G4_A_Roll25,school_a,4,sentence_05_own_hindi,own_hindi,devanagari,data/processed/school_a/G4_A_Roll25/sentence_05_own_hindi.json,0.024487056804965976,0.016583258441123586,,-7.016956460326185e-16,0.017802914833048075,-4.749726770644542,21.763705809490446,30.589143993422113,0.4546669920690693,3.004115226337448,1.092618474543209,2.4379084967320264,0.127761421527548,0.0,1.0,0.26192239167091064,0.6296296296296297,,0.929503105976018,,0.813737456270464,0.01263268156559957,0.75,8.634801345284249e-05,0.2792990142387733,1.7875136911281488,1.7875136911281488,,1.0,0.0
G4_A_Roll25,school_a,4,sentence_06_own_english,own_english,latin,data/processed/school_a/G4_A_Roll25/sentence_06_own_english.json,0.197244871360196,-0.006122116239656714,,-2.148388304863584e-16,0.07369837171757403,-10.680941291105086,20.563275032234355,14.875353569093766,0.44456748375514604,2.7572624322993597,1.063427542740345,1.5303030303030305,1.5463881658104826,0.16666666666666666,0.25,0.2867193084734353,0.4074074074074074,,0.5680598813654726,1.970821735646211,,,,,0.18803418803418803,0.4700854700854701,0.9715099715099714,,1.0,0.0
G4_A_Roll26,school_a,4,sentence_01_copy_hindi,copy_hindi,devanagari,data/processed/school_a/G4_A_Roll26/sentence_01_copy_hindi.json,0.872984755894236,-0.007844510446731576,,1.5057399771478686e-15,0.388702815918431,-1.2236464889854632,21.32660221450951,33.142007526003454,0.44883718965021735,2.239185750636133,1.1001652372464021,0.32830188679245287,3.3171426053272346,0.6,0.06666666666666667,0.3012161207508746,0.6794871794871795,30.176470588235293,0.9003018197638806,,1.3478458695734112,0.022176870967081225,0.9333333333333333,0.001080296943136689,0.4024297646165528,3.5413819286256647,2.3743356112376617,2.2857142857142856,1.0,0.0
G4_A_Roll26,school_a,4,sentence_02_copy_english,copy_english,latin,data/processed/school_a/G4_A_Roll26/sentence_02_copy_english.json,0.364426390778487,-0.00515350073659979,0.00048331189712193045,2.361877033821128e-15,0.16606016392967687,-6.008715962249743,24.825629296984424,20.872776205673222,0.48210513773944486,3.165767959645156,1.1075423193534748,-0.05833333333333332,-44.7167758909668,0.5625,0.15625,0.4227375621959601,0.4807692307692308,45.513513513513516,0.5706161525925698,1.6012629479468696,,,,,0.8337965536409115,3.543635352973874,3.4811006114508056,0.2857142857142857,2.0,0.0
G4_A_Roll26,school_a,4,sentence_03_dictated_hindi,dictated_hindi,devanagari,data/processed/school_a/G4_A_Roll26/sentence_03_dictated_hindi.json,2.8348886160736773,-0.06521890471702294,,9.115515360080233e-16,0.4362002526045906,-0.2802647232528863,21.61271240641714,22.134612209562523,0.30791696302357924,2.794392523364486,1.087456466737588,0.8703703703703705,5.676023598902197,0.5,0.3888888888888889,0.3274163902600851,0.19230769230769232,37.75,0.9424089011257861,,1.6728725880224464,0.061020225823104,0.5789473684210527,0.006950899581458128,0.12578616352201258,0.7337526205450733,0.9014675052410901,0.16666666666666666,1.0,0.0
G4_A_Roll26,school_a,4,sentence_04_dictated_english,dictated_english,latin,data/processed/school_a/G4_A_Roll26/sentence_04_dictated_english.json,0.16249023026084722,-0.01728438329629163,,-2.914335439641036e-15,0.09243194126105175,0.024129149090682336,24.54535657944356,18.472875755262052,0.5987007324862436,2.3751891074130125,1.1135103261056432,1.5531914893617023,1.2145054370230104,0.16666666666666666,0.5,0.13773597129780812,0.6025641025641025,34.13157894736842,0.4751036124390688,1.667772497055033,,,,,0.8162464985994398,1.4218487394957984,2.343417366946779,1.0,1.0,0.0
G4_A_Roll26,school_a,4,sentence_05_own_hindi,own_hindi,devanagari,data/processed/school_a/G4_A_Roll26/sentence_05_own_hindi.json,2.0854874618373405,0.05089946172368485,,4.085620730620576e-15,0.3317319104723467,-0.08825136478242582,20.30448442378402,20.312499310077776,0.26941872711209297,3.3220502901353965,1.0818349799946332,0.8888888888888888,6.110544165620604,0.3333333333333333,0.3333333333333333,0.2575542858275272,0.19230769230769232,,0.46558869820898213,,1.5747774664893608,0.06973156962541362,0.8888888888888888,0.02777097411755118,0.199203187250996,0.8366533864541832,0.9760956175298804,,1.0,0.0
G4_A_Roll26,school_a,4,sentence_06_own_english,own_english,latin,data/processed/school_a/G4_A_Roll26/sentence_06_own_english.json,0.48173022637197227,-0.001738308497245585,,3.2085445411667022e-15,0.20598873061663556,4.88667209491925,25.90777526438894,17.541245080649908,0.41707542180273727,2.046070460704607,1.0899170966581861,0.8024691358024691,2.293412549948298,0.5555555555555556,0.3333333333333333,0.3659087370228812,0.46153846153846156,,0.33019819514391335,2.3338512940818883,,,,,0.5136741973840666,0.727705112960761,1.7550535077288942,,1.0,0.0
G5_A_Roll01,school_a,5,sentence_01_copy_hindi,copy_hindi,devanagari,data/processed/school_a/G5_A_Roll01/sentence_01_copy_hindi.json,1.736824538751175,0.008879436629203548,0.06539408728293564,-3.0531133177191805e-16,0.2874667314580285,3.5554108631259926,22.846007113745074,32.72382780619471,0.42623618931382407,3.7619461337966973,1.0834340876598099,0.8558758314855875,8.013065105923427,0.3181818181818182,0.4090909090909091,0.41662765813908037,0.22527472527472528,48.705882352941174,0.8630566396031332,,1.8173691045179041,0.04739068991377227,0.47619047619047616,0.02651154573013975,0.4716425896201177,1.0200642054574638,1.2504012841091492,0.8571428571428571,2.0,0.0
G5_A_Roll01,school_a,5,sentence_02_copy_english,copy_english,latin,data/processed/school_a/G5_A_Roll01/sentence_02_copy_english.json,0.3967971651583643,-0.012465377439531376,,1.9984014443252818e-15,0.15648295871206305,6.105183825669641,24.130980599750973,17.333998967225266,0.5156135749092394,3.1236055332440866,1.0637405862213125,1.6987179487179485,2.3343539784058778,0.25,0.75,0.3439442118193326,0.42857142857142855,18.54054054054054,0.5831122005184273,1.1121058328182643,,,,,0.7362349239643419,1.1657052962768746,1.2884111169375982,0.14285714285714285,1.0,0.0
G5_A_Roll01,school_a,5,sentence_03_dictated_hindi,dictated_hindi,devanagari,data/processed/school_a/G5_A_Roll01/sentence_03_dictated_hindi.json,2.0531324504365474,-0.012160607654986295,,5.8127114233030855e-15,0.24978610687962252,8.17462738763022,20.35293905028141,20.159513489796264,0.2667257930354658,3.393876491956409,1.1000436654708685,-0.7473684210526317,-17.288439287804405,0.2631578947368421,0.3684210526315789,0.39938274718468675,0.16483516483516483,63.42857142857143,0.13899604038795113,,1.469862406270203,0.06258786648277505,0.5555555555555556,0.007014675668582606,0.21008403361344538,0.6638655462184874,0.5630252100840336,0.16666666666666666,1.0,0.0
G5_A_Roll01,school_a,5,sentence_04_dictated_english,dictated_english,latin,data/processed/school_a/G5_A_Roll01/sentence_04_dictated_english.json,0.6808983392550496,0.015936387126628714,0.022537454809706325,-1.259409243559162e-15,0.2204992282369487,7.761238577275537,25.606188959540233,17.93144942346414,0.4873055085822575,2.989010989010989,1.0811736996164503,2.351724137931035,0.3090167122085714,0.0,0.6,0.39295358387014123,0.47802197802197804,53.63157894736842,0.4823538772891786,1.3216887105812563,,,,,1.1047619047619046,1.4269841269841268,2.6928571428571426,0.2857142857142857,2.0,0.0
G5_A_Roll01,school_a,5,sentence_05_own_hindi,own_hindi,devanagari,data/processed/school_a/G5_A_Roll01/sentence_05_own_hindi.json,0.7173724073468944,0.023179699634835956,,6.494804694057166e-15,0.3032173453718268,7.387293943120182,20.760180107310696,26.358919176817594,0.4924092264131917,2.587800369685767,1.0863508543442937,2.5170454545454546,0.8824270102988369,0.25,0.75,0.2767325263798744,0.4835164835164835,,0.8725194574983742,,1.5010010480087863,0.025741240754735415,1.8,0.013101285256759895,0.7307692307692307,1.3461538461538463,1.0,,1.0,0.0
G5_A_Roll01,school_a,5,sentence_06_own_english,own_english,latin,data/processed/school_a/G5_A_Roll01/sentence_06_own_english.json,0.5261463175958521,-0.009575849334436514,,7.494005416219807e-15,0.16085956499136536,9.797412335279342,24.300208340542873,18.98170889737416,0.49966857805686077,2.949117341640705,1.0733334059660418,4.484848484848484,0.3577041747043572,0.0,1.0,0.3410690863485115,0.3626373626373626,,0.5736758275892937,1.4884054170804817,,,,,0.5152749490835031,0.9633401221995928,1.0977596741344195,,1.0,0.0
G5_A_Roll02,school_a,5,sentence_01_copy_hindi,copy_hindi,devanagari,data/processed/school_a/G5_A_Roll02/sentence_01_copy_hindi.json,2.178235978328798,0.013881907150229786,,1.3739009929736312e-15,0.31588715712297843,-0.25579981329033863,23.143098094108602,19.27056816025586,0.2622925476578139,3.020757465404224,1.0925119217794834,-0.4771929824561405,-12.44883704726254,0.42105263157894735,0.3157894736842105,0.4015693470510428,0.17857142857142858,45.61764705882353,0.9614828329486704,,2.188502564041114,0.08251687118217316,1.0526315789473684,0.0030287358356196822,0.3737024221453287,0.9238754325259516,1.2041522491349481,2.857142857142857,1.0,0.0
G5_A_Roll02,school_a,5,sentence_02_copy_english,copy_english,latin,data/processed/school_a/G5_A_Roll02/sentence_02_copy_english.json,0.9040685006574437,0.005391655345280123,,-2.257453483404485e-15,0.3396311230296605,-6.398345798713638,19.82582006825847,20.106534222280427,0.547873808354288,3.3037626185377795,1.066804193588354,0.740625,3.8057347573711993,0.125,0.125,0.4132969369400001,0.47619047619047616,19.094594594594593,0.7324213960281362,1.2854680092344317,,,,,0.14285714285714285,1.8571428571428572,2.261904761904762,0.21428571428571427,1.0,0.0
G5_A_Roll02,school_a,5,sentence_03_dictated_hindi,dictated_hindi,devanagari,data/processed/school_a/G5_A_Roll02/sentence_03_dictated_hindi.json,2.3674151105492744,0.03036016328003428,,1.7208456881689926e-15,0.33225613542384175,-4.836427975279382,19.511634002456574,19.261882434516583,0.29693638549745816,3.4340101522842637,1.0820886187973473,-2.106666666666667,-6.746474580217015,0.5,0.5,0.5621598721867197,0.17857142857142858,48.5,0.5547166723980301,,1.5070915049002513,0.07762470417259516,2.1818181818181817,0.0044209712947791855,0.11194029850746269,1.021455223880597,0.9654850746268656,1.8333333333333333,1.0,0.0
G5_A_Roll02,school_a,5,sentence_04_dictated_english,dictated_english,latin,data/processed/school_a/G5_A_Roll02/sentence_04_dictated_english.json,0.0,-0.016181229773462785,0.022883714601506396,1.3534147347811431e-15,1.562788722902198e-15,-5.100367504807952,21.518877938875583,21.793567809073156,0.45150010669083607,3.2373172828890815,1.0756371787914276,0.20588235294117652,13.738074605910064,0.5,0.5,0.052525252525252523,0.40476190476190477,63.05263157894737,0.9542877610330993,0.4073483329792711,,,,,0.346742209631728,2.388668555240793,2.311614730878187,0.2857142857142857,2.0,0.0
G5_A_Roll02,school_a,5,sentence_05_own_hindi,own_hindi,devanagari,data/processed/school_a/G5_A_Roll02/sentence_05_own_hindi.json,2.1178414004281008,0.027748247044185725,,-1.7466187226692195e-15,0.3505528813982175,-1.4343625002798082,21.09566306513649,19.04257408919194,0.25778675635237275,3.206168831168831,1.0790065949302075,-0.7999999999999997,-8.782215826021064,0.3076923076923077,0.38461538461538464,0.39290088479610835,0.17857142857142858,,0.6435344912377223,,1.7585948448931175,0.07925473920947172,0.9166666666666666,0.009954863796138063,0.20788912579957355,1.199360341151386,1.0714285714285714,,1.0,0.0
G5_A_Roll02,school_a,5,sentence_06_own_english,own_english,latin,data/processed/school_a/G5_A_Roll02/sentence_06_own_english.json,0.41652225548623595,0.005830147264274522,,1.1558214702794041e-15,0.13845518100193346,-7.117700827288611,21.447007449050258,21.89718644288266,0.4032545813157988,3.1782945736434107,1.0737589372941214,1.1764705882352942,0.5794393842327255,0.16666666666666666,0.0,0.10889861778217645,0.40476190476190477,,0.6333295691724767,1.669495852627008,,,,,0.543233082706767,1.3421052631578947,1.9172932330827068,,1.0,0.0
G5_A_Roll03,school_a,5,sentence_01_copy_hindi,copy_hindi,devanagari,data/processed/school_a/G5_A_Roll03/sentence_01_copy_hindi.json,0.3511706165346191,-0.001995281923276325,,1.784683512084939e-15,0.24108871056192707,3.80591242034036,23.224200005981267,28.888337071548946,0.4883224473616424,2.1691176470588225,1.1256193538977173,-0.21052631578947373,-11.962536395845147,0.631578947368421,0.05263157894736842,0.4662304821143327,0.7325581395348837,59.029411764705884,1.2492123666587434,,1.880948034016766,0.015780690742687214,0.5882352941176471,0.020188666902893133,0.9176470588235295,3.5294117647058827,2.2588235294117647,2.857142857142857,1.0,0.0
G5_A_Roll03,school_a,5,sentence_02_copy_english,copy_english,latin,data/processed/school_a/G5_A_Roll03/sentence_02_copy_english.json,0.5283878260367145,-0.037151702786377715,,-2.204255296807863e-15,0.06545804888855351,-2.768998100708278,25.158214061983458,18.697836863698274,0.5111218223866733,3.663253697383391,1.0728814560066675,-1.803921568627451,-3.4586744731950696,0.5,0.5,0.8217791605611817,0.5930232558139535,24.486486486486488,1.081074743091879,1.378682876016909,,,,,0.33756205184776616,2.2785438499724213,2.4754550468836185,0.21428571428571427,1.0,0.0
G5_A_Roll03,school_a,5,sentence_03_dictated_hindi,dictated_hindi,devanagari,data/processed/school_a/G5_A_Roll03/sentence_03_dictated_hindi.json,0.5929257740501728,0.012402831406134074,,1.6514567491299204e-15,0.36200307967456063,6.8878071070971085,20.887347984387116,26.009501426504958,0.48352258789756425,2.1972534332084894,1.0935479632400371,-0.5244565217391305,-4.253005944449998,0.6521739130434783,0.0,0.4037937058439112,0.7441860465116279,77.96428571428571,0.815649584061771,,3.7659104587553727,0.015649820214447156,0.65,0.01917858090908241,0.17273954116059378,2.6774628879892037,2.7638326585695006,0.5,1.0,0.0
G5_A_Roll03,school_a,5,sentence_04_dictated_english,dictated_english,latin,data/processed/school_a/G5_A_Roll03/sentence_04_dictated_english.json,0.20910249978095166,0.04519043090298444,0.031164260391252606,-1.762479051592436e-15,0.08651533914108686,1.5111792229711167,24.165229252313384,18.142131312654854,0.5238396726893491,3.6738782051282057,1.0805243627493288,1.5637480798771122,0.15472058492885796,0.0,0.0,0.3612981920757245,0.5406976744186046,59.18421052631579,0.4586291594798012,1.55723343348718,,,,,0.4949579831932773,2.3705882352941177,3.2302521008403358,1.2857142857142858,2.0,0.0
G5_A_Roll03,school_a,5,sentence_05_own_hindi,own_hindi,devanagari,data/processed/school_a/G5_A_Roll03/sentence_05_own_hindi.json,2.0253048486768934,0.021304042715892972,,6.2331092668240935e-15,0.29017955060140854,8.46157175844544,24.23670877035942,21.16211923111953,0.30246132998040076,3.4886759581881535,1.1155032308816908,0.6102564102564103,7.180761186311578,0.46153846153846156,0.38461538461538464,0.24309373079105678,0.1744186046511628,,0.8929428461385048,,1.6436329721740044,0.07304619740152606,0.45454545454545453,0.03144226300750312,0.0635593220338983,0.5720338983050848,0.8421610169491526,,1.0,0.0
G5_A_Roll03,school_a,5,sentence_06_own_english,own_english,latin,data/processed/school_a/G5_A_Roll03/sentence_06_own_english.json,0.3972776010110836,-0.015691502443736353,,-5.315192730392937e-16,0.11808985757576729,5.123545535796591,22.436001988159415,17.942083457849215,0.5224026814724472,3.142076502732241,1.060239368480726,1.9615384615384612,0.20321087261631407,0.0,0.75,0.5683660271589096,0.45348837209302323,,0.3032124049607669,1.7556141578809588,,,,,0.3181818181818182,0.6818181818181818,1.3181818181818181,,1.0,0.0
G5_A_Roll04,school_a,5,sentence_01_copy_hindi,copy_hindi,devanagari,data/processed/school_a/G5_A_Roll04/sentence_01_copy_hindi.json,0.3445585257704737,-0.00865790870350232,,1.0639637319324417e-16,0.23921924659112528,13.094331799264083,23.120024000555492,27.520433606787222,0.21561893837320595,1.8040089086859685,1.1013628294200637,0.022440392706872418,65.34761045180876,0.6956521739130435,0.043478260869565216,0.34472762169219795,0.7126436781609196,49.26470588235294,0.8734753593403137,,1.7136054068964086,0.014700904121177397,0.4166666666666667,0.027729967729836612,1.0210107893242477,3.1334469051675184,2.4293015332197614,3.4285714285714284,1.0,0.0
G5_A_Roll04,school_a,5,sentence_02_copy_english,copy_english,latin,data/processed/school_a/G5_A_Roll04/sentence_02_copy_english.json,0.3282097210304737,-0.004454416396282806,,3.397282455352979e-15,0.11144688908971304,9.100378391396639,24.48139641530067,16.78178194173259,0.5872545118669772,3.5725269092772947,1.0791664522874371,1.9090909090909092,0.12409917278660232,0.0,0.25,0.33260916707855687,0.5057471264367817,19.16216216216216,0.3499507078391821,1.1576178092965166,,,,,0.32062780269058294,1.7757847533632287,1.3811659192825112,0.14285714285714285,1.0,0.0
G5_A_Roll04,school_a,5,sentence_03_dictated_hindi,dictated_hindi,devanagari,data/processed/school_a/G5_A_Roll04/sentence_03_dictated_hindi.json,1.587527807457343,-0.019489148687049797,,4.0266935085443175e-15,0.25008046778828547,15.486171678162261,20.133582206953424,20.22457691549803,0.2905191173556404,3.7037037037037037,1.1011523436589057,0.7786666666666666,4.554582620298392,0.52,0.32,0.23273129651532223,0.1724137931034483,41.07142857142857,0.7588084162941373,,1.8025822122942345,0.057160025857443716,0.28,0.06610475116630589,0.10190217391304347,0.32608695652173914,1.059782608695652,4.333333333333333,1.0,0.0
G5_A_Roll04,school_a,5,sentence_04_dictated_english,dictated_english,latin,data/processed/school_a/G5_A_Roll04/sentence_04_dictated_english.json,0.648777849780466,0.001827021250461696,0.01169200146391823,-2.402013773069219e-15,0.21040964314171448,11.074104418223008,23.865372162996255,19.792093539532992,0.4282575311634463,3.0040816326530604,1.0801483619192136,1.8865671641791042,0.2621048005170716,0.0,0.4,0.4788374431960215,0.3850574712643678,55.44736842105263,0.5147844830773051,1.1671501874889862,,,,,0.578229398663697,2.2196547884187083,2.3688752783964366,0.2857142857142857,2.0,0.0
G5_A_Roll04,school_a,5,sentence_05_own_hindi,own_hindi,devanagari,data/processed/school_a/G5_A_Roll04/sentence_05_own_hindi.json,2.331372440134131,-0.019122872104527004,,2.3169871818264136e-16,0.33618786645616183,13.265307780347124,22.67116644610729,19.411594226063574,0.2916474000729561,3.4175084175084174,1.0893582053244972,-0.6,-14.651507317223937,0.36363636363636365,0.36363636363636365,0.48666370994199687,0.1724137931034483,,0.7513006679811755,,2.7783019068731853,0.0579636268742587,0.9090909090909091,0.03211389127853461,0.14488636363636365,0.7840909090909092,0.8522727272727273,,1.0,0.0
G5_A_Roll04,school_a,5,sentence_06_own_english,own_english,latin,data/processed/school_a/G5_A_Roll04/sentence_06_own_english.json,0.2073228735069976,-0.0456217791502359,,1.5681900222830336e-15,0.07843799332246477,9.497105259316957,25.011734892941195,24.731229814153433,0.4710974917520622,3.258559622195988,1.0814332673219236,2.5390625,0.4060139619250876,0.0,0.5,0.22666963592578984,0.367816091954023,,0.3161625317138458,2.4216355270591223,,,,,0.22857142857142856,1.2285714285714286,1.542857142857143,,1.0,0.0
G5_A_Roll05,school_a,5,sentence_01_copy_hindi,copy_hindi,devanagari,data/processed/school_a/G5_A_Roll05/sentence_01_copy_hindi.json,2.0397792102735783,0.119345751124469,0.15822205155921135,1.6384743024709972e-16,0.33111360534240636,5.780133746592064,21.581703184878577,21.811786366683144,0.2738338057383322,3.5010989010989015,1.1022171307985846,0.46666666666666673,11.643639638159694,0.3448275862068966,0.20689655172413793,0.45444670109450624,0.1724137931034483,51.23529411764706,0.9709710578519144,,2.2509636745276156,0.05530960734800286,0.3,0.034617498163261415,0.15010006671114076,0.9706470980653769,1.2108072048032021,4.428571428571429,2.0,1.0
G5_A_Roll05,school_a,5,sentence_02_copy_english,copy_english,latin,data/processed/school_a/G5_A_Roll05/sentence_02_copy_english.json,0.042939348565799465,-0.0009426149990436473,0.005760536288601661,-3.658922123617181e-15,0.025492417597236406,1.267414410919566,23.763579096320402,16.536558564620897,0.5476429795265106,2.5475943232952587,1.075442142082643,2.204081632653061,0.16791128458354368,0.0,0.625,0.07856878341046125,0.5632183908045977,21.62162162162162,0.35499352481389074,1.2838992269399216,,,,,1.084870848708487,2.621771217712177,2.832718327183272,0.7142857142857143,2.0,1.0
G5_A_Roll05,school_a,5,sentence_03_dictated_hindi,dictated_hindi,devanagari,data/processed/school_a/G5_A_Roll05/sentence_03_dictated_hindi.json,3.048013814912449,0.006936968605136542,,9.338934854199847e-16,0.3993992907736781,8.23225287759141,19.80996723012717,19.916183967156744,0.2673033045686848,3.5801217038539557,1.0820696539328178,-0.4041666666666667,-11.10949060583961,0.5625,0.3125,0.368960664882819,0.1724137931034483,38.285714285714285,0.675563700457412,,2.4086801854883646,0.07356075314063,0.7142857142857143,0.0021771859858588016,0.08910891089108912,0.5792079207920793,0.9950495049504952,2.8333333333333335,1.0,1.0
G5_A_Roll05,school_a,5,sentence_04_dictated_english,dictated_english,latin,data/processed/school_a/G5_A_Roll05/sentence_04_dictated_english.json,0.3136029684094377,-0.1252130769243891,0.1639880985175766,3.1400010305802896e-15,0.1597014086691269,-0.730140035387533,24.57446245571499,17.608287104656252,0.623409452174975,2.589090909090909,1.0737431808185938,1.6761904761904762,0.43012573914159974,0.0,0.14285714285714285,0.38995459586850567,0.6896551724137931,47.94736842105263,0.7027787906965952,1.1990986436428006,,,,,1.1608222490931077,3.8089480048367594,3.73639661426844,1.1428571428571428,3.0,1.0
G5_A_Roll05,school_a,5,sentence_05_own_hindi,own_hindi,devanagari,data/processed/school_a/G5_A_Roll05/sentence_05_own_hindi.json,1.9843645869630928,0.0016052971520220023,0.00022423199909382265,6.612303297496661e-15,0.45584698950804303,4.839377398240522,19.388876692816762,31.636834042836348,0.3207088845145232,4.31924882629108,1.103653891308412,-1.3116036505867013,-4.050189831264607,0.46153846153846156,0.23076923076923078,0.4800143732129314,0.3390804597701149,,0.9010280792989326,,2.232712157061193,0.02601408365878744,0.8461538461538461,0.019479828144886007,1.0535714285714286,3.9069940476190474,2.590029761904762,,2.0,1.0
G5_A_Roll05,school_a,5,sentence_06_own_english,own_english,latin,data/processed/school_a/G5_A_Roll05/sentence_06_own_english.json,0.11942968212393736,-0.13826989486189478,0.19458471869374294,1.8695362718241476e-15,0.0661220677219494,-0.9585910207729925,19.75518242862931,14.567612374081653,0.5943697711920912,2.743484224965706,1.0599700394956402,0.932,0.6013563233994753,0.2,0.0,0.07873710589062693,0.5747126436781609,,0.6578783692602618,2.6531945450054737,,,,,0.9129213483146067,2.879213483146067,3.230337078651685,,2.0,1.0
G5_A_Roll06,school_a,5,sentence_01_copy_hindi,copy_hindi,devanagari,data/processed/school_a/G5_A_Roll06/sentence_01_copy_hindi.json,2.492961138287084,-0.01850913074763871,,9.873054754702284e-16,0.38403088971607,-1.8605864734799948,21.152058566265534,19.29889649300888,0.24700951527008427,2.772785622593068,1.0807932383184948,0.00512820512820511,2248.270112775606,0.38461538461538464,0.6153846153846154,0.5139905737505569,0.1744186046511628,35.23529411764706,0.7365308502240268,,1.6263515406193791,0.0664386965497747,1.5384615384615385,0.024475790047980412,0.4475806451612903,0.9314516129032258,1.2943548387096773,2.0,1.0,0.0
G5_A_Roll06,school_a,5,sentence_02_copy_english,copy_english,latin,data/processed/school_a/G5_A_Roll06/sentence_02_copy_english.json,0.9668142069889657,0.004536725025841093,0.006433951575512706,1.328250375184768e-15,0.21090499052390452,-8.127542262214781,20.699228372289653,20.560984383080175,0.46142912119136553,3.192771084337352,1.0673568242060396,-0.0021786492374725286,-2965.1325644904855,0.23529411764705882,0.29411764705882354,0.47973827189813567,0.313953488372093,33.770270270270274,0.5196926799709937,1.2753114595995239,,,,,0.09608540925266904,3.3469750889679717,2.3701067615658364,0.14285714285714285,2.0,0.0
G5_A_Roll06,school_a,5,sentence_04_dictated_english,dictated_english,latin,data/processed/school_a/G5_A_Roll06/sentence_04_dictated_english.json,,,,,,-4.476575675372228,22.785507209345017,16.644152935776884,0.5376972697503084,2.5235404896421847,1.0738896960634956,,,,,,0.4069767441860465,,,,,,,,0.2981260647359455,0.23850085178875638,0.19875070982396364,0.8571428571428571,1.0,0.0
G5_A_Roll06,school_a,5,sentence_05_own_hindi,own_hindi,devanagari,data/processed/school_a/G5_A_Roll06/sentence_05_own_hindi.json,2.3840795333877143,0.03748287179730308,,5.859510407743882e-16,0.3116823136998837,-1.1778849944793115,22.103333118919046,20.569256907440195,0.32604203477350563,2.9936974789915967,1.090325523878399,-2.2083333333333335,-3.5979187845088556,0.5,0.25,0.30526690991782435,0.1744186046511628,,0.5742464819007066,,2.8543222511761566,0.07173209813078558,1.4444444444444444,0.04299444949827327,0.1693548387096774,1.0161290322580645,1.2096774193548387,,1.0,0.0
G5_A_Roll06,school_a,0,sentence_06_custom,dictated_hindi,devanagari,data/processed/school_a/G5_A_Roll06/sentence_06_custom.json,,,,,,-0.14476135517436034,21.10681427776742,41.09793122609983,0.3198198388174019,1.5740740740740735,1.1388347759664346,,,,,,,,,,,,,,0.14103923647932132,0.0,0.0,0.3333333333333333,1.0,0.0
G5_A_Roll06,school_a,5,sentence_06_own_english,own_english,latin,data/processed/school_a/G5_A_Roll06/sentence_06_own_english.json,0.7717616368979822,0.0,,3.5295840324541436e-15,0.1679611037631611,-6.354075714058619,22.34015129295551,28.12672348521851,0.38119425493823833,3.8377926421404673,1.068810331875253,1.1714285714285713,8.597277475192852,0.2,0.6,0.40028399009612253,0.2441860465116279,,0.2910388850613559,1.7477179681179393,,,,,0.27937915742793795,0.8148558758314857,1.1407982261640799,,1.0,0.0
G5_A_Roll07,school_a,5,sentence_01_copy_hindi,copy_hindi,devanagari,data/processed/school_a/G5_A_Roll07/sentence_01_copy_hindi.json,0.5153043378284502,-0.03405149543466039,,1.6708856520608607e-15,0.32608281230314734,6.629606843370522,21.61426674188591,26.679014855160347,0.40786507261582083,1.7993079584775087,1.1106152215317067,0.05352363960749328,32.902237812744914,0.5789473684210527,0.05263157894736842,0.3929211275286057,0.6781609195402298,46.088235294117645,0.519031320735969,,2.163468777023333,0.016943533313043692,1.0,0.004900032572605539,0.3966386554621849,3.338375350140056,2.4789915966386555,2.857142857142857,1.0,1.0
G5_A_Roll07,school_a,5,sentence_02_copy_english,copy_english,latin,data/processed/school_a/G5_A_Roll07/sentence_02_copy_english.json,0.2827443516411195,0.013615033165129728,,-9.818534874028728e-16,0.12288408064797941,5.941652922081383,22.656697919522095,18.605335107220316,0.5227912538244777,2.850924918389554,1.073569877506131,1.7038327526132402,0.1341405219514988,0.0,0.0,0.17956447011535884,0.47126436781609193,17.10810810810811,0.4588553644228579,1.0912259625672793,,,,,0.3445378151260504,1.9983193277310924,1.5389355742296917,0.5714285714285714,1.0,1.0
G5_A_Roll07,school_a,5,sentence_03_dictated_hindi,dictated_hindi,devanagari,data/processed/school_a/G5_A_Roll07/sentence_03_dictated_hindi.json,1.961947040665173,-0.0015257895250221083,,-5.181040781584064e-16,0.30492084995110874,4.990755759219067,18.14665880083452,19.99038399368185,0.2680996579385962,3.118018455560952,1.090325523878399,0.39999999999999997,8.724413138738022,0.5,0.2857142857142857,0.29320992255230754,0.1724137931034483,37.642857142857146,0.6581222395979499,,1.60868982928543,0.07146794582627639,1.0,0.025077461416873673,0.10638297872340426,0.7092198581560284,0.9692671394799055,0.5,1.0,1.0
G5_A_Roll07,school_a,5,sentence_04_dictated_english,dictated_english,latin,data/processed/school_a/G5_A_Roll07/sentence_04_dictated_english.json,0.5422944504731263,-0.013133114674285785,,2.832225195111467e-15,0.20467583921969149,6.626967534010224,20.42718533450504,18.500209450967745,0.5695938865340963,2.804624962941002,1.0726236061702892,1.0476190476190477,1.6919840180555406,0.09090909090909091,0.18181818181818182,0.4581165839231309,0.4827586206896552,33.44736842105263,0.47269636234842566,1.3339904310957145,,,,,0.5596890616324265,2.238756246529706,1.9589117157134925,0.42857142857142855,1.0,1.0
G5_A_Roll07,school_a,5,sentence_05_own_hindi,own_hindi,devanagari,data/processed/school_a/G5_A_Roll07/sentence_05_own_hindi.json,2.596004331161516,0.047625660649105415,,3.6012859361278515e-15,0.34879762373823836,9.919773410537358,21.779985907171746,21.006134176355133,0.3217370169434193,3.70242214532872,1.0950818273657572,-0.15238095238095248,-64.94270311205098,0.42857142857142855,0.5714285714285714,0.32256471830278594,0.1724137931034483,,0.8398775050091258,,2.370582440353505,0.07251418266407186,1.0,0.012988132614966407,0.12048192771084339,0.9437751004016065,0.8232931726907631,,1.0,1.0
G5_A_Roll07,school_a,5,sentence_06_own_english,own_english,latin,data/processed/school_a/G5_A_Roll07/sentence_06_own_english.json,0.45336017423167,0.001402588341630726,,2.089994843856857e-15,0.120510779500298,8.83906790707451,20.873477506777494,22.175605328587917,0.4784696682380009,3.196480938416422,1.069847586942355,1.8181818181818181,0.858184992575308,0.25,0.5,0.34083912030651864,0.3793103448275862,,0.5665129024149864,1.4361219580449072,,,,,0.32963374028856823,1.611542730299667,1.6847946725860155,,1.0,1.0
G5_A_Roll08,school_a,5,sentence_01_copy_hindi,copy_hindi,devanagari,data/processed/school_a/G5_A_Roll08/sentence_01_copy_hindi.json,2.042535096694961,0.006329424169809691,,1.3248661427193535e-15,0.3096063282726396,15.818553966718822,19.74490118147561,19.17333451289976,0.2910297122752428,3.417207792207792,1.090325523878399,1.0523809523809524,4.680743249235671,0.42857142857142855,0.42857142857142855,0.3051168095742555,0.1744186046511628,36.88235294117647,0.5107033225208536,,1.846399908856818,0.07445567198026207,1.7142857142857142,0.025419823137539745,0.29900332225913623,0.9169435215946844,1.036544850498339,2.142857142857143,1.0,0.0
G5_A_Roll08,school_a,5,sentence_02_copy_english,copy_english,latin,data/processed/school_a/G5_A_Roll08/sentence_02_copy_english.json,0.9776049259707962,-0.0003051443129184737,0.0015687009271182584,-9.115515360080233e-16,0.23305810592053794,10.287723831610764,19.97938394493911,23.190984674553928,0.4916945285443567,3.664582884242294,1.0718195840317764,0.5084033613445378,8.290280438192061,0.29411764705882354,0.5294117647058824,0.5151788720599502,0.32558139534883723,34.472972972972975,0.8295292787977677,1.852714896301233,,,,,0.611764705882353,2.5725490196078433,2.8705882352941177,0.21428571428571427,2.0,0.0
G5_A_Roll08,school_a,5,sentence_03_dictated_hindi,dictated_hindi,devanagari,data/processed/school_a/G5_A_Roll08/sentence_03_dictated_hindi.json,0.7534751290193281,0.03466995665604021,,-2.6471880243406076e-15,0.2045901756604982,11.528185588170091,19.38223385895127,28.574224023898733,0.39068590854833857,3.415154749199573,1.1051028083468288,1.5338345864661653,1.018281329785523,0.14285714285714285,0.5714285714285714,0.3633199374709957,0.4418604651162791,41.75,,,,,,,0.09947643979057591,2.520069808027923,2.3542757417102966,0.3333333333333333,1.0,0.0
G5_A_Roll08,school_a,5,sentence_04_dictated_english,dictated_english,latin,data/processed/school_a/G5_A_Roll08/sentence_04_dictated_english.json,0.4893157613359851,0.05406915461549187,,4.7628567756419214e-15,0.15518625174414857,10.258265911985776,21.44948951272841,22.333865170263714,0.4572061969904233,3.011378671606244,1.075449581007614,2.020833333333333,0.23632353457966276,0.0,0.75,0.3177370180959788,0.4186046511627907,22.5,0.7592201620289918,1.0853550249035542,,,,,0.6984126984126984,1.3968253968253967,1.037037037037037,0.5714285714285714,1.0,0.0
G5_A_Roll08,school_a,5,sentence_05_own_hindi,own_hindi,devanagari,data/processed/school_a/G5_A_Roll08/sentence_05_own_hindi.json,2.137338565778689,0.01328703420748899,,4.543984236501534e-15,0.3013091326163643,14.760312982994087,17.99819875527888,21.175327857452793,0.28983078881415963,3.90625,1.096837920517296,-1.5333333333333339,-5.258030135647036,0.5,0.5,0.2605225518069405,0.1744186046511628,,0.5234960967104986,,2.7596385323053596,0.07672181268033902,2.0,0.02169061688351696,0.043731778425655975,0.7653061224489796,1.1588921282798834,,1.0,0.0
G5_A_Roll08,school_a,5,sentence_06_own_english,own_english,latin,data/processed/school_a/G5_A_Roll08/sentence_06_own_english.json,0.7280908883486938,0.0027144551541655472,,4.8456609095618814e-15,0.1673791606051559,10.039347608965883,19.295562608196256,29.065929305466895,0.36522544506356996,4.314789687924015,1.070814118870118,1.4260869565217391,1.2975059588556477,0.4,0.6,0.32519105086541855,0.26744186046511625,,0.4097282345755868,1.7593858584964366,,,,,0.15282392026578073,1.0315614617940199,1.681063122923588,,1.0,0.0
G5_A_Roll09,school_a,5,sentence_01_copy_hindi,copy_hindi,devanagari,data/processed/school_a/G5_A_Roll09/sentence_01_copy_hindi.json,0.0456852768266666,0.0009930126417170059,,-5.2804982608734e-16,0.030884186028352963,8.257902403336,21.299422349413977,23.41871873229338,0.37513771286226133,2.4624624624624634,1.0945314945344675,2.0625,0.35097392582536674,0.0,0.5,0.22180516419641255,0.6046511627906976,19.147058823529413,0.71371583011561,,1.0554190046129162,0.012248944854667496,0.2,2.629465161093561e-05,0.11479028697571744,1.664459161147903,1.1479028697571745,0.14285714285714285,1.0,0.0
G5_A_Roll09,school_a,5,sentence_02_copy_english,copy_english,latin,data/processed/school_a/G5_A_Roll09/sentence_02_copy_english.json,1.6237072602589604,-0.3043264281014025,0.6204013541435324,-2.868888235634379e-15,0.34455383909186355,4.6381438150440735,23.14063556678171,17.575666426265002,0.546523290698782,3.597232897770945,1.0745823409214572,0.17543859649122814,23.325777955759143,0.43333333333333335,0.3333333333333333,0.5613702428869313,0.5523255813953488,71.0945945945946,0.40127778620169097,1.3929945027319839,,,,,0.1629502572898799,7.441395082904516,5.105774728416238,0.14285714285714285,4.0,0.0
G5_A_Roll09,school_a,5,sentence_03_dictated_hindi,dictated_hindi,devanagari,data/processed/school_a/G5_A_Roll09/sentence_03_dictated_hindi.json,0.47455539668200786,-0.011521660006646842,,2.6402491304367004e-15,0.23272266701078792,10.80801488859375,20.61586990829539,24.775155417213973,0.2897463326951215,2.474849094567403,1.1424229380031248,1.0889487870619947,0.820216260257117,0.2857142857142857,0.14285714285714285,0.24970599293903456,0.6162790697674418,46.357142857142854,,,,,,,0.13901639344262295,4.066229508196721,3.8924590163934427,0.5,1.0,0.0
G5_A_Roll09,school_a,5,sentence_04_dictated_english,dictated_english,latin,data/processed/school_a/G5_A_Roll09/sentence_04_dictated_english.json,0.9804097937874442,0.00794701986754967,,3.941291737419306e-15,0.5140168313148888,4.345813105863973,21.14445387741787,17.496539952708765,0.4401834792237671,3.21941555225359,1.0739925171113793,1.4052287581699343,0.3671473650579701,0.0,0.0,0.5010382266960607,0.5930232558139535,16.236842105263158,1.175730467272151,1.6224829280929125,,,,,0.9543203082003303,1.6560264171711614,1.5718216840946617,0.2857142857142857,1.0,0.0
G5_A_Roll09,school_a,5,sentence_05_own_hindi,own_hindi,devanagari,data/processed/school_a/G5_A_Roll09/sentence_05_own_hindi.json,0.44852494668967174,0.01394857053458153,,1.1719020815487763e-15,0.27247179002432403,7.1546479880880876,23.582550658079846,27.49975302012018,0.3251549807162667,2.825,1.098777697336415,0.5882352941176471,2.6619075119157674,0.5882352941176471,0.23529411764705882,0.21213273054066115,0.6162790697674418,,0.9980590607374603,,2.645910803957185,0.016390545296875725,0.7333333333333333,0.11514322190197644,0.5084650112866818,2.7217832957110613,2.123589164785553,,1.0,0.0
G5_A_Roll09,school_a,5,sentence_06_own_english,own_english,latin,data/processed/school_a/G5_A_Roll09/sentence_06_own_english.json,0.21840709579956066,0.002924048691669903,,0.0,0.09356453283557987,3.907290808587839,23.647724885000905,16.24242608642845,0.5247665527725651,3.1861042183622814,1.103216351586786,4.619047619047619,0.16183330169159035,0.0,1.0,0.1759144102032186,0.6511627906976745,,0.31761246980083535,1.641212610882111,,,,,0.3530085959885387,1.4120343839541547,1.315759312320917,,1.0,0.0
G5_A_Roll10,school_a,5,sentence_01_copy_hindi,copy_hindi,devanagari,data/processed/school_a/G5_A_Roll10/sentence_01_copy_hindi.json,2.0240632032789434,-0.001687803300745743,,1.4318611655827386e-15,0.28943625453957544,12.574659569469562,22.078769915419986,21.491768062349394,0.29222992002737774,3.3706070287539935,1.1061992736545851,1.0083333333333333,7.577673887358514,0.5,0.4375,0.32197753575134824,0.17857142857142858,42.61764705882353,0.6689737124150299,,1.6986056961772986,0.06953312469440563,0.7647058823529411,0.020244981593330887,0.05042016806722689,0.6722689075630253,0.8571428571428571,2.4285714285714284,1.0,0.0
G5_A_Roll10,school_a,5,sentence_02_copy_english,copy_english,latin,data/processed/school_a/G5_A_Roll10/sentence_02_copy_english.json,1.6334001319582752,0.0028930598342281925,0.005027437187732905,1.0637136817016702e-15,0.2685576554096831,6.486827937424273,22.125270054506366,18.688012139973118,0.3142287853029833,3.064946424666521,1.0775478078522565,0.4660714285714286,9.45978873663805,0.42857142857142855,0.4,0.26455606952407534,0.19047619047619047,32.932432432432435,0.6293557073778848,1.6827488287151895,,,,,0.017927170868347338,1.2280112044817928,1.6851540616246499,0.07142857142857142,2.0,0.0
G5_A_Roll10,school_a,5,sentence_03_dictated_hindi,dictated_hindi,devanagari,data/processed/school_a/G5_A_Roll10/sentence_03_dictated_hindi.json,0.8211851578464265,-0.020742982184172858,,-2.3365148200065796e-15,0.26535013384858924,11.854791890355942,18.896264435367666,29.449442510517116,0.33500980783901885,4.677284157585917,1.0978745642358039,1.7551724137931033,0.8118622636676707,0.1,0.5,0.5167912027640669,0.34523809523809523,44.5,,,,,,,0.12174643157010914,2.3375314861460956,2.5323257766582703,0.3333333333333333,1.0,0.0
G5_A_Roll10,school_a,5,sentence_04_dictated_english,dictated_english,latin,data/processed/school_a/G5_A_Roll10/sentence_04_dictated_english.json,0.549613816043769,0.05402565086465435,,-5.440092820663267e-16,0.16831654296704152,5.663896879680165,23.676826987502363,25.095680243831037,0.3619199915839681,2.9060743912229063,1.077022308385917,1.956896551724138,0.6386500476120682,0.25,0.75,0.30534140200779286,0.34523809523809523,18.31578947368421,0.6008329145014955,1.3535255971938087,,,,,0.11098961180973209,0.983050847457627,0.7927829414980864,0.42857142857142855,1.0,0.0
G5_A_Roll10,school_a,5,sentence_05_own_hindi,own_hindi,devanagari,data/processed/school_a/G5_A_Roll10/sentence_05_own_hindi.json,0.06296960948568346,0.021040645619684457,,3.4694469519536144e-19,0.032686718843675654,11.513538665461553,22.86925639585574,29.036574295200637,0.47285168776113856,2.5373134328358202,1.080833212144355,2.8717948717948714,0.12263927248831262,0.0,1.0,0.23657441299668597,0.4642857142857143,,0.5915302595299111,,1.1073030789029716,0.01910109318569166,0.8,0.0001575089227210594,0.24572457245724574,1.1935193519351937,2.1062106210621065,,1.0,0.0
G5_A_Roll10,school_a,5,sentence_06_own_english,own_english,latin,data/processed/school_a/G5_A_Roll10/sentence_06_own_english.json,1.3545846178874195,0.0013398435961921255,,1.546382070013611e-15,0.22077398954755498,6.708815285935206,21.28941116147764,14.374347225873038,0.3361639311500145,2.579415501905972,1.068975151984175,3.3666666666666667,1.7428780113296045,0.3333333333333333,0.6666666666666666,0.20247173695132545,0.17857142857142858,,0.6234414403432151,2.1091604688038386,,,,,0.13313609467455623,0.6952662721893492,0.8284023668639054,,1.0,0.0
G5_A_Roll11,school_a,5,sentence_01_copy_hindi,copy_hindi,devanagari,data/processed/school_a/G5_A_Roll11/sentence_01_copy_hindi.json,1.4053234492922222,-0.010689838707966508,,4.3413340555315226e-15,0.22538884655002553,2.154839765410172,21.551592899250522,19.54853271175946,0.249753086301481,2.7214416615760535,1.1155154021518416,-0.23939393939393938,-33.990295230323845,0.4090909090909091,0.4090909090909091,0.30115240237363333,0.1744186046511628,47.529411764705884,0.9902968870572861,,1.9040459906999658,0.06423340402344718,0.4,0.028108752913149796,0.04290617848970252,0.6092677345537758,0.7637299771167049,3.2857142857142856,1.0,0.0
G5_A_Roll11,school_a,5,sentence_02_copy_english,copy_english,latin,data/processed/school_a/G5_A_Roll11/sentence_02_copy_english.json,1.0954871510882795,-0.0008551092205050532,0.0007055172669058334,1.093328326424339e-15,0.20471327403959685,-3.074363009235899,21.173695618964484,26.697823458221226,0.4139217768786202,3.757191033525094,1.0585649879151129,-0.18571428571428572,-58.34008639411989,0.2857142857142857,0.5238095238095238,0.28154795819405065,0.23255813953488372,35.391891891891895,0.4171453623311976,1.635543939902145,,,,,0.06722689075630252,1.680672268907563,1.6134453781512605,0.2857142857142857,2.0,0.0
G5_A_Roll11,school_a,5,sentence_03_dictated_hindi,dictated_hindi,devanagari,data/processed/school_a/G5_A_Roll11/sentence_03_dictated_hindi.json,0.4578085827428216,-0.0020988596209151385,,-1.3877787807814457e-15,0.09668729731330176,-1.6206802366178557,18.551291210543734,32.134024874468764,0.3672106223984705,3.5893416927899686,1.0881158016350427,0.91005291005291,3.1971738197881665,0.3333333333333333,0.3888888888888889,0.25220561218155163,0.2441860465116279,45.17857142857143,,,,,,,0.05665467625899281,1.170863309352518,1.9262589928057554,0.16666666666666666,1.0,0.0
G5_A_Roll11,school_a,5,sentence_04_dictated_english,dictated_english,latin,data/processed/school_a/G5_A_Roll11/sentence_04_dictated_english.json,0.7853980296586495,-0.0005250628465716498,,3.0194101187573455e-15,0.17012407718260936,-3.919877582781646,19.766121613962294,21.974780088032368,0.43451328034028736,3.1161731207289294,1.0652911099769329,0.7653846153846154,3.504515071285645,0.38461538461538464,0.3076923076923077,0.3485212835037976,0.23255813953488372,23.973684210526315,0.49671084984676117,1.9431840849801338,,,,,0.16587677725118483,0.4739336492890995,1.1374407582938388,0.42857142857142855,1.0,0.0
G5_A_Roll11,school_a,5,sentence_05_own_hindi,own_hindi,devanagari,data/processed/school_a/G5_A_Roll11/sentence_05_own_hindi.json,1.7205121879460323,0.00014202064673131807,,-9.992007221626409e-16,0.25766962166104407,-2.617216118567459,19.35714152162491,19.71495469789379,0.24844253396723331,2.638466220328667,1.0814453315043884,0.7333333333333331,8.091492755833722,0.4,0.4666666666666667,0.29390887760672707,0.1744186046511628,,0.42499763806011676,,2.148183446868172,0.07256920649110134,1.2,0.0030876100439096127,0.03821656050955414,1.089171974522293,0.7165605095541401,,1.0,0.0
G5_A_Roll11,school_a,5,sentence_06_own_english,own_english,latin,data/processed/school_a/G5_A_Roll11/sentence_06_own_english.json,0.6245117894576403,0.00023888542703118086,,1.919550377235427e-15,0.12076551315918595,-2.1195811156909077,20.47159168036542,25.05584485645188,0.36480471986059876,3.3633752244165174,1.0698029415123618,1.9421052631578946,1.180337016982456,0.1,0.4,0.1725680471662636,0.22093023255813954,,0.4586636361524768,1.8015040411468901,,,,,0.08667883211678833,0.5200729927007299,1.2135036496350364,,1.0,0.0
G5_A_Roll12,school_a,5,sentence_01_copy_hindi,copy_hindi,devanagari,data/processed/school_a/G5_A_Roll12/sentence_01_copy_hindi.json,0.4186640495641958,0.000823937116099713,,-2.6486749301771592e-15,0.2928579904683736,8.639736290067981,20.210085428908226,32.14094869093747,0.43501030771717264,2.1411764705882352,1.11217229495631,0.07692307692307698,25.50450940520125,0.6,0.1,0.2934618779620868,0.7558139534883721,46.05882352941177,0.8641072312180184,,2.4254502750252933,0.01601008618034915,0.55,0.043443254188531066,0.32645089285714285,3.0106026785714284,2.393973214285714,0.14285714285714285,1.0,0.0
G5_A_Roll12,school_a,5,sentence_02_copy_english,copy_english,latin,data/processed/school_a/G5_A_Roll12/sentence_02_copy_english.json,0.569001560716356,-0.01430044054154142,0.05250707592424367,3.3306690738754696e-16,0.21529864020618975,8.400303658452126,23.038656212719072,17.034496827090567,0.46177748979880257,3.081381308862593,1.0749852237583308,0.1474358974358974,22.28837711398627,0.5,0.34375,0.4025377711605514,0.45348837209302323,47.7972972972973,0.5082436384512786,1.5502257199177791,,,,,0.3547470153496305,3.8135304150085276,3.458783399658897,0.21428571428571427,4.0,0.0
G5_A_Roll12,school_a,5,sentence_03_dictated_hindi,dictated_hindi,devanagari,data/processed/school_a/G5_A_Roll12/sentence_03_dictated_hindi.json,0.7813020815973379,0.0,,2.3129646346357427e-15,0.22118283006258183,11.517063304473535,19.612118011879243,30.50632345044442,0.3199350305136835,4.374079528718706,1.1425236974961863,-0.34103260869565216,-15.04999103399505,0.34782608695652173,0.13043478260869565,0.5472300080846163,0.37209302325581395,60.464285714285715,,,,,,,0.10329244673983215,2.065848934796643,2.644286636539703,0.16666666666666666,1.0,0.0
G5_A_Roll12,school_a,5,sentence_04_dictated_english,dictated_english,latin,data/processed/school_a/G5_A_Roll12/sentence_04_dictated_english.json,0.040909824958795776,0.004126815977488584,,1.4735512193158544e-16,0.020068957747905004,0.43729336873337254,24.032493976809377,20.812595401123705,0.3795993213454571,3.16413662239089,1.074086520001364,0.830703012912482,1.1608480701415294,0.4117647058823529,0.23529411764705882,0.12009972213044569,0.47674418604651164,30.36842105263158,0.5873625210100234,2.0934225824799615,,,,,0.5866813428728673,1.3313153549807375,2.3467253714914693,1.0,1.0,0.0
G5_A_Roll12,school_a,5,sentence_05_own_hindi,own_hindi,devanagari,data/processed/school_a/G5_A_Roll12/sentence_05_own_hindi.json,0.6729630539003363,0.02030975178326487,,1.1657341758564144e-15,0.34237442525214523,11.851795124909478,18.728648041772377,27.452540118061254,0.3265274408840112,2.5761772853185594,1.08041878932947,0.20251572327044026,7.153701116210127,0.5333333333333333,0.13333333333333333,0.3865276185478105,0.6162790697674418,,0.5757216402953762,,2.508449013745434,0.02076621617901178,0.9333333333333333,0.06055717054269429,0.36833976833976834,2.905791505791506,2.7420849420849422,,1.0,0.0
G5_A_Roll12,school_a,5,sentence_06_own_english,own_english,latin,data/processed/school_a/G5_A_Roll12/sentence_06_own_english.json,0.026504122816047495,0.0012221517124190835,,-3.4573038876217765e-15,0.01090623758489936,1.4342308736993972,22.93976730105038,21.711908770196953,0.37729491827198647,3.478260869565216,1.0767840858613322,1.3995098039215685,1.0380424260931709,0.4166666666666667,0.3333333333333333,0.10709817096592483,0.3953488372093023,,0.5657112069903519,2.085140442850261,,,,,0.35519442832269293,1.677307022634939,1.3023795705165409,,1.0,0.0
G5_A_Roll13,school_a,5,sentence_01_copy_hindi,copy_hindi,devanagari,data/processed/school_a/G5_A_Roll13/sentence_01_copy_hindi.json,1.978713251360085,0.028647496988751863,,9.483155002006545e-16,0.2960486125268192,3.1819491061733713,21.807875508113373,21.120454002113306,0.2112967321073467,2.658862876254181,1.110726559153451,-4.333333333333334,-4.32520615508945,0.2727272727272727,0.36363636363636365,0.4044741107127647,0.17647058823529413,43.44117647058823,0.9150478111046801,,2.3256231142427835,0.07222107435749608,1.3636363636363635,0.013341084099654996,0.35617367706919945,0.9769335142469471,0.7835820895522388,1.7142857142857142,1.0,0.0
G5_A_Roll13,school_a,5,sentence_02_copy_english,copy_english,latin,data/processed/school_a/G5_A_Roll13/sentence_02_copy_english.json,0.7208612189986447,-0.0105337008908409,0.002455330160304185,-1.1761425167122752e-15,0.3235135885293346,-1.7996010783213312,23.32006417229878,23.825243213472277,0.5588222005901209,3.345724907063197,1.0778917653300086,-1.0627450980392152,-9.514603121175279,0.5,0.3333333333333333,0.6981886650428476,0.5,37.432432432432435,0.7744331479881543,1.2226399995837933,,,,,0.35484906872190114,4.749518304431599,2.402055234425177,0.21428571428571427,2.0,0.0
G5_A_Roll13,school_a,5,sentence_03_dictated_hindi,dictated_hindi,devanagari,data/processed/school_a/G5_A_Roll13/sentence_03_dictated_hindi.json,,,,,,2.798450615220215,19.70993991390372,30.046958703327487,0.3190819509837932,2.8969957081545075,1.12716705385078,,,,,,0.43529411764705883,,,,,,,,0.24457034938621341,3.1794145420207744,1.9915014164305949,0.3333333333333333,1.0,0.0
G5_A_Roll13,school_a,5,sentence_04_dictated_english,dictated_english,latin,data/processed/school_a/G5_A_Roll13/sentence_04_dictated_english.json,2.334853653671588,0.0011367465501772084,,-6.661338147750939e-16,0.2577222337968415,-4.28557721368225,21.947259129612814,16.69796112703847,0.29109534622494543,2.8167658382919147,1.0681743781488264,-3.961904761904762,-6.620660869448723,0.42857142857142855,0.2857142857142857,0.9217405076323149,0.17647058823529413,38.3421052631579,0.8192455822625967,1.601681538408449,,,,,0.08835078534031414,1.2467277486910995,0.5693717277486912,0.42857142857142855,1.0,0.0
G5_A_Roll13,school_a,5,sentence_05_own_hindi,own_hindi,devanagari,data/processed/school_a/G5_A_Roll13/sentence_05_own_hindi.json,0.6030644288143912,0.14419932572666624,,1.6653345369377348e-15,0.20365859160734304,0.9558591372877524,19.09361759863705,29.84091362002274,0.3593611415619213,2.449941107184923,1.0940498075277236,-1.0163265306122453,-7.222271228709691,0.14285714285714285,0.42857142857142855,0.42255645049625923,0.4117647058823529,,0.7851989926840229,,1.2887887566449392,0.01525183177408269,1.5,0.049743003329321966,0.22508038585209003,3.4137191854233655,1.6881028938906752,,1.0,0.0
G5_A_Roll13,school_a,5,sentence_06_own_english,own_english,latin,data/processed/school_a/G5_A_Roll13/sentence_06_own_english.json,,,,,,-0.5257678474797198,22.05179614557083,27.57671449833525,0.42729324380021855,3.5031402651779495,1.0717273820973443,,,,,,0.3411764705882353,,,,,,,,0.0981941309255079,2.422121896162528,0.9819413092550789,,1.0,0.0
G5_A_Roll14,school_a,5,sentence_01_copy_hindi,copy_hindi,devanagari,data/processed/school_a/G5_A_Roll14/sentence_01_copy_hindi.json,0.771105126325908,0.06591873264647431,,-1.0362081563168128e-15,0.3372506201591692,-4.883544133821924,19.581971995423288,28.185923117878847,0.4026420257207384,2.9623944742900994,1.0805021710371927,-0.004999999999999938,-435.0488478320621,0.4,0.2,0.5583396483336177,0.48484848484848486,16.823529411764707,0.8481939462468515,,2.0542879392303557,0.02124518191012867,0.8,0.09724476170468804,0.1137009664582149,0.5002842524161455,0.8868675383740762,0.42857142857142855,1.0,0.0
G5_A_Roll14,school_a,5,sentence_02_copy_english,copy_english,latin,data/processed/school_a/G5_A_Roll14/sentence_02_copy_english.json,0.37475757024912093,0.009667731966451244,,5.142351191331975e-15,0.23341914752454107,-3.2555993205826437,22.756519959455368,21.583727980332483,0.5602195405912711,3.713916415338218,1.0754495810076155,-1.6538461538461537,-3.4863430791620407,0.6,0.0,0.43753856972842975,0.6303030303030303,35.33783783783784,,,,,,,0.20392156862745095,1.9809523809523808,1.4274509803921567,0.07142857142857142,1.0,0.0
G5_A_Roll14,school_a,5,sentence_03_dictated_hindi,dictated_hindi,devanagari,data/processed/school_a/G5_A_Roll14/sentence_03_dictated_hindi.json,0.7208787688364636,-0.041889411006978766,,3.3834992888256725e-15,0.19272599741263283,-4.015840159062293,17.912444067052522,39.070457398620086,0.4265021859972586,5.003813882532416,1.0854960950602826,-0.46997929606625244,-22.57988258251749,0.38095238095238093,0.3333333333333333,0.5040843867836299,0.2787878787878788,62.0,0.9428090415820635,,,,,,0.0297349709114415,1.605688429217841,1.3975436328377504,0.3333333333333333,1.0,0.0
G5_A_Roll14,school_a,5,sentence_04_dictated_english,dictated_english,latin,data/processed/school_a/G5_A_Roll14/sentence_04_dictated_english.json,1.1583236659165688,-0.044776119402985065,,-6.420789825748822e-15,0.29316700093213854,-7.189193623125231,22.455919698092075,21.9838877373524,0.47124686890863005,3.4790365744870644,1.0846210541511727,-10.272727272727273,-2.161994627433205,0.5,0.5,0.9524704719832526,0.5333333333333333,31.605263157894736,1.5884396418711568,0.8971944341661191,,,,,0.3142857142857143,1.9582417582417582,1.2571428571428571,0.42857142857142855,1.0,0.0
G5_A_Roll14,school_a,5,sentence_05_own_hindi,own_hindi,devanagari,data/processed/school_a/G5_A_Roll14/sentence_05_own_hindi.json,0.8884036719307394,0.0890194244477622,,4.808653475407709e-15,0.5876968434662307,-3.4558755155136733,19.09867133879313,25.91993790217538,0.4028594346535812,2.6488095238095224,1.070064018994073,-0.335978835978836,-11.865143722824056,0.2857142857142857,0.2857142857142857,0.745001899723261,0.6545454545454545,,1.3411434821753234,,2.116916357764465,0.021010820501108588,1.7142857142857142,0.0007717968455475231,0.2905457340507302,3.1960030745580323,2.531898539584935,,1.0,0.0
G5_A_Roll14,school_a,5,sentence_06_own_english,own_english,latin,data/processed/school_a/G5_A_Roll14/sentence_06_own_english.json,1.9394360807653646,-0.014476069111816736,,-7.456156904016676e-16,0.27787797192558167,-5.7698550199712315,21.755792606518423,13.279062890160489,0.30141399576319755,2.7994011976047903,1.0661960572883065,-4.3,-4.754371697434431,0.2,0.3,0.47107729614580734,0.18181818181818182,,0.6575859234542687,1.5840191086766309,,,,,0.08970099667774087,0.7873754152823921,0.867109634551495,,1.0,0.0
G5_A_Roll15,school_a,5,sentence_01_copy_hindi,copy_hindi,devanagari,data/processed/school_a/G5_A_Roll15/sentence_01_copy_hindi.json,0.33444765196468873,0.00045837929235219857,,-2.295231905770202e-15,0.24296552211252814,-2.240367130746219,21.361627278579412,33.50040563747908,0.4824326626517384,2.2711471610660485,1.0855062261651112,-0.9601518026565465,-4.608649067936214,0.5882352941176471,0.058823529411764705,0.3002418815190508,0.7294117647058823,78.08823529411765,0.6297342926021094,,1.6956865353286885,0.015375728889472291,1.2,0.01003423077976009,0.1852958756724447,3.4465032875074715,2.2235505080693363,2.5714285714285716,1.0,0.0
G5_A_Roll15,school_a,5,sentence_02_copy_english,copy_english,latin,data/processed/school_a/G5_A_Roll15/sentence_02_copy_english.json,0.4134990087275902,0.005790356408554865,0.00033886779738211923,-2.0715752345846672e-15,0.1932257776448753,-2.167514465652374,23.581490093647254,20.48425156823208,0.45768472872283616,3.028105167724386,1.0795213124494527,-0.3369565217391305,-15.301780180633353,0.5,0.1,0.376574671368655,0.5411764705882353,46.12162162162162,0.4913095294038812,1.200050546665723,,,,,0.20616246498599441,4.303641456582634,3.1182072829131657,0.21428571428571427,2.0,0.0
G5_A_Roll15,school_a,5,sentence_03_dictated_hindi,dictated_hindi,devanagari,data/processed/school_a/G5_A_Roll15/sentence_03_dictated_hindi.json,0.5429847386013485,-0.00550861259211836,,0.0,0.25833439185913604,-6.389092685555299,19.597478572147107,27.096228385117012,0.3761412092463782,3.1086956521739126,1.0987232085264635,0.28896103896103903,22.02971389753556,0.14285714285714285,0.42857142857142855,0.7737103899857494,0.5176470588235295,58.392857142857146,0.9428090415820635,,,,,,0.21598877980364659,3.579242636746143,3.085553997194951,0.5,1.0,0.0
G5_A_Roll15,school_a,5,sentence_04_dictated_english,dictated_english,latin,data/processed/school_a/G5_A_Roll15/sentence_04_dictated_english.json,0.39384520068503126,0.005818934165225402,,6.114156799899969e-15,0.1179275899509601,-1.4849300788612316,22.650089614505283,26.48265020141953,0.447279850961796,3.582649472450176,1.0737886225206519,0.4770114942528736,7.923553309801943,0.5,0.3333333333333333,0.436791170834859,0.3411764705882353,30.657894736842106,0.6342839007983865,1.9545177204436917,,,,,0.20886426592797785,1.1407202216066483,0.7069252077562327,0.42857142857142855,1.0,0.0
G5_A_Roll15,school_a,5,sentence_05_own_hindi,own_hindi,devanagari,data/processed/school_a/G5_A_Roll15/sentence_05_own_hindi.json,0.4708867550521292,0.020785014853004245,,-6.730727086790012e-16,0.23857804384867656,-7.395746075378357,20.644745678280568,30.43313406040898,0.48130653837353243,2.882882882882882,1.0990769567899972,-1.1849056603773582,-3.81885038806918,0.6,0.06666666666666667,0.4045269978598209,0.6235294117647059,,0.5236382040232233,,1.9556028705753863,0.019401621717246943,1.0,0.018154253884123294,0.1249018067556952,2.3315003927729774,2.4980361351139044,,1.0,0.0
G5_A_Roll15,school_a,5,sentence_06_own_english,own_english,latin,data/processed/school_a/G5_A_Roll15/sentence_06_own_english.json,0.3042999735251421,0.006634036337544525,,-4.814204590530835e-15,0.08699021902989088,-3.4059581422253977,21.994519058788207,19.744508085663572,0.4959807753699459,3.3928571428571432,1.0779126142945032,2.25,0.6755241491508372,0.25,0.75,0.32834071921066543,0.4235294117647059,,0.5777754037932712,1.285702487265127,,,,,0.22659323367427223,1.6994492525570417,1.246262785208497,,1.0,0.0
G5_A_Roll16,school_a,5,sentence_01_copy_hindi,copy_hindi,devanagari,data/processed/school_a/G5_A_Roll16/sentence_01_copy_hindi.json,2.7275298548946636,0.0275149776144554,,1.6264767310758544e-15,0.32592401624913964,4.646435451832164,22.32665401246618,20.222171577275873,0.29559023773112447,3.0491329479768785,1.1215854444510371,-0.5578947368421053,-7.629230384894316,0.42105263157894735,0.3684210526315789,0.27109697027613044,0.1724137931034483,44.588235294117645,0.7773014301410474,,2.729488695709645,0.07059721184326771,0.85,0.04210720986392455,0.02073255010366275,0.8085694540428473,1.161022805805114,0.2857142857142857,1.0,0.0
G5_A_Roll16,school_a,5,sentence_02_copy_english,copy_english,latin,data/processed/school_a/G5_A_Roll16/sentence_02_copy_english.json,1.0401590446923874,0.00030499873390571843,0.0026125586953307804,4.697097411875662e-17,0.2690310752783383,-1.0635667993657483,20.9903223569771,23.527699455039144,0.42648807392799554,3.5304101838755306,1.0597635159314296,-0.08487654320987652,-26.80197674798844,0.4166666666666667,0.125,0.2731182395572071,0.3103448275862069,36.74324324324324,0.21601973991753315,1.1743991953990232,,,,,0.13957495692130958,2.0626076967260194,2.4813325674899485,0.14285714285714285,2.0,0.0
G5_A_Roll16,school_a,5,sentence_03_dictated_hindi,dictated_hindi,devanagari,data/processed/school_a/G5_A_Roll16/sentence_03_dictated_hindi.json,1.329039737340319,0.00538795864213316,,2.4245009292392885e-15,0.23116330229450147,3.841267660868875,17.43491923147876,18.503916298907185,0.24405191269741514,3.114441416893733,1.1008384610424913,0.8051282051282052,3.7704118498468056,0.15384615384615385,0.2692307692307692,0.25838594224692535,0.1724137931034483,49.82142857142857,,,,,,,0.02697841726618705,0.9847122302158272,2.036870503597122,0.3333333333333333,1.0,0.0
G5_A_Roll16,school_a,5,sentence_04_dictated_english,dictated_english,latin,data/processed/school_a/G5_A_Roll16/sentence_04_dictated_english.json,0.24331448951863582,0.039503406569240083,,5.2284565565940966e-15,0.12458044753472146,-0.7965396674025833,23.371333355421957,18.918686989381943,0.40941735787495553,2.613037447988904,1.0638648167583902,1.3768115942028984,0.1883740017702451,0.0,0.0,0.18827778221073582,0.5287356321839081,29.5,0.5762037165414767,1.6447224195032435,,,,,0.4527063969382176,1.0311645708037178,1.8862766539092402,0.8571428571428571,1.0,0.0
G5_A_Roll16,school_a,5,sentence_05_own_hindi,own_hindi,devanagari,data/processed/school_a/G5_A_Roll16/sentence_05_own_hindi.json,1.9757353304042937,0.011689091474775629,,-4.85722573273506e-16,0.30552486430842896,5.189274375853231,20.483991963852144,20.801893734101686,0.2995720344626169,3.181818181818182,1.0962604142426775,-1.102222222222222,-5.605961661865301,0.3333333333333333,0.3333333333333333,0.29115726873079073,0.1724137931034483,,0.7210411367698566,,2.653014378269136,0.0761551221980618,0.9333333333333333,0.022815883371086556,0.0827966881324747,1.0211591536338547,1.076356945722171,,1.0,0.0
G5_A_Roll16,school_a,5,sentence_06_own_english,own_english,latin,data/processed/school_a/G5_A_Roll16/sentence_06_own_english.json,0.09020503769317537,0.0019732746215618564,,-9.240973999085862e-16,0.04274998831859591,1.8118657187323213,21.96614347929821,16.579100710087395,0.4651536647602071,2.7375762859633825,1.0695957827577187,0.609375,1.1156032794797899,0.3125,0.0,0.3584408405138993,0.45977011494252873,,0.5221214568836022,2.0345830341053013,,,,,0.2750190985485103,1.4362108479755538,1.7723453017570663,,1.0,0.0
G6_A_Roll01,school_a,6,sentence_01_copy_hindi,copy_hindi,devanagari,data/processed/school_a/G6_A_Roll01/sentence_01_copy_hindi.json,2.970392607419613,-0.006589337444283391,,3.0680867203539275e-15,0.331482172544659,8.730332820448284,22.672845316067455,21.447946252540802,0.29524232998085265,3.501124859392576,1.1013791515284568,-1.3481481481481483,-7.631527815370777,0.5555555555555556,0.2777777777777778,0.5319188137202601,0.17857142857142858,52.911764705882355,0.39449597955227395,,1.416810088153645,0.06675685283645647,1.2105263157894737,0.04413441204742165,0.05184331797235023,0.6221198156682027,0.6394009216589862,0.2857142857142857,1.0,0.0
G6_A_Roll01,school_a,6,sentence_02_copy_english,copy_english,latin,data/processed/school_a/G6_A_Roll01/sentence_02_copy_english.json,0.6199445416816207,0.04034671931652837,0.05080502827354199,1.0571254017083013e-15,0.2058634173389892,6.915540783167567,21.761773825449122,16.139374931024644,0.514077649078918,2.9146005509641877,1.0733334059660418,1.7895622895622898,1.6849677768039495,0.1111111111111111,0.7777777777777778,0.4489972977071081,0.39285714285714285,57.432432432432435,0.6486617005062211,2.387080852502439,,,,,0.5577464788732395,3.8298591549295775,5.131267605633803,0.35714285714285715,5.0,0.0
G6_A_Roll01,school_a,6,sentence_03_dictated_hindi,dictated_hindi,devanagari,data/processed/school_a/G6_A_Roll01/sentence_03_dictated_hindi.json,1.3152876786634544,-0.004545729059864413,,-4.063416270128073e-15,0.22878601416753463,5.67328282310845,23.002082973272618,20.23964069022464,0.30276132281108536,2.881555686505598,1.0942050585394938,1.6491228070175439,2.6061787926002014,0.3684210526315789,0.47368421052631576,0.332369453877073,0.17857142857142858,41.67857142857143,0.7457402616081699,,1.6613419640366875,0.07085632820254632,0.85,0.024866333717079123,0.08823529411764706,0.5470588235294118,0.9,0.5,1.0,0.0
G6_A_Roll01,school_a,6,sentence_04_dictated_english,dictated_english,latin,data/processed/school_a/G6_A_Roll01/sentence_04_dictated_english.json,0.6558455020420542,-0.0031112825402520353,,1.1844691893969639e-14,0.21806078849433463,1.8224874954210313,22.589261551574715,23.393976246853878,0.43452061290289756,2.769874476987449,1.0667387782148117,2.2857142857142856,0.23652262523862372,0.0,0.5714285714285714,0.17996807309922794,0.39285714285714285,27.81578947368421,0.4298197548112554,1.8088275669794929,,,,,0.2043343653250774,1.2260061919504643,1.7777089783281734,1.1428571428571428,1.0,0.0
G6_A_Roll01,school_a,6,sentence_05_own_hindi,own_hindi,devanagari,data/processed/school_a/G6_A_Roll01/sentence_05_own_hindi.json,0.693606502294772,-0.0014730521162555743,,-6.517513801379044e-15,0.23623792871243637,6.348450681989214,22.14975842088134,31.997857411332824,0.3382104726696512,3.1792376317923767,1.0999139543672505,0.8308702791461412,2.1138690424012943,0.38095238095238093,0.23809523809523808,0.2922109524581442,0.34523809523809523,,0.4789652435205005,,1.3910472242319143,0.03430001995440436,0.65,0.0243163610677629,0.15354070152217075,1.0939774983454664,1.7657180675049635,,1.0,0.0
G6_A_Roll01,school_a,6,sentence_06_own_english,own_english,latin,data/processed/school_a/G6_A_Roll01/sentence_06_own_english.json,0.6200943922503778,0.009996873376774741,,-1.9349601286324155e-15,0.21140928401479403,6.386252089568559,21.40872214766867,22.74030653401375,0.40153570998965965,2.8627760252365926,1.0694933408959022,2.2696078431372553,0.29532981666214525,0.0,0.6666666666666666,0.2187853480222224,0.40476190476190477,,0.4059214864720364,2.0256498234231928,,,,,0.19665809768637532,1.2673521850899743,1.9665809768637532,,1.0,0.0
G6_A_Roll02,school_a,6,sentence_01_copy_hindi,copy_hindi,devanagari,data/processed/school_a/G6_A_Roll02/sentence_01_copy_hindi.json,1.7745495764643586,0.0040552135028064165,,6.26691681005516e-16,0.25740955735667653,10.211774060227366,21.305510365490395,20.54189409832042,0.2556719041515336,3.330914368650218,1.100754743512922,1.7259259259259259,2.41157194951964,0.3888888888888889,0.4444444444444444,0.26057091204199107,0.17543859649122806,25.470588235294116,0.4923165455969843,,1.6915117188279083,0.06709272540004589,1.1111111111111112,0.016044234985079727,0.11013215859030838,0.6718061674008811,1.1123348017621146,2.7142857142857144,1.0,0.0
G6_A_Roll02,school_a,6,sentence_02_copy_english,copy_english,latin,data/processed/school_a/G6_A_Roll02/sentence_02_copy_english.json,0.31108680822200585,0.006415171076843245,0.00891032556107381,1.5952517085082718e-15,0.08878373831172083,2.751063022058469,24.676373725984774,24.794566006949342,0.4375021768740283,2.767083734359961,1.1124313235365357,2.9411764705882355,0.1592323546517794,0.0,0.9411764705882353,0.24950567458249598,0.36257309941520466,37.28378378378378,0.38874337477338416,1.531796894265348,,,,,0.9219977553310886,3.3922558922558923,3.4270482603815937,1.4285714285714286,3.0,0.0
G6_A_Roll02,school_a,6,sentence_03_dictated_hindi,dictated_hindi,devanagari,data/processed/school_a/G6_A_Roll02/sentence_03_dictated_hindi.json,1.6489918014378824,0.0005894398935589123,,4.339121654576654e-15,0.2667031444171592,12.265101452669995,23.75721857379944,20.291677107311926,0.26575209430851754,3.077153110047847,1.0807932383184948,2.138095238095238,2.6264094656076975,0.35714285714285715,0.6428571428571429,0.3305704743612317,0.17543859649122806,42.42857142857143,0.5855843319536923,,2.0448824612652063,0.07563446962263955,1.6,0.02100245256735453,0.1259748050389922,0.47690461907618475,1.0347930413917217,2.5,1.0,0.0
G6_A_Roll02,school_a,6,sentence_04_dictated_english,dictated_english,latin,data/processed/school_a/G6_A_Roll02/sentence_04_dictated_english.json,0.4184362376046219,-0.024736024045538298,,3.9881292712706795e-15,0.1071932458294502,11.844183226145661,24.25394344189425,20.80842171959827,0.43554206284124863,2.480916030534351,1.0812485981145823,3.035714285714286,0.17880804886553722,0.0,0.8571428571428571,0.182301368759247,0.32748538011695905,24.894736842105264,0.37649635488364847,1.6416300883336126,,,,,0.392106938255888,0.9980903882877149,1.2297899427116488,1.1428571428571428,1.0,0.0
G6_A_Roll02,school_a,6,sentence_05_own_hindi,own_hindi,devanagari,data/processed/school_a/G6_A_Roll02/sentence_05_own_hindi.json,2.0736437882964447,0.010372393112302824,,-2.6612698972632427e-15,0.2699789647101309,12.619400130095418,22.91397989894241,20.156700869465684,0.2468901594623397,3.4169407894736845,1.0817871650860114,1.1083333333333334,4.541300270233317,0.4375,0.5,0.20540222079233605,0.17543859649122806,,0.6537622080810687,,1.726859538241942,0.06802150106148191,0.8823529411764706,0.04614266969036109,0.060926076360682375,0.7067424857839155,1.0479285134037368,,1.0,0.0
G6_A_Roll02,school_a,6,sentence_06_own_english,own_english,latin,data/processed/school_a/G6_A_Roll02/sentence_06_own_english.json,0.2550146344155654,0.005498898164906366,,1.263225635206311e-14,0.0603542011537649,12.954941632049163,24.397888337939822,20.361434966111958,0.43381345761941004,2.220577350111029,1.0820087396578413,3.142857142857143,0.1117109611585864,0.0,1.0,0.1334400518517854,0.4093567251461988,,0.3811862554288528,2.2478089979012794,,,,,0.6519607843137255,1.303921568627451,1.6470588235294117,,1.0,0.0
G6_A_Roll03,school_a,6,sentence_01_copy_hindi,copy_hindi,devanagari,data/processed/school_a/G6_A_Roll03/sentence_01_copy_hindi.json,3.5658414305743182,0.005627488262892185,,1.933638434555481e-15,0.5276185349399858,6.2493106877675455,18.860931382654364,19.75083170428037,0.2793949995527936,3.656429942418426,1.0915389837804017,-4.194202898550724,-5.050354174582245,0.5652173913043478,0.30434782608695654,0.5234818544467149,0.1744186046511628,90.47058823529412,0.8740627841261978,,1.6896119879922373,0.07170142499429003,1.1363636363636365,0.015149859881573337,0.06722689075630252,0.7563025210084033,1.0252100840336134,3.4285714285714284,1.0,0.0
G6_A_Roll03,school_a,6,sentence_02_copy_english,copy_english,latin,data/processed/school_a/G6_A_Roll03/sentence_02_copy_english.json,0.4911180114024809,-0.013548460336485324,0.019530256873938622,2.017392101325449e-15,0.2419225702693483,3.5683218842853495,22.605952044513707,16.043678374078603,0.5381964226587144,3.6985459758345294,1.074465051841584,0.8466981132075473,1.6688982920620261,0.125,0.0,0.3556638295756149,0.6162790697674418,55.63513513513514,0.7146098167707877,1.800220263510084,,,,,0.8907563025210085,5.403921568627451,7.4823529411764715,1.3571428571428572,3.0,0.0
G6_A_Roll03,school_a,6,sentence_03_dictated_hindi,dictated_hindi,devanagari,data/processed/school_a/G6_A_Roll03/sentence_03_dictated_hindi.json,0.36306743024955573,-0.012730599428725073,,-4.2272898144920155e-15,0.2059019476901412,8.492149895547632,19.537906162458032,25.25716487332566,0.2866683991318459,3.147077713551703,1.0950522512743783,0.3775510204081633,3.259195005183264,0.6428571428571429,0.07142857142857142,0.2594559199898619,0.5697674418604651,35.607142857142854,0.8035271656097981,,2.6787997626733646,0.021116785050213475,1.0,0.04820230666656774,0.4357976653696498,1.4163424124513617,1.470817120622568,0.3333333333333333,1.0,0.0
G6_A_Roll03,school_a,6,sentence_04_dictated_english,dictated_english,latin,data/processed/school_a/G6_A_Roll03/sentence_04_dictated_english.json,1.0260907017899756,-0.1053902955243466,0.13920296501956586,-9.985839315934047e-15,0.2544357705046968,5.995865019731617,20.786013982086555,17.81559755016131,0.47000191916587697,3.1462212486308867,1.0739335994061514,2.8787061994609173,0.3698948281344794,0.0,0.7142857142857143,0.20129317128668142,0.3081395348837209,35.0,0.6736674224065579,1.6869737148884136,,,,,0.25238095238095243,1.1728291316526611,2.5386554621848743,0.5714285714285714,2.0,0.0
G6_A_Roll03,school_a,6,sentence_05_own_hindi,own_hindi,devanagari,data/processed/school_a/G6_A_Roll03/sentence_05_own_hindi.json,2.950370453250252,-0.017201621817865758,,-7.804429617184077e-15,0.4119062481847933,8.353851637219593,20.66534075380194,20.27653145467216,0.3059529498273304,3.8440111420612815,1.0874685546002192,0.2629629629629629,10.211610998997058,0.6111111111111112,0.1111111111111111,0.35525365266357134,0.1744186046511628,,0.7570749725322972,,1.8807663167678925,0.06762294548750085,0.8235294117647058,0.029284656240335192,0.051457975986277875,0.7332761578044596,0.9391080617495712,,1.0,0.0
G6_A_Roll03,school_a,6,sentence_06_own_english,own_english,latin,data/processed/school_a/G6_A_Roll03/sentence_06_own_english.json,0.23834896021780244,-0.0013963743263106312,,6.342149028171207e-15,0.13647516136374502,8.418254849186175,20.81573930544638,17.31503787610933,0.5846096837147825,3.40880503144654,1.0731622307363882,0.897887323943662,0.35177731121897715,0.0,0.0,0.27970771841892367,0.8255813953488372,,0.8025234136418021,3.1340878772623504,,,,,1.2410779315367808,2.792425345957757,3.2061179898033503,,1.0,0.0
G6_A_Roll04,school_a,6,sentence_01_copy_hindi,copy_hindi,devanagari,data/processed/school_a/G6_A_Roll04/sentence_01_copy_hindi.json,0.49321946412928885,0.009461996962372227,,4.324026516961136e-16,0.2467272961216805,0.44717841855096946,19.533947245549896,34.71097913543623,0.5310675357278449,2.5190839694656475,1.0771291133145515,0.23582766439909308,10.615209397530899,0.5,0.2777777777777778,0.2893419043625546,0.5975609756097561,36.55882352941177,0.31645617426402234,,2.0999577956627795,0.02246096080543055,1.0526315789473684,0.020516803857499447,0.3217334208798424,2.4451739986868026,1.8338804990151019,0.2857142857142857,1.0,0.0
G6_A_Roll04,school_a,6,sentence_02_copy_english,copy_english,latin,data/processed/school_a/G6_A_Roll04/sentence_02_copy_english.json,0.5245034027669027,0.00023201516095487274,0.015172436440709527,1.5372318802502168e-15,0.1675932024495062,-6.092370903877617,21.83830810713267,26.4971156616281,0.4685025152886827,2.952630049404242,1.0887319192808254,1.7263427109974423,1.765222966430055,0.08695652173913043,0.6956521739130435,0.43208197576847723,0.4146341463414634,39.229729729729726,0.6495941651610962,1.4753287023595876,,,,,1.1060507482108004,5.884189980481458,3.8932986337020172,1.8571428571428572,3.0,0.0
G6_A_Roll04,school_a,6,sentence_03_dictated_hindi,dictated_hindi,devanagari,data/processed/school_a/G6_A_Roll04/sentence_03_dictated_hindi.json,1.4972418740871414,0.013566253798675222,,8.854028621385623e-15,0.24612840166399294,-0.16872957937791686,20.643828361605316,18.740178455574657,0.2693065650219771,2.479338842975207,1.0886601667934315,1.9137254901960783,1.847821162089005,0.35294117647058826,0.4117647058823529,0.3271703549780612,0.18292682926829268,32.142857142857146,0.5767337449740156,,1.908686149088611,0.06804351853321372,0.9411764705882353,0.027024912108506716,0.11636107193229901,0.8251057827926658,0.9732016925246827,3.0,1.0,0.0
G6_A_Roll04,school_a,6,sentence_04_dictated_english,dictated_english,latin,data/processed/school_a/G6_A_Roll04/sentence_04_dictated_english.json,0.40029400362889006,-0.011149123452557669,,7.949989872762282e-16,0.14381000644191066,-5.625340519940931,24.02567403938192,26.77612302916379,0.4095980509087775,2.864077669902912,1.0937768617661165,1.9166666666666667,0.10426504915928138,0.0,0.3333333333333333,0.16978081046558738,0.4146341463414634,21.894736842105264,0.4703080133688204,1.105392903904954,,,,,0.7597765363128491,2.306464485235435,1.9808459696727854,1.0,1.0,0.0
G6_A_Roll04,school_a,6,sentence_05_own_hindi,own_hindi,devanagari,data/processed/school_a/G6_A_Roll04/sentence_05_own_hindi.json,1.8698912901123685,0.013197015967622168,,-1.1083014847748438e-14,0.25968626180599763,2.3212939224244815,22.17212986318116,20.17448231996906,0.2598626423651337,2.844827586206897,1.140080947760569,0.6722222222222222,8.847689679055218,0.5,0.3333333333333333,0.3022801467030092,0.18292682926829268,,0.6725084160224327,,1.9660194396512245,0.0676240988058536,1.6153846153846154,0.042314381288841664,0.05555555555555555,1.0,0.9814814814814815,,1.0,0.0
G6_A_Roll04,school_a,6,sentence_06_own_english,own_english,latin,data/processed/school_a/G6_A_Roll04/sentence_06_own_english.json,0.3426146837333765,0.008398480557581101,,2.220446049250313e-15,0.10769365001788406,-10.15572815161601,21.322028020194423,28.637413398977053,0.4805436662987902,3.073005093378607,1.1024022082724687,2.1153846153846154,0.07033088963850181,0.0,0.75,0.2600238217712052,0.47560975609756095,,0.4682936536179706,1.34577712125684,,,,,0.5929824561403508,2.2350877192982455,1.550877192982456,,1.0,0.0
G6_A_Roll05,school_a,6,sentence_01_copy_hindi,copy_hindi,devanagari,data/processed/school_a/G6_A_Roll05/sentence_01_copy_hindi.json,2.1837650544934095,-0.20648360835142957,,3.918434204559376e-16,0.6678543019821381,5.53973408730301,19.383138900081104,26.172031754482887,0.39335316296353345,2.4344569288389506,1.0939127723130624,-2.217447916666667,-2.892030569141993,0.8125,0.0625,0.499452795924718,0.5647058823529412,100.79411764705883,0.6964089538570428,,1.8646740427887292,0.018297235265356978,1.125,0.011898959970662775,0.21892816419612315,2.2713797035347776,1.9703534777651084,2.4285714285714284,1.0,0.0
G6_A_Roll05,school_a,6,sentence_02_copy_english,copy_english,latin,data/processed/school_a/G6_A_Roll05/sentence_02_copy_english.json,1.0851750925776482,-0.0029040437836561905,0.05624918390202367,1.1595662701640524e-15,0.30634853953439267,5.021319795488631,21.226893331611095,16.247832102039165,0.5433254418575821,3.2412729566802216,1.0649658869696181,0.016897081413210353,478.9027531494706,0.49206349206349204,0.4126984126984127,0.6727475367823037,0.36470588235294116,166.5,0.739296640580835,1.9290229626694277,,,,,0.3473389355742297,7.849859943977592,7.95406162464986,0.2857142857142857,9.0,0.0
G6_A_Roll05,school_a,6,sentence_03_dictated_hindi,dictated_hindi,devanagari,data/processed/school_a/G6_A_Roll05/sentence_03_dictated_hindi.json,11.501949010697865,3.0526315789473686,,8.974302782386683e-16,0.16998676978743257,6.765450186260678,20.115063275621928,29.962230026131355,0.3949063340517841,3.4088200238379005,1.0823087264335707,1.0172413793103448,2.0374263186731034,0.5,0.5,0.64341950378038,0.3411764705882353,8.571428571428571,,,,,,,0.2095608671484158,0.11284046692607004,0.2740411339633129,0.5,1.0,0.0
G6_A_Roll05,school_a,6,sentence_04_dictated_english,dictated_english,latin,data/processed/school_a/G6_A_Roll05/sentence_04_dictated_english.json,2.0986774712125094,0.006925756839792573,,-3.6334571715005125e-16,0.31057182743518347,3.678051858040515,20.411686486550664,12.995234998804808,0.28937805035095393,2.3687732342007437,1.0680624544778818,1.3777777777777775,3.19264405573144,0.5238095238095238,0.2857142857142857,0.2916040372041382,0.17647058823529413,33.71052631578947,,,,,,,0.07389162561576355,0.7389162561576355,0.9698275862068966,0.5714285714285714,1.0,0.0
G6_A_Roll05,school_a,6,sentence_05_own_hindi,own_hindi,devanagari,data/processed/school_a/G6_A_Roll05/sentence_05_own_hindi.json,0.3697593593878545,-0.05915649930782942,,5.800915303666443e-15,0.12819609211547803,4.797719826069065,19.52193214485824,28.66763048349648,0.31431216044490234,3.1245500359971197,1.1130145710795585,3.583333333333333,0.16389437606097657,0.0,1.0,0.3819904602684124,0.4235294117647059,,,,,,,,0.07991120976692563,1.2586015538290787,1.5382907880133185,,1.0,0.0
G6_A_Roll05,school_a,6,sentence_06_own_english,own_english,latin,data/processed/school_a/G6_A_Roll05/sentence_06_own_english.json,,,,,,4.103555765354496,21.303455873194423,13.160365640534813,0.5166619051739774,2.2797018851380977,1.0672244043269528,,,,,,0.4235294117647059,,,,,,,,0.23090379008746356,0.25189504373177846,0.5037900874635569,,1.0,0.0
G6_A_Roll07,school_a,6,sentence_01_copy_hindi,copy_hindi,devanagari,data/processed/school_a/G6_A_Roll07/sentence_01_copy_hindi.json,1.7385131369917146,-0.0028235458393035227,,1.1003103190481463e-15,0.28326785818236067,6.4627206223110845,20.873369293710432,19.76647356197504,0.24064721828510569,3.459764223475141,1.093927635091623,-0.24615384615384622,-27.90928073936855,0.46153846153846156,0.3076923076923077,0.4622095663908019,0.17647058823529413,49.705882352941174,0.6840259428478689,,1.6758695822543241,0.07002073599313835,1.2307692307692308,0.00749077422678919,0.07563025210084033,0.7563025210084033,0.6386554621848739,2.0,1.0,0.0
G6_A_Roll07,school_a,6,sentence_02_copy_english,copy_english,latin,data/processed/school_a/G6_A_Roll07/sentence_02_copy_english.json,0.795309447396407,0.003060803052693157,0.039780009542235394,3.0146567972878873e-15,0.26395554226797907,-0.31953935245654935,22.037459770241323,17.302588573454948,0.40883126677793175,3.0862397667376924,1.0805010168190816,-0.42074592074592065,-11.48011600210202,0.5256410256410257,0.23076923076923078,0.4774026116269022,0.38823529411764707,106.22972972972973,0.4446476023319351,1.881806058887269,,,,,1.1335180055401661,6.124653739612189,6.2891966759002775,0.42857142857142855,5.0,0.0
G6_A_Roll07,school_a,6,sentence_03_dictated_hindi,dictated_hindi,devanagari,data/processed/school_a/G6_A_Roll07/sentence_03_dictated_hindi.json,0.9328844328029584,0.02823273066675291,,2.6892068818698235e-15,0.3520929711366231,7.074142883746326,22.216600732184776,25.033082357412788,0.3050774819321447,2.9145152036718303,1.0821350770631444,-1.1677631578947367,-3.22499800363425,0.75,0.25,0.3866832370057564,0.4470588235294118,32.57142857142857,0.6548783193538462,,2.1524073436839353,0.03869585216817706,1.3333333333333333,0.0013271681882598733,0.3541666666666667,0.5416666666666666,0.9583333333333334,0.6666666666666666,1.0,0.0
G6_A_Roll07,school_a,6,sentence_04_dictated_english,dictated_english,latin,data/processed/school_a/G6_A_Roll07/sentence_04_dictated_english.json,0.46859581474392287,-0.000627427971986325,,-9.631184738623233e-15,0.17313415007229233,-1.9264078538781622,21.702141073597048,16.680843021202715,0.3651326431724562,2.892697816388823,1.0715047050685782,0.24025974025974023,10.953771204782637,0.6428571428571429,0.21428571428571427,0.3684174276721012,0.38823529411764707,40.55263157894737,0.5658614851059488,1.658176972129748,,,,,0.3178470254957507,1.2526912181303116,1.364872521246459,2.142857142857143,1.0,0.0
G6_A_Roll07,school_a,6,sentence_05_own_hindi,own_hindi,devanagari,data/processed/school_a/G6_A_Roll07/sentence_05_own_hindi.json,1.645877925380528,-0.011247047049419926,,-2.834334074631282e-15,0.27151114757633404,4.875899102373345,21.212785607310355,19.499889457037224,0.260207753906876,3.3419188667095945,1.110726559153451,1.4249999999999998,3.5173436559412523,0.3125,0.25,0.2106428285551473,0.17647058823529413,,0.7280094652281037,,2.553855370585247,0.07641989839569556,0.47058823529411764,0.05008802609132779,0.04024144869215292,0.663983903420523,0.744466800804829,,1.0,0.0
G6_A_Roll07,school_a,6,sentence_06_own_english,own_english,latin,data/processed/school_a/G6_A_Roll07/sentence_06_own_english.json,0.49029049782874584,-0.007035359150853426,,4.232725281383409e-15,0.22173717612311067,1.7367751054358105,22.286028709091866,15.862506910450934,0.47207895028835434,2.6382978723404253,1.0683543365995958,0.9767891682785298,1.2639466062413696,0.5454545454545454,0.36363636363636365,0.3350238595847178,0.5529411764705883,,0.30118517323531824,1.8014545182493962,,,,,0.8737412858249419,1.1649883810999224,1.7474825716498839,,1.0,0.0
G6_A_Roll08,school_a,6,sentence_01_copy_hindi,copy_hindi,devanagari,data/processed/school_a/G6_A_Roll08/sentence_01_copy_hindi.json,,,,,,-0.22977879545960303,20.995121637215828,25.05793345725504,0.31649855040260916,3.3368532206969377,1.0933770619389231,,,,,,0.4,,,,,,,,0.16630434782608697,0.5358695652173913,0.25869565217391305,0.2857142857142857,1.0,0.0
G6_A_Roll08,school_a,6,sentence_02_copy_english,copy_english,latin,data/processed/school_a/G6_A_Roll08/sentence_02_copy_english.json,1.0702187866431017,-0.0005470966258104698,0.011829483011302357,1.2142185990837155e-15,0.27899722353420586,-0.10941651892188711,21.748864274919132,17.775398305331265,0.3873634618985654,3.2182972489011887,1.0818824031030085,-0.02682648401826474,-162.85183136188184,0.4246575342465753,0.2602739726027397,0.614282298653266,0.2823529411764706,114.37837837837837,0.5678219895888359,4.591636186350139,,,,,0.5391780821917808,5.063013698630137,6.496438356164383,0.42857142857142855,6.0,0.0
G6_A_Roll08,school_a,6,sentence_03_dictated_hindi,dictated_hindi,devanagari,data/processed/school_a/G6_A_Roll08/sentence_03_dictated_hindi.json,,,,,,5.808036626202331,20.193095965983467,23.964013048322,0.39091580974674045,2.5382932166301972,1.086719626035697,,,,,,0.6470588235294118,,,,,,,,0.5342687533729088,0.0,0.059363194819212095,0.5,1.0,0.0
G6_A_Roll08,school_a,6,sentence_04_dictated_english,dictated_english,latin,data/processed/school_a/G6_A_Roll08/sentence_04_dictated_english.json,0.4542188151369756,-0.02945767016384551,,3.822339270495182e-15,0.17349004043587052,1.8416575492417135,22.412707086932137,17.035184714951253,0.4268250820221261,2.8776214494292542,1.0680624544778832,1.4666666666666668,0.658816557319522,0.16666666666666666,0.3333333333333333,0.3679399023528273,0.47058823529411764,36.921052631578945,0.8048598878331379,1.6208020068852729,,,,,0.5114544485881727,1.3851891315929676,2.557272242940863,0.5714285714285714,1.0,0.0
G6_A_Roll08,school_a,6,sentence_05_own_hindi,own_hindi,devanagari,data/processed/school_a/G6_A_Roll08/sentence_05_own_hindi.json,0.1755189963782481,0.0007650069185277476,,-4.679416576447437e-15,0.10292776124970143,3.5989720607416262,19.579006980692068,23.691829627455945,0.30769291859790415,2.724703222159412,1.0924391974830114,0.7685714285714286,0.8272551884372721,0.42857142857142855,0.0,0.2773051980176583,0.5882352941176471,,1.0425443353674877,,1.1772023498693651,0.01377720876614434,0.125,0.00048789769039457267,0.4319654427645788,3.077753779697624,2.7807775377969763,,1.0,0.0
G6_A_Roll08,school_a,6,sentence_06_own_english,own_english,latin,data/processed/school_a/G6_A_Roll08/sentence_06_own_english.json,0.449644724616854,0.006042690195539991,,-3.82035672937978e-15,0.1558307625477197,3.089538416354811,23.9099951916072,16.39633522752264,0.45045901157473367,2.740693196405648,1.0702245614044017,0.9007936507936508,1.4736877927080352,0.3333333333333333,0.16666666666666666,0.4853183130768492,0.49411764705882355,,0.7340053350639757,1.6430266302903758,,,,,0.2551640340218712,2.1688942891859053,1.9902794653705955,,1.0,0.0
G6_A_Roll09,school_a,6,sentence_01_copy_hindi,copy_hindi,devanagari,data/processed/school_a/G6_A_Roll09/sentence_01_copy_hindi.json,2.418884455379065,-0.006749058650842267,,3.780045060033271e-16,0.3726697493492773,6.696654199024167,20.85123230963132,19.521988221784646,0.3282392877486246,3.7938311688311686,1.081851939055441,-0.49333333333333346,-12.851598524590969,0.5,0.3,0.2654874557721387,0.1744186046511628,55.35294117647059,0.8247501948570377,,2.4324809672864394,0.0771414835388159,0.9047619047619048,0.028966462293012345,0.09248878923766816,0.6978699551569506,0.9753363228699551,0.5714285714285714,1.0,0.0
G6_A_Roll09,school_a,6,sentence_02_copy_english,copy_english,latin,data/processed/school_a/G6_A_Roll09/sentence_02_copy_english.json,2.962768178219491,0.00207789457649801,0.010424367070954007,1.171689298307428e-16,0.3801943684825753,-6.417422457583029,22.052249026862782,12.691449531342041,0.2735393170337693,2.77507809788268,1.0722202330097772,-0.23157894736842108,-21.402671694860715,0.5131578947368421,0.3026315789473684,0.606310110670045,0.1744186046511628,134.21621621621622,0.7149488205714164,2.2565626810229507,,,,,0.2742382271468144,3.4487534626038783,4.520775623268698,0.5,7.0,0.0
G6_A_Roll09,school_a,6,sentence_03_dictated_hindi,dictated_hindi,devanagari,data/processed/school_a/G6_A_Roll09/sentence_03_dictated_hindi.json,0.6727171196744964,-0.046822742474916385,,3.5203321739156004e-15,0.12586973981829597,2.845694708867257,20.280048812944678,24.775021161900543,0.2770724468649733,2.111706197398623,1.1040546062769694,3.1574074074074074,0.49352320798357285,0.0,1.0,0.30991304345967174,0.627906976744186,8.857142857142858,0.9001740842040713,,1.675452401047723,0.019237428676121368,1.6666666666666667,0.05226737519320684,0.17950138504155125,0.44875346260387816,0.5385041551246538,0.6666666666666666,1.0,0.0
G6_A_Roll09,school_a,6,sentence_04_dictated_english,dictated_english,latin,data/processed/school_a/G6_A_Roll09/sentence_04_dictated_english.json,,,,,,-3.3936307268241515,19.92783861134357,18.501750201456556,0.4424637532073784,3.1374579342479936,1.0726168615199274,,,,,,0.4883720930232558,,,,,,,,0.3257617728531856,1.8847645429362883,1.8382271468144045,0.5714285714285714,1.0,0.0
G6_A_Roll09,school_a,6,sentence_05_own_hindi,own_hindi,devanagari,data/processed/school_a/G6_A_Roll09/sentence_05_own_hindi.json,1.9580109228723512,-0.008196059217314733,,3.528042056031053e-15,0.33371084086049835,2.1340027905982297,21.107374343170687,19.61819152325414,0.31067453595476596,3.6305732484076434,1.1008416472288818,0.12941176470588253,37.05711844636879,0.5882352941176471,0.23529411764705882,0.29681736192646374,0.1744186046511628,,0.3175446138680868,,2.1249966657801003,0.0738399029553238,1.1875,0.017081138766084338,0.1279317697228145,0.5863539445628998,0.9488272921108742,,1.0,0.0
G6_A_Roll09,school_a,6,sentence_06_own_english,own_english,latin,data/processed/school_a/G6_A_Roll09/sentence_06_own_english.json,0.4811742535119741,-0.03742555018938061,,1.6313339568085894e-14,0.2375071179694122,-8.316100951072,20.71233067384459,16.7447986894331,0.47383202891865595,3.377693282636248,1.0578141815831341,2.213636363636364,0.28383959136630627,0.0,0.6,0.2789030415875281,0.5116279069767442,,0.7969453444827942,1.1811567279853152,,,,,0.2218487394957983,1.873389355742297,2.169187675070028,,1.0,0.0
G6_A_Roll10,school_a,6,sentence_01_copy_hindi,copy_hindi,devanagari,data/processed/school_a/G6_A_Roll10/sentence_01_copy_hindi.json,0.4515838195410036,-0.008178789842923565,,1.6891250303225595e-15,0.20314080893995665,3.743661098333638,20.267719031683747,27.589488456592772,0.3353004240272853,2.7106227106227103,1.0991263554996498,2.003623188405797,0.32137840003371004,0.0,0.5,0.21887230849854408,0.5317919075144508,35.35294117647059,0.7771394875532536,,1.1200084584784784,0.014404513939989505,0.2857142857142857,8.491631769692993e-05,0.1288515406162465,2.4481792717086837,1.7781512605042018,1.0,1.0,0.0
G6_A_Roll10,school_a,6,sentence_02_copy_english,copy_english,latin,data/processed/school_a/G6_A_Roll10/sentence_02_copy_english.json,0.5032421930637679,-0.00021936129969905225,0.0016280043273724334,-4.956352788505163e-16,0.1793454035498967,3.107375205953388,22.309093583698083,15.849740668798596,0.5296144718658723,2.4589394650398875,1.0740170116727636,1.0426758938869665,2.360636323661952,0.4117647058823529,0.45098039215686275,0.3686850026634534,0.3930635838150289,63.189189189189186,0.3912841747911548,1.5354693700519402,,,,,1.1333333333333333,4.830601092896175,5.778142076502733,0.14285714285714285,5.0,0.0
G6_A_Roll10,school_a,6,sentence_03_dictated_hindi,dictated_hindi,devanagari,data/processed/school_a/G6_A_Roll10/sentence_03_dictated_hindi.json,1.9200483618693418,0.2828282828282827,,1.3183898417423734e-15,0.2906759792094943,4.349732853546293,22.534005332960962,24.860171172023602,0.3248366949398429,3.0708742886704603,1.1132502721793458,0.3333333333333333,10.69626833292808,0.6666666666666666,0.3333333333333333,0.283128021141052,0.18497109826589594,3.857142857142857,0.2719641466102106,,1.7327134454465027,0.07368138801201296,0.25,0.008714955325353367,0.07021393307734504,0.026330224904004388,0.09654415798134942,0.6666666666666666,1.0,0.0
G6_A_Roll10,school_a,6,sentence_04_dictated_english,dictated_english,latin,data/processed/school_a/G6_A_Roll10/sentence_04_dictated_english.json,0.6030029962251773,-0.009141654566798385,,1.2486539580081057e-14,0.17861708116390326,1.5701861103018735,22.169242696464764,23.323050646630097,0.4415416217702379,2.857142857142857,1.0697108105289694,2.7571428571428567,0.4176216754378278,0.0,0.8571428571428571,0.18792940248258205,0.3468208092485549,26.763157894736842,0.5053213692571678,1.684129443660305,,,,,0.23985239852398524,1.1808118081180812,1.107011070110701,1.1428571428571428,1.0,0.0
G6_A_Roll10,school_a,6,sentence_05_own_hindi,own_hindi,devanagari,data/processed/school_a/G6_A_Roll10/sentence_05_own_hindi.json,1.4854537960382928,-0.00895695920170234,,-4.307665335545607e-15,0.23519511838544577,4.399693988201015,21.082362165746215,20.893393301885997,0.25276732929949985,3.0955088118249003,1.1002839187854314,0.8916666666666666,4.318184435589988,0.375,0.25,0.2685625677729971,0.17341040462427745,,0.4859764555049436,,2.2595573874180293,0.07395861639112325,0.76,0.013941917086252057,0.02574370709382151,0.7723112128146453,0.8409610983981693,,1.0,0.0
G6_A_Roll10,school_a,6,sentence_06_own_english,own_english,latin,data/processed/school_a/G6_A_Roll10/sentence_06_own_english.json,0.2144969260129723,-0.01913289522331287,,9.856698790500218e-15,0.08827415375009345,2.308991590136058,20.94238768583136,15.6736699007065,0.5574617441993106,2.169472812586254,1.0763803506822576,2.023166023166023,0.4977783129460571,0.14285714285714285,0.5714285714285714,0.17240736195824538,0.4277456647398844,,0.4262916868586288,2.35368977803905,,,,,0.8272778088317495,1.0961430967020682,1.4477361654555616,,1.0,0.0
G6_A_Roll11,school_a,6,sentence_01_copy_hindi,copy_hindi,devanagari,data/processed/school_a/G6_A_Roll11/sentence_01_copy_hindi.json,2.411836897193515,0.00153261213790804,,1.9323167404785463e-15,0.3512944861542929,2.3129222297513397,21.84551929378973,17.853464135205357,0.28947280867437875,3.275726630007856,1.0779037724321063,1.3866666666666667,2.469872578564417,0.4,0.4,0.18313499443183168,0.17857142857142858,38.1764705882353,0.7342394577045337,,1.8613141275001452,0.07654088107869998,0.8095238095238095,0.03438272549685742,0.1978211009174312,0.5418577981651376,0.9375,3.0,1.0,0.0
G6_A_Roll11,school_a,6,sentence_02_copy_english,copy_english,latin,data/processed/school_a/G6_A_Roll11/sentence_02_copy_english.json,1.3708065789777475,0.0016554705317799673,0.03260767000237164,2.0657775744456634e-15,0.3632790739574024,-1.7006395164784314,21.862839970320444,16.674793688101936,0.4394030992266066,3.003208556149733,1.0727255419100385,-0.3840354767184036,-11.123335215058994,0.5772357723577236,0.18699186991869918,0.5475522128548572,0.3273809523809524,149.94594594594594,0.6285505905976695,2.3232753957863093,,,,,0.7703081232492998,5.931372549019608,8.796918767507004,0.5,8.0,0.0
G6_A_Roll11,school_a,6,sentence_03_dictated_hindi,dictated_hindi,devanagari,data/processed/school_a/G6_A_Roll11/sentence_03_dictated_hindi.json,1.0199842429535229,-0.01107309137824648,,-1.0880185641326535e-15,0.16888505594903358,3.914777402737792,22.567391826706537,18.500353617072054,0.3166678361575742,3.358707760861493,1.0781808667321195,0.23333333333333328,6.641448903470913,0.5,0.25,0.35443016095563046,0.17857142857142858,10.785714285714286,,,,,,,0.19933554817275748,0.11627906976744186,0.18272425249169436,1.1666666666666667,1.0,0.0
G6_A_Roll11,school_a,6,sentence_04_dictated_english,dictated_english,latin,data/processed/school_a/G6_A_Roll11/sentence_04_dictated_english.json,3.3789163217415856,-0.008637269068863543,,4.0592529337857286e-15,0.23157317935164798,-4.285533152437873,22.454202436881804,11.192937478114233,0.2755431686382764,2.3000912131346913,1.0588121289122698,6.155555555555555,0.12173079639052252,0.0,1.0,0.5752537001345095,0.17857142857142858,38.6578947368421,0.420560041253707,2.2777777777777777,,,,,0.2027027027027027,0.5574324324324325,0.7432432432432432,0.8571428571428571,1.0,0.0
G6_A_Roll11,school_a,6,sentence_05_own_hindi,own_hindi,devanagari,data/processed/school_a/G6_A_Roll11/sentence_05_own_hindi.json,,,,,,0.7586295755052944,20.185307236731102,21.98253059667267,0.41201893942023515,3.1920199501246884,1.0802716921177395,,,,,,0.5119047619047619,,,,,,,,0.2770221904080172,0.15390121689334285,0.2770221904080172,,1.0,0.0
G6_A_Roll11,school_a,6,sentence_06_own_english,own_english,latin,data/processed/school_a/G6_A_Roll11/sentence_06_own_english.json,1.1081277370467058,-8.591696077688974e-05,,8.957311388339935e-15,0.17175473764936086,-0.9249680846148715,22.7385843354318,11.771879210036097,0.27378062377497236,2.364793213149523,1.0772986702260683,-1.1222222222222225,-12.971605186159332,0.4166666666666667,0.4166666666666667,0.4916724565620209,0.17857142857142858,,0.725663651030016,2.4249313535398014,,,,,0.0949367088607595,0.5063291139240507,0.7911392405063291,,1.0,0.0
G6_A_Roll12,school_a,6,sentence_01_copy_hindi,copy_hindi,devanagari,data/processed/school_a/G6_A_Roll12/sentence_01_copy_hindi.json,2.413678286375502,0.000644864069205453,,1.0241807402167069e-15,0.38360831039734733,-4.490030426648797,21.212926865452594,19.034080475072543,0.2839648811411021,3.5849909584086803,1.081676187408662,-1.0526315789473684,-5.438173826561747,0.47368421052631576,0.3157894736842105,0.3390825453861644,0.1744186046511628,55.94117647058823,0.9254633471410906,,2.164260617439481,0.08636687317651442,1.263157894736842,0.007059517151503682,0.1132404181184669,0.7578397212543554,0.9668989547038328,1.1428571428571428,1.0,0.0
G6_A_Roll12,school_a,6,sentence_02_copy_english,copy_english,latin,data/processed/school_a/G6_A_Roll12/sentence_02_copy_english.json,0.6325943884697852,0.036854045307656576,0.07991867225357266,8.546518828178804e-17,0.2815492014094638,-4.921195930180243,21.99527705800203,17.14658942984554,0.469538020141059,2.9099706238119905,1.0726980556257832,0.162197175799974,16.921692302491643,0.5268817204301075,0.13978494623655913,0.5930736713410643,0.48255813953488375,122.45945945945945,0.6635923540322883,1.9761579707403123,,,,,1.179108635097493,8.600557103064066,10.450139275766016,0.6428571428571429,8.0,0.0
G6_A_Roll12,school_a,6,sentence_03_dictated_hindi,dictated_hindi,devanagari,data/processed/school_a/G6_A_Roll12/sentence_03_dictated_hindi.json,1.417646112525221,-0.003981743986433932,,-1.3112196513750026e-14,0.3470744495197532,-4.655245810738763,23.33278486981354,32.25311404938847,0.3303976334897865,4.436650591845682,1.120975306407662,0.1843478260869565,12.77423096435314,0.6086956521739131,0.17391304347826086,0.3561789961405295,0.29069767441860467,55.642857142857146,,,,,,,0.15895953757225434,0.8815028901734103,1.416184971098266,1.5,1.0,0.0
G6_A_Roll12,school_a,6,sentence_04_dictated_english,dictated_english,latin,data/processed/school_a/G6_A_Roll12/sentence_04_dictated_english.json,1.3899592331525983,-0.12382491154897478,,3.778723365956336e-15,0.22807980368159206,-2.010342721231221,24.404639237931594,12.021645172439877,0.280384649417405,2.427565508484359,1.0615362370123964,-0.37777777777777777,-1.9923730004721456,0.8333333333333334,0.0,0.3963175422842284,0.1744186046511628,8.31578947368421,0.6940090600375042,1.907775571692889,,,,,0.13448894202032277,0.08069336521219367,0.2958756724447101,0.2857142857142857,1.0,0.0
G6_A_Roll12,school_a,6,sentence_05_own_hindi,own_hindi,devanagari,data/processed/school_a/G6_A_Roll12/sentence_05_own_hindi.json,2.5239978902464757,0.014826523956215566,,-2.886579864025407e-15,0.36189095038362407,0.37595327630483455,21.455430663564073,19.554487182943213,0.21728914142268854,3.7106768350810295,1.114455737439885,-1.1809523809523812,-6.597745708886173,0.42857142857142855,0.19047619047619047,0.3319091599763262,0.1744186046511628,,0.6407003244843822,,2.091404233890539,0.07621487802638056,0.85,0.02046249711606617,0.12614678899082568,0.5963302752293578,0.9403669724770642,,1.0,0.0
G6_A_Roll12,school_a,6,sentence_06_own_english,own_english,latin,data/processed/school_a/G6_A_Roll12/sentence_06_own_english.json,0.8723610803044356,-0.005763646308734979,,1.4357202295720774e-15,0.2574358338496265,-0.6876661734485571,22.028173021653092,18.33083340539261,0.3931720336517752,3.143199042680494,1.0644223473556982,0.6862068965517242,2.262168704675679,0.6,0.3,0.3608139038359644,0.3372093023255814,,0.5129983103443164,2.223407790002115,,,,,0.4937570942111237,0.757094211123723,1.2179341657207718,,1.0,0.0
G6_A_Roll13,school_a,6,sentence_01_copy_hindi,copy_hindi,devanagari,data/processed/school_a/G6_A_Roll13/sentence_01_copy_hindi.json,2.2284141384802036,0.0036535140162083156,,7.266914343001025e-16,0.3197986716742254,2.9863959706713605,19.253566574978482,18.82932932998183,0.2693850478854224,3.126356925749023,1.0816256222789173,-1.313333333333333,-10.516970802228002,0.4,0.5,0.5028685712987043,0.1744186046511628,53.411764705882355,0.886029681463584,,1.5141003315487702,0.06779001779454498,1.2727272727272727,0.014574808327586545,0.12433392539964476,0.7904085257548846,0.7904085257548846,0.2857142857142857,1.0,0.0
G6_A_Roll13,school_a,6,sentence_02_copy_english,copy_english,latin,data/processed/school_a/G6_A_Roll13/sentence_02_copy_english.json,0.8841464858903928,-0.011026077784954827,0.015803374891360484,1.186550857568136e-15,0.3151622719197267,-8.500464460303434,20.41639306875177,16.44971194139482,0.47883165018550866,3.224143160448893,1.0777125461680783,-0.231957231957232,-9.453647446928292,0.6483516483516484,0.12087912087912088,0.41324244588321396,0.43023255813953487,99.83783783783784,0.5985734253456875,2.0250263689190238,,,,,0.7876750700280112,8.146218487394957,7.628011204481793,0.14285714285714285,5.0,0.0
G6_A_Roll13,school_a,6,sentence_03_dictated_hindi,dictated_hindi,devanagari,data/processed/school_a/G6_A_Roll13/sentence_03_dictated_hindi.json,0.03747076584163959,0.019295055479051554,,3.305515583473806e-15,0.029683526697192993,3.654106651317714,19.79987329178989,30.477211894049756,0.4055571399816358,1.869158878504673,1.1018360141365593,0.6214689265536724,1.4496508556565562,0.6666666666666666,0.0,0.08569372893775072,0.686046511627907,7.678571428571429,1.0844485003104332,,2.3370043158329166,0.01661451088494205,0.75,0.009828054896587791,0.49663299663299665,0.5297418630751964,0.7283950617283951,0.8333333333333334,1.0,0.0
G6_A_Roll13,school_a,6,sentence_04_dictated_english,dictated_english,latin,data/processed/school_a/G6_A_Roll13/sentence_04_dictated_english.json,0.6175805968580047,-0.0022218425096199135,,-5.16695272426401e-15,0.23589903455567668,-9.903755060622515,20.621111306897987,18.48533054211519,0.3809815017800582,3.4509350298823973,1.0788797687915315,0.3694083694083694,4.938091773773644,0.5714285714285714,0.19047619047619047,0.3733950613424378,0.38372093023255816,39.44736842105263,0.4289540462085239,1.7556702146278853,,,,,0.36974789915966383,2.1999999999999997,2.0890756302521005,3.142857142857143,1.0,0.0
G6_A_Roll13,school_a,6,sentence_05_own_hindi,own_hindi,devanagari,data/processed/school_a/G6_A_Roll13/sentence_05_own_hindi.json,2.115887848197581,-0.009059455022727352,,3.622102617839573e-15,0.3258062706156435,7.160431441667721,22.572999718434634,18.64815069398794,0.3218863493852931,3.1548536209553157,1.090325523878399,1.382222222222222,3.2577554756468055,0.4666666666666667,0.3333333333333333,0.23718173220763003,0.1744186046511628,,1.009183437093427,,2.168240898940587,0.05583089369955132,0.6875,0.04099873251353762,0.11980830670926518,0.646964856230032,0.8985623003194888,,1.0,0.0
G6_A_Roll13,school_a,6,sentence_06_own_english,own_english,latin,data/processed/school_a/G6_A_Roll13/sentence_06_own_english.json,0.4389047995705565,0.0009263449007946347,,-4.317253625303733e-15,0.2143689806271447,-7.513968514598274,19.798191715234367,20.46129707138453,0.5386851993127533,2.8377153218495024,1.0734063990959568,0.623728813559322,0.9543852402072645,0.4,0.0,0.1838005881622374,0.686046511627907,,0.6409302801805188,1.2557755874782721,,,,,0.2706422018348624,2.6290956749672345,3.2477064220183487,,1.0,0.0
G6_A_Roll14,school_a,6,sentence_01_copy_hindi,copy_hindi,devanagari,data/processed/school_a/G6_A_Roll14/sentence_01_copy_hindi.json,3.610424125047532,3.6507085103681955,5.167026272309025,-1.6247686956533541e-15,0.3362752064227523,5.6488550980775445,21.460978191437423,20.35457306668578,0.3383125828826121,3.794225294835299,1.0972404341748052,0.7805555555555556,5.748905845831042,0.5,0.3333333333333333,0.367962188094809,0.1744186046511628,45.411764705882355,0.6856214231906201,,1.7984270104960869,0.07690618761310339,0.76,0.003682669248230149,0.05912162162162162,0.5067567567567567,0.9459459459459459,3.7142857142857144,2.0,1.0
G6_A_Roll14,school_a,6,sentence_02_copy_english,copy_english,latin,data/processed/school_a/G6_A_Roll14/sentence_02_copy_english.json,0.2745587575051023,-0.024398523808184854,0.0486253125779805,2.1275252091458164e-15,0.07072627325943504,-0.5901741852059157,21.63679990257511,16.42604857119167,0.4689030103073598,3.292540792540795,1.0727435275616242,0.8292158968850698,1.2895425965126757,0.3157894736842105,0.15789473684210525,0.18325258602205652,0.5697674418604651,80.48648648648648,1.0322388488456402,1.4897945233791492,,,,,0.9058823529411765,7.0549019607843135,8.207843137254901,1.6428571428571428,4.0,1.0
G6_A_Roll14,school_a,6,sentence_03_dictated_hindi,dictated_hindi,devanagari,data/processed/school_a/G6_A_Roll14/sentence_03_dictated_hindi.json,0.7010598207248904,0.44360476157134915,0.7386337069132595,1.057883939178542e-15,0.33338189112438765,1.0923375355812193,22.15172376545816,27.994395540309306,0.378043165355785,3.213675213675214,1.0856160668037262,0.6741071428571428,4.002266620315976,0.625,0.125,0.48736568294427474,0.5697674418604651,72.85714285714286,0.8797347201164447,,1.8849893726894777,0.022487648922216972,0.7666666666666667,0.011911508873846914,0.29376498800959233,4.1420863309352525,6.110311750599521,0.16666666666666666,3.0,1.0
G6_A_Roll14,school_a,6,sentence_04_dictated_english,dictated_english,latin,data/processed/school_a/G6_A_Roll14/sentence_04_dictated_english.json,0.7572900489874447,0.028119085472026642,0.02075175590332085,5.2839677078253544e-15,0.1459241033187809,-2.2137227113963944,24.079404991736236,16.863843087577614,0.4622032767065801,3.307646710136337,1.0764096897714173,2.177777777777778,0.7505377774870731,0.25,0.5,0.30153110529295796,0.5232558139534884,53.68421052631579,0.8670253470034173,2.1906871628322038,,,,,0.2801358234295416,3.106960950764007,2.7504244482173177,0.8571428571428571,2.0,1.0
G6_A_Roll14,school_a,6,sentence_05_own_hindi,own_hindi,devanagari,data/processed/school_a/G6_A_Roll14/sentence_05_own_hindi.json,2.1229960365973177,0.0010583526650401187,,1.0163288339570224e-14,0.33762482914004566,5.235539611527205,21.93238765120989,19.12006494470247,0.2911299290400889,3.753948753948754,1.0807932383184948,0.2333333333333334,28.482087207869547,0.3888888888888889,0.3333333333333333,0.4093967140085552,0.1744186046511628,,0.9849059684466,,1.3356576648616012,0.07788671305040477,0.8888888888888888,0.01010781230789223,0.07563025210084033,0.7815126050420168,0.8319327731092437,,1.0,1.0
G6_A_Roll14,school_a,6,sentence_06_own_english,own_english,latin,data/processed/school_a/G6_A_Roll14/sentence_06_own_english.json,0.21947031924685462,-0.0216647448537489,,-7.271960811294775e-15,0.07964918590453,0.18859760441328988,22.6434282685638,14.040771790244444,0.4938104021415378,3.1775700934579456,1.0615654527373704,3.540880503144654,0.19982830068197532,0.0,1.0,0.06746276148842666,0.6162790697674418,,1.2136805812670521,1.3216557649073413,,,,,0.29994340690435767,1.4397283531409166,1.9796264855687604,,1.0,1.0
G6_A_Roll15,school_a,6,sentence_01_copy_hindi,copy_hindi,devanagari,data/processed/school_a/G6_A_Roll15/sentence_01_copy_hindi.json,2.07951997991129,0.007230084916232276,,-9.71445146547012e-16,0.310907127566756,4.7961877926288805,20.162231456345378,19.17316592907325,0.2915449505607735,2.8756476683937824,1.0859931334224429,0.6,12.791189955058615,0.5263157894736842,0.3157894736842105,0.2584118108429745,0.17647058823529413,44.38235294117647,0.7795337230055939,,1.822166603612039,0.0707661854954588,1.05,0.005691498277110187,0.06140350877192982,0.6842105263157895,0.868421052631579,0.42857142857142855,1.0,0.0
G6_A_Roll15,school_a,6,sentence_02_copy_english,copy_english,latin,data/processed/school_a/G6_A_Roll15/sentence_02_copy_english.json,1.4227169473604677,-0.0006219477890140811,0.0024502484813619008,1.8457457784393227e-15,0.31006041397454925,-3.7532896281368373,21.439020572880402,22.1409954693809,0.40582560375808246,3.304694691623199,1.0734970295552064,0.14485514485514492,27.552428769299617,0.4945054945054945,0.26373626373626374,0.43484879613440225,0.25882352941176473,97.5,0.6534847714364107,2.3393051360488455,,,,,0.21939058171745152,4.5462603878116346,5.240997229916897,0.21428571428571427,5.0,0.0
G6_A_Roll15,school_a,6,sentence_03_dictated_hindi,dictated_hindi,devanagari,data/processed/school_a/G6_A_Roll15/sentence_03_dictated_hindi.json,0.8125780391029225,0.012640252379879337,,4.2854608750531044e-15,0.28753058946151894,-0.8493651818571533,19.222911383760074,24.39894053639655,0.3116905821482798,2.5989367985823986,1.0823624258880973,0.7083333333333335,4.521496635086047,0.5,0.25,0.4539112025635577,0.4235294117647059,8.535714285714286,0.9298528919620139,,1.9701331504417063,0.02241337427055906,1.0,0.031190709272999093,0.13688212927756654,0.2737642585551331,0.4693101575230853,0.3333333333333333,1.0,0.0
G6_A_Roll15,school_a,6,sentence_04_dictated_english,dictated_english,latin,data/processed/school_a/G6_A_Roll15/sentence_04_dictated_english.json,0.8139743014408183,-0.00019000241698891837,,1.4682699500667695e-15,0.20187868614103663,-1.2628525902868653,22.79022019092631,26.01195147428517,0.3900435316725311,3.4012438344413463,1.0677351370378914,0.44611528822055146,6.481049940579171,0.3157894736842105,0.2631578947368421,0.41475469739406196,0.24705882352941178,38.94736842105263,0.6273963795848854,2.0259214362365863,,,,,0.06980609418282549,1.233240997229917,1.0238227146814405,0.5714285714285714,1.0,0.0
G6_A_Roll15,school_a,6,sentence_05_own_hindi,own_hindi,devanagari,data/processed/school_a/G6_A_Roll15/sentence_05_own_hindi.json,1.7761038631670951,0.0026099170908540008,,-4.013456234019941e-15,0.26880769994473347,5.48401677739576,20.152011651583056,18.20730276133913,0.2603253148635232,2.9621451104100944,1.081584730217627,0.8982456140350878,6.417400631893392,0.5263157894736842,0.2631578947368421,0.20710058048256533,0.17647058823529413,,0.4925948400791478,,2.224513668189957,0.06979033751654358,0.8,0.005819288171555429,0.019218449711723255,0.5765534913516976,0.7591287636130686,,1.0,0.0
G6_A_Roll15,school_a,6,sentence_06_own_english,own_english,latin,data/processed/school_a/G6_A_Roll15/sentence_06_own_english.json,0.983245843479834,0.00017063024266723742,,-1.3622941158980046e-14,0.230014608815197,-2.165546953739434,23.13317603934533,26.208916774029106,0.3482765127174256,3.3547052740434333,1.0722202330097725,0.3333333333333333,10.813984002207512,0.6190476190476191,0.3333333333333333,0.4558460329240161,0.23529411764705882,,0.5983355459940486,2.2297254147040335,,,,,0.10084033613445378,0.896358543417367,1.2100840336134453,,1.0,0.0
G6_A_Roll16,school_a,6,sentence_01_copy_hindi,copy_hindi,devanagari,data/processed/school_a/G6_A_Roll16/sentence_01_copy_hindi.json,2.5301271003062755,0.012899289059626041,,3.009288724641872e-16,0.3702879750757347,-9.908551858588242,19.84329571978095,20.090690590635397,0.2893499001151862,3.7390579408086704,1.0874112473281157,1.3888888888888888,2.6898774955704714,0.3333333333333333,0.3888888888888889,0.30535137981057364,0.1744186046511628,40.05882352941177,0.8266184064257317,,1.8126058392817337,0.07317580882081512,0.7222222222222222,0.00239146353736234,0.11035653650254669,0.797962648556876,0.8149405772495756,2.7142857142857144,1.0,1.0
G6_A_Roll16,school_a,6,sentence_02_copy_english,copy_english,latin,data/processed/school_a/G6_A_Roll16/sentence_02_copy_english.json,0.6428263407934173,0.02155626445932093,0.017388101326300656,4.3894928843976097e-16,0.17643352902179166,-7.387369390294146,23.305406144224015,20.77615201103558,0.4259912358105484,2.795252225519287,1.0795473925367853,1.746126936531734,0.4114251443657159,0.0,0.43478260869565216,0.32782414811590177,0.5058139534883721,65.63513513513513,0.726444314523072,1.0016027999309838,,,,,1.4924071991001124,5.382452193475816,6.189820022497187,1.9285714285714286,4.0,1.0
G6_A_Roll16,school_a,6,sentence_03_dictated_hindi,dictated_hindi,devanagari,data/processed/school_a/G6_A_Roll16/sentence_03_dictated_hindi.json,0.7087253299583437,-0.04395840918413768,,2.6553885353179526e-15,0.34192419441743466,-8.977022714250696,22.32777514854761,25.04529578948852,0.2952858807087137,3.0635118306351172,1.1133546996418828,0.1,22.679698583554302,0.5,0.1,0.5525261541258415,0.5,36.357142857142854,0.9855293221532676,,2.485175426474406,0.027498751246276248,1.2,0.006198682571954027,0.15765352887259396,2.285976168652612,1.7341888175985334,1.8333333333333333,1.0,1.0
G6_A_Roll16,school_a,6,sentence_04_dictated_english,dictated_english,latin,data/processed/school_a/G6_A_Roll16/sentence_04_dictated_english.json,0.8782027872996306,0.08145506856805576,,1.1300484357791772e-15,0.19674262598436415,-5.906544267839246,21.884965975533973,16.730856964987773,0.48132312138804134,2.825814536340853,1.064944277432119,0.888888888888889,4.695060229776024,0.16666666666666666,0.6666666666666666,0.37893408197987866,0.4883720930232558,39.23684210526316,0.5209589575695912,1.56488857087536,,,,,0.9266409266409267,1.6216216216216217,1.3436293436293436,1.0,1.0,1.0
G6_A_Roll16,school_a,6,sentence_05_own_hindi,own_hindi,devanagari,data/processed/school_a/G6_A_Roll16/sentence_05_own_hindi.json,,,,,,-3.429877862881227,19.694812305644554,18.280195766471472,0.23799419207061243,3.2312565997888067,1.0742354042408953,,,,,,0.1744186046511628,,,,,,,,0.2645329849771391,0.25473546701502287,0.1665578053559765,,1.0,1.0
G6_A_Roll17,school_a,6,sentence_01_copy_hindi,copy_hindi,devanagari,data/processed/school_a/G6_A_Roll17/sentence_01_copy_hindi.json,2.5948900990643198,-0.0010881279494821335,,-1.4691951359206237e-15,0.3785591247583797,-1.1011232552489802,19.910422572996435,18.20724390538216,0.2220967058456139,3.0157217722725105,1.081676187408665,0.08095238095238086,79.91413744672562,0.5,0.35714285714285715,0.5404454600864445,0.17647058823529413,47.294117647058826,0.6749443391886424,,2.3419250728857444,0.06877386619070713,1.0666666666666667,0.011785621720717784,0.09041591320072333,0.7414104882459314,0.8318264014466547,2.142857142857143,1.0,0.0
G6_A_Roll17,school_a,6,sentence_02_copy_english,copy_english,latin,data/processed/school_a/G6_A_Roll17/sentence_02_copy_english.json,1.3393689229704229,-0.0002826065979686414,0.008423525438395859,2.0060118440908576e-15,0.34629431572853053,1.9894781286637717,22.542580647370148,16.945187058480347,0.4708872167000546,3.161563355738114,1.0720586155313698,-0.4858374384236452,-14.252720759451629,0.5714285714285714,0.32142857142857145,0.5504291063250231,0.3411764705882353,105.74324324324324,0.6863853485482809,2.4815810055304506,,,,,0.24899828277046365,7.204350314825415,5.959358900973097,0.35714285714285715,6.0,0.0
G6_A_Roll17,school_a,6,sentence_03_dictated_hindi,dictated_hindi,devanagari,data/processed/school_a/G6_A_Roll17/sentence_03_dictated_hindi.json,2.351249378706062,0.04082270364922191,,-6.4059868520871536e-15,0.41180431570135756,-3.554032704542622,22.031796687679606,19.091280167990416,0.2157228676515208,2.9971988795518203,1.0798220897071722,-4.050000000000001,-5.189118198328469,0.25,0.75,0.5404517116102103,0.17647058823529413,25.392857142857142,1.0365947542735883,,2.3902971807696565,0.05113506672804787,0.2,0.010502895299451647,0.05843071786310518,0.31719532554257096,0.38397328881469117,1.0,1.0,0.0
G6_A_Roll17,school_a,6,sentence_04_dictated_english,dictated_english,latin,data/processed/school_a/G6_A_Roll17/sentence_04_dictated_english.json,1.430660864166725,-0.04075976913670134,,-2.66222229446574e-15,0.4289195000072373,2.217316187185004,20.1967126725322,17.202706021303616,0.4875063764024693,2.7347765145615948,1.064226987853717,1.5037037037037035,6.819071276062389,0.2,0.8,0.5529487975452132,0.3176470588235294,39.578947368421055,0.6688126331749854,2.531112235255176,,,,,0.15202702702702703,1.231418918918919,1.2466216216216217,0.5714285714285714,1.0,0.0
G6_A_Roll17,school_a,6,sentence_05_own_hindi,own_hindi,devanagari,data/processed/school_a/G6_A_Roll17/sentence_05_own_hindi.json,1.506812924773908,0.2962962962962963,,-8.916478666520788e-16,0.2167758295919291,-0.8844461739501994,19.03679410013981,18.594213770679854,0.24298453494877004,3.090371167294244,1.090325523878399,-0.09999999999999998,-8.01387685344754,0.5,0.0,0.5717298313014636,0.17647058823529413,,0.8323460818673926,,1.4614080886325764,0.06340265555521908,1.0,0.01654801961821501,0.03556609365737996,0.12448132780082988,0.23117960877296975,,1.0,0.0
G6_A_Roll18,school_a,6,sentence_01_copy_hindi,copy_hindi,devanagari,data/processed/school_a/G6_A_Roll18/sentence_01_copy_hindi.json,2.2613331360861837,0.008688931553178934,,2.3647750424515835e-15,0.31451906639167754,5.103022887337492,22.168654930455855,19.902251554764824,0.277447964969817,3.1039834454216244,1.0965078501190557,1.3142857142857145,3.575688640577969,0.35714285714285715,0.5,0.44464335433642377,0.17647058823529413,41.205882352941174,0.7384977421786376,,1.5137573900484804,0.08002117124790244,1.1333333333333333,0.0011779186586471388,0.10279840091376356,0.8994860079954312,0.9080525414049114,2.142857142857143,1.0,1.0
G6_A_Roll18,school_a,6,sentence_02_copy_english,copy_english,latin,data/processed/school_a/G6_A_Roll18/sentence_02_copy_english.json,0.7798299511150258,-0.01434230933601654,0.06316989442925844,-2.526284862549768e-16,0.2507315479872009,-2.112319831195794,23.671417654170195,18.677026353802038,0.4707979210765831,2.9834983498349836,1.0899236165392512,0.6477183833116038,3.3726176775778027,0.4576271186440678,0.2542372881355932,0.3940944306424815,0.38235294117647056,65.33783783783784,0.5605964046955467,1.8872928032555893,,,,,0.8739495798319328,5.11624649859944,6.6456582633053225,0.2857142857142857,6.0,1.0
G6_A_Roll18,school_a,6,sentence_03_dictated_hindi,dictated_hindi,devanagari,data/processed/school_a/G6_A_Roll18/sentence_03_dictated_hindi.json,0.5951644026100947,-0.06445694683614833,,5.568195477350785e-15,0.23959634106572833,3.4292212138620317,23.740399337170317,29.922476896070137,0.2873076986204657,3.0319148936170213,1.1216515851241935,-0.26576576576576566,-30.43398713706346,0.6666666666666666,0.25,0.6245021757324161,0.43529411764705883,63.642857142857146,,,,,,,0.1636263128800442,1.3090105030403536,1.513543394140409,0.5,1.0,1.0
G6_A_Roll18,school_a,6,sentence_04_dictated_english,dictated_english,latin,data/processed/school_a/G6_A_Roll18/sentence_04_dictated_english.json,0.4519193163772125,-0.026360433250685107,,5.347285114698508e-15,0.16371772797162218,4.597717396282602,24.386901780960915,14.772406086735957,0.4442533219212847,2.5311567491662292,1.0823471323060363,0.25,0.33071891388307384,0.6666666666666666,0.0,0.33661165168897833,0.3764705882352941,5.157894736842105,0.02014012566940555,2.0790068820145837,,,,,0.7029104887424492,0.08786381109280615,0.15815485996705106,0.8571428571428571,1.0,1.0
G6_A_Roll18,school_a,6,sentence_05_own_hindi,own_hindi,devanagari,data/processed/school_a/G6_A_Roll18/sentence_05_own_hindi.json,0.5920699358677084,0.014587878439788557,,4.014150123410332e-15,0.31725175158318414,7.31396259610684,24.301661283012006,25.485282707298406,0.5566475428417634,2.18034993270525,1.0913249400488862,0.10595238095238102,17.262440908121057,0.6,0.2,0.3057390850504663,0.6588235294117647,,0.4318884807222969,,2.061996112378147,0.0212382253128153,1.0,0.038871227160534615,0.35,2.975,2.49375,,1.0,1.0
G6_A_Roll18,school_a,6,sentence_06_own_english,own_english,latin,data/processed/school_a/G6_A_Roll18/sentence_06_own_english.json,0.3779807032297606,0.008661087566372764,,-6.186457596202288e-15,0.1435688905967301,5.7812978687683705,23.463764656580743,16.731425991437785,0.45997461914457755,3.1871727748691083,1.0946524370723574,1.2545454545454544,2.0027053512996487,0.4666666666666667,0.2,0.2718300402766494,0.38823529411764707,,0.49227970469221793,1.8199266016494213,,,,,0.44061841180604355,0.7652846099789177,1.3682361208713985,,1.0,1.0
G6_A_Roll19,school_a,6,sentence_01_copy_hindi,copy_hindi,devanagari,data/processed/school_a/G6_A_Roll19/sentence_01_copy_hindi.json,1.0885098720003556,0.004899078141476408,,1.9087295846440193e-15,0.38115312163113513,2.842034136576573,17.704412413955318,27.800413178927638,0.383498100804446,2.7217915590008612,1.1186340818712555,0.2535460992907802,17.347394406673516,0.4166666666666667,0.5,0.34871858218570856,0.5402298850574713,42.64705882352941,0.7041756852582906,,2.0010022137451036,0.018334811593328254,0.5384615384615384,0.025781206121050258,0.2549728752260398,2.0397830018083183,1.8414707655213982,0.42857142857142855,1.0,0.0
G6_A_Roll19,school_a,6,sentence_02_copy_english,copy_english,latin,data/processed/school_a/G6_A_Roll19/sentence_02_copy_english.json,1.332748064443545,0.0024722936492457357,0.02740283893071096,2.3374159750590348e-15,0.23840104507677784,-0.005492123419039487,20.003023857714396,17.691757753509695,0.4016811333585013,2.8873338987842803,1.0692990675178886,4.078947368421053,2.9343880839213443,0.4166666666666667,0.4791666666666667,0.4938802904159944,0.21839080459770116,117.22972972972973,0.624090599113675,2.3045493033709006,,,,,0.4634146341463415,4.307649667405765,7.0144124168514415,0.2857142857142857,8.0,0.0
G6_A_Roll19,school_a,6,sentence_03_dictated_hindi,dictated_hindi,devanagari,data/processed/school_a/G6_A_Roll19/sentence_03_dictated_hindi.json,0.022730993505287685,-0.0036815116737729846,,1.0453660506670737e-14,0.010257639941465268,2.494203260035629,16.969893201787183,24.856818389491014,0.3950197037332324,2.784660766961652,1.0883978746976057,0.7156862745098039,1.2365242845366309,0.6666666666666666,0.0,0.228174662029587,0.39080459770114945,6.428571428571429,,,,,,,0.2391559202813599,0.1395076201641266,0.3388042203985932,0.5,1.0,0.0
G6_A_Roll19,school_a,6,sentence_04_dictated_english,dictated_english,latin,data/processed/school_a/G6_A_Roll19/sentence_04_dictated_english.json,2.1745196022728694,0.012757285625402147,,6.531812128211338e-15,0.3152731802191522,0.5012613463936324,18.394303378676867,9.41208297630482,0.29731774783861653,1.8492377188029363,1.0668822101249065,4.09090909090909,1.7910848878391605,0.2727272727272727,0.45454545454545453,0.2445833491981908,0.1724137931034483,18.894736842105264,,,,,,,0.17374517374517376,0.4550468836183122,0.6039713182570325,0.2857142857142857,1.0,0.0
G6_A_Roll19,school_a,6,sentence_05_own_hindi,own_hindi,devanagari,data/processed/school_a/G6_A_Roll19/sentence_05_own_hindi.json,1.774590147991924,-0.002789128187138271,,6.10314268259218e-15,0.30412897393317173,3.2850801093630464,18.03598992026775,17.298564851084095,0.30776667416982945,3.0324074074074074,1.0789896707552538,0.5725490196078431,4.989227111883547,0.35294117647058826,0.23529411764705882,0.4212075127415184,0.1724137931034483,,,,,,,,0.12056262558606833,0.7736101808439384,1.0850636302746148,,1.0,0.0
G6_A_Roll19,school_a,6,sentence_06_own_english,own_english,latin,data/processed/school_a/G6_A_Roll19/sentence_06_own_english.json,0.009421380745070863,-0.041419717546652204,,1.742385171329038e-15,0.007692525165972233,1.41976583345628,23.021503419350847,12.914487711356314,0.56669368907764,3.221663874930206,1.0636024468419907,0.9913793103448275,0.7501480635196417,0.0,0.0,0.10956136839295436,0.6666666666666666,,0.3794231508805865,1.9650769002668576,,,,,0.7772194304857621,0.4857621440536013,0.3562255723059743,,1.0,0.0
G6_A_Roll20,school_a,6,sentence_01_copy_hindi,copy_hindi,devanagari,data/processed/school_a/G6_A_Roll20/sentence_01_copy_hindi.json,0.2589365155951101,-0.008486076533859877,,9.108875270220035e-16,0.10986938197284028,5.682015807931889,20.82874835252067,28.371881981380042,0.40507170085882344,3.000852514919012,1.0821177820104955,0.6574468085106384,2.2277896555254033,0.2,0.0,0.14111964628674903,0.5529411764705883,38.911764705882355,0.7407150891913808,,1.29730753682344,0.013819080706924615,0.3,0.00033066955565121624,0.39590854392298436,3.0258724428399515,2.375451263537906,1.5714285714285714,1.0,0.0
G6_A_Roll20,school_a,6,sentence_02_copy_english,copy_english,latin,data/processed/school_a/G6_A_Roll20/sentence_02_copy_english.json,0.9352326787470154,0.00799874461056059,0.011311339225859482,-9.641835133917603e-16,0.20567839478589306,-8.485148606896388,23.14001752076878,22.709967573058783,0.39560902141028564,3.7654320987654337,1.0745134053069867,0.08760683760683748,47.54642909768455,0.38461538461538464,0.358974358974359,0.6409407498020655,0.2823529411764706,75.89189189189189,0.6858244202711108,2.6201306449088153,,,,,0.5512605042016807,4.26218487394958,4.517647058823529,3.0714285714285716,4.0,0.0
G6_A_Roll20,school_a,6,sentence_03_dictated_hindi,dictated_hindi,devanagari,data/processed/school_a/G6_A_Roll20/sentence_03_dictated_hindi.json,0.8719723370695363,-0.017825097541528456,,4.496403249731884e-15,0.4044808829850668,-0.20824753412886493,21.670888668991477,25.861156267522933,0.4002800091436331,2.9146426092990976,1.0951412879092737,0.22764227642276438,9.444886571735049,0.3888888888888889,0.16666666666666666,0.35150767221567464,0.4823529411764706,54.25,0.8515471598269789,,2.1854168385428894,0.028127973741477814,1.1578947368421053,0.009345345433611636,0.18458075407990995,2.2149690489589196,2.0996060776589758,3.1666666666666665,1.0,0.0
G6_A_Roll20,school_a,6,sentence_04_dictated_english,dictated_english,latin,data/processed/school_a/G6_A_Roll20/sentence_04_dictated_english.json,0.6437923600607777,0.0028028158507820617,,3.566205972502543e-15,0.21196198708136632,-8.247307507781802,21.59916874179391,19.043527858894137,0.4649639675160895,3.0967741935483857,1.0794453482778932,0.6617647058823529,3.929503073655013,0.4117647058823529,0.29411764705882354,0.44787094957934315,0.3764705882352941,34.55263157894737,0.490318856271585,2.4179098774281873,,,,,0.3164630599185573,1.1541593949970914,2.103548574752763,0.42857142857142855,1.0,0.0
G6_A_Roll20,school_a,6,sentence_05_own_hindi,own_hindi,devanagari,data/processed/school_a/G6_A_Roll20/sentence_05_own_hindi.json,0.17478543806874403,0.014769323884036139,,-5.3464177529605195e-15,0.09268655056955401,0.547370487732088,23.274957385507886,31.10660292448446,0.288658200453798,2.6368159203980097,1.103014334410452,1.988888888888889,0.12917799028696186,0.0,0.5,0.34559805846383296,0.5294117647058824,,1.0868131876454155,,0.893260350802118,0.013559090308137078,0.6,0.0003120050444755802,0.21377672209026127,2.5653206650831355,2.209026128266033,,1.0,0.0
G6_A_Roll20,school_a,6,sentence_06_own_english,own_english,latin,data/processed/school_a/G6_A_Roll20/sentence_06_own_english.json,0.24520664566630485,-0.030699919599221148,,-1.5286383270307624e-14,0.09895488475049283,-3.6859233913301495,22.076310791581893,15.77229240538458,0.47510102790017916,2.9428007889546364,1.0697303516664158,1.534313725490196,0.7771896305211141,0.3333333333333333,0.5,0.24083402966435216,0.4,,0.6327661964934963,1.7479494964357927,,,,,0.43391066545123064,1.7666362807657248,1.7046490428441203,,1.0,0.0
G6_A_Roll21,school_a,6,sentence_01_copy_hindi,copy_hindi,devanagari,data/processed/school_a/G6_A_Roll21/sentence_01_copy_hindi.json,1.3672242822237486,-0.0014816390133144232,,-2.6922908347160044e-16,0.1336344241328695,1.1006284882265083,18.535173465096253,16.279393892608386,0.34144220604520636,3.1533058852022284,1.0786970263613371,19.35,0.6627916770897279,0.0,1.0,0.3170674749453353,0.1744186046511628,7.323529411764706,1.043713717138513,,2.1796668988940717,0.08693067713143021,0.2,0.018171295035234604,0.1315020455873758,0.15780245470485096,0.587375803623612,0.42857142857142855,1.0,0.0
G6_A_Roll21,school_a,6,sentence_02_copy_english,copy_english,latin,data/processed/school_a/G6_A_Roll21/sentence_02_copy_english.json,2.313809876619675,-0.03461256217384824,0.07619544530619313,-1.2240775286811037e-15,0.32594558397211904,-2.13755836202888,23.793623606025864,12.55275209460049,0.2865497857892283,2.7045311516677155,1.0698029415123618,0.8144144144144145,6.0091656092631585,0.43783783783783786,0.24864864864864866,0.37126438661923244,0.1744186046511628,163.45945945945945,0.713871261481257,2.606045304095804,,,,,0.7977839335180056,3.332409972299169,5.6011080332409975,0.14285714285714285,11.0,0.0
G6_A_Roll21,school_a,6,sentence_03_dictated_hindi,dictated_hindi,devanagari,data/processed/school_a/G6_A_Roll21/sentence_03_dictated_hindi.json,,,,,,-2.3562593972424817,20.33561337699222,26.13597402124173,0.3719106584294901,2.643764002987303,1.081445331504399,,,,,,0.5116279069767442,,,,,,,,0.26933778519755147,0.5876460767946577,0.24485253199777404,0.8333333333333334,1.0,0.0
G6_A_Roll21,school_a,6,sentence_04_dictated_english,dictated_english,latin,data/processed/school_a/G6_A_Roll21/sentence_04_dictated_english.json,1.74943384638986,0.002877228406474896,,-1.7783754267177508e-14,0.28245227330646017,-7.333764450759766,23.59308342282846,11.506505372191524,0.2963607863751116,2.5088443396226414,1.0724133465817298,0.0666666666666666,102.32888155354783,0.2857142857142857,0.23809523809523808,0.25667658858456116,0.1744186046511628,37.86842105263158,,,,,,,0.2003338898163606,0.5091819699499165,0.8263772954924875,0.5714285714285714,1.0,0.0
G6_A_Roll21,school_a,6,sentence_05_own_hindi,own_hindi,devanagari,data/processed/school_a/G6_A_Roll21/sentence_05_own_hindi.json,0.8162566967524143,-8.703451858039485e-05,,-1.9253487693049463e-14,0.2691811312066991,1.1500805398952263,22.472918468556188,28.31122858726058,0.3602572167936883,3.455882352941176,1.082392200050723,0.048611111111111015,52.823927787876464,0.5,0.08333333333333333,0.3874280558494415,0.4186046511627907,,,,,,,,0.1377551020408163,1.607142857142857,1.8137755102040816,,1.0,0.0
G6_A_Roll21,school_a,6,sentence_06_own_english,own_english,latin,data/processed/school_a/G6_A_Roll21/sentence_06_own_english.json,0.06154583124139251,-0.024085570908183713,,-1.1332205015638205e-14,0.03478452674506683,-7.9638922014565745,24.80086746195543,14.603422420064893,0.46886244501734725,2.7928818586258033,1.078091295461093,-0.11111111111111109,-8.987991989315525,0.5,0.0,0.19536817622078423,0.5232558139534884,,0.9178546363453891,1.6638568564735643,,,,,0.6377551020408163,0.3061224489795918,0.7142857142857142,,1.0,0.0
G6_A_Roll22,school_a,6,sentence_01_copy_hindi,copy_hindi,devanagari,data/processed/school_a/G6_A_Roll22/sentence_01_copy_hindi.json,1.7369233916839342,0.039986793818491184,,-1.84297022087776e-15,0.23598487749870595,8.511545672789294,19.779594380562934,18.7746605235016,0.3592527040828066,3.2928311057108144,1.0952521592738838,5.55,1.4146449871465556,0.25,0.75,0.23627700462945322,0.17341040462427745,41.44117647058823,1.0460859049102869,,1.7836738857944379,0.06245409169211263,0.8,0.00012408206687031752,0.1171875,0.6863839285714286,0.6947544642857143,0.7142857142857143,1.0,1.0
G6_A_Roll22,school_a,6,sentence_02_copy_english,copy_english,latin,data/processed/school_a/G6_A_Roll22/sentence_02_copy_english.json,1.1152064795702128,0.004673815862108962,0.014166261750782262,4.408238480129298e-17,0.2888323079042575,11.420078438136565,22.76552644954265,17.826470266809185,0.4285253773867208,3.4043976256165873,1.084376553129557,0.3280701754385965,22.938661732039446,0.36666666666666664,0.48333333333333334,0.5672133057882678,0.32947976878612717,138.75675675675674,0.6611614291690615,1.5643628747524592,,,,,1.5168067226890758,6.833613445378152,7.8235294117647065,0.6428571428571429,8.0,1.0
G6_A_Roll22,school_a,6,sentence_03_dictated_hindi,dictated_hindi,devanagari,data/processed/school_a/G6_A_Roll22/sentence_03_dictated_hindi.json,1.2871457667835446,-0.0014258555810306114,,7.205437937129055e-15,0.34154144536252684,8.0778809934277,23.310449187625434,28.94688635259866,0.41637072817551973,4.174757281553398,1.0823311570865866,0.31818181818181807,11.381921353983229,0.6363636363636364,0.13636363636363635,0.383534951737394,0.30057803468208094,54.392857142857146,,,,,,,0.26130653266331655,0.6968174204355109,1.4517029592406476,1.3333333333333333,1.0,1.0
G6_A_Roll22,school_a,6,sentence_04_dictated_english,dictated_english,latin,data/processed/school_a/G6_A_Roll22/sentence_04_dictated_english.json,0.5565222173906192,0.03282798137758146,,7.50590066291222e-15,0.2518291473085416,13.197847486898924,25.950582811670476,14.535668773483199,0.46712122766013625,2.7899824253075574,1.0916234476264322,0.5083333333333333,2.064558688909479,0.6666666666666666,0.16666666666666666,0.44877899462649834,0.4624277456647399,12.710526315789474,0.5066862027923419,1.6454350446444106,,,,,0.9192825112107623,0.4708520179372197,0.6502242152466368,0.7142857142857143,1.0,1.0
G6_A_Roll22,school_a,6,sentence_05_own_hindi,own_hindi,devanagari,data/processed/school_a/G6_A_Roll22/sentence_05_own_hindi.json,0.1276460546006698,0.006403701378462516,,1.0515893711371405e-14,0.06475066800967051,10.255819012268201,21.27226278817521,25.24019485058138,0.2267644835163466,3.162055335968379,1.0962404609687604,-1.2631578947368423,-4.4362282997809945,0.3333333333333333,0.3333333333333333,0.12429378531073447,0.4393063583815029,,0.7740096543903551,,0.9503386280138539,0.019651360741923963,0.0,0.0006595114123713867,0.24498567335243554,1.9326647564469914,1.9326647564469914,,1.0,1.0
G6_A_Roll22,school_a,6,sentence_06_own_english,own_english,latin,data/processed/school_a/G6_A_Roll22/sentence_06_own_english.json,0.23872393611802,0.00015184821609608992,,1.0516587600761795e-14,0.10466513843025327,16.525511053700512,21.285710161580386,14.899040301440786,0.5097584842650973,2.987075155576831,1.1180907614623523,3.1388888888888893,0.08125045530034848,0.0,1.0,0.15482302947089444,0.6242774566473989,,0.578158092977544,1.7591388359366955,,,,,0.7476400251730648,1.2573945877910635,1.8351164254247954,,1.0,1.0
G6_A_Roll23,school_a,6,sentence_01_copy_hindi,copy_hindi,devanagari,data/processed/school_a/G6_A_Roll23/sentence_01_copy_hindi.json,0.8480705427309477,-0.03841989085838869,,1.1441465059331474e-15,0.3525583616338683,-2.035656866426218,20.027642119442422,25.86029974270279,0.3473713640633577,2.7862873814733784,1.0865441576107715,-0.5227272727272727,-5.937350137398355,0.5882352941176471,0.17647058823529413,0.5165330391105055,0.5176470588235295,63.11764705882353,0.5993584024385868,,1.9500974261138664,0.02113270300865609,0.9375,0.004918479838541329,0.2957983193277311,2.341736694677871,1.873389355742297,2.5714285714285716,1.0,0.0
G6_A_Roll23,school_a,6,sentence_02_copy_english,copy_english,latin,data/processed/school_a/G6_A_Roll23/sentence_02_copy_english.json,0.7812876683947259,-7.093274991915026,18.62644446590592,2.0517271171616083e-15,0.30156771513588326,-8.169673674208713,21.357591486926047,16.823792921000944,0.45852908534719006,3.1718438301510377,1.0769449790466885,-0.09641751437417076,-21.478916294342795,0.6890756302521008,0.11764705882352941,0.43354062981927877,0.4470588235294118,117.25675675675676,0.5355899474477699,1.8685170357282952,,,,,2.0862745098039217,6.769747899159664,10.346218487394959,0.14285714285714285,8.0,0.0
G6_A_Roll23,school_a,6,sentence_03_dictated_hindi,dictated_hindi,devanagari,data/processed/school_a/G6_A_Roll23/sentence_03_dictated_hindi.json,0.5806956751773175,-0.00455620193292186,,9.631462294379389e-15,0.24166196605931342,-2.8897745800068395,22.388776758620153,27.87397394528248,0.23002853744862176,3.139293139293139,1.1020681181111378,0.39404761904761904,8.012629604642775,0.6666666666666666,0.25,0.3722840734725282,0.4117647058823529,49.92857142857143,,,,,,,0.1383399209486166,0.8893280632411067,1.9565217391304348,0.6666666666666666,1.0,0.0
G6_A_Roll23,school_a,6,sentence_04_dictated_english,dictated_english,latin,data/processed/school_a/G6_A_Roll23/sentence_04_dictated_english.json,0.7709175548495135,0.008331758102743808,,8.559819519859956e-15,0.29684363696849797,-3.6932982562332692,20.58611313174911,15.926969646575388,0.4669062264574687,2.948157401623985,1.0626260014664384,-0.5769230769230769,-1.4617200533629184,1.0,0.0,0.3520925787740744,0.4588235294117647,8.736842105263158,0.3174370071993758,1.885398898987899,,,,,0.8196902654867256,0.10785398230088496,0.45298672566371684,0.5714285714285714,1.0,0.0
G6_A_Roll23,school_a,6,sentence_05_own_hindi,own_hindi,devanagari,data/processed/school_a/G6_A_Roll23/sentence_05_own_hindi.json,0.23916015874575808,0.018141418245906902,,-1.3368935588194593e-15,0.11844624444597322,-0.7960728023887145,24.016112078359033,29.538412941927078,0.20619936167136177,2.085308056872038,1.1068363878025727,2.0350877192982457,0.1953494688555976,0.0,0.4,0.23101541745057058,0.6705882352941176,,0.9562511332283216,,1.091891286220173,0.011594357508191268,0.3333333333333333,0.0001491050924370913,0.6067226890756303,3.6722689075630255,2.2672268907563025,,1.0,0.0
G6_A_Roll23,school_a,6,sentence_06_own_english,own_english,latin,data/processed/school_a/G6_A_Roll23/sentence_06_own_english.json,0.3766187174114784,-0.0034428209107087077,,6.881400211560568e-15,0.1947188273008012,-5.1783356889668495,22.823210867029797,15.39507510891779,0.5388748186026039,2.9873417721518982,1.0762044151111725,0.733974358974359,1.8679484867377845,0.6153846153846154,0.3076923076923077,0.3952956641762168,0.5647058823529412,,0.4871391579690405,1.990226111514512,,,,,0.5087055261165784,1.5987887963663892,2.507191521574565,,1.0,0.0
G6_A_Roll24,school_a,6,sentence_01_copy_hindi,copy_hindi,devanagari,data/processed/school_a/G6_A_Roll24/sentence_01_copy_hindi.json,2.7019774498529725,0.0020670903289399982,,2.5620531337503614e-17,0.3806060447677433,6.1949204726898195,21.056506206946516,19.31392669187217,0.2723596214455991,3.423469387755102,1.0973029207359215,-0.3093333333333333,-17.786362558817974,0.44,0.36,0.38279374830465646,0.17647058823529413,54.0,0.7458316748162618,,2.1646323208791713,0.07587165547155375,0.68,0.006140992555305292,0.08571428571428572,0.8742857142857142,0.9342857142857143,3.7142857142857144,1.0,1.0
G6_A_Roll24,school_a,6,sentence_02_copy_english,copy_english,latin,data/processed/school_a/G6_A_Roll24/sentence_02_copy_english.json,0.6547466854810157,0.0013649896789629055,0.016176708608689857,1.8168759278902195e-15,0.24645405083516364,4.767196650730906,21.1418780262308,16.11543003402378,0.4594951951619479,3.1003268795574557,1.071630037872467,0.3274809160305344,3.921418015807271,0.5267175572519084,0.08396946564885496,0.37126632454947495,0.47058823529411764,88.93243243243244,0.5492346992646023,2.1754831229901908,,,,,2.1052631578947367,7.202216066481994,9.795013850415513,0.5714285714285714,6.0,1.0
G6_A_Roll24,school_a,6,sentence_03_dictated_hindi,dictated_hindi,devanagari,data/processed/school_a/G6_A_Roll24/sentence_03_dictated_hindi.json,0.08451458948443374,0.0017912543983738007,,5.647874143674711e-15,0.04965362115512619,2.5128299981330353,19.946413046445855,24.885280990118993,0.29807626203459375,2.704291593180482,1.0815568605943668,0.6870588235294118,0.9384705990866051,0.29411764705882354,0.058823529411764705,0.19596363241693282,0.5882352941176471,34.642857142857146,,,,,,,0.5277777777777778,1.0,1.8888888888888888,0.8333333333333334,1.0,1.0
G6_A_Roll24,school_a,6,sentence_04_dictated_english,dictated_english,latin,data/processed/school_a/G6_A_Roll24/sentence_04_dictated_english.json,0.3132031477197528,-0.016415708679425416,,1.2155680502572027e-15,0.15289846480928596,-2.684650861715663,21.79162455067302,15.059413075179695,0.45445508992983463,2.6412585863062263,1.06826595747134,0.43499999999999994,1.7695592168073104,0.5,0.1,0.4007464397741658,0.47058823529411764,11.868421052631579,0.7571123050216102,1.901264997543935,,,,,0.9314033983637507,0.6293266205160478,0.8558842039018251,0.8571428571428571,1.0,1.0
G6_A_Roll24,school_a,6,sentence_05_own_hindi,own_hindi,devanagari,data/processed/school_a/G6_A_Roll24/sentence_05_own_hindi.json,2.6756408565931027,-0.020167288155141672,,4.790028023349853e-15,0.37254743493212306,0.5802144422622361,21.294704570761763,18.40856277198041,0.26671459507676487,3.3208606173994384,1.0820886187973335,-1.7925925925925925,-6.34677985147582,0.4444444444444444,0.16666666666666666,0.254421866997042,0.17647058823529413,,0.9160127049572137,,2.3144017635171523,0.07752055602448052,1.2105263157894737,0.01862942235915925,0.12520868113522537,1.1769616026711185,0.7929883138564274,,1.0,1.0
G6_A_Roll24,school_a,6,sentence_06_own_english,own_english,latin,data/processed/school_a/G6_A_Roll24/sentence_06_own_english.json,0.7436793873006543,-0.004395857008897062,,3.5202104389348303e-15,0.13300572324291884,1.1296406862037018,19.95170406977806,10.866005499445341,0.3108389424933789,2.333528464803161,1.0462469847605314,-0.09999999999999976,-109.22789033092165,0.2222222222222222,0.3333333333333333,0.36233542380464356,0.17647058823529413,,0.5763319314360352,2.248575884290227,,,,,0.12605042016806722,0.5210084033613446,0.8487394957983193,,1.0,1.0
G6_A_Roll25,school_a,6,sentence_01_copy_hindi,copy_hindi,devanagari,data/processed/school_a/G6_A_Roll25/sentence_01_copy_hindi.json,2.206720112943635,0.010805690673719757,,5.447565475636706e-15,0.3792574814258032,-2.1573577854535935,18.938041658120948,16.9248586978735,0.26443788740112556,3.2069555302166477,1.0823166867164158,-4.227777777777779,-3.5298543688615376,0.5,0.3333333333333333,0.5724946170453451,0.1744186046511628,70.11764705882354,1.2530763969572463,,2.076848890175489,0.0722201791549829,1.2307692307692308,0.0385693333536969,0.1214247166756611,0.6961683756071236,0.6961683756071236,0.5714285714285714,1.0,1.0
G6_A_Roll25,school_a,6,sentence_02_copy_english,copy_english,latin,data/processed/school_a/G6_A_Roll25/sentence_02_copy_english.json,0.8348591566394722,0.016837248595848463,0.08532263103948973,-5.177018234393393e-16,0.28037336806791163,-0.7499526600182155,21.067807401551132,16.544339034750934,0.4538206529272287,3.4019204389574753,1.0593415001488493,0.09208472686733554,40.844111092699634,0.5153846153846153,0.13076923076923078,0.5183412234709306,0.4011627906976744,137.3783783783784,0.8536950123983803,1.8718762729120206,,,,,1.3637820512820513,6.597756410256411,9.067307692307692,0.21428571428571427,8.0,1.0
G6_A_Roll25,school_a,6,sentence_03_dictated_hindi,dictated_hindi,devanagari,data/processed/school_a/G6_A_Roll25/sentence_03_dictated_hindi.json,0.061997831798256825,-0.006283035758046739,,-9.020153904849756e-15,0.03633138632699906,-3.805515912854296,21.725112963275194,23.116400007407275,0.282180038661012,2.8922091782283883,1.0958489353008867,0.7749999999999999,1.340694215004959,0.625,0.1875,0.3067111685955933,0.5813953488372093,38.714285714285715,,,,,,,0.4851752021563342,1.4285714285714286,2.398921832884097,0.6666666666666666,1.0,1.0
G6_A_Roll25,school_a,6,sentence_04_dictated_english,dictated_english,latin,data/processed/school_a/G6_A_Roll25/sentence_04_dictated_english.json,0.15550425952312696,-0.002401291977401944,,2.6443493859253727e-15,0.07988096173503137,-0.8430229359597448,24.26690202129897,15.171977316424112,0.4723012945602615,3.0228869249943346,1.07749819952412,0.5897959183673469,1.0575449683758,0.4,0.1,0.26268080574833935,0.5697674418604651,13.473684210526315,1.132220233893375,1.976552273348436,,,,,0.8268916712030484,0.8802395209580838,1.3603701687534022,0.7142857142857143,1.0,1.0
G6_A_Roll25,school_a,6,sentence_05_own_hindi,own_hindi,devanagari,data/processed/school_a/G6_A_Roll25/sentence_05_own_hindi.json,2.3517510244711604,0.010297559556764114,,2.208110237865589e-15,0.377058973141138,0.9799528951943479,22.096037934336184,19.825501092572047,0.25972992560799135,3.649453823237338,1.0955457817692273,0.8549019607843139,8.657598097545181,0.29411764705882354,0.35294117647058826,0.30663172650374376,0.1744186046511628,,0.82008218341787,,1.9883689957860773,0.07196574316090451,0.4444444444444444,0.022738208311137667,0.0408997955010225,0.48057259713701433,0.7668711656441718,,1.0,1.0
G6_A_Roll25,school_a,6,sentence_06_own_english,own_english,latin,data/processed/school_a/G6_A_Roll25/sentence_06_own_english.json,0.4866167812988714,0.002762707769971152,,3.796962744218036e-15,0.36067868324018537,-5.764836105319,21.990592036173716,15.042265191938982,0.43673578296334137,2.559492332099417,1.0741395210407574,0.2018779342723005,4.080814128155107,0.75,0.041666666666666664,0.38534224729308036,0.8255813953488372,,0.6104544234972339,1.8436599088336345,,,,,0.35798319327731093,2.5058823529411764,2.7445378151260504,,1.0,1.0
G6_A_Roll26,school_a,6,sentence_01_copy_hindi,copy_hindi,devanagari,data/processed/school_a/G6_A_Roll26/sentence_01_copy_hindi.json,2.0076124764772656,0.0026344329299641174,,-2.1834386150961413e-15,0.32192657633545846,5.9938834560536405,21.425296243556005,20.09698464806959,0.26560334000636715,3.5275819162173376,1.0950072901452363,-0.5176470588235295,-13.766117734305027,0.5294117647058824,0.35294117647058826,0.46807833581826414,0.1724137931034483,52.8235294117647,0.9139937678167582,,2.0565332998550616,0.0757137952255142,0.8888888888888888,0.027167054191461076,0.09243697478991597,0.7226890756302521,0.865546218487395,2.5714285714285716,1.0,1.0
G6_A_Roll26,school_a,6,sentence_02_copy_english,copy_english,latin,data/processed/school_a/G6_A_Roll26/sentence_02_copy_english.json,0.8693483366320944,-0.0056036644478396555,0.004484957554046081,1.942890293094024e-15,0.26580105653481295,3.4253621656777598,25.930903137392583,17.85793203572303,0.3992179730826304,3.2037446365882194,1.075358173115438,-0.062393887945670606,-47.83907168234273,0.5131578947368421,0.14473684210526316,0.5106152681573264,0.3563218390804598,83.06756756756756,0.6893392962982144,2.269329161182817,,,,,1.6498599439775912,4.7064425770308125,4.758543417366947,0.14285714285714285,4.0,1.0
G6_A_Roll26,school_a,6,sentence_03_dictated_hindi,dictated_hindi,devanagari,data/processed/school_a/G6_A_Roll26/sentence_03_dictated_hindi.json,4.240405237145943,-0.05373653430058711,,-1.0710386825795627e-15,0.4521936210371832,5.5498883038150515,25.132905254881013,19.274309800367202,0.29002536293561376,3.0227177114009254,1.1020668626829009,-0.28333333333333344,-34.49056504724109,0.4375,0.375,0.579612270436689,0.1724137931034483,64.5,0.6415853420133044,,2.046509325861056,0.07691709679733828,1.6470588235294117,0.029642168195436486,0.11764705882352941,0.8823529411764706,0.9831932773109243,2.8333333333333335,1.0,1.0
G6_A_Roll26,school_a,6,sentence_04_dictated_english,dictated_english,latin,data/processed/school_a/G6_A_Roll26/sentence_04_dictated_english.json,0.5906215033333408,-0.008578026176072433,,-3.5301622736128024e-15,0.2047924219794411,6.9241951185035004,25.67807165063526,16.43075860495524,0.43849371894341077,2.778690448251584,1.099708129081246,0.4411764705882352,3.6857416293094523,0.5789473684210527,0.10526315789473684,0.41435400119578986,0.39080459770114945,38.68421052631579,0.5925390078033106,1.8281019652126496,,,,,0.6476190476190476,1.3333333333333333,1.7142857142857142,0.42857142857142855,1.0,1.0
G6_A_Roll26,school_a,6,sentence_05_own_hindi,own_hindi,devanagari,data/processed/school_a/G6_A_Roll26/sentence_05_own_hindi.json,3.6826598851455032,-0.02593628904050881,,3.3584246494910985e-15,0.5031124526759463,1.5096845835429793,22.856682462133833,20.251890720440805,0.27772544745367905,3.7063492063492065,1.0837810958477196,-0.5384615384615384,-10.193875712446976,0.5384615384615384,0.3076923076923077,0.3231151588488012,0.1724137931034483,,0.5590831720715356,,2.2702398223395184,0.0900290883251967,1.2857142857142858,0.01780979427508049,0.14150943396226415,1.0613207547169812,1.2558962264150944,,1.0,1.0
G6_A_Roll26,school_a,6,sentence_06_own_english,own_english,latin,data/processed/school_a/G6_A_Roll26/sentence_06_own_english.json,0.36471623119969343,-0.022333971333579023,,1.98559117865653e-16,0.1447830871235785,3.3791476525385846,25.145678465139643,17.20977467914966,0.49914554694242275,3.022774327122153,1.0795995986992613,0.36904761904761907,3.0369814088909246,0.4166666666666667,0.0,0.3605738352432303,0.40229885057471265,,0.8110619589812391,2.2393528547939905,,,,,0.8465116279069768,1.6604651162790698,1.8883720930232557,,1.0,1.0
G6_A_Roll27,school_a,6,sentence_01_copy_hindi,copy_hindi,devanagari,data/processed/school_a/G6_A_Roll27/sentence_01_copy_hindi.json,0.4696023542177628,-0.002748230483635054,,1.0284982742013603e-15,0.0827951401686918,-4.929179444780534,21.490858949231868,25.253612005726303,0.3093737517422406,3.7854812398042412,1.0920087497978774,5.25,0.40138906907102767,0.0,1.0,0.16750432150142083,0.19767441860465115,30.61764705882353,0.9383380417026359,,1.3523111145558977,0.027793694047506392,0.0,0.00011213256518879319,0.08571428571428572,0.7428571428571429,1.0,1.2857142857142858,1.0,1.0
G6_A_Roll27,school_a,6,sentence_02_copy_english,copy_english,latin,data/processed/school_a/G6_A_Roll27/sentence_02_copy_english.json,0.969821291791213,-0.00143948861477801,0.015444344611461196,1.3207825637782034e-15,0.3978783795080348,-5.737747840386502,22.195897761630977,14.95872573780767,0.4398957954328267,3.034995354598946,1.0681012705525417,-0.23777173913043487,-9.571087781037344,0.6375,0.1375,0.4625112817174928,0.5348837209302325,123.5,0.45412394252644445,1.717150582698043,,,,,1.846069268829027,8.471687740516767,9.786695986805938,0.35714285714285715,7.0,1.0
G6_A_Roll27,school_a,6,sentence_03_dictated_hindi,dictated_hindi,devanagari,data/processed/school_a/G6_A_Roll27/sentence_03_dictated_hindi.json,0.049099914185759486,-0.013822790609119761,,2.6445859391266424e-15,0.037577380798213184,-2.335710481050866,20.97828936888297,23.835737503633453,0.3591729459591989,2.4739884393063583,1.099031071855293,0.47368421052631576,2.6674381600045685,0.3333333333333333,0.0,0.16119123818722145,0.6627906976744186,57.714285714285715,,,,,,,0.37438423645320196,2.1839080459770113,2.495894909688013,0.5,1.0,1.0
G6_A_Roll27,school_a,6,sentence_04_dictated_english,dictated_english,latin,data/processed/school_a/G6_A_Roll27/sentence_04_dictated_english.json,0.3139704139472679,-0.06956521739130438,,1.0577187274189251e-14,0.08405529133715184,-2.703717843016896,21.940619749487077,14.883315049037012,0.4875046953142131,3.1123491179201492,1.066389501118264,0.8076923076923077,1.3244222250795652,0.5,0.0,0.05087983290508828,0.45348837209302323,6.947368421052632,0.6043618734812122,1.958553498370432,,,,,0.4838187702265372,0.14724919093851133,0.5258899676375405,0.2857142857142857,1.0,1.0
G6_A_Roll27,school_a,6,sentence_05_own_hindi,own_hindi,devanagari,data/processed/school_a/G6_A_Roll27/sentence_05_own_hindi.json,2.1662692458861508,-0.000508405089275106,,6.427398296133496e-15,0.3429960314402564,-1.5727749625718304,19.943172301730048,18.37906578933287,0.24801836997474416,3.438628158844766,1.0970260331579713,-2.153846153846154,-6.293913603672305,0.38461538461538464,0.38461538461538464,0.1562288233007634,0.1744186046511628,,0.7142083681102506,,2.357613426842564,0.07935907219622008,1.4615384615384615,0.024079813502634106,0.05919494869771113,1.1128650355169691,0.7221783741120757,,1.0,1.0
G6_A_Roll27,school_a,6,sentence_06_own_english,own_english,latin,data/processed/school_a/G6_A_Roll27/sentence_06_own_english.json,1.7677816770535377,-0.005672851405230962,,6.463965165595356e-15,0.2765745724990937,-4.2098169530250225,20.38838126786777,11.687482528404189,0.26833097089526253,2.4736500729690287,1.0666511500996378,-2.2166666666666677,-10.889766541868907,0.375,0.375,0.31465195360982057,0.1744186046511628,,0.5868559455309789,1.6675598000879543,,,,,0.24678111587982832,0.5579399141630901,0.7725321888412017,,1.0,1.0
G6_A_Roll28,school_a,6,sentence_01_copy_hindi,copy_hindi,devanagari,data/processed/school_a/G6_A_Roll28/sentence_01_copy_hindi.json,0.8995379151266204,-0.01706134596335501,,2.3900634557902676e-15,0.3601201668067286,9.67320432817755,20.71355420528718,28.928123613669207,0.28854597704550444,2.9963235294117654,1.1018337744410602,0.7566844919786097,2.573586740729334,0.5294117647058824,0.35294117647058826,0.45639144747344307,0.5057471264367817,34.911764705882355,0.7541055796474145,,1.7237645057262372,0.024646696566866286,1.4375,0.011990424376373396,0.12338754907459339,1.900168255748738,1.9495232753785754,2.5714285714285716,1.0,1.0
G6_A_Roll28,school_a,6,sentence_02_copy_english,copy_english,latin,data/processed/school_a/G6_A_Roll28/sentence_02_copy_english.json,0.5250496217416794,-0.0017367878998663868,0.0021634303204427245,-2.1935858147835754e-15,0.20571074112647897,1.4213734770907294,24.453424216021588,15.159240883154201,0.4995685048961279,2.8575163398692793,1.0811669160174513,1.2135076252723311,2.2431838207872787,0.48148148148148145,0.37037037037037035,0.3982265813521231,0.39080459770114945,44.82432432432432,0.5820072887591139,2.2529064102772383,,,,,0.13333333333333333,4.895238095238096,4.857142857142857,0.14285714285714285,4.0,1.0
G6_A_Roll28,school_a,6,sentence_03_dictated_hindi,dictated_hindi,devanagari,data/processed/school_a/G6_A_Roll28/sentence_03_dictated_hindi.json,0.8608704379724733,0.05878203804231341,,3.6637359812630166e-15,0.34628425401893886,9.755764222290535,22.332660237070236,28.283519453569845,0.28813720862962433,2.9838709677419364,1.085655884046107,0.17261904761904762,7.718696769896097,0.5,0.0,0.3946149909394937,0.4827586206896552,11.464285714285714,1.3072281192267883,,1.6566902789793079,0.019953520383879524,0.75,0.0755676512980643,0.3467253714914695,0.5085305448541553,0.693450742982939,0.3333333333333333,1.0,1.0
G6_A_Roll28,school_a,6,sentence_04_dictated_english,dictated_english,latin,data/processed/school_a/G6_A_Roll28/sentence_04_dictated_english.json,0.5542483332212621,-0.0025353079667805507,,5.424113348644173e-15,0.14925284936255168,7.879330790150967,21.587056188349344,26.059902504173408,0.42294008544135897,3.5522558537978326,1.0740422514375656,0.7098765432098763,11.95555612342282,0.16666666666666666,0.4166666666666667,0.3603376588226678,0.3103448275862069,40.13157894736842,0.7070105767311381,2.0724427137674826,,,,,0.20941828254847647,1.735180055401662,1.2565096952908588,0.5714285714285714,1.0,1.0
G6_A_Roll28,school_a,6,sentence_05_own_hindi,own_hindi,devanagari,data/processed/school_a/G6_A_Roll28/sentence_05_own_hindi.json,1.862581766292266,0.08092903975358899,,-3.3357155421692205e-15,0.2701913792420178,8.34638658272626,20.360487611182553,18.34143626627389,0.2279840023738741,3.140845070422535,1.0812476654948358,-1.393333333333333,-9.156162185559515,0.3,0.4,0.2817289614850328,0.1724137931034483,,1.0198656248729272,,2.345694490725228,0.07285758757876466,0.9,0.01895566286342905,0.04429133858267716,0.7381889763779528,0.9153543307086615,,1.0,1.0
G6_A_Roll28,school_a,6,sentence_06_own_english,own_english,latin,data/processed/school_a/G6_A_Roll28/sentence_06_own_english.json,0.44534404257681454,0.0005424763516576506,,-9.809861256648844e-16,0.12778740154187965,1.3279252062818243,19.812394087953393,18.19161982985892,0.4786321731705775,2.828496042216359,1.064149215333445,1.0788177339901481,1.635738131442785,0.42857142857142855,0.42857142857142855,0.23818907146040982,0.3333333333333333,,0.4188158972310901,1.6246718122021528,,,,,0.19754768392370572,1.3433242506811989,1.659400544959128,,1.0,1.0
G6_A_Roll29,school_a,6,sentence_01_copy_hindi,copy_hindi,devanagari,data/processed/school_a/G6_A_Roll29/sentence_01_copy_hindi.json,2.773623633565799,0.05268700799036964,,3.050469929565311e-15,0.31646795631220603,9.528142063940278,23.20154964387864,20.879071403743414,0.2803965399981268,3.2118055555555554,1.0873076057699207,-1.9500000000000006,-5.627862612375033,0.4,0.35,0.42260071880222566,0.1744186046511628,68.82352941176471,1.0153987376297395,,2.785644502514331,0.05509725517298926,0.5714285714285714,0.015728879677964897,0.058823529411764705,0.9411764705882353,0.9243697478991597,3.0,1.0,0.0
G6_A_Roll29,school_a,6,sentence_02_copy_english,copy_english,latin,data/processed/school_a/G6_A_Roll29/sentence_02_copy_english.json,1.015205662601674,0.01003023631317878,0.026566996843697763,1.031161688023062e-15,0.3096491701337291,2.1697993574140457,25.48864323818658,20.1203689533892,0.45881602251152326,3.2869692532942874,1.0756818452200894,-1.0964157706093187,-6.001673774747821,0.5333333333333333,0.2111111111111111,0.5524840398379189,0.36046511627906974,187.9189189189189,0.7073842352599423,1.7715410724294571,,,,,0.538375350140056,12.417366946778712,6.998879551820728,0.2857142857142857,9.0,0.0
G6_A_Roll29,school_a,6,sentence_03_dictated_hindi,dictated_hindi,devanagari,data/processed/school_a/G6_A_Roll29/sentence_03_dictated_hindi.json,0.24347499245486515,-0.033898305084745756,,-1.0572561344919981e-14,0.06284403323130003,6.049793508179334,22.069319377504353,24.000459713614656,0.2769775157039452,1.890179514255544,1.1102185525714416,2.821428571428571,0.005967145832797961,0.0,1.0,0.22677868380553634,0.4883720930232558,54.214285714285715,,,,,,,0.432520325203252,2.868292682926829,2.094308943089431,1.1666666666666667,1.0,0.0
G6_A_Roll29,school_a,6,sentence_04_dictated_english,dictated_english,latin,data/processed/school_a/G6_A_Roll29/sentence_04_dictated_english.json,4.54826087686715,-0.36157824434017205,,0.0,0.5784047353013894,-0.41195431979505176,24.25890900530775,11.391110313447868,0.2752126020150047,2.2383929486522494,1.0755510706786213,-2.033333333333333,-2.9974458355775466,0.75,0.25,0.7853864554511325,0.1744186046511628,18.5,,,,,,,0.18668831168831168,0.2597402597402597,0.3246753246753247,0.7142857142857143,1.0,0.0
G6_A_Roll29,school_a,6,sentence_05_own_hindi,own_hindi,devanagari,data/processed/school_a/G6_A_Roll29/sentence_05_own_hindi.json,1.1072639489564633,-0.0010041069174491835,,-1.7262761268763984e-15,0.30366895253367054,9.33598019832064,22.853642603915066,29.009563947939693,0.39642797193839885,3.1678252234359463,1.0923391178185984,0.1525974025974026,14.52324843450772,0.5,0.22727272727272727,0.4199749614607617,0.32558139534883723,,,,,,,,0.07621121393576483,1.2498639085465433,1.6004354926510613,,1.0,0.0
G6_A_Roll29,school_a,6,sentence_06_own_english,own_english,latin,data/processed/school_a/G6_A_Roll29/sentence_06_own_english.json,2.3547283742341443,0.17118407683909603,,5.2933847781235144e-15,0.3225251538215637,1.677589575136018,24.485706846296946,18.063938925141873,0.4047880321513551,3.0627188793377895,1.0775529497389944,-0.2526881720430109,-17.633556840431417,0.6666666666666666,0.3333333333333333,0.5673823831752908,0.36046511627906974,,0.5303196567615543,1.6061911838839953,,,,,0.43685636856368565,0.7897018970189702,0.7392953929539295,,1.0,0.0
G6_A_Roll30,school_a,6,sentence_01_copy_hindi,copy_hindi,devanagari,data/processed/school_a/G6_A_Roll30/sentence_01_copy_hindi.json,1.9910999878475022,-0.01262269333051395,,-1.2058255628567672e-15,0.3157546662763467,15.722040062940119,24.102491365450245,19.812892898707936,0.34034563604509566,3.8500251635631604,1.0845978396603075,-5.854901960784313,-4.247813920539576,0.35294117647058826,0.29411764705882354,0.48696762704319085,0.17857142857142858,92.44117647058823,0.3913362370358706,,1.771480421952783,0.06127119429460362,1.5294117647058822,0.07415269767886366,0.11016949152542373,0.6440677966101694,0.6440677966101694,2.5714285714285716,1.0,0.0
G6_A_Roll30,school_a,6,sentence_02_copy_english,copy_english,latin,data/processed/school_a/G6_A_Roll30/sentence_02_copy_english.json,1.3360674690544838,-0.004587938489338285,0.005116875532794679,7.684121732303211e-16,0.21292436455602173,9.3835526283208,23.919963563696886,11.772113652029145,0.2866492071785464,2.496948281400578,1.0822436635599786,-0.8843137254901964,-12.815035328178226,0.47058823529411764,0.3235294117647059,0.48175063240164945,0.17857142857142858,130.27027027027026,0.8025531165441101,2.413619216280928,,,,,0.3074792243767313,2.559556786703601,3.32409972299169,0.5,6.0,0.0
G6_A_Roll30,school_a,6,sentence_03_dictated_hindi,dictated_hindi,devanagari,data/processed/school_a/G6_A_Roll30/sentence_03_dictated_hindi.json,1.846392344842312,0.02030954059773127,,3.3792413312028202e-15,0.2886207008172359,10.815233694103476,23.393330109828664,17.98644463424522,0.32470643933488347,3.093183779119931,1.0820886187973473,0.5523809523809522,11.140275010463588,0.42857142857142855,0.5714285714285714,0.30775343331535987,0.17857142857142858,21.642857142857142,0.7167334249700014,,2.037952170764104,0.0789329635975,1.0,0.03160838393677548,0.28594771241830064,0.19607843137254902,0.3022875816993464,2.5,1.0,0.0
G6_A_Roll30,school_a,6,sentence_04_dictated_english,dictated_english,latin,data/processed/school_a/G6_A_Roll30/sentence_04_dictated_english.json,,,,,,8.333253878183438,21.916273896779636,15.86876732906782,0.4210634683538421,2.89056197902662,1.065376818876528,,,,,,0.35714285714285715,,,,,,,,0.5638474295190713,1.0281923714759535,1.1774461028192371,0.5714285714285714,1.0,0.0
G6_A_Roll30,school_a,6,sentence_05_own_hindi,own_hindi,devanagari,data/processed/school_a/G6_A_Roll30/sentence_05_own_hindi.json,0.6596672291907235,-0.002977451117268861,,2.435551760271437e-15,0.11404278525079363,12.647340771792598,22.200293385570653,17.351794434118407,0.31363715717331153,3.2460474308300395,1.0822026527568815,1.3037037037037038,2.7827193978015146,0.3333333333333333,0.3333333333333333,0.4283622958925935,0.17857142857142858,,0.4714045207910316,,23.666666666666668,,,,0.07348938486663037,0.18780620577027762,0.38377789874795865,,1.0,0.0
G7_A_Roll01,school_a,7,sentence_01_copy_hindi,copy_hindi,devanagari,data/processed/school_a/G7_A_Roll01/sentence_01_copy_hindi.json,0.948508351197555,0.062457421246960465,0.06526498640248421,1.1393130029146137e-15,0.2949678080850083,3.6387474387008276,21.49499544657594,25.78480534527504,0.3508075068264992,3.8049814520402765,1.0792550101177911,-0.13377192982456135,-28.341462446847572,0.5416666666666666,0.20833333333333334,0.4622075688321492,0.38,67.1470588235294,1.1459370807808311,,1.5786946692292467,0.02074759343596238,0.6538461538461539,0.011947050531862085,0.171,1.8050000000000002,1.6720000000000002,1.0,2.0,0.0
G7_A_Roll01,school_a,7,sentence_02_copy_english,copy_english,latin,data/processed/school_a/G7_A_Roll01/sentence_02_copy_english.json,,,,,,-2.8402268705049307,22.824248227176714,17.001994118052707,0.4309741532987445,3.4042553191489384,1.0912751580829558,,,,,,0.52,,,,,,,,0.338,2.236,1.6380000000000001,0.35714285714285715,1.0,0.0
G7_A_Roll01,school_a,7,sentence_03_dictated_hindi,dictated_hindi,devanagari,data/processed/school_a/G7_A_Roll01/sentence_03_dictated_hindi.json,1.4278654991626432,0.08702762623703614,0.09810049764085792,-4.321939631576502e-16,0.18994969752964036,7.965462409034224,22.481071381040636,21.13972606938654,0.2859793012132802,3.893856359965388,1.0918452644243124,-1.996491228070175,-5.952805289081439,0.5263157894736842,0.3157894736842105,0.33857024408310143,0.15,89.57142857142857,0.8429455404018337,,2.184945603093636,0.07128732105787734,1.2857142857142858,0.00956952570153231,0.045,0.6074999999999999,0.7575,0.8333333333333334,2.0,0.0
G7_A_Roll01,school_a,7,sentence_04_dictated_english,dictated_english,latin,data/processed/school_a/G7_A_Roll01/sentence_04_dictated_english.json,0.12496593920796001,-0.012292654584798309,0.03303272167922466,-3.4139358007223564e-15,0.060122198137506175,-2.324117614251329,21.12767446918519,16.97526294283225,0.42756763441607615,3.371718102257024,1.0678488357900906,0.4983818770226538,7.2591710391809645,0.16666666666666666,0.3333333333333333,0.5099322152968283,0.515,56.60526315789474,0.6722361020732414,1.6344552195946727,,,,,0.28325,2.4205,1.67375,0.5714285714285714,2.0,0.0
G7_A_Roll01,school_a,7,sentence_05_own_hindi,own_hindi,devanagari,data/processed/school_a/G7_A_Roll01/sentence_05_own_hindi.json,2.0017605395995246,0.02205248507766912,,-4.1922094801992975e-15,0.28390076504941775,10.146907004707687,23.46214724594332,20.64642429400751,0.3232029682706756,3.923841059602649,1.0840140847803834,-1.3722222222222218,-16.176028117440165,0.25,0.4166666666666667,0.42750411597664445,0.15,,0.9961331729498877,,1.7996448651997583,0.07238826134004259,0.8,0.03737871339076794,0.03496503496503496,0.541958041958042,0.6206293706293706,,1.0,0.0
G7_A_Roll01,school_a,7,sentence_06_own_english,own_english,latin,data/processed/school_a/G7_A_Roll01/sentence_06_own_english.json,0.2503757636017483,0.009270301502378155,,1.137111238502797e-14,0.1488946254288741,-3.848206903576581,22.352447864610255,17.983209539620148,0.459727810854594,3.0527966544694185,1.0679291298449236,2.1038251366120218,0.18706709174058012,0.0,0.6666666666666666,0.2676047084328113,0.61,,0.4595825264286813,1.352212552343392,,,,,0.1892059553349876,2.1191066997518613,1.6271712158808933,,1.0,0.0
G7_A_Roll02,school_a,7,sentence_01_copy_hindi,copy_hindi,devanagari,data/processed/school_a/G7_A_Roll02/sentence_01_copy_hindi.json,1.910738731228761,-0.0972599824802489,,-2.67841304690819e-15,0.4793035926024062,6.648760029398493,21.482605710122144,33.21253395490988,0.410580963120115,3.50967741935484,1.0819687345084432,-0.7952853598014891,-4.937741464590022,0.6774193548387096,0.0967741935483871,0.3974320890190367,0.30409356725146197,63.88235294117647,0.4066539783566541,,1.7172825785842418,0.02950956975565542,0.22580645161290322,0.029759760257993272,0.11659192825112108,1.5989750160153746,1.9154388212684177,4.571428571428571,1.0,0.0
G7_A_Roll02,school_a,7,sentence_02_copy_english,copy_english,latin,data/processed/school_a/G7_A_Roll02/sentence_02_copy_english.json,2.0679786533802713,-0.19666221860200997,0.3751794123204592,3.6614230166283806e-15,0.18673980560902298,4.0024610545057975,22.866332768699717,14.011187584401002,0.42432477655680323,3.0375508251614454,1.0754495810076126,0.547008547008547,8.334396091086925,0.2222222222222222,0.5555555555555556,0.46695027260959615,0.45614035087719296,37.391891891891895,0.7476847303098774,0.7754102943954048,,,,,0.38447319778188543,2.4510166358595193,2.5951940850277264,0.35714285714285715,3.0,0.0
G7_A_Roll02,school_a,7,sentence_03_dictated_hindi,dictated_hindi,devanagari,data/processed/school_a/G7_A_Roll02/sentence_03_dictated_hindi.json,1.460912805558485,0.01104806369071487,0.0013533396901001017,6.794976104418782e-16,0.23025076782605045,5.631891581460549,21.67874565363634,20.498752763616505,0.28697265221190665,3.115284974093264,1.0974815332447567,0.5573333333333335,15.459143059242527,0.32,0.4,0.3498134652713784,0.17543859649122806,81.89285714285714,0.8041747900045075,,1.872470805713164,0.06770004683291704,0.72,0.007275698829229428,0.07988165680473372,0.9763313609467456,1.1715976331360947,0.6666666666666666,2.0,0.0
G7_A_Roll02,school_a,7,sentence_04_dictated_english,dictated_english,latin,data/processed/school_a/G7_A_Roll02/sentence_04_dictated_english.json,0.5524467668154981,-0.06353409177287353,0.043483116475530215,3.1051550219984847e-15,0.13786000017330696,3.1067194830273066,22.815367903940363,14.230347146064444,0.4822730769147332,2.789533560864619,1.0768275111322347,1.8888888888888888,0.5174687750025626,0.0,0.5,0.4391598706946645,0.5263157894736842,62.71052631578947,0.7138448992208206,1.4480093039933095,,,,,0.5365853658536586,2.097560975609756,2.5853658536585367,0.7142857142857143,2.0,0.0
G7_A_Roll02,school_a,7,sentence_05_own_hindi,own_hindi,devanagari,data/processed/school_a/G7_A_Roll02/sentence_05_own_hindi.json,2.3371728099922375,0.013007734809231387,,5.17024694662243e-15,0.3325279100076435,8.144005122613532,23.595517207380556,19.66161159662485,0.2460372845802744,3.2196339434276204,1.0947081642221619,1.5921568627450977,3.2823714679466494,0.5882352941176471,0.35294117647058826,0.37520957263807286,0.17543859649122806,,0.6934739381394898,,1.8974100554511568,0.07226399245060314,0.5625,0.01734543424928379,0.04765687053216838,0.5242255758538522,0.8339952343129468,,1.0,0.0
G7_A_Roll02,school_a,7,sentence_06_own_english,own_english,latin,data/processed/school_a/G7_A_Roll02/sentence_06_own_english.json,0.5204703325491896,0.0035972212209295844,,-2.1288526497187377e-15,0.1852461572462794,2.476658894204099,21.05706026182115,12.795891072288649,0.5033346831313887,2.7104247104247112,1.07788045627394,4.180232558139535,0.21984352730412116,0.0,1.0,0.17932847737970484,0.5029239766081871,,0.7551470083950005,1.8695706994635568,,,,,0.35833333333333334,0.8190476190476191,0.9726190476190476,,1.0,0.0
G7_A_Roll03,school_a,7,sentence_01_copy_hindi,copy_hindi,devanagari,data/processed/school_a/G7_A_Roll03/sentence_01_copy_hindi.json,2.8036598308987193,0.0030148820011019623,0.06711925828092667,2.040034807748725e-15,0.40058968099474673,5.291409787306351,20.053064922200853,19.481648087585725,0.24533520025506853,3.217993079584775,1.090325523878399,-2.2616666666666667,-4.801863222363619,0.5,0.175,0.5464335125450933,0.17857142857142858,117.47058823529412,0.6879655607167501,,1.778360364897169,0.05466985840686824,1.05,0.012023968555235935,0.08074162679425838,1.0855263157894737,1.1483253588516746,6.0,2.0,0.0
G7_A_Roll03,school_a,7,sentence_02_copy_english,copy_english,latin,data/processed/school_a/G7_A_Roll03/sentence_02_copy_english.json,,,,,,0.409237521389763,19.587228119846415,17.42795029967832,0.46671574546421335,3.6864269517330728,1.0743277501410637,,,,,,0.5714285714285714,,,,,,,,0.25903939557474365,2.3572584997301673,1.683756071235834,0.14285714285714285,1.0,0.0
G7_A_Roll03,school_a,7,sentence_03_dictated_hindi,dictated_hindi,devanagari,data/processed/school_a/G7_A_Roll03/sentence_03_dictated_hindi.json,2.6315130355942618,-0.0029276544104164543,0.018661275273590683,-1.6291655524636183e-15,0.3997654374501723,5.016449116247173,18.642289110892115,19.32972978385251,0.30157041679407043,2.886261720342438,1.0852790393457292,-4.170370370370371,-3.742548023780616,0.5,0.3888888888888889,0.4769266219887834,0.17857142857142858,119.75,0.9473874442748265,,1.7638659531344263,0.06319951568530463,1.1578947368421053,0.0024714295553558766,0.06837606837606838,0.8888888888888888,1.017094017094017,0.6666666666666666,2.0,0.0
G7_A_Roll03,school_a,7,sentence_04_dictated_english,dictated_english,latin,data/processed/school_a/G7_A_Roll03/sentence_04_dictated_english.json,0.0,0.005977286312014345,0.008453159368637745,-2.0301221021717147e-15,2.5915919102326426e-15,0.009473910321685146,18.653927438965482,16.612500018953217,0.4665342835007275,3.692437684833122,1.0580455197668175,-0.4383561643835616,-1.5909902576697321,1.0,0.0,0.21770991055010028,0.43452380952380953,69.92105263157895,1.0179536064183297,5.867466578275571,,,,,0.15973741794310722,1.6772428884026258,1.3777352297592997,0.5714285714285714,2.0,0.0
G7_A_Roll03,school_a,7,sentence_05_own_hindi,own_hindi,devanagari,data/processed/school_a/G7_A_Roll03/sentence_05_own_hindi.json,0.44168910115162563,-0.024131390103508666,,-4.340972026284362e-15,0.3110078005455279,6.9925794691656025,19.642662882313907,28.52680005105568,0.4745560395250437,2.732919254658385,1.1087907530042163,-2.9210526315789473,-3.287966946694944,0.5,0.5,0.7186077329042775,0.6785714285714286,,0.8257281429226732,,1.5845106923837338,0.020443867465068977,3.2,0.00019277344298935907,0.4007029876977153,2.654657293497364,1.7530755711775046,,1.0,0.0
G7_A_Roll03,school_a,7,sentence_06_own_english,own_english,latin,data/processed/school_a/G7_A_Roll03/sentence_06_own_english.json,0.9317469953032236,-0.10695734041842028,0.2231635211032341,3.247402347028583e-15,0.26308079037758636,0.07658102736139963,18.868476631367656,18.109512090311313,0.5732785038713232,4.56859093730602,1.063913758554442,-1.0276769509981851,-6.91883566417582,0.25,0.625,0.5185715102575613,0.655952380952381,,0.6593075922677676,8.264031317485996,,,,,0.45029717682020803,4.42109955423477,2.9473997028231795,,2.0,0.0
G7_A_Roll04,school_a,7,sentence_01_copy_hindi,copy_hindi,devanagari,data/processed/school_a/G7_A_Roll04/sentence_01_copy_hindi.json,0.8736830983949734,-0.23049182213960331,0.34073601851854485,-4.3820767120770315e-16,0.2231198169730478,7.2120462769544655,21.13907139089065,29.218533399910488,0.28193615374885056,2.8901734104046235,1.0823356453998492,0.15900383141762464,31.1382577511859,0.5,0.4444444444444444,0.6777503864431736,0.34523809523809523,60.088235294117645,0.4530541384437243,,1.6264825373952074,0.028411331024379434,1.3,0.017703951615518514,0.17715332926084298,1.7538179596823458,1.6475259621258398,2.857142857142857,2.0,0.0
G7_A_Roll04,school_a,7,sentence_02_copy_english,copy_english,latin,data/processed/school_a/G7_A_Roll04/sentence_02_copy_english.json,0.8079468961613122,-0.01996728250386939,,2.3962313614826294e-15,0.2581934333920935,1.0122652601112592,23.817425794264597,18.1317130617473,0.4886408562645297,2.6175600131535677,1.0811685755159126,0.9000000000000001,8.73283817879505,0.125,0.625,0.5812730244327466,0.4166666666666667,20.31081081081081,0.5850670137003308,1.0879692546991713,,,,,0.46537396121883656,1.6094182825484764,1.551246537396122,0.21428571428571427,1.0,0.0
G7_A_Roll04,school_a,7,sentence_03_dictated_hindi,dictated_hindi,devanagari,data/processed/school_a/G7_A_Roll04/sentence_03_dictated_hindi.json,1.2439564483686516,0.008167109806820312,,8.000136500975393e-17,0.18734371183761547,8.112253584512892,21.095816222144997,21.198117188596996,0.23583763450600667,2.9980719794344473,1.0950072901452377,0.46250000000000013,23.698715826696958,0.375,0.5625,0.375235404035279,0.17857142857142858,58.714285714285715,0.42277318920194745,,1.7274305322210792,0.0635322993348952,1.0588235294117647,0.0006318353604463921,0.06560962274466922,0.7463094587206124,0.8529250956806999,0.3333333333333333,1.0,0.0
G7_A_Roll04,school_a,7,sentence_04_dictated_english,dictated_english,latin,data/processed/school_a/G7_A_Roll04/sentence_04_dictated_english.json,0.5252926061296709,-0.023255552107708508,0.026201728243805067,9.854430883618204e-16,0.18600309564096015,1.716692600904898,21.8178062421448,17.64417376666835,0.45143192976704427,2.8142005700958803,1.064428377408478,1.303921568627451,1.9641876796775886,0.2222222222222222,0.5555555555555556,0.4700978895059681,0.40476190476190477,46.78947368421053,0.469057272053322,3.9028746102365974,,,,,0.38095238095238093,2.4571428571428573,1.5047619047619047,1.5714285714285714,2.0,0.0
G7_A_Roll04,school_a,7,sentence_05_own_hindi,own_hindi,devanagari,data/processed/school_a/G7_A_Roll04/sentence_05_own_hindi.json,1.6848063703573224,0.011510765971797461,,3.3769283665681846e-15,0.23591471242273077,8.034830161609484,21.127543273670693,20.92236103793229,0.31846317513296435,3.2455315145813737,1.097026033157972,0.3151515151515153,30.5784082851681,0.45454545454545453,0.36363636363636365,0.16380920165074533,0.17857142857142858,,0.3829014738243219,,2.003164985969106,0.07729637853238434,1.5833333333333333,0.012001366347653858,0.08064516129032258,0.6912442396313364,0.783410138248848,,1.0,0.0
G7_A_Roll04,school_a,7,sentence_06_own_english,own_english,latin,data/processed/school_a/G7_A_Roll04/sentence_06_own_english.json,0.34590589876704614,-0.015777164715053735,,5.4178883601707636e-15,0.11915480127786074,1.3620150058864342,23.029712486987414,22.708087246100103,0.44785868290463915,2.7552140504939637,1.0794453482778927,2.9097222222222223,0.20465770689395826,0.0,1.0,0.20963137289060527,0.42857142857142855,,0.49824009440132366,1.6791201844972652,,,,,0.28884026258205686,1.1291028446389495,1.6542669584245075,,1.0,0.0
G7_A_Roll05,school_a,7,sentence_01_copy_hindi,copy_hindi,devanagari,data/processed/school_a/G7_A_Roll05/sentence_01_copy_hindi.json,1.7911248511103948,-0.007025494794847864,,1.1587952819525071e-15,0.2618840291741486,-0.15941252739022851,20.88633391596298,19.09425561320793,0.3057909292533056,3.088779284833539,1.081075202416964,0.5866666666666666,8.971948939254787,0.26666666666666666,0.4666666666666667,0.2861369008821931,0.1744186046511628,28.08823529411765,0.4975038892303704,,1.9166125415237207,0.051908565771259685,0.9333333333333333,0.0411932921119244,0.04127682993946065,0.5035773252614199,0.6108970831040176,0.14285714285714285,1.0,0.0
G7_A_Roll05,school_a,7,sentence_02_copy_english,copy_english,latin,data/processed/school_a/G7_A_Roll05/sentence_02_copy_english.json,0.9864648834649294,0.0028027711838685236,0.01127639807203978,-1.3719184518582292e-15,0.3353805163257394,-5.036249408069748,22.667377159615285,18.464553110062788,0.4712933162991507,3.2866741321388564,1.0726236061702905,-0.6645299145299146,-8.851003024888334,0.5384615384615384,0.23076923076923078,0.4546619439874762,0.4186046511627907,54.229729729729726,0.4879516946667782,1.8943018087378032,,,,,0.26218487394957984,3.9327731092436973,2.702521008403361,0.2857142857142857,2.0,0.0
G7_A_Roll05,school_a,7,sentence_03_dictated_hindi,dictated_hindi,devanagari,data/processed/school_a/G7_A_Roll05/sentence_03_dictated_hindi.json,0.4874833032486928,-0.011606755693273147,,4.565792188770956e-15,0.13640253765381408,-2.112674474080032,19.499257317880687,29.168115178437432,0.30884228386479995,2.9844699527346394,1.1088461198321937,0.5194444444444445,15.992991663838685,0.6,0.3,0.4287303389958397,0.4186046511627907,56.0,0.28284271247461895,,,,,,0.24201680672268908,2.0773109243697476,1.5932773109243696,0.6666666666666666,1.0,0.0
G7_A_Roll05,school_a,7,sentence_04_dictated_english,dictated_english,latin,data/processed/school_a/G7_A_Roll05/sentence_04_dictated_english.json,1.6187848480778062,-0.5217391304347827,,-8.881784197001252e-16,0.3901056451420331,-9.259854441697733,18.26923696080237,16.271611276525668,0.4928089370794751,3.2845235413381397,1.0735698775061335,-5.451219512195122,-1.8887818718942677,0.5,0.0,1.0713439119992132,0.47674418604651164,18.42105263157895,0.8468341205228217,1.5918076505857452,,,,,0.26465841850457233,0.35287789133942976,0.26465841850457233,0.5714285714285714,1.0,0.0
G7_A_Roll05,school_a,7,sentence_05_own_hindi,own_hindi,devanagari,data/processed/school_a/G7_A_Roll05/sentence_05_own_hindi.json,1.9833431520399334,0.018931186103670374,,-4.5620073375506435e-15,0.24244780429223134,-3.6967070425004724,17.0526581707937,20.7866412578442,0.2566807579369315,3.282571912013536,1.0961541484513035,-1.46,-7.101935305693951,0.3,0.4,0.36878177829171543,0.1744186046511628,,0.9173963384185523,,1.4932890911173864,0.0640562855635068,2.1818181818181817,0.03653264716685154,0.03597122302158273,0.8633093525179856,0.7913669064748201,,1.0,0.0
G7_A_Roll05,school_a,7,sentence_06_own_english,own_english,latin,data/processed/school_a/G7_A_Roll05/sentence_06_own_english.json,0.35333241059753806,-0.0005014121724780671,,-5.085675470494467e-15,0.13233975772573722,-7.5379437878562126,20.887796690128216,19.33310261496689,0.4499250597735621,3.0883444691907944,1.0682659574713371,0.8142857142857144,5.36977602231093,0.4166666666666667,0.3333333333333333,0.46008301950805586,0.4069767441860465,,0.6511099404371238,1.9888586181517511,,,,,0.29598308668076106,1.8745595489781535,1.9978858350951374,,1.0,0.0
G7_A_Roll06,school_a,7,sentence_01_copy_hindi,copy_hindi,devanagari,data/processed/school_a/G7_A_Roll06/sentence_01_copy_hindi.json,1.7298698318557044,0.0721357338679669,0.1041048621578183,6.006862695159983e-16,0.23672838454165826,3.9859280431189594,17.6534170259313,18.04811908274018,0.30824497749224455,2.817195325542571,1.0804537979938893,2.2266666666666666,3.680352871606772,0.4666666666666667,0.4666666666666667,0.3824531696305449,0.16759776536312848,46.3235294117647,0.5430633854820042,,1.971159462867008,0.051186772792261345,0.6470588235294118,0.01360727730122189,0.075,0.6749999999999999,1.2149999999999999,0.14285714285714285,2.0,1.0
G7_A_Roll06,school_a,7,sentence_02_copy_english,copy_english,latin,data/processed/school_a/G7_A_Roll06/sentence_02_copy_english.json,0.38920660610785157,0.0024227408251335254,,2.7922109069322685e-15,0.17550490811777283,-3.1342416599884406,22.508133973023323,15.508765090687373,0.5263039354886814,3.556331200310259,1.0746203035432393,2.89922480620155,0.34866146123428965,0.0,1.0,0.298642474915561,0.48044692737430167,25.06756756756757,0.6159596338953471,1.5464466026942785,,,,,0.16611479028697573,2.1594922737306845,1.2577262693156734,0.35714285714285715,2.0,1.0
G7_A_Roll06,school_a,7,sentence_03_dictated_hindi,dictated_hindi,devanagari,data/processed/school_a/G7_A_Roll06/sentence_03_dictated_hindi.json,0.48992457462941214,-0.016060270001117056,0.03849424388581931,5.620504062164855e-15,0.25964885872218607,3.6488911771330135,19.13367158597156,26.277500992803063,0.39539498206434937,2.2590183323477233,1.0826697951970776,-0.10695970695970687,-36.671099932724296,0.5,0.15384615384615385,0.48308834979098686,0.5865921787709497,103.10714285714286,0.9987749565246722,,1.6644671292484683,0.018818187677509653,0.7307692307692307,0.02049183265197596,0.3461538461538462,4.730769230769231,2.7692307692307696,0.3333333333333333,2.0,1.0
G7_A_Roll06,school_a,7,sentence_04_dictated_english,dictated_english,latin,data/processed/school_a/G7_A_Roll06/sentence_04_dictated_english.json,0.4077490546523664,0.046640716665175545,0.05420200260553168,-9.549652735252323e-16,0.16882613913841582,-0.00826871721855311,21.15767501009712,17.061072786357123,0.4857438721559348,3.3532077271643206,1.0552529624612903,1.8849206349206347,1.1725049539494543,0.16666666666666666,0.6666666666666666,0.3128029312885948,0.4692737430167598,45.55263157894737,0.36347264941305185,1.4524449099895929,,,,,0.5301866081229418,1.636663007683864,1.8902305159165753,0.2857142857142857,2.0,1.0
G7_A_Roll06,school_a,7,sentence_05_own_hindi,own_hindi,devanagari,data/processed/school_a/G7_A_Roll06/sentence_05_own_hindi.json,1.5776967924755572,0.011475202887065853,,1.2727913960881258e-15,0.2156466664730833,5.897786367655255,20.390238162251602,20.229068179523583,0.32135952059718315,3.1871525633106854,1.100043665470869,-1.0410256410256413,-11.73892435264014,0.3076923076923077,0.3076923076923077,0.3633295929235344,0.16759776536312848,,0.4819611891859858,,1.8566352700326205,0.0775502482497897,1.3846153846153846,0.010615038170600945,0.031055900621118016,0.6935817805383023,0.7039337474120083,,1.0,1.0
G7_A_Roll06,school_a,7,sentence_06_own_english,own_english,latin,data/processed/school_a/G7_A_Roll06/sentence_06_own_english.json,0.2055262241837915,0.03114754098360656,,2.3129646346357427e-18,0.0792055300889992,-0.27201186120908444,22.080958256910897,17.602821531343654,0.5154687794248964,3.3359013867488443,1.0642952952197604,-0.13829787234042534,-54.28404366339811,0.5,0.5,0.13214230668753593,0.5251396648044693,,0.5181926135962486,2.525795837559481,,,,,0.4817767653758542,2.0876993166287017,1.6326879271070613,,1.0,1.0
G7_A_Roll07,school_a,7,sentence_01_copy_hindi,copy_hindi,devanagari,data/processed/school_a/G7_A_Roll07/sentence_01_copy_hindi.json,2.0550571352285054,-0.028966491072002203,,1.9677242291711655e-15,0.3160571979470057,-3.53488347563726,18.987572142487902,18.909290524223525,0.32239249606074044,3.139946855624446,1.0820886187973473,-3.0962962962962965,-3.8766971578526364,0.5555555555555556,0.3333333333333333,0.41455694480873584,0.18292682926829268,73.73529411764706,1.0547623534192718,,3.0368477504498106,0.06649547275915657,1.6111111111111112,0.02956124478264799,0.04155124653739612,0.8891966759002771,1.0221606648199446,0.2857142857142857,1.0,0.0
G7_A_Roll07,school_a,7,sentence_02_copy_english,copy_english,latin,data/processed/school_a/G7_A_Roll07/sentence_02_copy_english.json,2.628499238305701,-0.037900330362644404,0.0571535576713235,-1.0092109297617201e-15,0.39114296676391486,-3.923229533662503,21.507255482307812,12.689904924019785,0.2616579052403095,2.778301442171741,1.0757265415764818,-1.5226190476190482,-7.816769185934064,0.3392857142857143,0.30357142857142855,0.6201311914316828,0.18292682926829268,88.62162162162163,0.7882303913669569,2.0494973630559747,,,,,0.10803324099722993,2.7922437673130194,2.6842105263157894,0.21428571428571427,5.0,0.0
G7_A_Roll07,school_a,7,sentence_03_dictated_hindi,dictated_hindi,devanagari,data/processed/school_a/G7_A_Roll07/sentence_03_dictated_hindi.json,1.295403736696964,0.009534444469964648,,4.718447854656915e-16,0.5486189082334367,-4.171097783828103,17.928927723204787,24.59572338193787,0.3006023242530154,3.443163097199339,1.0806364869436644,-1.1113467656415694,-4.634117704456333,0.6086956521739131,0.043478260869565216,0.49665746530255794,0.5,100.10714285714286,,,,,,,0.04542936288088643,2.316897506925208,1.9534626038781164,0.16666666666666666,1.0,0.0
G7_A_Roll07,school_a,7,sentence_04_dictated_english,dictated_english,latin,data/processed/school_a/G7_A_Roll07/sentence_04_dictated_english.json,1.1172151993731028,0.02840909090909092,,4.163336342344337e-15,0.22316904262539664,-4.15912687538491,20.215269561051436,12.669034695147955,0.284150091793061,2.8511222653660386,1.0662671322734645,-8.822222222222221,-2.4847139727639402,0.3333333333333333,0.6666666666666666,0.26704785676175025,0.18292682926829268,29.842105263157894,0.5060664920268128,2.953682398894173,,,,,0.1273344651952462,0.36502546689303905,0.2801358234295416,0.5714285714285714,1.0,0.0
G7_A_Roll07,school_a,7,sentence_05_own_hindi,own_hindi,devanagari,data/processed/school_a/G7_A_Roll07/sentence_05_own_hindi.json,1.5958776021051455,0.012890853474441863,,2.6259858485231134e-15,0.2814044801222555,-3.3742415771123775,21.094580364958347,19.286799632765103,0.257125185502845,3.443223443223443,1.0978828302136288,-2.215686274509803,-3.6081822526444296,0.47058823529411764,0.17647058823529413,0.37858732776633724,0.18292682926829268,,0.7961115751510685,,2.041332252218825,0.0723626312003079,0.8571428571428571,0.023658638881623964,0.03361344537815126,0.5966386554621849,0.773109243697479,,1.0,0.0
G7_A_Roll07,school_a,7,sentence_06_own_english,own_english,latin,data/processed/school_a/G7_A_Roll07/sentence_06_own_english.json,0.541844573001633,0.008337255651607822,,1.0101046982973523e-14,0.27080255957257965,-4.470786947643419,24.125769782068172,15.174404440928603,0.4517556333000767,3.1284046692606995,1.074201406901091,0.5926573426573426,1.8491744407320871,0.5384615384615384,0.15384615384615385,0.6095356501019387,0.5365853658536586,,1.122544183591321,1.992166079261161,,,,,0.4808743169398907,1.8633879781420766,1.5628415300546448,,1.0,0.0
G7_A_Roll08,school_a,7,sentence_01_copy_hindi,copy_hindi,devanagari,data/processed/school_a/G7_A_Roll08/sentence_01_copy_hindi.json,2.6317901694916706,-0.012430174030828252,,-6.530723674265627e-16,0.4358374514726049,-12.257229697629452,20.81255843108774,24.424669742102523,0.3177293975901172,4.462398857686815,1.0823922002923925,0.1948529411764707,39.6279313629695,0.625,0.3125,0.5751475732547323,0.2,45.911764705882355,0.860554879211598,,1.9116137950117804,0.06142829230169653,1.1176470588235294,0.004048246013727362,0.06685393258426967,0.802247191011236,1.0314606741573034,0.42857142857142855,1.0,0.0
G7_A_Roll08,school_a,7,sentence_02_copy_english,copy_english,latin,data/processed/school_a/G7_A_Roll08/sentence_02_copy_english.json,1.312845268114236,0.03267569225132964,0.04767920837402947,9.483866683432588e-16,0.42296252616075264,-20.579522766246132,19.38909589798379,16.955284539284786,0.44602961487279097,4.0857673476278915,1.0761093155684922,-0.6437749224634471,-8.097235349637323,0.5409836065573771,0.21311475409836064,0.6094907603479822,0.43529411764705883,96.0945945945946,0.6992545475526771,2.122799077906981,,,,,0.2694677871148459,8.768067226890757,6.633053221288516,0.35714285714285715,4.0,0.0
G7_A_Roll08,school_a,7,sentence_03_dictated_hindi,dictated_hindi,devanagari,data/processed/school_a/G7_A_Roll08/sentence_03_dictated_hindi.json,1.2264735454118014,0.008115252699110436,,4.565792188770956e-15,0.42055745449655496,-15.029312657864418,18.52003911724146,25.228842572519394,0.32092747321688664,4.692820133234644,1.0917162274848777,-1.2171945701357467,-2.7198873813163553,0.7692307692307693,0.15384615384615385,0.5883352992191444,0.4,57.17857142857143,,,,,,,0.22578859988931932,1.8815716657443275,1.843940232429441,0.8333333333333334,1.0,0.0
G7_A_Roll08,school_a,7,sentence_04_dictated_english,dictated_english,latin,data/processed/school_a/G7_A_Roll08/sentence_04_dictated_english.json,1.7840105422822086,0.12322636939847,,3.117876327488981e-15,0.3148202890558766,-21.78005046980007,18.646482201575267,13.773778948638821,0.28384840865621946,3.3368805107935544,1.077235703050655,-7.666666666666667,-2.7219058151487614,0.4,0.2,0.8468954090736557,0.17647058823529413,35.23684210526316,0.9335155148436424,2.31687950459937,,,,,0.058955642897248736,0.8590679393599101,0.6316676024705222,0.2857142857142857,1.0,0.0
G7_A_Roll08,school_a,7,sentence_05_own_hindi,own_hindi,devanagari,data/processed/school_a/G7_A_Roll08/sentence_05_own_hindi.json,3.000420111327433,0.008016175132908998,,3.5057427046817443e-15,0.3890325327104253,-15.89797988015437,18.690221593587413,18.12230384986474,0.284063450863147,4.025885558583107,1.090325523878399,-3.516666666666666,-3.997766517997989,0.6666666666666666,0.3333333333333333,0.4929484380089207,0.17647058823529413,,0.8078454229310615,,1.898635148227581,0.08570094971340039,1.7692307692307692,0.0028810329904052074,0.07532281205164992,0.6563845050215208,0.8500717360114777,,1.0,0.0
G7_A_Roll08,school_a,7,sentence_06_own_english,own_english,latin,data/processed/school_a/G7_A_Roll08/sentence_06_own_english.json,0.86703414403837,0.002225796639105143,,-6.6812874677246725e-15,0.4386379170180103,-18.068091980171605,20.364101736832485,15.408590336842938,0.4280178091662657,3.796775174931546,1.0735698775061338,-0.3728222996515679,-16.14667769992745,0.5714285714285714,0.42857142857142855,0.5409952270294592,0.4823529411764706,,0.9298876831421822,1.6311580289147958,,,,,0.1553030303030303,2.4071969696969697,1.8377525252525253,,1.0,0.0
G7_A_Roll09,school_a,7,sentence_01_copy_hindi,copy_hindi,devanagari,data/processed/school_a/G7_A_Roll09/sentence_01_copy_hindi.json,0.4909904001168717,0.025180975854538965,,6.106226635438361e-16,0.35417810437912817,1.3002860823020639,19.344891737059207,25.857207345855002,0.45189241246435397,2.5036390101892274,1.0955372251957642,-0.6356321839080462,-6.531906148491153,0.4666666666666667,0.06666666666666667,0.5491837065834797,0.6987951807228916,65.08823529411765,0.8291286295971944,,1.8167420484360977,0.014155135023401657,0.875,0.013394191188293903,0.47374562427071176,3.214702450408401,2.6056009334889145,0.42857142857142855,1.0,0.0
G7_A_Roll09,school_a,7,sentence_02_copy_english,copy_english,latin,data/processed/school_a/G7_A_Roll09/sentence_02_copy_english.json,0.46872014610550644,0.0015847563559214688,0.0018436130542781063,1.7618595074938728e-15,0.1671249370551959,-1.4148397239805064,24.9736092799508,18.484156078845487,0.4293165055236362,3.555738041469923,1.081793931822104,0.6575520833333334,6.445969027327169,0.375,0.3333333333333333,0.3086301074261495,0.3855421686746988,49.445945945945944,0.4805599202609118,2.054637216668054,,,,,0.37229916897506926,4.96398891966759,4.237119113573407,0.42857142857142855,4.0,0.0
G7_A_Roll09,school_a,7,sentence_03_dictated_hindi,dictated_hindi,devanagari,data/processed/school_a/G7_A_Roll09/sentence_03_dictated_hindi.json,0.5171746196826752,0.01519044839210899,,-1.5681900222830336e-15,0.08635609301979351,-6.657319553358109,22.473727329477192,20.791641616950056,0.250325355324204,3.39517625231911,1.1025873177532304,-0.43000000000000016,-24.10905712814813,0.15,0.35,0.2852687972237907,0.18072289156626506,62.357142857142854,0.47140452079103173,,,,,,0.05856107083100948,0.4601226993865031,0.6190741773563859,0.6666666666666666,1.0,0.0
G7_A_Roll09,school_a,7,sentence_04_dictated_english,dictated_english,latin,data/processed/school_a/G7_A_Roll09/sentence_04_dictated_english.json,0.23708074661764847,0.025184563742465846,,-3.191891195797325e-15,0.12169376054433399,-3.449824330440806,22.020724212909816,14.87534405442141,0.5334849667840459,3.2216430876147917,1.078564037546797,-0.4595744680851063,-15.99523972182266,0.4,0.4,0.3904852257916267,0.5662650602409639,22.55263157894737,0.1437233867781183,1.5637348033766119,,,,,1.2835560720511332,0.8466008134805346,0.6827425915165601,1.1428571428571428,1.0,0.0
G7_A_Roll09,school_a,7,sentence_05_own_hindi,own_hindi,devanagari,data/processed/school_a/G7_A_Roll09/sentence_05_own_hindi.json,2.9176650972890084,0.02276121656813539,,1.2724863897626794e-15,0.41705674924272507,-1.3258499119595146,23.420227123433726,17.93016162337659,0.28667980931523057,3.0710659898477157,1.1008133307201313,-4.161111111111111,-3.3669365537213607,0.5,0.4166666666666667,0.6299081689479128,0.18072289156626506,,0.9557059353405277,,1.8656843633833147,0.06806573339837427,0.8461538461538461,0.02001541072846059,0.18427518427518427,0.9336609336609336,0.6879606879606879,,1.0,0.0
G7_A_Roll09,school_a,7,sentence_06_own_english,own_english,latin,data/processed/school_a/G7_A_Roll09/sentence_06_own_english.json,1.8199501830852063,0.007251745165557963,,-5.303165314292831e-15,0.27775652441649423,1.9266224874563815,23.84849709346702,11.622547498867412,0.2743793899908811,2.529691211401425,1.0729139541631632,2.4571428571428577,1.4368955497019225,0.14285714285714285,0.2857142857142857,0.40515630645508555,0.18072289156626506,,0.5606964586428698,1.5321965349414812,,,,,0.22805805114029026,0.3524533517622668,0.7774706288873531,,1.0,0.0
G7_A_Roll10,school_a,7,sentence_01_copy_hindi,copy_hindi,devanagari,data/processed/school_a/G7_A_Roll10/sentence_01_copy_hindi.json,1.67354162097845,0.0026549523415303525,,2.498001805406602e-16,0.25305858521414387,4.522794072891386,20.095940795578755,19.23207721682418,0.26652914211969864,2.755232806492952,1.0823922002923898,-1.048888888888889,-12.581637728565386,0.4,0.4,0.4604800268627275,0.1744186046511628,56.61764705882353,0.6143847816654777,,1.7079555006240428,0.0647129768860946,1.6666666666666667,0.003941645338940496,0.10344827586206896,1.043103448275862,0.9396551724137931,0.2857142857142857,1.0,0.0
G7_A_Roll10,school_a,7,sentence_02_copy_english,copy_english,latin,data/processed/school_a/G7_A_Roll10/sentence_02_copy_english.json,1.9240368035334918,-0.006134797124260525,0.01890147153480266,-7.530682426854745e-16,0.2698823627636224,0.018927429609670372,21.266910674180817,11.630010323677016,0.25199812442582376,2.3047112462006076,1.074154922856142,-0.9935483870967741,-12.061463453196582,0.41935483870967744,0.5161290322580645,0.4992981873423001,0.1744186046511628,66.33783783783784,0.6328047237433337,2.349776088424061,,,,,0.08310249307479224,2.1855955678670362,2.4764542936288088,0.2857142857142857,4.0,0.0
G7_A_Roll10,school_a,7,sentence_03_dictated_hindi,dictated_hindi,devanagari,data/processed/school_a/G7_A_Roll10/sentence_03_dictated_hindi.json,2.258633679718294,-0.031594725349634915,,1.0865151371201402e-15,0.35815013064390694,2.4819809113770708,18.676673568112296,18.177724828931773,0.23735462617301475,2.9688454489920586,1.0903255238783964,-1.1696969696969708,-17.814129030234806,0.2727272727272727,0.5454545454545454,0.7049901374220818,0.1744186046511628,69.57142857142857,,,,,,,0.03309431880860453,0.7032542746828462,0.9349145063430778,0.3333333333333333,1.0,0.0
G7_A_Roll10,school_a,7,sentence_04_dictated_english,dictated_english,latin,data/processed/school_a/G7_A_Roll10/sentence_04_dictated_english.json,,,,,,-3.149288634479286,18.276573832099313,17.95699302451079,0.39397982670610393,2.9351315202853323,1.0606801521970688,,,,,,0.22093023255813954,,,,,,,,0.11546961325966852,0.22044198895027625,0.17845303867403317,0.5714285714285714,1.0,0.0
G7_A_Roll10,school_a,7,sentence_05_own_hindi,own_hindi,devanagari,data/processed/school_a/G7_A_Roll10/sentence_05_own_hindi.json,1.653404212507611,0.012274818399161965,,-3.231982582797678e-15,0.23651194752019347,4.8800308038657265,21.908816963953168,19.645321324809125,0.2269160360714537,3.2327586206896552,1.111268361437736,-1.3583333333333336,-6.474751907485446,0.5,0.25,0.3970207707852135,0.1744186046511628,,0.3830418076698903,,2.093534483915123,0.07233825679877157,1.3333333333333333,0.01775861043088295,0.09803921568627451,0.8963585434173669,0.7422969187675069,,1.0,0.0
G7_A_Roll10,school_a,7,sentence_06_own_english,own_english,latin,data/processed/school_a/G7_A_Roll10/sentence_06_own_english.json,0.10406540787706506,-0.022760405556544214,,-2.6451063561694354e-15,0.04870409151335433,-0.6596803912100491,21.814203437284156,16.971490119288642,0.39827801879523067,2.7453027139874737,1.061929625045943,1.8263888888888888,0.9405402387282864,0.25,0.5,0.2808909218600871,0.4186046511627907,,1.0040315761873955,2.0503739447023257,,,,,0.2722689075630252,1.9361344537815126,1.1798319327731093,,1.0,0.0
G7_A_Roll11,school_a,7,sentence_01_copy_hindi,copy_hindi,devanagari,data/processed/school_a/G7_A_Roll11/sentence_01_copy_hindi.json,1.0246383645546642,0.03123538812814308,,-3.526590784103438e-16,0.3615661486545551,-3.010506721503516,19.335811551067028,24.99202818324564,0.3632689101152611,2.9873417721518987,1.1053090844715214,-1.1605113636363638,-4.940764560368873,0.5625,0.25,0.45959276262382354,0.5146198830409356,74.38235294117646,0.47132338261746615,,2.285381072517127,0.02151549859166393,1.4705882352941178,0.0220456272639339,0.2543352601156069,3.128323699421965,2.238150289017341,0.2857142857142857,1.0,0.0
G7_A_Roll11,school_a,7,sentence_02_copy_english,copy_english,latin,data/processed/school_a/G7_A_Roll11/sentence_02_copy_english.json,0.31047101536373617,0.011422051573638447,0.020376757216697506,-5.427757009278544e-16,0.13570414077422766,-6.151436058493796,20.715018222645003,14.938442732749833,0.5145976173005268,2.976241900647948,1.0729610848430389,0.5822368421052632,6.241776568650415,0.3333333333333333,0.4583333333333333,0.351676844779369,0.4444444444444444,46.554054054054056,0.6276054583119107,4.047280306455847,,,,,0.12773109243697478,5.96078431372549,5.428571428571429,0.21428571428571427,3.0,0.0
G7_A_Roll11,school_a,7,sentence_03_dictated_hindi,dictated_hindi,devanagari,data/processed/school_a/G7_A_Roll11/sentence_03_dictated_hindi.json,0.1648200813734543,0.02417684072578702,,-2.2169766022983595e-15,0.03541448234464563,-4.494839424313956,19.449454419719903,19.26379653088047,0.2888339467825245,3.3234095894703857,1.0807932383184948,2.6999999999999997,2.8808054048340828,0.5,0.5,0.15488044498655765,0.17543859649122806,14.178571428571429,0.7118848672862358,,1.5304012432792715,0.0623885468052537,1.3333333333333333,0.00022815852652306262,0.057883131201764054,0.19018743109151046,0.25633958103638366,0.6666666666666666,1.0,0.0
G7_A_Roll11,school_a,7,sentence_04_dictated_english,dictated_english,latin,data/processed/school_a/G7_A_Roll11/sentence_04_dictated_english.json,0.5587170194929673,0.009422457139138281,,6.643990912991171e-16,0.09326944637974836,-5.967850345075127,21.931428762331063,11.381829140786367,0.2794640290799118,2.4497079818299805,1.0651959083289189,2.990476190476191,8.288112391276217,0.2857142857142857,0.42857142857142855,0.2787798810596408,0.17543859649122806,37.921052631578945,0.7813593153242021,1.983893081150479,,,,,0.14127423822714683,0.6398891966759003,0.6149584487534626,0.7142857142857143,1.0,0.0
G7_A_Roll11,school_a,7,sentence_05_own_hindi,own_hindi,devanagari,data/processed/school_a/G7_A_Roll11/sentence_05_own_hindi.json,0.11898663102471108,0.012098452708866584,,6.383186080399783e-15,0.05862372751913791,-4.6882134363863175,22.136637443395074,26.084393343374867,0.27909224782968084,2.5,1.1093474486963846,-0.935,-8.349105913905495,0.25,0.75,0.05812584765347268,0.5847953216374269,,0.9274041273458222,,2.1131917581587736,0.014565000334826073,0.6,3.7879525127967926e-05,0.15812776723592661,2.5932953826691967,1.8342820999367488,,1.0,0.0
G7_A_Roll11,school_a,7,sentence_06_own_english,own_english,latin,data/processed/school_a/G7_A_Roll11/sentence_06_own_english.json,0.1433042792204203,0.0033790130316704646,,-6.6488481387239065e-15,0.06115282497016347,-5.885722093000772,20.4935910222713,13.779830801086037,0.40530319843847684,2.5895316804407704,1.074336732406529,1.1452991452991454,6.355084501391483,0.4444444444444444,0.3333333333333333,0.3243346111601652,0.45614035087719296,,0.47778475261726905,1.7170337065163686,,,,,0.48280605226960105,1.0192572214580466,1.4215955983493809,,1.0,0.0
G7_A_Roll12,school_a,7,sentence_01_copy_hindi,copy_hindi,devanagari,data/processed/school_a/G7_A_Roll12/sentence_01_copy_hindi.json,1.5187102830022012,-0.011048473666263868,0.05536215497934667,2.5911812378304994e-15,0.4684991373032928,-0.3483712399076475,18.273565644659804,26.71574098842446,0.423483613255439,3.5575620767494356,1.0773338522322395,-1.3874125874125873,-4.3694020600813435,0.5384615384615384,0.2692307692307692,0.5651216784684211,0.3395061728395062,105.17647058823529,0.9697954674748981,,2.3196080215159425,0.03271628938966256,1.0714285714285714,0.0051057872474707545,0.13865546218487396,1.8487394957983194,1.6638655462184875,4.0,2.0,1.0
G7_A_Roll12,school_a,7,sentence_02_copy_english,copy_english,latin,data/processed/school_a/G7_A_Roll12/sentence_02_copy_english.json,0.04601440290859938,-0.0005703639523280721,0.0008066164368710811,-1.0020337978923665e-15,0.023316629050252315,-1.327052347633582,21.069055049691563,16.550689743887705,0.4918246985644578,2.8453721505081027,1.072817337873587,2.842105263157895,0.41568815142101945,0.0,0.8,0.08433704334123125,0.4691358024691358,20.60810810810811,0.5613475676432041,1.6924403928588792,,,,,0.34061624649859945,1.6392156862745098,1.596638655462185,0.5,2.0,1.0
G7_A_Roll12,school_a,7,sentence_03_dictated_hindi,dictated_hindi,devanagari,data/processed/school_a/G7_A_Roll12/sentence_03_dictated_hindi.json,1.5617692772148934,0.03737140423170262,0.047651339956707145,3.101685575046531e-15,0.2769850344551938,-1.2725040377502363,19.836071355867343,18.945919087719457,0.30034745700856963,2.905824039653036,1.0819036711699006,-2.8969696969696965,-3.784272960922815,0.4090909090909091,0.2727272727272727,0.36947350124815254,0.18518518518518517,104.39285714285714,0.6138531091992115,,2.034053133132653,0.06781997723875625,1.125,0.009633841895520781,0.058823529411764705,0.8907563025210085,0.9411764705882353,4.0,2.0,1.0
G7_A_Roll12,school_a,7,sentence_04_dictated_english,dictated_english,latin,data/processed/school_a/G7_A_Roll12/sentence_04_dictated_english.json,0.031521395762634415,0.0031949133478881364,,-5.145768070905869e-15,0.016199240027733434,-3.5696948209138206,20.96742671582821,15.662673818062002,0.5585947024466474,2.7370156636438585,1.05956854449666,2.557894736842105,0.34655667047600097,0.0,0.8,0.13840365377299288,0.4691358024691358,33.39473684210526,0.35861137582677377,1.6114568662817756,,,,,0.319327731092437,1.5327731092436976,1.4263305322128852,0.2857142857142857,1.0,1.0
G7_A_Roll12,school_a,7,sentence_05_own_hindi,own_hindi,devanagari,data/processed/school_a/G7_A_Roll12/sentence_05_own_hindi.json,2.2073471723472653,0.0062203614250847415,,-1.5697319987061242e-15,0.33914113567077653,0.7930930337445659,20.955755047540492,20.71253338640779,0.26208724140396333,2.990228013029316,1.0807932383184888,2.011764705882353,2.6727367703120724,0.4117647058823529,0.47058823529411764,0.4059604195327146,0.18518518518518517,,0.6057502474984695,,1.7190022488585774,0.07454588525515123,0.5555555555555556,0.0068544902759323486,0.048355899419729204,0.5512572533849129,0.9961315280464216,,1.0,1.0
G7_A_Roll12,school_a,7,sentence_06_own_english,own_english,latin,data/processed/school_a/G7_A_Roll12/sentence_06_own_english.json,0.02077325328823063,8.600516030961884e-05,,3.930189507173054e-15,0.010322312548067777,-1.3664967170919848,22.078079960615486,19.983327632049704,0.43812288157646256,2.452276064610866,1.0662375519249805,2.5416666666666665,0.28784210278284883,0.0,0.5,0.13638081387033216,0.4444444444444444,,0.4136697388707695,1.5012510277415045,,,,,0.39207920792079204,1.2831683168316832,1.39009900990099,,1.0,1.0
G7_A_Roll13,school_a,7,sentence_01_copy_hindi,copy_hindi,devanagari,data/processed/school_a/G7_A_Roll13/sentence_01_copy_hindi.json,0.207008906191736,-0.018656818056235452,,-1.88260865230383e-15,0.10760854974668192,1.047158204115535,17.687757722385573,25.51372746074869,0.40093279876922744,2.728862973760933,1.0796038250085558,1.2888888888888888,1.8996056916083832,0.3333333333333333,0.6666666666666666,0.3350331268281526,0.5421686746987951,46.5,1.0290858015264708,,1.4837074621604611,0.020926494511819806,3.75,4.2677228164944246e-05,0.17568321249302846,2.13329615170106,1.7317345231455663,0.5714285714285714,1.0,0.0
G7_A_Roll13,school_a,7,sentence_02_copy_english,copy_english,latin,data/processed/school_a/G7_A_Roll13/sentence_02_copy_english.json,0.7018779642990015,0.023463036291003617,0.021163692139081387,3.1241675912951906e-15,0.22251923254643857,-1.7553649256997708,23.05399710555293,13.646150180832562,0.5032700580467783,2.810665772262287,1.0778357233870703,0.15555555555555564,33.61311601452963,0.55,0.45,0.45442456533313513,0.43373493975903615,78.52702702702703,0.8690747615409082,0.8872791100740839,,,,,0.2592797783933518,5.823822714681441,4.22825484764543,0.35714285714285715,5.0,0.0
G7_A_Roll13,school_a,7,sentence_03_dictated_hindi,dictated_hindi,devanagari,data/processed/school_a/G7_A_Roll13/sentence_03_dictated_hindi.json,0.7652243618979253,0.0005003459976902007,,1.375635716449608e-15,0.25628946140327313,0.21559012950150597,19.845346234514693,26.386619152969065,0.3969530570299099,3.398972602739728,1.0763071915120188,1.303030303030303,3.564069489217663,0.5454545454545454,0.45454545454545453,0.4591466425740996,0.3253012048192771,42.607142857142854,,,,,,,0.08364312267657993,0.8866171003717472,0.9702602230483272,0.3333333333333333,1.0,0.0
G7_A_Roll13,school_a,7,sentence_04_dictated_english,dictated_english,latin,data/processed/school_a/G7_A_Roll13/sentence_04_dictated_english.json,0.011379057175787187,0.001762139902031334,,-3.8351266606895254e-15,0.004751654857303675,-2.684181393844438,22.906863137772003,15.431367352760294,0.41933184103707455,2.705882352941176,1.0818227722573845,3.612903225806451,0.6811511115271661,0.25,0.75,0.2358949779260838,0.37349397590361444,23.18421052631579,0.2901360984646099,1.7095126944280938,,,,,0.2902282036278525,0.834406085430076,0.9795201872440022,0.5714285714285714,1.0,0.0
G7_A_Roll13,school_a,7,sentence_05_own_hindi,own_hindi,devanagari,data/processed/school_a/G7_A_Roll13/sentence_05_own_hindi.json,2.000920566110035,0.002002198224153606,,5.483576555794419e-15,0.3002890655012298,1.5032483797951066,21.44202457368664,18.83724493691914,0.28424942858054475,3.2548899755501224,1.0809442582320803,1.342857142857143,5.734248608205853,0.5714285714285714,0.42857142857142855,0.2867569706432866,0.18072289156626506,,0.5530838382280651,,1.925050472491569,0.07632415416990328,1.8461538461538463,0.026254665121759557,0.05074424898511502,0.5074424898511503,1.0351826792963463,,1.0,0.0
G7_A_Roll13,school_a,7,sentence_06_own_english,own_english,latin,data/processed/school_a/G7_A_Roll13/sentence_06_own_english.json,0.2672708352039883,-0.0008019929450148958,,8.218425939787722e-15,0.1096845495474912,-4.0141264650765045,24.144305031385365,15.588053392505293,0.2621061676767517,2.433460076045627,1.10069079706243,4.701388888888888,0.18729938320291847,0.0,1.0,0.1821521043136828,0.43373493975903615,,0.748687698022903,1.2243290034991317,,,,,0.27450980392156865,1.0392156862745099,1.0,,1.0,0.0
G7_A_Roll14,school_a,7,sentence_01_copy_hindi,copy_hindi,devanagari,data/processed/school_a/G7_A_Roll14/sentence_01_copy_hindi.json,0.526932411053934,-0.05933834952870315,,1.6586124834683247e-15,0.2372091491034131,10.453216893751074,19.615713624411413,26.96796399681246,0.39179504158460565,2.8773281952472707,1.1099684996794097,-1.9583333333333333,-2.838677444395232,0.6666666666666666,0.3333333333333333,0.3989416570948977,0.46511627906976744,52.970588235294116,0.8296024275268311,,2.1657175356614173,0.019803271231758336,0.75,3.387516247555526e-05,0.194884287454324,3.0694275274056033,2.679658952496955,0.42857142857142855,1.0,0.0
G7_A_Roll14,school_a,7,sentence_02_copy_english,copy_english,latin,data/processed/school_a/G7_A_Roll14/sentence_02_copy_english.json,27.56960822839888,-1.1745449475792913,2.347436987094016,-2.663841369709985e-16,0.22249251766362774,0.38680045416646475,21.863348231255223,19.230472170321793,0.4221134231638982,2.9814288104400193,1.0726236061702805,-1.0657596371882085,-11.54872930167976,0.42857142857142855,0.38095238095238093,0.5080604616786332,0.2441860465116279,71.43243243243244,0.8602690875900789,1.1402265839191157,,,,,0.06745182012847965,3.26017130620985,2.6306209850107067,0.21428571428571427,4.0,0.0
G7_A_Roll14,school_a,7,sentence_03_dictated_hindi,dictated_hindi,devanagari,data/processed/school_a/G7_A_Roll14/sentence_03_dictated_hindi.json,0.5393010881985955,-0.011298616302715236,,2.2016532115938978e-15,0.08432711251748165,8.980812331729627,18.709023532103288,20.579288736235036,0.3175292846371462,3.463559915907498,1.1009611980183394,5.413333333333333,2.903211175276212,0.4,0.6,0.40313764318839573,0.1744186046511628,48.17857142857143,,,,,,,0.040214477211796246,0.7882037533512065,0.482573726541555,0.16666666666666666,1.0,0.0
G7_A_Roll14,school_a,7,sentence_04_dictated_english,dictated_english,latin,data/processed/school_a/G7_A_Roll14/sentence_04_dictated_english.json,,,,,,5.0228162098813955,22.409774379756595,9.595498109679669,0.2853366885076711,2.0002394062724447,1.0748909406791942,,,,,,0.1744186046511628,,,,,,,,0.09424083769633508,0.10209424083769635,0.07068062827225131,0.5714285714285714,1.0,0.0
G7_A_Roll14,school_a,7,sentence_05_own_hindi,own_hindi,devanagari,data/processed/school_a/G7_A_Roll14/sentence_05_own_hindi.json,2.3418236089785953,0.002009166456237576,,-5.761174365853156e-15,0.2937116197729118,11.390873132019868,22.861646596531383,20.52363057459747,0.27199893185788765,3.365019011406844,1.1049323979433612,0.726666666666666,21.523640983204118,0.3,0.6,0.4856077417965385,0.1744186046511628,,0.10218232998627597,,3.151662922316504,0.07119594221798496,1.7272727272727273,0.037103490523095715,0.03773584905660377,0.5849056603773585,0.5660377358490566,,1.0,0.0
G7_A_Roll14,school_a,7,sentence_06_own_english,own_english,latin,data/processed/school_a/G7_A_Roll14/sentence_06_own_english.json,0.46618499546478764,-0.0005810920036094535,,-4.408510593615726e-15,0.11738974052236273,-3.3052564528283863,21.068027718378218,15.58616238438582,0.4461388637247054,2.5355132672205842,1.0823892225220768,4.288,1.0902292928064694,0.2,0.6,0.28274971799159426,0.29069767441860467,,0.4885933439916865,1.966817756348964,,,,,0.15581717451523547,0.5886426592797784,0.5193905817174516,,1.0,0.0
G7_A_Roll15,school_a,7,sentence_01_copy_hindi,copy_hindi,devanagari,data/processed/school_a/G7_A_Roll15/sentence_01_copy_hindi.json,3.1052573326316995,-0.0039887291848185015,,6.17027796378212e-16,0.5176427225165064,2.13989024043363,19.994711890647018,17.555159373971215,0.24209439892125278,2.961601307189542,1.082387414902372,-3.0453333333333332,-2.6310315948921827,0.76,0.12,0.6818547839034401,0.1744186046511628,85.20588235294117,0.9301980978696843,,1.7318315846990258,0.06276935428941512,0.9615384615384616,0.010865945868490108,0.2689075630252101,1.3361344537815125,1.4285714285714286,3.7142857142857144,1.0,1.0
G7_A_Roll15,school_a,7,sentence_02_copy_english,copy_english,latin,data/processed/school_a/G7_A_Roll15/sentence_02_copy_english.json,2.3773039866349435,-0.0994441266210287,0.11368469885380818,1.3343800750733532e-15,0.330039356597902,-0.9720669271787963,21.663308880575425,11.181892106989457,0.2895237127823277,2.431898734177215,1.0652911099769344,-1.488505747126437,-6.605406531450267,0.5172413793103449,0.29310344827586204,0.5784637447415371,0.1744186046511628,78.75675675675676,0.6870824390048854,1.6621555909106525,,,,,0.15966386554621848,2.3445378151260505,2.823529411764706,0.2857142857142857,4.0,1.0
G7_A_Roll15,school_a,7,sentence_03_dictated_hindi,dictated_hindi,devanagari,data/processed/school_a/G7_A_Roll15/sentence_03_dictated_hindi.json,,,,,,-0.2489483953486042,20.336276405480817,25.812067186648623,0.33128402120453704,2.954545454545455,1.0893619213210486,,,,,,0.5581395348837209,,,,,,,,0.21464505310229176,0.7512576858580212,0.6439351593068753,0.5,1.0,1.0
G7_A_Roll15,school_a,7,sentence_04_dictated_english,dictated_english,latin,data/processed/school_a/G7_A_Roll15/sentence_04_dictated_english.json,0.35599829406552813,-0.014215484322657363,,1.1300484357791772e-15,0.16675307542284648,-0.44457537006957387,21.57933769303567,15.491633637936014,0.4916507452443443,2.869850187265919,1.0668776387261432,0.9242424242424242,3.8849242448299712,0.3333333333333333,0.5,0.45638416416888405,0.5116279069767442,39.76315789473684,0.5125815671061573,1.7314051065780398,,,,,0.6134969325153374,2.03680981595092,2.085889570552147,0.7142857142857143,1.0,1.0
G7_A_Roll15,school_a,7,sentence_05_own_hindi,own_hindi,devanagari,data/processed/school_a/G7_A_Roll15/sentence_05_own_hindi.json,0.07443961928309444,0.007277774616151702,,-3.8196683470480426e-15,0.033050988576013476,2.9364691802006733,20.44786664769363,21.70547995048592,0.36375708726373135,3.740458015267174,1.0818183642066548,0.5277777777777777,5.522053494149055,0.375,0.25,0.20251360172582591,0.4186046511627907,,0.541003382107402,,1.3105380380380383,0.023552738733096663,1.0,0.015313812923888621,0.19136212624584717,0.8132890365448505,0.9089700996677741,,1.0,1.0
G7_A_Roll16,school_a,7,sentence_01_copy_hindi,copy_hindi,devanagari,data/processed/school_a/G7_A_Roll16/sentence_01_copy_hindi.json,0.6222451512054964,0.01840755111358091,,7.216449660063518e-16,0.24237219672774696,8.253694495321243,22.412478978736498,27.54506374793057,0.29108293120261,2.1276595744680855,1.1223644405721511,-1.0136363636363637,-6.437369953515679,0.6666666666666666,0.2,0.37128753124612357,0.5301204819277109,71.29411764705883,0.7515398651056935,,2.18391790049674,0.019357229723679995,1.4375,0.02171004048965368,0.19620958751393533,2.722408026755853,2.1583054626532885,0.5714285714285714,1.0,0.0
G7_A_Roll16,school_a,7,sentence_02_copy_english,copy_english,latin,data/processed/school_a/G7_A_Roll16/sentence_02_copy_english.json,18.81064767989659,-9.673375040787295,21.648857715606262,2.628014764869285e-15,0.2947740447916689,-12.069228290266986,23.875831412811987,10.906110691843132,0.29456390299592494,2.4054559360924617,1.0766350502069078,-1.68080808080808,-8.314172304225693,0.45454545454545453,0.42424242424242425,0.5441366970842861,0.18072289156626506,93.1891891891892,0.8037239135717577,1.8845908765533623,,,,,0.04201680672268908,2.7394957983193278,2.369747899159664,0.07142857142857142,5.0,0.0
G7_A_Roll16,school_a,7,sentence_03_dictated_hindi,dictated_hindi,devanagari,data/processed/school_a/G7_A_Roll16/sentence_03_dictated_hindi.json,0.3976221709331675,-0.003949242611319849,,-4.5664427100744476e-15,0.1599975751133651,8.810766442765289,19.70548225285366,25.344848825657795,0.26734584587590815,2.511848341232228,1.102108642828174,0.7052631578947368,3.445123207377645,0.6,0.4,0.4061098857965365,0.4578313253012048,26.035714285714285,,,,,,,0.23086269744835966,1.0619684082624543,0.8772782503037667,1.0,1.0,0.0
G7_A_Roll16,school_a,7,sentence_04_dictated_english,dictated_english,latin,data/processed/school_a/G7_A_Roll16/sentence_04_dictated_english.json,2.406798649360202,0.0,,4.032721868859024e-15,0.2881549309367865,-10.319172231757875,21.12256176757699,10.943109669559618,0.2879566922636598,2.474025974025974,1.0805981240497764,-0.2208333333333331,-29.640244739603094,0.4375,0.4375,0.46246542574293037,0.18072289156626506,45.578947368421055,0.0,,,,,,0.3236151603498542,0.935860058309038,0.9708454810495627,1.0,1.0,0.0
G7_A_Roll16,school_a,7,sentence_05_own_hindi,own_hindi,devanagari,data/processed/school_a/G7_A_Roll16/sentence_05_own_hindi.json,1.7260674089451238,-0.003859190767153304,,4.819674071608033e-15,0.2703295884879138,7.528598162511488,21.253067135081665,18.277532598752543,0.2835574584211336,3.234704112337011,1.093262638852596,0.5375000000000001,14.032614010018566,0.5625,0.375,0.17204744908982356,0.18072289156626506,,0.6186396046605613,,2.453248948754287,0.06669700099895091,0.9411764705882353,0.03496472373019609,0.16816143497757846,0.5633408071748879,0.7987668161434978,,1.0,0.0
G7_A_Roll16,school_a,7,sentence_06_own_english,own_english,latin,data/processed/school_a/G7_A_Roll16/sentence_06_own_english.json,0.5011032367134202,0.0020090935167049674,,3.04424695328641e-15,0.22697454596495142,2.6930261011611196,22.953741974008317,15.217614093510086,0.5049236688579624,2.646744930629669,1.0758254008870551,0.6304675716440423,2.975336307344227,0.6470588235294118,0.29411764705882354,0.2836051929039047,0.46987951807228917,,0.5946436313573447,1.8304467499435932,,,,,0.36130790190735695,1.3389645776566756,1.3177111716621253,,1.0,0.0
G7_A_Roll17,school_a,7,sentence_01_copy_hindi,copy_hindi,devanagari,data/processed/school_a/G7_A_Roll17/sentence_01_copy_hindi.json,0.29748962436884024,-0.053296365893143,,-1.060659496740105e-15,0.14265601204807235,-0.5874713996566424,20.831918698181784,26.751516811010994,0.39634341952140223,2.741721854304635,1.0838166563530818,0.6923076923076925,6.216796576274784,0.16666666666666666,0.6666666666666666,0.44774008223567835,0.4642857142857143,44.23529411764706,0.8252692064278545,,2.1521562296841075,0.015743076495401524,1.5714285714285714,9.325876492005506e-06,0.15484968803176405,3.074872376630743,2.278502552467385,0.42857142857142855,1.0,0.0
G7_A_Roll17,school_a,7,sentence_02_copy_english,copy_english,latin,data/processed/school_a/G7_A_Roll17/sentence_02_copy_english.json,2.046271142630568,0.0025369533694746317,0.01179607305963728,2.6774448291541564e-15,0.3403369733816996,1.2203391177682803,21.500329241830954,13.320922696106079,0.2841000253647097,2.48378728923476,1.0748909406791989,-2.0583333333333336,-6.049262099183545,0.375,0.425,0.38602606473939755,0.17857142857142858,70.10810810810811,0.5967018073589524,3.84734070392489,,,,,0.09301014656144306,1.927846674182638,2.266065388951522,0.42857142857142855,3.0,0.0
G7_A_Roll17,school_a,7,sentence_03_dictated_hindi,dictated_hindi,devanagari,data/processed/school_a/G7_A_Roll17/sentence_03_dictated_hindi.json,1.8146489255389084,-0.007683995677752435,,-3.5110803153770576e-15,0.3567059786638455,0.21028322067605537,17.970603614463734,18.16206811940184,0.22638967014817266,2.816205533596838,1.0820886187973473,-11.416666666666668,-1.2160703696947743,0.5,0.0,0.4734893144322875,0.17857142857142858,31.0,0.04714045207910316,,2.773567800959105,0.06449215961042251,1.3333333333333333,0.0014574339811491259,0.041876046901172526,0.1423785594639866,0.27638190954773867,0.16666666666666666,1.0,0.0
G7_A_Roll17,school_a,7,sentence_04_dictated_english,dictated_english,latin,data/processed/school_a/G7_A_Roll17/sentence_04_dictated_english.json,1.0681616712573463,-0.057193121508265374,,1.719584071095555e-15,0.264289967403346,0.554066437375664,19.94878135857826,19.842938781420358,0.42911710080929183,2.9547198772064465,1.0707373138537981,0.1863636363636362,45.273889068608405,0.3,0.5,0.40187369522283073,0.2619047619047619,44.28947368421053,0.6295776896543375,2.124639171797621,,,,,0.06271379703534777,1.266818700114025,1.3922462941847205,0.42857142857142855,1.0,0.0
G7_A_Roll17,school_a,7,sentence_05_own_hindi,own_hindi,devanagari,data/processed/school_a/G7_A_Roll17/sentence_05_own_hindi.json,1.6662798435251274,0.026210822820782395,,1.4432899320127035e-15,0.23380478230157603,-0.11772592514396804,18.504637349723016,17.098296193485492,0.3113415045270189,2.8378378378378377,1.0939368567972148,-0.8,-7.657952126334478,0.5,0.14285714285714285,0.37455309220146593,0.17857142857142858,,0.48549298005749847,,1.8901306014347414,0.07097818447482067,0.7142857142857143,0.0026810835726040075,0.09722222222222222,1.1805555555555556,0.9305555555555556,,1.0,0.0
G7_A_Roll17,school_a,7,sentence_06_own_english,own_english,latin,data/processed/school_a/G7_A_Roll17/sentence_06_own_english.json,1.003839870377117,0.001949250829124592,,4.519532896078242e-15,0.237057619385676,2.738242646722528,22.100131590238764,20.440050073973524,0.3922988088926521,3.380527118274886,1.0707373138537981,0.9545454545454546,6.032358208282731,0.45454545454545453,0.45454545454545453,0.4868305759717083,0.2857142857142857,,0.5006036668840187,2.1341639056313446,,,,,0.14096916299559473,1.092511013215859,1.497797356828194,,1.0,0.0
G7_A_Roll18,school_a,7,sentence_01_copy_hindi,copy_hindi,devanagari,data/processed/school_a/G7_A_Roll18/sentence_01_copy_hindi.json,0.5048422282202162,0.006389097622468776,,7.301851431188529e-16,0.2952850206138112,0.25738114847438953,17.520557955769434,30.105514422880514,0.4332750371626447,2.244725738396625,1.114353404619381,-0.7403389830508474,-3.808441337943266,0.68,0.0,0.42698845806498553,0.7023809523809523,82.88235294117646,0.6200224347588511,,2.121863392996023,0.016018454596405853,1.28,0.00507033260101403,0.13439635535307518,4.132687927107062,2.8223234624145785,3.7142857142857144,1.0,0.0
G7_A_Roll18,school_a,7,sentence_02_copy_english,copy_english,latin,data/processed/school_a/G7_A_Roll18/sentence_02_copy_english.json,0.6897508235244355,0.004294682314826898,0.008497993728393795,-1.194557273611106e-15,0.2197099667615373,-4.389532036256765,20.656603218488822,19.28062929129772,0.40866423154334924,3.3766684000693354,1.0728188520856359,-0.7280701754385964,-4.746995928975171,0.5833333333333334,0.125,0.4763741620451304,0.3392857142857143,53.13513513513514,0.7374606720811762,2.595881752767765,,,,,0.09606741573033709,4.226966292134832,3.18623595505618,0.35714285714285715,2.0,0.0
G7_A_Roll18,school_a,7,sentence_03_dictated_hindi,dictated_hindi,devanagari,data/processed/school_a/G7_A_Roll18/sentence_03_dictated_hindi.json,1.0345927654731062,-5.9073245423343566e-06,,1.0810796702287463e-15,0.47198819358068106,1.311438780529768,18.879181945189718,22.89606506615146,0.3267184507154097,3.148308759757157,1.0823791141181243,-2.7046783625731,-3.1185217321689813,0.6666666666666666,0.2222222222222222,0.5966390634836385,0.4523809523809524,95.67857142857143,0.0,,,,,,0.08388520971302428,3.2924944812362034,1.9713024282560707,0.3333333333333333,1.0,0.0
G7_A_Roll18,school_a,7,sentence_04_dictated_english,dictated_english,latin,data/processed/school_a/G7_A_Roll18/sentence_04_dictated_english.json,,,,,,-2.7089919944403604,21.198957347958984,12.647448215206916,0.25602013250320826,2.584360244155246,1.0702111641538605,,,,,,0.17857142857142858,,,,,,,,0.05979498861047836,0.46127562642369024,0.2733485193621868,0.7142857142857143,1.0,0.0
G7_A_Roll18,school_a,7,sentence_05_own_hindi,own_hindi,devanagari,data/processed/school_a/G7_A_Roll18/sentence_05_own_hindi.json,1.5860693495859115,0.00800424328300521,,6.766192544521093e-15,0.24746541353524448,1.4468196961517024,16.887540770515407,15.283576696387213,0.24091731006855435,2.617689015691869,1.0798914545368712,-1.8078431372549022,-4.936972888806685,0.35294117647058826,0.23529411764705882,0.2749973261902099,0.17857142857142858,,0.942822441384812,,1.8595378868927968,0.07420579490111809,0.6,0.004654919166536777,0.02540220152413209,0.8001693480101608,0.9398814563928873,,1.0,0.0
G7_A_Roll18,school_a,7,sentence_06_own_english,own_english,latin,data/processed/school_a/G7_A_Roll18/sentence_06_own_english.json,0.4933844061297907,0.0003891803703591395,,2.8412944511788545e-16,0.19734175918305036,-3.224424314772611,20.904005115099114,17.767085211966883,0.3681472676087118,3.1097117946233954,1.0697108105289632,0.3395061728395062,9.332614100583674,0.3333333333333333,0.1111111111111111,0.34440604284297627,0.42857142857142855,,0.5796354065635705,2.119484373569579,,,,,0.2222222222222222,1.494949494949495,1.6767676767676767,,1.0,0.0
G7_A_Roll19,school_a,7,sentence_01_copy_hindi,copy_hindi,devanagari,data/processed/school_a/G7_A_Roll19/sentence_01_copy_hindi.json,0.976263351897536,-0.02690131603570398,,1.1677167169718164e-15,0.44871899461832593,2.8866163581236153,19.62156661617912,26.848021436262357,0.33480719635267375,3.0173564753004003,1.112690128317682,0.48780487804878053,3.8790033084114097,0.6153846153846154,0.23076923076923078,0.3274048181053459,0.4880952380952381,27.235294117647058,0.7761975523995243,,1.981091081767597,0.02505197810008404,1.5,0.0037452658373797565,0.18344519015659955,1.4904921700223714,1.3758389261744965,0.5714285714285714,1.0,0.0
G7_A_Roll19,school_a,7,sentence_02_copy_english,copy_english,latin,data/processed/school_a/G7_A_Roll19/sentence_02_copy_english.json,1.9237827660015896,1.6132251707831673,3.2723894588942346,1.609823385706477e-15,0.3254665480708898,-9.121840011831104,19.623754364521332,15.564113705703653,0.48308309860581145,3.448735019973369,1.0748482817391456,-0.3363636363636365,-11.183380802933895,0.5454545454545454,0.18181818181818182,0.7105516133473118,0.5952380952380952,81.25675675675676,0.6745897095174652,1.9245168349324258,,,,,0.19273127753303965,11.701541850220265,8.672907488986784,0.2857142857142857,4.0,0.0
G7_A_Roll19,school_a,7,sentence_03_dictated_hindi,dictated_hindi,devanagari,data/processed/school_a/G7_A_Roll19/sentence_03_dictated_hindi.json,0.531386050312362,-0.005031776218263095,,1.624256285026604e-14,0.28856019050174603,0.5537367138725482,18.460270347939066,25.6439734855225,0.388211839792286,2.837706511175898,1.0784294931662746,1.1556603773584904,3.7000729793824068,0.25,0.75,0.36886746437473344,0.6309523809523809,43.285714285714285,,,,,,,0.2116371933827724,3.8094694808899034,2.600114090131204,0.16666666666666666,1.0,0.0
G7_A_Roll19,school_a,7,sentence_04_dictated_english,dictated_english,latin,data/processed/school_a/G7_A_Roll19/sentence_04_dictated_english.json,0.6745258098981379,0.02399039921222018,,-2.192690473634684e-15,0.44688405688174887,-9.9461041806798,21.486910689852596,24.32312006960415,0.45705973301789277,3.0308293530178005,1.0933961247898571,-0.6017316017316018,-5.890683832192508,0.6,0.2,0.37848472717566045,0.9166666666666666,60.60526315789474,0.06472133565643053,2.0730002973535533,,,,,0.7094850948509485,2.963143631436314,2.2119241192411923,0.2857142857142857,1.0,0.0
G7_A_Roll19,school_a,7,sentence_05_own_hindi,own_hindi,devanagari,data/processed/school_a/G7_A_Roll19/sentence_05_own_hindi.json,0.8002743427024909,0.005237803485497912,,8.997432428733039e-16,0.25718177180884844,1.0155055846982521,20.466354069350288,22.653663701858477,0.347456862747903,3.411059293804132,1.0908012609943738,0.1940615058324496,14.122867808025314,0.6521739130434783,0.17391304347826086,0.46816458325135846,0.4880952380952381,,,,,,,,0.13781512605042015,1.6767507002801119,2.388795518207283,,1.0,0.0
G7_A_Roll19,school_a,7,sentence_06_own_english,own_english,latin,data/processed/school_a/G7_A_Roll19/sentence_06_own_english.json,0.001258597432742794,0.006601361198804695,,9.92503966743922e-15,0.0011010433934981552,-7.891263554917184,22.111976104622173,16.83521958097626,0.48550580611313093,3.273360417875798,1.0721506543211108,1.175,1.374094028688752,0.5,0.5,0.09912901872166086,0.7142857142857143,,0.30275815893516195,1.5495839914695833,,,,,0.4602739726027397,1.380821917808219,0.8547945205479451,,1.0,0.0
G7_A_Roll20,school_a,7,sentence_01_copy_hindi,copy_hindi,devanagari,data/processed/school_a/G7_A_Roll20/sentence_01_copy_hindi.json,0.8251446621911905,-0.01960358840590587,,-1.1716817992026206e-15,0.3641711237349085,-0.3454591904656678,19.83193053229743,23.641115406210456,0.3542857666067194,2.5390625,1.10932908661425,-0.9555555555555556,-4.395287313461377,0.6153846153846154,0.15384615384615385,0.42875267641496945,0.5421686746987951,67.41176470588235,0.7149964808081178,,1.8539022113666783,0.02351848023021044,2.2857142857142856,0.031636796907745394,0.1745152354570637,2.642659279778393,1.969529085872576,0.5714285714285714,1.0,0.0
G7_A_Roll20,school_a,7,sentence_02_copy_english,copy_english,latin,data/processed/school_a/G7_A_Roll20/sentence_02_copy_english.json,0.7236726182089411,-0.13197240611135216,0.21117118242960423,2.2353488596253886e-15,0.2607994487268266,-2.5253905373986942,23.90280305163441,15.110408517515372,0.40749547489055643,3.267674454115132,1.0631619697218635,-0.4522648083623694,-8.134963096307766,0.4878048780487805,0.14634146341463414,0.41139766153285634,0.42168674698795183,69.77027027027027,0.5199971474694247,1.9857314800319232,,,,,0.4117647058823529,4.431372549019608,5.509803921568627,0.2857142857142857,5.0,0.0
G7_A_Roll20,school_a,7,sentence_03_dictated_hindi,dictated_hindi,devanagari,data/processed/school_a/G7_A_Roll20/sentence_03_dictated_hindi.json,0.7507520497286155,-0.05337350223325278,,4.932165786897258e-15,0.14623457421925914,-0.7425394319887962,21.250098085338706,24.24855630096138,0.3722322110702965,3.3312142403051492,1.0795469708136443,1.8085106382978724,0.24640436192007859,0.0,0.25,0.26110250862605033,0.5662650602409639,50.535714285714285,,,,,,,0.20958751393534003,1.7290969899665554,2.1220735785953178,0.5,1.0,0.0
G7_A_Roll20,school_a,7,sentence_04_dictated_english,dictated_english,latin,data/processed/school_a/G7_A_Roll20/sentence_04_dictated_english.json,0.36126346778837065,0.008676789587852493,,2.282896094385478e-14,0.10146988678744465,-1.5487284851471195,20.37611310711636,13.94439019657795,0.5254775916134622,3.102447117378681,1.057344480747474,1.25,0.3280975464705581,0.0,0.0,0.26580977739918416,0.6024096385542169,17.07894736842105,0.7959861711824686,1.1462550998061418,,,,,0.32948929159802304,0.4942339373970346,1.015925315760571,0.5714285714285714,1.0,0.0
G7_A_Roll20,school_a,7,sentence_05_own_hindi,own_hindi,devanagari,data/processed/school_a/G7_A_Roll20/sentence_05_own_hindi.json,2.2870450492319745,0.016796533678190367,,-1.4608197692436271e-16,0.3559486033081616,-1.5627791175929129,19.779262156978614,19.073065616153578,0.2773410059356695,3.2690217391304346,1.0808887351882186,-0.774074074074074,-9.254932957727151,0.3888888888888889,0.2777777777777778,0.32710682171485195,0.18072289156626506,,0.7435527690463318,,2.0438459946913787,0.07930922455535264,0.9375,0.013625051440027014,0.06811989100817438,0.6811989100817438,0.994550408719346,,1.0,0.0
G7_A_Roll20,school_a,7,sentence_06_own_english,own_english,latin,data/processed/school_a/G7_A_Roll20/sentence_06_own_english.json,0.49649000141760463,0.004118433857624824,,1.1344100262330618e-14,0.17736475639794622,0.4133671788508116,24.28094625894521,16.95742711977365,0.45494193419007045,2.955326460481101,1.0699106923009614,0.4273504273504273,3.366905725835915,0.38461538461538464,0.15384615384615385,0.3792289843996308,0.43373493975903615,,0.5388645734860184,1.7499560322020993,,,,,0.3010033444816054,1.3244147157190636,1.68561872909699,,1.0,0.0
G7_A_Roll21,school_a,7,sentence_01_copy_hindi,copy_hindi,devanagari,data/processed/school_a/G7_A_Roll21/sentence_01_copy_hindi.json,1.825894472542597,-0.0008095676381902044,,3.269606807521086e-15,0.27966481336765764,5.8390508393399765,19.81601564057424,18.52777428214768,0.27474287433732636,2.6454789615040286,1.0811424057129961,0.5192982456140353,15.578609039759217,0.42105263157894735,0.42105263157894735,0.3651757471900105,0.1744186046511628,46.61764705882353,0.6208257736023378,,1.9483147635911837,0.0669510507108481,1.3,0.004338133452048353,0.0743801652892562,0.9752066115702479,1.0413223140495869,0.5714285714285714,1.0,0.0
G7_A_Roll21,school_a,7,sentence_02_copy_english,copy_english,latin,data/processed/school_a/G7_A_Roll21/sentence_02_copy_english.json,0.4626508361832491,-0.19932469703266667,0.28140076295011696,-3.1433189384699745e-15,0.1828135634094607,-4.944818790556204,22.43017974655305,14.715566692878076,0.4119528433022936,2.537283754225491,1.0777997371951729,0.640926640926641,2.807083728997627,0.5,0.21428571428571427,0.5270143644344192,0.43023255813953487,21.7027027027027,0.2982762418964951,1.6446618245985465,,,,,0.20544142143253746,2.033870072182121,1.4175458078845085,0.35714285714285715,2.0,0.0
G7_A_Roll21,school_a,7,sentence_03_dictated_hindi,dictated_hindi,devanagari,data/processed/school_a/G7_A_Roll21/sentence_03_dictated_hindi.json,1.8993478258300043,-0.010777527147048004,,2.0375115736018497e-15,0.27187457323375763,4.863215668803746,20.24074928490862,20.669682367610456,0.27410500651007497,3.0807365439093486,1.0995208657175095,-0.08888888888888895,-60.03577058720905,0.42857142857142855,0.42857142857142855,0.32316091387923973,0.1744186046511628,63.67857142857143,0.6524128510384114,,2.0634805751227674,0.07593479486815169,1.380952380952381,0.006741609083889761,0.04155124653739612,0.9390581717451524,0.9806094182825486,0.16666666666666666,1.0,0.0
G7_A_Roll21,school_a,7,sentence_04_dictated_english,dictated_english,latin,data/processed/school_a/G7_A_Roll21/sentence_04_dictated_english.json,0.5852652972954194,0.003483901931867611,,3.1710745140856034e-15,0.20453463008292047,-2.2323207272935557,21.36221704969351,16.804134944537847,0.38732404949600574,2.5575657894736854,1.0804822477100842,1.0520833333333333,2.9698143172120663,0.2222222222222222,0.5555555555555556,0.2517983694986911,0.37209302325581395,38.21052631578947,0.2874588674389095,1.6533086962518866,,,,,0.3013850415512465,2.0210526315789474,1.5601108033240998,0.42857142857142855,1.0,0.0
G7_A_Roll21,school_a,7,sentence_05_own_hindi,own_hindi,devanagari,data/processed/school_a/G7_A_Roll21/sentence_05_own_hindi.json,2.545178453373315,0.027827751006565205,,8.501136302844056e-15,0.30392176593238257,3.6700392433225257,19.98338348243641,19.671507112995,0.30611332597220453,2.8649237472766886,1.0820886187973473,-0.2051282051282051,-41.4691300849198,0.5384615384615384,0.38461538461538464,0.3830520973828721,0.1744186046511628,,0.38416884298058107,,2.2384861264865203,0.08085861355470543,1.0714285714285714,0.004607339802012963,0.04962779156327544,0.6451612903225807,0.880893300248139,,1.0,0.0
G7_A_Roll21,school_a,7,sentence_06_own_english,own_english,latin,data/processed/school_a/G7_A_Roll21/sentence_06_own_english.json,0.07180991208561614,-0.03077611064803184,,-4.229255834431456e-15,0.05507987702338117,-3.934935565680076,21.595731959664985,18.119379472547646,0.5264002092448766,2.1946902654867273,1.0752453919504905,1.792372881355932,0.2895506627157007,0.0,0.25,0.18521224408188053,0.686046511627907,,0.3619843148490332,1.4693239000871,,,,,0.2783018867924528,3.339622641509434,2.0872641509433962,,1.0,0.0
G7_A_Roll22,school_a,7,sentence_01_copy_hindi,copy_hindi,devanagari,data/processed/school_a/G7_A_Roll22/sentence_01_copy_hindi.json,0.8976634052210682,0.00231609525375169,,1.3174646558885191e-15,0.41133197495765905,3.2164512840156583,19.76943063458086,26.86485919513169,0.3613786933671249,2.241042345276874,1.1034173771503353,-1.7670068027210886,-2.6267858166824523,0.6428571428571429,0.14285714285714285,0.58509863272661,0.5029940119760479,79.8529411764706,0.46392440300671217,,2.0430654923436062,0.02485614625468604,2.8,0.005126911285218991,0.20941828254847647,3.0947368421052635,2.187257617728532,0.5714285714285714,1.0,0.0
G7_A_Roll22,school_a,7,sentence_02_copy_english,copy_english,latin,data/processed/school_a/G7_A_Roll22/sentence_02_copy_english.json,2.3628705194141335,-0.03100227053069629,0.03386245020267223,-1.5008097104266713e-15,0.3914771068780633,-0.9058892319780685,21.98085304654418,13.202430878070588,0.2824546943411355,2.5251861585632938,1.0722474089376395,-1.6057142857142859,-4.3563752164565575,0.4857142857142857,0.37142857142857144,0.440279773742703,0.17964071856287425,64.74324324324324,0.6945088529845688,1.3643843610495145,,,,,0.04986149584487535,1.9445983379501386,1.7950138504155126,0.14285714285714285,3.0,0.0
G7_A_Roll22,school_a,7,sentence_03_dictated_hindi,dictated_hindi,devanagari,data/processed/school_a/G7_A_Roll22/sentence_03_dictated_hindi.json,0.3716842298960844,-0.03837910970594381,,-3.0839528461809902e-18,0.17992145792668468,0.2745183137287852,21.883140508448953,27.09713722845607,0.2518297411068872,2.831518257527226,1.0932715955005121,0.8500000000000001,2.4721883573759165,0.125,0.125,0.5934077220960022,0.47904191616766467,52.964285714285715,,,,,,,0.1772853185595568,2.2382271468144044,1.8393351800554016,0.3333333333333333,1.0,0.0
G7_A_Roll22,school_a,7,sentence_04_dictated_english,dictated_english,latin,data/processed/school_a/G7_A_Roll22/sentence_04_dictated_english.json,,,,,,7.81588511661023,22.60861008652011,17.38396003656498,0.38609849274114966,2.6713615023474175,1.0759337196250893,,,,,,0.4431137724550898,,,,,,,,0.40816326530612246,0.5102040816326531,0.4489795918367347,0.7142857142857143,1.0,0.0
G7_A_Roll22,school_a,7,sentence_05_own_hindi,own_hindi,devanagari,data/processed/school_a/G7_A_Roll22/sentence_05_own_hindi.json,0.780137955553512,0.02488213889708191,,4.08006961549745e-15,0.31796138322090095,5.888376695598522,19.171701409724616,22.159549526511064,0.34305604720933486,2.697095435684647,1.0794915637651297,-0.2296296296296294,-20.392123716705434,0.3333333333333333,0.3333333333333333,0.4603930823094867,0.5389221556886228,,0.796479282417398,,1.1751575620940993,0.01687420733493421,0.0,0.00013501826801438812,0.3605243991260014,2.1303714493809176,1.671522214129643,,1.0,0.0
G7_A_Roll22,school_a,7,sentence_06_own_english,own_english,latin,data/processed/school_a/G7_A_Roll22/sentence_06_own_english.json,0.4968938289244831,-0.0019059689915372467,,3.706000153223179e-15,0.211679865508694,6.242070512947495,22.259364176026235,16.3228959765477,0.43619376155990974,2.94262583597325,1.0772571060524934,1.1205882352941177,2.8346578205241646,0.5,0.4,0.3896778161021677,0.40718562874251496,,0.815334300596336,1.645981799485032,,,,,0.5128205128205128,1.2307692307692308,1.6666666666666667,,1.0,0.0
G7_A_Roll23,school_a,7,sentence_01_copy_hindi,copy_hindi,devanagari,data/processed/school_a/G7_A_Roll23/sentence_01_copy_hindi.json,2.8890933690665976,-0.06782135009790981,,-4.4334906116697914e-15,0.39806644141949293,-9.449612193772253,22.600690932840013,18.31679662136493,0.2885058354692357,3.3945086705202314,1.0972290284551462,-0.9655172413793103,-7.029417281754132,0.6206896551724138,0.2413793103448276,0.6604006186593303,0.17964071856287425,63.970588235294116,0.5871736265872561,,2.1865402043510382,0.06782701801443217,0.9655172413793104,0.035778937779504395,0.10084033613445378,1.1092436974789917,1.2857142857142858,4.285714285714286,1.0,0.0
G7_A_Roll23,school_a,7,sentence_02_copy_english,copy_english,latin,data/processed/school_a/G7_A_Roll23/sentence_02_copy_english.json,0.727208605630032,-0.14319146874430086,0.29800173383483947,2.5451339149425756e-16,0.2672133390165812,-16.425577915257335,23.6343676127235,15.879065670662204,0.3786086898297282,3.029672045809475,1.080205881944086,-0.5279605263157894,-5.976413951582968,0.625,0.125,0.5897487292037196,0.4550898203592814,79.79729729729729,0.5015321462001704,1.8515493532003269,,,,,0.27675070028011206,6.791036414565826,5.854341736694678,0.14285714285714285,5.0,0.0
G7_A_Roll23,school_a,7,sentence_03_dictated_hindi,dictated_hindi,devanagari,data/processed/school_a/G7_A_Roll23/sentence_03_dictated_hindi.json,0.9899927234747458,-0.002271082865836965,,-2.4163677594782817e-16,0.2729902698013282,-12.433607987073545,22.230268552203828,26.771767800040948,0.349302549929957,4.020296643247463,1.101970618386335,-0.11339198435972625,-18.447714526788705,0.6666666666666666,0.09090909090909091,0.4217367955641203,0.3712574850299401,66.82142857142857,,,,,,,0.1732811626607043,1.247624371157071,2.1486864169927333,1.0,1.0,0.0
G7_A_Roll23,school_a,7,sentence_04_dictated_english,dictated_english,latin,data/processed/school_a/G7_A_Roll23/sentence_04_dictated_english.json,0.29021809215034267,0.003471108029411089,,5.6395860204006e-15,0.1344873155144507,-19.870333230030656,23.54012473329514,14.721439278025622,0.3949217195531208,2.7396293027360987,1.0811110967043853,-0.09615384615384617,-11.698481382926017,0.8461538461538461,0.07692307692307693,0.2096787355849862,0.47904191616766467,30.36842105263158,0.7064873885858133,2.0199345208683535,,,,,0.6384149697303247,0.6164006604292791,1.1007154650522841,0.7142857142857143,1.0,0.0
G7_A_Roll23,school_a,7,sentence_05_own_hindi,own_hindi,devanagari,data/processed/school_a/G7_A_Roll23/sentence_05_own_hindi.json,0.7608888984594053,0.010967416774990349,,-4.0893214740359935e-15,0.3378584612872687,-8.350640176932307,24.16512109127535,25.807149475507913,0.29300669726619605,2.7335299901671575,1.1106475462523069,-0.30434782608695654,-9.548747113028568,0.6470588235294118,0.23529411764705882,0.27987513710139655,0.5508982035928144,,0.798880233622838,,2.357471261657393,0.027176859631744432,1.0625,0.0139124129197813,0.184,1.932,1.9013333333333333,,1.0,0.0
G7_A_Roll23,school_a,7,sentence_06_own_english,own_english,latin,data/processed/school_a/G7_A_Roll23/sentence_06_own_english.json,0.28300887274720155,0.00048606837248774663,,-1.2756152128742085e-14,0.10054996079423469,-19.01136101906423,23.252380108527614,16.118572599373437,0.350425133989451,3.3170731707317076,1.082200616368624,0.328125,4.77189428389705,0.7222222222222222,0.16666666666666666,0.22018988476719112,0.38323353293413176,,0.7558052183600374,1.9707440180110352,,,,,0.4123249299719888,0.9142857142857143,1.3445378151260505,,1.0,0.0
G7_A_Roll24,school_a,7,sentence_01_copy_hindi,copy_hindi,devanagari,data/processed/school_a/G7_A_Roll24/sentence_01_copy_hindi.json,0.7259031748640689,-0.0025639463867066507,,1.2258712563569436e-15,0.3471171804478422,4.516010142250322,17.618890997727604,23.470113759662404,0.38150702817321847,2.5934579439252343,1.1060607124692554,0.4680851063829788,2.9618790104808927,0.5454545454545454,0.09090909090909091,0.3070597894314954,0.5529411764705883,30.176470588235293,0.4246062211132524,,1.6793880209899477,0.016195491996898015,1.3333333333333333,0.019323441174595675,0.20784964068546158,2.1824212271973464,1.8966279712548368,0.14285714285714285,1.0,0.0
G7_A_Roll24,school_a,7,sentence_02_copy_english,copy_english,latin,data/processed/school_a/G7_A_Roll24/sentence_02_copy_english.json,1.1380661049963599,0.025415163033332893,0.04685293873894355,5.034243837371105e-15,0.2776186712688453,7.330894358696897,20.68746834228608,15.566990058922674,0.4650416497240779,2.740514905149051,1.0680781457981263,0.16820857863751057,23.53919563727698,0.3902439024390244,0.3170731707317073,0.4440046445666401,0.3411764705882353,61.567567567567565,0.6495433237636737,2.310798731145539,,,,,0.21271393643031783,4.697432762836185,4.768337408312958,0.21428571428571427,5.0,0.0
G7_A_Roll24,school_a,7,sentence_03_dictated_hindi,dictated_hindi,devanagari,data/processed/school_a/G7_A_Roll24/sentence_03_dictated_hindi.json,0.9179964249758301,0.0026859097048441746,,2.574863399419113e-15,0.2553740079683364,4.873082013384642,18.710563401501968,26.943173662582613,0.4399019032652116,3.8073217726396917,1.0814257955324893,0.011851851851851836,183.17432142975196,0.56,0.2,0.40776044622630664,0.3176470588235294,62.392857142857146,,,,,,,0.11913954771097628,1.3998896856039713,2.025372311086597,0.6666666666666666,1.0,0.0
G7_A_Roll24,school_a,7,sentence_04_dictated_english,dictated_english,latin,data/processed/school_a/G7_A_Roll24/sentence_04_dictated_english.json,0.5413283344589713,0.003527394366455907,,-6.498026323369694e-15,0.1779841923667906,6.638982998111495,21.622760374416664,17.095827517358202,0.48817262107253706,3.052053981907163,1.071207157518677,1.2241379310344829,1.0462428410858107,0.16666666666666666,0.3333333333333333,0.28255441680637394,0.3411764705882353,15.263157894736842,0.49187167814448,1.4434330072760448,,,,,0.15925315760571115,0.557386051619989,0.7484898407468423,0.5714285714285714,1.0,0.0
G7_A_Roll24,school_a,7,sentence_05_own_hindi,own_hindi,devanagari,data/processed/school_a/G7_A_Roll24/sentence_05_own_hindi.json,0.4667417492877309,-0.0034507828631552767,,7.354360176403674e-15,0.0644699053718775,7.5205504329151385,21.37898560782873,18.94884398799811,0.3508253169144114,3.3523375142531355,1.0820886187973473,2.066666666666667,8.493187574267752,0.3333333333333333,0.6666666666666666,0.1678458747000931,0.17647058823529413,,0.630651945764915,,1.250064125000096,0.06136106773072867,2.0,9.536603610559047e-06,0.05407354001441961,0.6813266041816871,0.7462148521989906,,1.0,0.0
G7_A_Roll24,school_a,7,sentence_06_own_english,own_english,latin,data/processed/school_a/G7_A_Roll24/sentence_06_own_english.json,0.5271344969106219,0.00037579263236739197,,5.005657724070815e-15,0.24661832153530372,8.290938609663916,21.15426172739163,14.716846328065483,0.44166467881296634,2.5732148733135913,1.0745208665090502,0.33682983682983675,5.355750240470488,0.7727272727272727,0.18181818181818182,0.4251930330177365,0.4588235294117647,,0.6108809305952412,2.0489547719912458,,,,,0.219375,1.633125,2.120625,,1.0,0.0
G7_A_Roll25,school_a,7,sentence_01_copy_hindi,copy_hindi,devanagari,data/processed/school_a/G7_A_Roll25/sentence_01_copy_hindi.json,1.9918744516671523,0.0016106311429552138,,-6.916981607368574e-16,0.2971992760861837,11.32155921766744,21.364445156749674,19.193322303350314,0.29649034461837487,3.1814984171649665,1.0822404095448683,0.06666666666666671,111.50679219618121,0.5,0.3333333333333333,0.2480171132007798,0.18072289156626506,48.8235294117647,0.5915395280226329,,2.5668692325965425,0.06373389376431739,1.263157894736842,0.007814108207147001,0.11804384485666106,0.7335581787521079,0.9865092748735245,0.8571428571428571,1.0,0.0
G7_A_Roll25,school_a,7,sentence_02_copy_english,copy_english,latin,data/processed/school_a/G7_A_Roll25/sentence_02_copy_english.json,1.8398127896627465,-0.04938607700753691,0.08009424358268752,1.3974015864783736e-15,0.2704830256376374,9.955748807591467,23.49736401957622,11.522466654184015,0.2945599689130049,2.5376288659793818,1.0807932383184948,-0.7250000000000001,-9.53480031831316,0.5208333333333334,0.3125,0.39310657490457407,0.18072289156626506,73.56756756756756,0.6097557189328354,1.055889459852107,,,,,0.0997229916897507,2.218836565096953,2.368421052631579,0.2857142857142857,5.0,0.0
G7_A_Roll25,school_a,7,sentence_03_dictated_hindi,dictated_hindi,devanagari,data/processed/school_a/G7_A_Roll25/sentence_03_dictated_hindi.json,0.5307030091580586,0.004291849471650953,,-7.835002488068962e-15,0.2797197552440749,16.43667061136397,21.182199927315512,24.059628803253116,0.315340298906927,2.692763938315539,1.1148121061278466,1.545138888888889,0.6361082913811476,0.16666666666666666,0.16666666666666666,0.39935531321968243,0.5783132530120482,46.642857142857146,,,,,,,0.2689075630252101,1.7747899159663865,1.8554621848739496,1.1666666666666667,1.0,0.0
G7_A_Roll25,school_a,7,sentence_04_dictated_english,dictated_english,latin,data/processed/school_a/G7_A_Roll25/sentence_04_dictated_english.json,0.6517799383174481,0.00396039603960396,,-1.8272420613622367e-15,0.1510307557676144,13.672680327507313,26.446576132578073,13.918991124202721,0.3296131076897738,2.8351260234387534,1.081150262305777,1.923076923076923,0.24513035081133652,0.0,0.5,0.4911562660915202,0.46987951807228917,16.57894736842105,0.28954877380171823,1.1626524010410875,,,,,0.5182724252491695,0.8637873754152824,0.7342192691029901,0.5714285714285714,1.0,0.0
G7_A_Roll25,school_a,7,sentence_05_own_hindi,own_hindi,devanagari,data/processed/school_a/G7_A_Roll25/sentence_05_own_hindi.json,2.2751931886776102,-0.015001642064138603,,-1.5456386170953351e-15,0.3769317898036374,18.666220551226665,23.319062924799272,19.260008695948105,0.23630616085078388,3.9049919484702094,1.1069652827930805,-0.07111111111111121,-93.55457309678349,0.5333333333333333,0.26666666666666666,0.20787441032323112,0.18072289156626506,,0.8381232459309079,,1.9548931300339798,0.07338615250302206,1.25,0.0143274367110968,0.09345794392523364,0.5514018691588785,0.8317757009345794,,1.0,0.0
G7_A_Roll25,school_a,7,sentence_06_own_english,own_english,latin,data/processed/school_a/G7_A_Roll25/sentence_06_own_english.json,0.13563059656713014,0.001914659378910069,,9.314771176605064e-15,0.06392297791015371,16.754661929504092,26.631260070075253,15.33325706091357,0.46976177789985896,2.6550680786686836,1.0797452432301795,1.721698113207547,0.7955779454064283,0.25,0.5,0.11652922898860046,0.6385542168674698,,0.48912099168708095,1.4550188895030922,,,,,0.44813979706877116,2.240698985343856,1.8523111612175875,,1.0,0.0
SCHB_G3_IMG_20261007_101611,school_b,3,sentence_01_copy_hindi,copy_hindi,devanagari,data/processed/school_b/SCHB_G3_IMG_20261007_101611/sentence_01_copy_hindi.json,0.7284361535032658,0.03196174703324275,,8.141635513917814e-16,0.3992359486239901,4.552401272625381,21.785011670367865,28.20681562467257,0.3230527088708767,1.9398907103825132,1.1122404716265641,0.8625336927223721,2.127521481971451,0.42857142857142855,0.42857142857142855,0.47555347531326864,0.5955056179775281,30.147058823529413,0.5356119423194723,,1.7458779461194218,0.015048490389582276,1.0,0.017188683537788355,0.09380530973451327,2.4076696165191738,2.063716814159292,2.142857142857143,1.0,0.0
SCHB_G3_IMG_20261007_101611,school_b,3,sentence_02_copy_english,copy_english,latin,data/processed/school_b/SCHB_G3_IMG_20261007_101611/sentence_02_copy_english.json,0.4013049094014867,0.002323681441645767,,2.5511999920032244e-15,0.11260454333049476,-0.20646234859379708,22.151071905695456,21.71688053668202,0.41831120573128305,3.1377551020408165,1.0742965508081097,4.374193548387096,0.1159717921876611,0.0,1.0,0.19159235541464367,0.34831460674157305,13.932432432432432,0.8128112911815752,1.4630898197196316,,,,,0.05347901092581944,1.0339275445658425,1.5330649798734906,0.42857142857142855,1.0,0.0
SCHB_G3_IMG_20261007_101611,school_b,3,sentence_03_dictated_hindi,own_english,devanagari,data/processed/school_b/SCHB_G3_IMG_20261007_101611/sentence_03_dictated_hindi.json,0.4191947819524817,0.002012403509757088,,9.54097911787244e-16,0.09944975543814497,1.420632490105626,22.4980475532272,25.96095806308584,0.29885727458245953,3.0257186081694387,1.078238207108629,3.7878787878787876,0.048662100242385785,0.0,1.0,0.18327978055333097,0.3707865168539326,,0.630177215556755,,1.68064363237183,0.0339032810698547,3.5,0.00172743858736196,0.1746031746031746,0.7682539682539683,1.4666666666666666,,1.0,0.0
SCHB_G3_IMG_20261007_101621,school_b,3,sentence_01_copy_hindi,copy_hindi,devanagari,data/processed/school_b/SCHB_G3_IMG_20261007_101621/sentence_01_copy_hindi.json,1.3697157024057391,0.002830040677334213,,1.805745095934446e-15,0.23703673473065318,-6.725859649004862,20.61056676823111,20.241071610311124,0.2818048930534685,4.086357947434292,1.0814453315043975,-4.862500000000001,-5.29915104564885,0.375,0.375,0.3074353235015696,0.1724137931034483,76.8529411764706,0.5149661551736981,,2.2915706830894167,0.05889849916601179,1.25,0.004441993414989285,0.02748930971288943,0.8155161881490531,0.7971899816737935,0.14285714285714285,1.0,0.0
SCHB_G3_IMG_20261007_101621,school_b,3,sentence_02_copy_english,copy_english,latin,data/processed/school_b/SCHB_G3_IMG_20261007_101621/sentence_02_copy_english.json,0.36575502722239284,0.0024162585581756608,,-2.1707173096056445e-15,0.1799171228325802,-7.6305875861812735,21.589422856643477,16.144556300275834,0.5142044740686367,3.099510603588908,1.0689788594172298,1.0113207547169811,0.24701661630841176,0.0,0.0,0.2542233849892494,0.6091954022988506,18.135135135135137,0.5163516641372385,1.3366503084802186,,,,,0.09695121951219512,2.1975609756097563,2.3914634146341465,0.42857142857142855,1.0,0.0
SCHB_G3_IMG_20261007_101621,school_b,3,sentence_03_dictated_hindi,dictated_hindi,devanagari,data/processed/school_b/SCHB_G3_IMG_20261007_101621/sentence_03_dictated_hindi.json,0.314025476821538,0.003939347588985047,,3.0745422547753644e-15,0.12647461101180316,-7.12933874635994,20.30415021766843,25.884233484312794,0.33906022532444213,4.168363883231502,1.1153412478272702,0.5743243243243243,1.644547104456845,0.5,0.125,0.3287124043012595,0.42528735632183906,36.17857142857143,0.38060136314975174,,2.191875646261097,0.023121956691733947,0.7647058823529411,0.005041082694519586,0.05350686912509038,1.4446854663774402,1.6319595083152567,2.8333333333333335,1.0,0.0
SCHB_G3_IMG_20261007_101635,school_b,3,sentence_01_copy_hindi,copy_hindi,devanagari,data/processed/school_b/SCHB_G3_IMG_20261007_101635/sentence_01_copy_hindi.json,0.5179274210235089,-0.008940190634360542,0.014454812756280841,3.4513454895955954e-16,0.35843473772738765,-0.26418548046812135,21.692429140347084,27.86171846385476,0.28630408269529645,2.760180995475113,1.0983705426280226,1.063748079877112,1.9205478812062422,0.5714285714285714,0.19047619047619047,0.3457341850228169,0.7294117647058823,32.529411764705884,1.0294450953809404,,2.2957495584024423,0.01501364246443352,0.5714285714285714,0.026214925671082558,0.32555425904317387,2.1703617269544924,2.4959159859976663,0.7142857142857143,2.0,0.0
SCHB_G3_IMG_20261007_101635,school_b,3,sentence_02_copy_english,copy_english,latin,data/processed/school_b/SCHB_G3_IMG_20261007_101635/sentence_02_copy_english.json,0.5021404233138783,-0.011349898969729983,,-4.440892098500626e-16,0.15881313058117252,-4.480535394565832,21.254458383657997,18.315637105569618,0.5285325674970636,3.881606765327696,1.0659645369133175,2.837735849056604,0.3010654156600589,0.0,0.8,0.3445294964970942,0.6235294117647059,13.18918918918919,0.6696920023859692,1.4895704879675742,,,,,0.48236632536973834,1.3868031854379976,2.472127417519909,0.42857142857142855,1.0,0.0
SCHB_G3_IMG_20261007_101635,school_b,3,sentence_04_dictated_english,own_english,latin,data/processed/school_b/SCHB_G3_IMG_20261007_101635/sentence_04_dictated_english.json,0.9101081536896273,0.0815347721822542,,1.0033640585049852e-14,0.3430302552248056,-2.314704311259032,22.17299573145968,18.24264320908009,0.48138754341078,4.313494401885681,1.0554098714128095,3.5658914728682167,0.16554601185648632,0.0,1.0,0.492448697755517,0.5058823529411764,,0.7897329160550978,1.3088804801757095,,,,,0.19247985675917637,0.9623992837958818,1.2703670546105639,,1.0,0.0
SCHB_G3_IMG_20261007_101645,school_b,3,sentence_01_copy_hindi,copy_hindi,devanagari,data/processed/school_b/SCHB_G3_IMG_20261007_101645/sentence_01_copy_hindi.json,3.1738980300237363,0.00356621967032129,0.0005343165525206965,3.272844958009576e-16,0.41302079275250597,-1.13392070983465,21.690553896115553,19.82202679542746,0.32717138188980854,3.6996396986570588,1.1097385866107063,3.4464646464646465,2.9903865073660785,0.36363636363636365,0.45454545454545453,0.5987117084587061,0.17142857142857143,74.1470588235294,0.9122219640048218,,2.40159112234429,0.05843334372354041,0.6451612903225806,0.05671823050082193,0.0357355568790947,0.6432400238237046,0.9648600357355569,0.2857142857142857,3.0,0.0
SCHB_G3_IMG_20261007_101645,school_b,3,sentence_02_copy_english,copy_english,latin,data/processed/school_b/SCHB_G3_IMG_20261007_101645/sentence_02_copy_english.json,,,,,,0.4079193026380477,20.998335536014043,11.838834321942311,0.4939210790806947,2.6693528078569626,1.0579154322840747,,,,,,0.6057142857142858,,,,,,,,0.1815068493150685,1.2705479452054795,2.0570776255707766,0.07142857142857142,1.0,0.0
SCHB_G3_IMG_20261007_101645,school_b,3,sentence_04_dictated_english,own_english,latin,data/processed/school_b/SCHB_G3_IMG_20261007_101645/sentence_04_dictated_english.json,0.7112704578002353,0.0036445484861675286,,-4.266428480345245e-15,0.2767182518329996,-0.50423615872922,23.31484408146668,15.471404811641067,0.4402271553835657,2.9928315412186395,1.0573872679032288,0.7542735042735044,2.203580003629488,0.38461538461538464,0.23076923076923078,0.5684910721750154,0.4114285714285714,,0.2763405811533634,1.7092016723266845,,,,,0.1623083859332732,0.9413886384129846,1.460775473399459,,1.0,0.0
SCHB_G3_IMG_20261007_101651,school_b,3,sentence_01_copy_hindi,copy_hindi,devanagari,data/processed/school_b/SCHB_G3_IMG_20261007_101651/sentence_01_copy_hindi.json,0.5855786754910138,-0.06672259934406226,,5.088522196198634e-16,0.4194190067871664,-1.8925936510735357,23.383648208389953,28.635047776287152,0.3925407688200088,2.882483370288248,1.1060894543892414,-1.4180327868852456,-5.491908353164726,0.5,0.125,0.591970362025489,0.7093023255813954,57.38235294117647,0.9069639498888021,,2.4169800769463405,0.014898852646524553,2.5555555555555554,0.04248527651225492,0.13299418604651161,4.6104651162790695,2.3938953488372094,0.2857142857142857,1.0,0.0
SCHB_G3_IMG_20261007_101651,school_b,3,sentence_02_copy_english,copy_english,latin,data/processed/school_b/SCHB_G3_IMG_20261007_101651/sentence_02_copy_english.json,0.4864236733365613,-0.028136863770986932,,1.4918621893400541e-15,0.2297283059762128,-5.422288026179568,24.86093082421524,18.885681737902026,0.4274209829599604,3.1699346405228757,1.080108232855514,0.8678571428571429,0.9372422336958994,0.42857142857142855,0.14285714285714285,0.29773142804866337,0.46511627906976744,18.486486486486488,0.847840246862233,1.2338180590606282,,,,,0.729483282674772,2.066869300911854,3.3556231003039514,0.14285714285714285,1.0,0.0
SCHB_G3_IMG_20261007_101651,school_b,3,sentence_03_dictated_hindi,own_english,devanagari,data/processed/school_b/SCHB_G3_IMG_20261007_101651/sentence_03_dictated_hindi.json,0.28978581043256135,0.053484307595127,,-1.9810542095655137e-15,0.08212766212292393,-6.139515738349964,22.859137827376532,28.596922282582444,0.23963539745623633,3.0054644808743167,1.1094128179699265,2.801587301587302,0.22998576198067752,0.0,1.0,0.2504487833973564,0.4883720930232558,,0.7052827097882395,,1.4320802439127875,0.029698629349612555,5.25,0.0005525340193147273,0.569215876089061,1.5450145208131656,1.5450145208131656,,1.0,0.0
SCHB_G3_IMG_20261007_101659,school_b,3,sentence_01_copy_hindi,copy_hindi,devanagari,data/processed/school_b/SCHB_G3_IMG_20261007_101659/sentence_01_copy_hindi.json,1.045223675671977,0.006933785816212661,0.0734238219233358,-8.209096982428024e-16,0.30617841177359073,7.6718191982012165,21.035401924414572,27.106183584413518,0.42707402867018096,4.321223709369023,1.0748493563672148,1.7560483870967745,1.9906051213632445,0.625,0.3125,0.406102414891381,0.3522727272727273,33.411764705882355,1.0936623228673013,,1.9258727020677533,0.027467022504981124,0.8823529411764706,0.02696594122917873,0.17714285714285716,1.3777777777777778,1.8304761904761906,2.5714285714285716,2.0,0.0
SCHB_G3_IMG_20261007_101659,school_b,3,sentence_02_copy_english,copy_english,latin,data/processed/school_b/SCHB_G3_IMG_20261007_101659/sentence_02_copy_english.json,1.4665541349311537,-0.0033026599435030547,,2.3277676082974114e-15,0.3448493395459015,2.85642277514689,24.46823814349205,15.760018069176212,0.44268766127016373,3.019009975531713,1.0775529497389913,0.6866359447004609,4.45478400515076,0.7142857142857143,0.21428571428571427,0.37182254991108193,0.3522727272727273,18.81081081081081,0.6000361121277141,2.160359174845024,,,,,0.4145348837209302,1.0093023255813953,1.513953488372093,0.21428571428571427,1.0,0.0
SCHB_G3_IMG_20261007_101659,school_b,3,sentence_04_dictated_english,own_english,latin,data/processed/school_b/SCHB_G3_IMG_20261007_101659/sentence_04_dictated_english.json,0.985065973265248,-0.0029812082106501856,,-1.787032060790877e-15,0.25573542699364493,7.653528838767526,25.672880476555854,17.759294360465173,0.4610406172510979,3.143429716576009,1.0763071915120237,1.734567901234568,1.86598457350759,0.5,0.3333333333333333,0.5104977263211072,0.3068181818181818,,0.46280691387788303,1.5392348063811783,,,,,0.1467391304347826,0.5686141304347826,0.8620923913043478,,1.0,0.0
SCHB_G3_IMG_20261007_101705,school_b,3,sentence_01_copy_hindi,copy_hindi,devanagari,data/processed/school_b/SCHB_G3_IMG_20261007_101705/sentence_01_copy_hindi.json,1.3785584827530415,0.031999999999999994,,-4.3946328058079115e-16,0.09057285971915359,3.9131652884881944,21.083293470674228,18.195969183910538,0.2869084986825831,3.0,1.0818874089995725,36.06666666666667,0.35812801856767845,0.0,1.0,0.3254270698294439,0.1744186046511628,3.0294117647058822,0.4499770425732575,,1.8473076358758302,0.05521928661106644,0.3333333333333333,0.007469337478491463,0.07687927107061504,0.09396355353075171,0.4527334851936219,0.2857142857142857,1.0,0.0
SCHB_G3_IMG_20261007_101705,school_b,3,sentence_02_copy_english,copy_english,latin,data/processed/school_b/SCHB_G3_IMG_20261007_101705/sentence_02_copy_english.json,0.590109613314138,0.042567713795801494,,-2.310651670001107e-15,0.10668460883265272,-2.7267889277922235,21.22126083727914,13.156331141314839,0.5037567279648496,2.6706870557828988,1.052457580597662,3.6285714285714286,0.06445159662891695,0.0,1.0,0.13108537523948632,0.4069767441860465,14.932432432432432,0.7812964716074372,1.595580157040748,,,,,0.3765822784810126,1.3069620253164556,1.0854430379746836,0.35714285714285715,1.0,0.0
SCHB_G3_IMG_20261007_101705,school_b,3,sentence_04_dictated_english,own_english,latin,data/processed/school_b/SCHB_G3_IMG_20261007_101705/sentence_04_dictated_english.json,0.2835202214770495,0.011904761904761906,,-3.0866513049213986e-15,0.060312012426235274,-5.113315980146311,23.046790333673556,15.066893930048588,0.44273687870339634,2.59599783666847,1.0745134053069822,4.203125,0.08937409130238891,0.0,1.0,0.1612795099583638,0.37209302325581395,,0.6133707416341047,1.3328532165562625,,,,,0.19855222337125128,0.7942088934850051,1.4560496380558428,,1.0,0.0
SCHB_G3_IMG_20261007_101710,school_b,3,sentence_01_copy_hindi,copy_hindi,devanagari,data/processed/school_b/SCHB_G3_IMG_20261007_101710/sentence_01_copy_hindi.json,0.5844111251405696,0.018823482901187433,,8.564577618536922e-16,0.4318077334446639,1.9820217981472994,20.25905096393456,28.649698505367805,0.4205402028339837,1.9685039370078738,1.105015012348546,0.5417582417582417,2.5026980683240607,0.6153846153846154,0.23076923076923078,0.43591235388657584,0.813953488372093,32.64705882352941,1.114954836092415,,1.7831701916505318,0.01157912860676893,1.0,0.020111134023941594,0.1962983735277622,2.237801458216489,1.8452047111609646,0.14285714285714285,1.0,0.0
SCHB_G3_IMG_20261007_101710,school_b,3,sentence_02_copy_english,copy_english,latin,data/processed/school_b/SCHB_G3_IMG_20261007_101710/sentence_02_copy_english.json,0.35059378958670595,0.012414527751264571,,-1.3203723828577754e-15,0.1405782316782729,2.7144123600617855,18.57589145745358,15.879826814559744,0.482502478997898,3.115015974440894,1.0759028688793604,2.701388888888889,0.264903757928868,0.0,0.8333333333333334,0.13276501642668093,0.5581395348837209,13.013513513513514,0.5868803847726373,1.5686167962036823,,,,,0.13551665725578768,2.276679841897233,2.0869565217391304,0.5,1.0,0.0
SCHB_G3_IMG_20261007_101710,school_b,3,sentence_03_dictated_hindi,own_english,latin,data/processed/school_b/SCHB_G3_IMG_20261007_101710/sentence_03_dictated_hindi.json,0.3365371054745844,-0.027832327141021598,,-6.557254739192331e-16,0.1669094800088821,0.2512578650394957,19.951878183879565,21.66538070977442,0.3913646288346645,3.0205540661304733,1.0782944718996637,3.1472868217054266,0.42217496012838335,0.0,1.0,0.34771907244352557,0.5,,0.8549623268540328,1.6929401025484783,,,,,0.20752895752895753,1.2451737451737452,1.8262548262548262,,1.0,0.0
SCHB_G3_IMG_20261007_101721,school_b,3,sentence_01_copy_hindi,copy_hindi,devanagari,data/processed/school_b/SCHB_G3_IMG_20261007_101721/sentence_01_copy_hindi.json,2.1491148926551125,0.017664492879543484,,-8.197146665149073e-16,0.33532515635688104,-0.5100070035100268,20.075094381570892,18.2969605027692,0.3202363848664239,3.145734597156398,1.0806477046778433,-1.7190476190476187,-7.445877391993743,0.35714285714285715,0.42857142857142855,0.362005593989311,0.1724137931034483,49.26470588235294,1.1171023021686612,,2.3326070761827795,0.06488164745554606,1.0769230769230769,0.000893754271660268,0.0422237860661506,0.6439127375087966,0.812807881773399,0.14285714285714285,1.0,0.0
SCHB_G3_IMG_20261007_101721,school_b,3,sentence_02_copy_english,copy_english,latin,data/processed/school_b/SCHB_G3_IMG_20261007_101721/sentence_02_copy_english.json,0.3924992379199551,-0.025466326406413248,,-8.743006318923108e-16,0.1325418457902718,-1.6102713402833433,23.86397356851177,17.363020579976506,0.49284323210068665,3.0082928224192163,1.0715915747735327,1.4129032258064513,0.1551839768764058,0.0,0.0,0.16699966733167132,0.3563218390804598,10.932432432432432,0.3906415829207563,2.3161853733951157,,,,,0.22342342342342345,1.0333333333333334,1.61981981981982,0.21428571428571427,1.0,0.0
SCHB_G3_IMG_20261007_101721,school_b,3,sentence_04_dictated_english,own_english,latin,data/processed/school_b/SCHB_G3_IMG_20261007_101721/sentence_04_dictated_english.json,0.05472132782026643,-0.022397491274403332,,-5.782411586589357e-19,0.02619159345428487,-1.2486246380283266,24.87183085182738,25.09858381879286,0.3656179546366985,3.3501513622603425,1.0883978746976057,1.7205882352941178,0.22965861269306673,0.0,0.0,0.2049199538844375,0.39080459770114945,,0.6005564442954239,1.1780907083513077,,,,,0.10526315789473684,1.1578947368421053,1.7894736842105263,,1.0,0.0
SCHB_G3_IMG_20261007_101728,school_b,3,sentence_01_copy_hindi,copy_hindi,devanagari,data/processed/school_b/SCHB_G3_IMG_20261007_101728/sentence_01_copy_hindi.json,0.7953292124631466,0.031733713002500795,,9.103828801926283e-16,0.438516340348652,4.0615540694623915,20.943139495431613,28.852194354419467,0.5319221102314482,2.5142857142857147,1.099682848564993,0.8544474393530997,1.5976348282355977,0.42857142857142855,0.2857142857142857,0.39642790404355327,0.6309523809523809,30.470588235294116,0.8530149559264499,,1.5206613398888456,0.01546639499656232,1.1538461538461537,0.03842274609623735,0.12470588235294118,2.6811764705882357,1.683529411764706,2.142857142857143,1.0,0.0
SCHB_G3_IMG_20261007_101728,school_b,3,sentence_02_copy_english,copy_english,latin,data/processed/school_b/SCHB_G3_IMG_20261007_101728/sentence_02_copy_english.json,0.18972439932654067,-0.017979970780614977,,3.882063321596669e-16,0.09035060479919806,3.4552078154833636,19.768585201826905,19.61228882261486,0.42800818066031354,3.1088664421997767,1.0692471113324522,2.170731707317073,0.18841594441577159,0.0,0.5,0.19763748086135605,0.4880952380952381,12.81081081081081,0.4386509983039445,1.3880135928358641,,,,,0.35251322751322756,1.0304232804232805,2.1693121693121693,0.5,1.0,0.0
SCHB_G3_IMG_20261007_101728,school_b,3,sentence_03_dictated_hindi,own_english,latin,data/processed/school_b/SCHB_G3_IMG_20261007_101728/sentence_03_dictated_hindi.json,0.4631618633957009,0.030515302347608925,,3.0322966360074588e-15,0.16577250619028097,4.506441120950487,20.30974141882136,16.59959530957646,0.40816819525710835,2.5096525096525095,1.0592962827112624,2.0709219858156027,0.13681496133861765,0.0,0.3333333333333333,0.3679598203449426,0.5595238095238095,,0.5245956342456414,1.5182063677846496,,,,,0.8879093198992443,1.8350125944584381,1.6574307304785894,,1.0,0.0
SCHB_G3_IMG_20261007_101737,school_b,3,sentence_01_copy_hindi,copy_hindi,devanagari,data/processed/school_b/SCHB_G3_IMG_20261007_101737/sentence_01_copy_hindi.json,2.492062312084953,0.016804663037318573,,7.716050021144838e-16,0.4061186050264635,12.99712612871875,22.149313974164677,18.100292006888544,0.33927740346450447,3.7263406940063093,1.0917229532343058,0.4000000000000001,16.931051173130403,0.5789473684210527,0.3684210526315789,0.3058220603919823,0.17647058823529413,45.8235294117647,1.0241280142356752,,1.906705044087175,0.0708848890021128,0.9444444444444444,0.025562192681538438,0.043859649122807015,0.7105263157894737,0.8157894736842105,2.857142857142857,1.0,0.0
SCHB_G3_IMG_20261007_101737,school_b,3,sentence_02_copy_english,copy_english,latin,data/processed/school_b/SCHB_G3_IMG_20261007_101737/sentence_02_copy_english.json,0.105583994593562,-0.007430420369421116,,7.622870588720941e-16,0.06005769742344518,2.4673076780725878,23.98691461766897,15.587684468456429,0.4493042588231918,3.0042918454935648,1.0788322913976034,2.0884353741496597,0.25079317986866656,0.0,0.5,0.09074723972308243,0.5764705882352941,15.121621621621621,0.5809091758424003,3.36782198614613,,,,,0.11117413499716393,1.834373227453205,2.6125921724333523,0.5,1.0,0.0
SCHB_G3_IMG_20261007_101737,school_b,3,sentence_03_dictated_hindi,own_english,latin,data/processed/school_b/SCHB_G3_IMG_20261007_101737/sentence_03_dictated_hindi.json,1.5123147980695968,0.003611372959909177,,7.993605777301127e-16,0.24671990805354724,-11.71892096611285,22.499272810999628,11.851473829709045,0.23075471927532507,2.468233922673402,1.0807932383184902,1.0416666666666667,2.7683027291103834,0.3333333333333333,0.4444444444444444,0.531828510793514,0.18823529411764706,,0.687746015015288,2.0422294597317054,,,,,0.09421000981354269,0.6594700686947988,1.1619234543670265,,1.0,0.0
SCHB_G3_IMG_20261007_101746,school_b,3,sentence_01_copy_hindi,copy_hindi,devanagari,data/processed/school_b/SCHB_G3_IMG_20261007_101746/sentence_01_copy_hindi.json,2.2559622936844517,0.01225341087907794,,1.5338607577058083e-16,0.3604073812334469,-7.6131916156640855,22.54062124165588,21.091765319064688,0.25587668703974037,3.78739800543971,1.100754743512922,2.296296296296296,1.6219967562799347,0.3333333333333333,0.3888888888888889,0.3221826456210903,0.1744186046511628,30.5,0.8645015095487357,,1.690693445654585,0.0647979396300583,0.7777777777777778,0.046789797349486156,0.07113218731475993,0.5245998814463545,0.915826911677534,2.7142857142857144,1.0,0.0
SCHB_G3_IMG_20261007_101746,school_b,3,sentence_02_copy_english,copy_english,latin,data/processed/school_b/SCHB_G3_IMG_20261007_101746/sentence_02_copy_english.json,0.35985894536233815,4.5978821236449036e-05,,5.659723897273896e-16,0.16143800455529386,-9.432272429053016,20.5154294251206,15.865994420942972,0.4638859735845353,3.168736746440473,1.0699802363075617,0.7937062937062936,1.5801374369750767,0.5909090909090909,0.18181818181818182,0.37354549569622014,0.45348837209302323,14.445945945945946,0.754160758710346,1.9256291078220702,,,,,0.1095505617977528,0.8106741573033708,1.6870786516853933,1.6428571428571428,1.0,0.0
SCHB_G3_IMG_20261007_101746,school_b,3,sentence_03_dictated_hindi,own_english,latin,data/processed/school_b/SCHB_G3_IMG_20261007_101746/sentence_03_dictated_hindi.json,0.5939630859098747,0.034985422740524776,,-8.789265611615823e-16,0.20586126729491463,-7.630293524481527,20.639407446997662,17.378228162833906,0.5243621517187718,3.2054455445544545,1.0737378415914067,3.510869565217391,0.10070251372935353,0.0,1.0,0.1560545652768608,0.5348837209302325,,1.0986344055299107,1.3102170922490177,,,,,0.4074402125775022,0.8148804251550044,1.7112488928255092,,1.0,0.0
SCHB_G3_IMG_20261007_101757,school_b,3,sentence_01_copy_hindi,copy_hindi,devanagari,data/processed/school_b/SCHB_G3_IMG_20261007_101757/sentence_01_copy_hindi.json,1.857334433513749,0.0003672203104060594,,1.0584126168093159e-15,0.32037944150776776,-2.7629449947035214,21.482827786309866,19.29565349968776,0.2458706221198619,2.8833865814696487,1.0934985890804336,-4.238095238095237,-5.712652563263113,0.2857142857142857,0.5,0.31752649040175507,0.1744186046511628,63.35294117647059,0.7486810559775778,,2.234319754117709,0.07159150747788119,1.1333333333333333,0.004872260138612001,0.06696428571428571,0.9040178571428572,0.78125,2.142857142857143,1.0,0.0
SCHB_G3_IMG_20261007_101757,school_b,3,sentence_02_copy_english,copy_english,latin,data/processed/school_b/SCHB_G3_IMG_20261007_101757/sentence_02_copy_english.json,0.3032293679687099,0.0022426998599635734,,-3.747002708109903e-15,0.11629489398825366,-2.8901614404208917,22.85394318314468,14.642200659365587,0.44790726988661417,2.2383194494748273,1.0585028894486816,1.3318181818181818,0.26009199680262773,0.0,0.0,0.20269400588842143,0.5116279069767442,16.89189189189189,0.4792731708559715,1.1358609762867904,,,,,0.1958041958041958,1.006993006993007,1.93006993006993,0.42857142857142855,1.0,0.0
SCHB_G3_IMG_20261007_101757,school_b,3,sentence_03_dictated_hindi,own_english,latin,data/processed/school_b/SCHB_G3_IMG_20261007_101757/sentence_03_dictated_hindi.json,0.47675077911222813,0.04163123003349725,,-6.557254739192331e-16,0.18936728873018757,-6.257994084895503,22.979815839548024,16.38665600510918,0.39553945548133024,2.646766169154228,1.0923391178185966,2.4149659863945576,0.21583789019144256,0.0,0.6666666666666666,0.28653722685542765,0.5697674418604651,,0.21121326117360578,1.3136763785908214,,,,,0.07608695652173914,1.6358695652173914,1.3315217391304348,,1.0,0.0
SCHB_G3_IMG_20261007_101826,school_b,3,sentence_01_copy_hindi,copy_hindi,devanagari,data/processed/school_b/SCHB_G3_IMG_20261007_101826/sentence_01_copy_hindi.json,2.218678730817737,0.014556815341993944,,3.594347042223944e-15,0.34715396770154305,11.410426600644074,20.700309129765827,21.195894187936016,0.3303614962804459,3.7790432801822322,1.0826993454783416,3.7599999999999993,1.8980245939628297,0.3333333333333333,0.3333333333333333,0.3238210127437559,0.1724137931034483,20.058823529411764,1.0405160532478506,,1.3681646027349024,0.05398803482777563,0.26666666666666666,0.07398563168153352,0.1540436456996149,0.4043645699614891,0.7702182284980745,0.7142857142857143,1.0,0.0
SCHB_G3_IMG_20261007_101826,school_b,3,sentence_02_copy_english,copy_english,latin,data/processed/school_b/SCHB_G3_IMG_20261007_101826/sentence_02_copy_english.json,,,,,,4.446098323483371,21.297571267574554,11.679989133817745,0.4942827805310751,2.4622531939605112,1.0508498940615931,,,,,,0.45977011494252873,,,,,,,,0.3088803088803089,0.0441257584114727,0.4191947049089906,0.21428571428571427,1.0,0.0
SCHB_G3_IMG_20261007_101826,school_b,3,sentence_04_dictated_english,own_english,latin,data/processed/school_b/SCHB_G3_IMG_20261007_101826/sentence_04_dictated_english.json,0.3935252775708909,0.00014700255546622111,0.0021692888471587456,-2.223221606811876e-15,0.1440278995667116,7.813067049849653,19.07180824900837,13.72197016674613,0.4951618101095558,2.776711452335252,1.0679621420705294,3.372340425531915,0.2434896883046662,0.0,1.0,0.33560014495559226,0.5402298850574713,,0.5544300719056021,1.1533543676788351,,,,,0.3348174532502226,3.138913624220837,4.478183437221727,,2.0,0.0
SCHB_G3_IMG_20261007_101850,school_b,3,sentence_01_copy_hindi,copy_hindi,devanagari,data/processed/school_b/SCHB_G3_IMG_20261007_101850/sentence_01_copy_hindi.json,2.2237987855823627,0.0052677843924233345,,-4.849921633888842e-16,0.3771172524607665,-4.2603112811239425,21.131257334976453,19.571454715216756,0.27200497194024853,3.3004134129536062,1.0820886187973473,1.177777777777778,5.763652748351597,0.3888888888888889,0.3333333333333333,0.2944257056149132,0.17647058823529413,41.05882352941177,1.0293422467631885,,2.034748612002922,0.07447611379718676,0.6470588235294118,0.0038956017412271186,0.07723112128146453,0.5406178489702518,0.8152173913043479,0.2857142857142857,1.0,0.0
SCHB_G3_IMG_20261007_101850,school_b,3,sentence_02_copy_english,copy_english,latin,data/processed/school_b/SCHB_G3_IMG_20261007_101850/sentence_02_copy_english.json,0.4218890074883025,-0.04628828285942078,,-4.39727619396178e-15,0.19363064666067892,-3.4522355288785502,22.68143304256557,13.34949677598084,0.48562568988374727,2.6223241590214066,1.0610280114466106,1.663265306122449,0.5603883954460618,0.16666666666666666,0.3333333333333333,0.25600972456446597,0.5764705882352941,16.37837837837838,0.540260648238158,1.5766579185536185,,,,,0.25476603119584057,1.6984402079722705,1.8682842287694976,0.5,1.0,0.0
SCHB_G3_IMG_20261007_101850,school_b,3,sentence_03_dictated_hindi,own_english,latin,data/processed/school_b/SCHB_G3_IMG_20261007_101850/sentence_03_dictated_hindi.json,0.4546244657629995,0.04339090374038519,,-2.671474153004283e-15,0.16356410700706508,-8.043057888996838,24.48515492347882,15.709734464066383,0.4311270392401927,2.4902114330462024,1.0748943487755032,2.8181818181818183,0.44090119138182715,0.0,0.6666666666666666,0.25959562700335426,0.5176470588235295,,0.860846785304992,1.42312819310667,,,,,0.3632610939112487,1.7254901960784312,1.543859649122807,,1.0,0.0
SCHB_G3_IMG_20261007_101857,school_b,3,sentence_01_copy_hindi,copy_hindi,devanagari,data/processed/school_b/SCHB_G3_IMG_20261007_101857/sentence_01_copy_hindi.json,1.8199207918486509,0.018384632032250135,,2.028007391648619e-15,0.30776024047856004,0.45225007098059106,19.3838459309008,17.415668039477378,0.2913701543233338,2.830188679245283,1.0820886187973473,-0.13333333333333325,-81.71950148573431,0.21428571428571427,0.5714285714285714,0.2708694045722397,0.1744186046511628,44.029411764705884,0.5522055892368082,,2.6642330513141443,0.07367019241839586,1.3076923076923077,0.0003100822681485342,0.1400933955970647,0.7705136757838559,1.0206804536357572,2.142857142857143,1.0,0.0
SCHB_G3_IMG_20261007_101857,school_b,3,sentence_02_copy_english,copy_english,latin,data/processed/school_b/SCHB_G3_IMG_20261007_101857/sentence_02_copy_english.json,,,,,,-4.745881297534151,20.201620828513306,16.46643513663022,0.5046235557199388,2.593568792830786,1.0682426089171961,,,,,,0.5232558139534884,,,,,,,,0.22076860179885527,2.3916598528209323,1.6557645134914145,0.14285714285714285,1.0,0.0
SCHB_G3_IMG_20261007_101857,school_b,3,sentence_03_dictated_hindi,own_english,latin,data/processed/school_b/SCHB_G3_IMG_20261007_101857/sentence_03_dictated_hindi.json,0.32857142857142857,0.0,,3.2959746043559335e-16,0.07095329174719783,-4.809636432837111,19.767903576392047,20.890935847168837,0.3803824801017263,2.849695916594266,1.0789896707552498,0.7714285714285715,0.9714723739706667,0.3333333333333333,0.0,0.32378261006823444,0.4069767441860465,,0.49797446986730415,1.4790121239905638,,,,,0.32558139534883723,2.116279069767442,1.356589147286822,,1.0,0.0
SCHB_G4_IMG_20261007_100013,school_b,4,sentence_01_copy_hindi,copy_hindi,devanagari,data/processed/school_b/SCHB_G4_IMG_20261007_100013/sentence_01_copy_hindi.json,,,,,,5.12990701800927,24.19932842590795,26.07371711852281,0.2896697872517286,2.2535211267605653,1.1176641795674813,,,,,,0.4883720930232558,,,,,,,,0.25432525951557095,0.7266435986159169,1.0536332179930796,0.42857142857142855,1.0,0.0
SCHB_G4_IMG_20261007_100013,school_b,4,sentence_02_copy_english,copy_english,latin,data/processed/school_b/SCHB_G4_IMG_20261007_100013/sentence_02_copy_english.json,0.27103605026607513,0.048734266650345436,0.06935799858281064,-4.410534437671032e-16,0.046875212343177264,3.6997157788265262,24.677807362845837,19.76216127870367,0.46729548351104316,2.948784273150543,1.0743093960359464,0.9500000000000002,0.27605353008550104,0.0,0.0,0.3842928833278527,0.4069767441860465,7.648648648648648,0.4687135028456058,18.761904761904763,,,,,0.2957151478575739,0.3379601689800845,0.9082679541339771,0.21428571428571427,2.0,0.0
SCHB_G4_IMG_20261007_100013,school_b,4,sentence_04_dictated_english,dictated_english,latin,data/processed/school_b/SCHB_G4_IMG_20261007_100013/sentence_04_dictated_english.json,0.14908950862477968,-0.021772531889442323,0.003853608697191091,-3.2938062000109625e-16,0.06598148190686995,2.516967947239893,22.991797615673164,19.98686204727431,0.44196704322180846,2.834917891097666,1.0688773289475557,0.9166666666666666,0.65231044205128,0.16666666666666666,0.0,0.36827635015957333,0.5348837209302325,23.473684210526315,0.3800513136324532,3.318158873452596,,,,,0.4577114427860696,1.8766169154228853,2.7920398009950245,0.2857142857142857,2.0,0.0
SCHB_G4_IMG_20261007_100013,school_b,4,sentence_05_own_hindi,own_hindi,devanagari,data/processed/school_b/SCHB_G4_IMG_20261007_100013/sentence_05_own_hindi.json,2.478827185938189,-0.10758346151970667,,2.9359231095643027e-15,0.3159662370931483,7.620325173098214,24.15009276168449,20.190788673787623,0.2709984930483723,3.1666666666666665,1.0903255238783962,-0.16666666666666669,-17.52972984878628,0.375,0.125,0.3587853734999002,0.1744186046511628,,0.7550543722273438,,1.3920982712920487,0.07775610490510547,1.1111111111111112,0.002033388000483394,0.5128205128205128,0.8974358974358975,1.205128205128205,,1.0,0.0
SCHB_G4_IMG_20261007_100013,school_b,4,sentence_06_own_english,own_english,latin,data/processed/school_b/SCHB_G4_IMG_20261007_100013/sentence_06_own_english.json,0.005958443813167868,-0.001486782827429608,,-2.6438269976059026e-15,0.0038401218301203246,0.455157419809805,23.429656037947527,20.106661120176444,0.35559727980782224,3.0240549828178693,1.064620671920474,1.2777777777777777,0.2958838606264391,0.0,0.0,0.041640484180438406,0.5581395348837209,,0.39983986914602604,1.4334023588787232,,,,,0.3088803088803089,1.7297297297297298,1.7915057915057915,,1.0,0.0
SCHB_G4_IMG_20261007_100035,school_b,4,sentence_01_copy_hindi,copy_hindi,devanagari,data/processed/school_b/SCHB_G4_IMG_20261007_100035/sentence_01_copy_hindi.json,1.1582101181842241,-0.005874834545724201,0.00655686584465904,-4.502571155424246e-16,0.3280664182964624,7.056421513112903,21.528455128826106,23.711158753324845,0.40676572375928755,3.323749281196089,1.0892724671941025,-0.213768115942029,-7.592877312671527,0.5,0.0,0.45406736763995964,0.40588235294117647,72.02941176470588,,,,,,,0.05892399658411614,3.2702818104184455,4.625533731853117,0.14285714285714285,2.0,0.0
SCHB_G4_IMG_20261007_100035,school_b,4,sentence_02_copy_english,copy_english,latin,data/processed/school_b/SCHB_G4_IMG_20261007_100035/sentence_02_copy_english.json,,,,,,3.780151926735578,23.062284690039007,19.554458874552456,0.47602851314989075,3.148206918438593,1.0757623043040494,,,,,,0.5058823529411764,,,,,,,,0.24184476940382452,1.4268841394825647,1.9105736782902139,0.35714285714285715,1.0,0.0
SCHB_G4_IMG_20261007_100035,school_b,4,sentence_03_dictated_hindi,dictated_hindi,devanagari,data/processed/school_b/SCHB_G4_IMG_20261007_100035/sentence_03_dictated_hindi.json,2.709070921249432,-0.0013093218172120235,,1.030921380009074e-14,0.4042299811056381,18.162039863626468,21.893522394402044,17.805970343087136,0.2836526398659358,3.8625,1.0823678345849042,-0.8615384615384616,-4.722506285640479,0.6923076923076923,0.23076923076923078,0.34704126858916673,0.17647058823529413,30.857142857142858,0.11785113019775793,,,,,,0.1274787535410765,0.8923512747875354,1.0623229461756374,0.16666666666666666,1.0,0.0
SCHB_G4_IMG_20261007_100035,school_b,4,sentence_04_dictated_english,dictated_english,latin,data/processed/school_b/SCHB_G4_IMG_20261007_100035/sentence_04_dictated_english.json,0.22051620532361035,-0.048793246596182754,,4.279909759929978e-15,0.10124060368803693,16.101010813134216,22.882239025460287,16.01668819783601,0.49238310597147983,3.076225045372052,1.0798825495343463,0.4897959183673469,0.37577081273524116,0.25,0.0,0.26385528558132276,0.5764705882352941,16.605263157894736,,,,,,,0.5079744816586922,1.4457735247208932,1.3676236044657097,0.5714285714285714,1.0,0.0
SCHB_G4_IMG_20261007_100035,school_b,0,sentence_05_own_hindi,own_hindi,devanagari,data/processed/school_b/SCHB_G4_IMG_20261007_100035/sentence_05_own_hindi.json,,,,,,12.05750178394446,21.478061946155673,22.930647834394254,0.3858486807677319,2.7538726333907055,1.0823195824501042,,,,,,,,,,,,,,0.44223826714801445,0.0,0.0,,1.0,0.0
SCHB_G4_IMG_20261007_100035,school_b,0,sentence_06_own_english,own_english,latin,data/processed/school_b/SCHB_G4_IMG_20261007_100035/sentence_06_own_english.json,0.670459841425349,0.011494252873563215,,,,-0.3474275929905256,25.555365663922025,15.744336613809825,0.5701825921601952,2.1777777777777776,1.079762992888393,-1.1755725190839696,-4.187541457416437,0.5,0.5,1.0951049130550516,,,0.9434251311766575,1.3121503493055309,,,,,0.5916129032258065,0.0,0.0,,1.0,0.0
SCHB_G4_IMG_20261007_100048,school_b,4,sentence_01_copy_hindi,copy_hindi,devanagari,data/processed/school_b/SCHB_G4_IMG_20261007_100048/sentence_01_copy_hindi.json,0.8965101794714528,-0.0011778015203744228,,-2.528841333868412e-16,0.33303362071873266,1.640592352147997,24.870351912471452,28.012215909508537,0.303042564658643,2.835394862036156,1.1276725338898537,0.4487394957983193,3.510815954905591,0.4117647058823529,0.23529411764705882,0.39640516391070935,0.4117647058823529,23.558823529411764,0.6459433945578649,,1.9529504552608397,0.03148048333115383,0.5294117647058824,0.07409064828723794,0.22313296903460839,1.912568306010929,1.912568306010929,0.42857142857142855,1.0,0.0
SCHB_G4_IMG_20261007_100048,school_b,4,sentence_02_copy_english,copy_english,latin,data/processed/school_b/SCHB_G4_IMG_20261007_100048/sentence_02_copy_english.json,0.2373896167249973,0.010656354848244452,,6.519090822720841e-15,0.10135477046852141,-5.216734212704179,23.848950135526184,13.44391631956512,0.48836423111640936,1.675163874726875,1.0829434069166997,1.4250871080139373,0.1864025925647661,0.0,0.0,0.25377269031017,0.4823529411764706,14.594594594594595,0.22455881192514876,1.1583684446110751,,,,,1.0796576695194207,1.0526662277814351,2.0513495720868993,0.5714285714285714,1.0,0.0
SCHB_G4_IMG_20261007_100048,school_b,4,sentence_03_dictated_hindi,dictated_hindi,devanagari,data/processed/school_b/SCHB_G4_IMG_20261007_100048/sentence_03_dictated_hindi.json,2.0746575527596227,-0.007774784748071807,,-2.886579864025407e-16,0.3243608532551202,0.40641113021301206,26.632360812703748,17.05384079852221,0.28386733042018797,2.645228215767635,1.082164219103033,-0.11111111111111113,-31.199999999999992,0.5555555555555556,0.3333333333333333,0.3233568149850779,0.17647058823529413,17.642857142857142,0.5557978428907582,,2.3691924974917593,0.05594462807193535,1.2222222222222223,0.16867498621645852,0.11741682974559686,0.9686888454011741,1.2622309197651662,0.3333333333333333,1.0,0.0
SCHB_G4_IMG_20261007_100048,school_b,4,sentence_04_dictated_english,dictated_english,latin,data/processed/school_b/SCHB_G4_IMG_20261007_100048/sentence_04_dictated_english.json,0.6190562817462643,0.029551488173558862,0.006665487292614246,-1.5635640930137622e-15,0.18374073331772295,-4.4743726867837825,25.243233951468966,14.956000351113987,0.49114010405092196,1.9912663755458513,1.0707379566533977,1.0912280701754387,1.850881989611017,0.2,0.4,0.2714851608056565,0.3352941176470588,24.105263157894736,0.2952732775968815,1.1452191901173805,,,,,0.6581986143187067,1.9087759815242493,2.1062355658198615,0.7142857142857143,2.0,0.0
SCHB_G4_IMG_20261007_100048,school_b,0,sentence_05_own_hindi,own_hindi,devanagari,data/processed/school_b/SCHB_G4_IMG_20261007_100048/sentence_05_own_hindi.json,,,,,,-5.330885864282467,21.28291952280549,51.41934173520003,0.6687116704899642,1.5053763440860215,1.076644226090251,,,,,,,,,,,,,,0.9210526315789473,0.0,0.0,,1.0,0.0
SCHB_G4_IMG_20261007_100107,school_b,4,sentence_01_copy_hindi,copy_hindi,devanagari,data/processed/school_b/SCHB_G4_IMG_20261007_100107/sentence_01_copy_hindi.json,0.7220811900586348,-1.6365728325384616,2.313871799451974,-3.836217058302996e-16,0.05078651802545357,5.238659249932985,22.579064677514097,22.031549278458016,0.364608725171506,2.7902621722846446,1.0844190357779309,0.031168831168831224,22.4412814052832,0.6,0.0,0.6260993622748697,0.45294117647058824,11.588235294117647,,,10.646780303030303,,,,0.3310404127257094,0.8607050730868444,0.9931212381771282,0.2857142857142857,2.0,0.0
SCHB_G4_IMG_20261007_100107,school_b,4,sentence_02_copy_english,copy_english,latin,data/processed/school_b/SCHB_G4_IMG_20261007_100107/sentence_02_copy_english.json,0.0068812279016786,-0.005185779203421543,,-1.6720023802985207e-15,0.003365262026588302,-0.6354843787089243,24.10278722621061,16.762203202424757,0.4686247056445078,3.005036373810854,1.0726574712983674,0.8055555555555557,0.5982535025137059,0.0,0.0,0.3307843444730667,0.4235294117647059,2.5945945945945947,0.0,0.0,,,,,0.3132380360472343,0.20136730888750778,0.33561218147917965,0.35714285714285715,1.0,0.0
SCHB_G4_IMG_20261007_100107,school_b,4,sentence_03_dictated_hindi,dictated_hindi,devanagari,data/processed/school_b/SCHB_G4_IMG_20261007_100107/sentence_03_dictated_hindi.json,2.763831263820159,0.004855416836319665,0.005081529669090152,1.6930901125533637e-15,0.32106823609078683,11.826602050465008,23.545371961765362,20.282366305666656,0.3446925319518142,3.609137055837563,1.0820886187973473,0.08282828282828288,59.195494097235304,0.42424242424242425,0.42424242424242425,0.519504823433647,0.17647058823529413,111.21428571428571,0.9548886812069731,,1.951882743894999,0.05381426686740058,0.8421052631578947,0.026039842601676463,0.15086206896551724,3.728448275862069,4.806034482758621,0.3333333333333333,3.0,0.0
SCHB_G4_IMG_20261007_100107,school_b,4,sentence_04_dictated_english,dictated_english,latin,data/processed/school_b/SCHB_G4_IMG_20261007_100107/sentence_04_dictated_english.json,0.43134986954637167,-0.0015498973782337084,,3.2085445411667022e-15,0.1469607176901225,3.1845550285822664,22.68559371382387,21.062516567082856,0.4135888021290391,2.8425531914893627,1.0762369599472095,1.244047619047619,0.22665491449429692,0.0,0.0,0.3482886271743821,0.49411764705882355,16.42105263157895,0.22654435004562493,1.8831803260348525,,,,,0.23890784982935157,1.7679180887372015,2.1023890784982937,0.2857142857142857,1.0,0.0
SCHB_G4_IMG_20261007_100107,school_b,4,sentence_05_own_hindi,own_hindi,devanagari,data/processed/school_b/SCHB_G4_IMG_20261007_100107/sentence_05_own_hindi.json,0.6225027269408717,0.015802044605547114,,1.3374717999781183e-15,0.22913051444633045,4.404225937023824,21.846227611892452,29.25830277430831,0.42001577061334844,2.634730538922155,1.1279637059306808,0.1491228070175439,7.815342908349349,0.3333333333333333,0.0,0.21974811717837375,0.4470588235294118,,0.02555062774588586,,2.1051734253073437,0.021608007489695755,1.5,0.036683484543246984,0.18052256532066507,2.888361045130641,2.346793349168646,,1.0,0.0
SCHB_G4_IMG_20261007_100107,school_b,4,sentence_06_own_english,own_english,latin,data/processed/school_b/SCHB_G4_IMG_20261007_100107/sentence_06_own_english.json,0.5268321206355335,0.003184713375796178,,2.6807260115428258e-15,0.1623023913510201,5.600342448348764,24.165746245612805,18.06707359714218,0.31464764855971494,2.4780701754385963,1.060200951293694,1.7999999999999998,0.47140452079103173,0.0,0.5,0.2803235895869143,0.47058823529411764,,0.30564707106626626,1.2405296178612153,,,,,0.24279210925644915,1.6388467374810318,1.5781487101669194,,1.0,0.0
SCHB_G4_IMG_20261007_100135,school_b,4,sentence_01_copy_hindi,copy_hindi,devanagari,data/processed/school_b/SCHB_G4_IMG_20261007_100135/sentence_01_copy_hindi.json,0.264776454802101,0.015545782349308165,,5.551115123125783e-18,0.10630572469169201,3.819886838787066,21.80040587987697,27.058648055133197,0.35028270000662687,2.9710867397806577,1.090102562823375,2.085227272727273,0.2057175595441621,0.0,0.5,0.1916548110864514,0.5057471264367817,20.41176470588235,0.34351718244959606,,1.5338944633544167,0.028085325794719684,4.2,0.00022560815337119145,0.13760750586395623,2.3049257232212668,1.5480844409695076,0.2857142857142857,1.0,0.0
SCHB_G4_IMG_20261007_100135,school_b,4,sentence_02_copy_english,copy_english,latin,data/processed/school_b/SCHB_G4_IMG_20261007_100135/sentence_02_copy_english.json,0.5998251964607747,-0.004115472552508256,,1.0917193075480707e-15,0.22088428253965495,1.8467149625110055,22.760556993514832,16.1247474843622,0.4532807590505246,2.582717635721169,1.071747911070645,1.8399999999999999,0.09672305280992194,0.0,0.2,0.524726615059356,0.40229885057471265,17.77027027027027,0.5136913196354457,1.4780932453383215,,,,,0.2519496100779844,1.3227354529094182,2.1625674865026996,0.42857142857142855,1.0,0.0
SCHB_G4_IMG_20261007_100135,school_b,4,sentence_03_dictated_hindi,dictated_hindi,devanagari,data/processed/school_b/SCHB_G4_IMG_20261007_100135/sentence_03_dictated_hindi.json,2.71421676384721,-0.004090980860001103,,2.1834386150961413e-15,0.43102828359678386,5.432034367428138,25.40478221843439,19.56451071091732,0.24858240772464396,3.0924170616113744,1.0868034790282153,-0.2714285714285715,-13.820846278042326,0.5714285714285714,0.35714285714285715,0.4543280688765512,0.1724137931034483,32.0,0.43035205683536937,,1.9039327735114109,0.05888867783580324,0.8666666666666667,0.05480312254852785,0.11945392491467577,0.7167235494880546,1.21160409556314,0.5,1.0,0.0
SCHB_G4_IMG_20261007_100135,school_b,4,sentence_04_dictated_english,dictated_english,latin,data/processed/school_b/SCHB_G4_IMG_20261007_100135/sentence_04_dictated_english.json,0.6303074506109547,-0.004115226337448559,,1.304512053934559e-15,0.2166039331221647,7.928007828507059,20.018566595080305,18.65335184591375,0.40103453651731613,2.662721893491123,1.0706215449908831,1.3675213675213673,0.15724682031761408,0.0,0.0,0.27499371865056677,0.4482758620689655,17.07894736842105,0.3782583907596524,1.2657189185856663,,,,,0.4183551847437425,1.9523241954707984,2.7890345649582833,0.5714285714285714,1.0,0.0
SCHB_G4_IMG_20261007_100135,school_b,4,sentence_05_own_hindi,own_hindi,devanagari,data/processed/school_b/SCHB_G4_IMG_20261007_100135/sentence_05_own_hindi.json,1.397454435669495,0.0037725298538133687,0.0038131187548094752,4.834721211965631e-16,0.27908184641921036,4.79655154083998,22.283577098943166,31.899075798483953,0.45766298601011846,4.044943820224717,1.0814453315044006,0.26470588235294107,11.24885265768382,0.35294117647058826,0.14705882352941177,0.37761628695701605,0.25287356321839083,,0.6992335007005607,,2.0130112184670157,0.041008075925504414,1.12,0.03931051767329268,0.3184855233853007,2.8663697104677057,4.262806236080178,,3.0,0.0
SCHB_G4_IMG_20261007_100135,school_b,4,sentence_06_own_english,own_english,latin,data/processed/school_b/SCHB_G4_IMG_20261007_100135/sentence_06_own_english.json,0.479504297752889,0.026674302310123015,,-3.7271772969558827e-16,0.16495501768348386,9.160934338013352,22.248880240325143,14.292473536356693,0.4611832450787057,2.350813743218807,1.077733042704492,0.41287878787878785,0.8078188734979083,0.3333333333333333,0.0,0.28868861707394705,0.5057471264367817,,0.8194972858433003,2.7831295120849275,,,,,1.9743589743589745,2.6996336996337,2.336996336996337,,1.0,0.0
SCHB_G4_IMG_20261007_100148,school_b,4,sentence_01_copy_hindi,copy_hindi,devanagari,data/processed/school_b/SCHB_G4_IMG_20261007_100148/sentence_01_copy_hindi.json,0.029361414972198636,-0.0009633240508893871,,9.228728892196614e-16,0.01801929138003507,0.5781581217516153,21.641139477927176,24.331782939367447,0.41569517071390427,2.703639514731369,1.0852253286410614,1.99,0.6781276239147798,0.16666666666666666,0.6666666666666666,0.11584764500677225,0.5681818181818182,34.05882352941177,1.2070263399383547,,1.7452077027242523,0.017933171361530584,1.0,0.00025240084918070824,0.11204481792717086,2.745098039215686,1.9607843137254901,1.0,1.0,1.0
SCHB_G4_IMG_20261007_100148,school_b,4,sentence_02_copy_english,copy_english,latin,data/processed/school_b/SCHB_G4_IMG_20261007_100148/sentence_02_copy_english.json,0.4348886616837213,0.014108630649984032,,3.357036870710317e-15,0.14956919981889152,-2.0965261739074013,22.820681964052564,18.30366779223384,0.46189701947688944,2.716946842344388,1.0662066827323633,2.073170731707317,0.20891326434301502,0.0,0.25,0.3023772206807992,0.4659090909090909,18.864864864864863,0.6398637120488124,1.8772192724791954,,,,,0.3426183844011142,0.9593314763231198,2.192757660167131,0.21428571428571427,1.0,1.0
SCHB_G4_IMG_20261007_100148,school_b,4,sentence_03_dictated_hindi,dictated_hindi,devanagari,data/processed/school_b/SCHB_G4_IMG_20261007_100148/sentence_03_dictated_hindi.json,0.6641582279444945,-0.008284390390689926,,6.972200594645983e-15,0.3559470714762335,3.3955492920058385,22.864828533522683,28.681329441438486,0.31970311275688795,2.042553191489361,1.0799650917111556,2.185185185185185,0.956413910765789,0.25,0.75,0.46674808015864483,0.6136363636363636,17.964285714285715,,,1.7880382496675686,0.010589105709477761,0.0,0.009696449383529367,0.158203125,2.7421875,1.107421875,0.8333333333333334,1.0,1.0
SCHB_G4_IMG_20261007_100148,school_b,4,sentence_04_dictated_english,dictated_english,latin,data/processed/school_b/SCHB_G4_IMG_20261007_100148/sentence_04_dictated_english.json,0.014786045471686157,-0.006163659925570586,,6.029031440757393e-15,0.00823142425436877,-0.5930271601522618,24.505727097526417,22.496124893740042,0.4195188702591898,2.546494992846924,1.0766350502069097,1.9500000000000002,0.290095089717558,0.0,0.5,0.13052747242474516,0.45454545454545453,21.789473684210527,1.1761890448773722,1.5542080996122545,,,,,0.5522682445759368,2.9980276134122286,2.72189349112426,0.42857142857142855,1.0,1.0
SCHB_G4_IMG_20261007_100148,school_b,4,sentence_05_own_hindi,own_hindi,devanagari,data/processed/school_b/SCHB_G4_IMG_20261007_100148/sentence_05_own_hindi.json,0.9375154506170764,0.04049069627466669,0.04795800351886172,3.334994618127256e-15,0.3090358658644522,-0.8542038326371306,20.3001297779072,26.044064771686756,0.35388859781835363,3.2978723404255312,1.0781921037846136,3.041095890410959,2.42200802633608,0.4,0.6,0.6439922646777331,0.4147727272727273,,1.0606079911096455,,2.2832085761890526,0.03132335724180024,1.25,0.00026445068842951067,0.39551083591331265,3.1640866873065012,1.9775541795665632,,2.0,1.0
SCHB_G4_IMG_20261007_100148,school_b,4,sentence_06_own_english,own_english,latin,data/processed/school_b/SCHB_G4_IMG_20261007_100148/sentence_06_own_english.json,0.013953409838313675,0.0010831312080286657,0.0015317788442236933,-3.690962128285328e-15,0.008135133472508322,-2.759122191450981,23.65987148853401,18.042096358206063,0.5091377407580208,2.2705314009661834,1.073037677423331,0.4378947368421053,0.5527800904540311,0.2,0.0,0.2519211151189886,0.5397727272727273,,0.4121420077634429,1.427516709790731,,,,,1.7828418230563001,4.520777479892761,4.520777479892761,,2.0,1.0
SCHB_G4_IMG_20261007_100214,school_b,4,sentence_01_copy_hindi,copy_hindi,devanagari,data/processed/school_b/SCHB_G4_IMG_20261007_100214/sentence_01_copy_hindi.json,2.7950912426036325,-0.0015180629581667189,,1.3485944387358519e-15,0.3162323766920907,10.252174858713635,22.403590863121284,18.954486733857657,0.32535450120631904,3.0724213606437454,1.0795120719371152,1.1791666666666663,4.660464559602081,0.375,0.5625,0.39881637241664675,0.16666666666666666,32.55882352941177,0.24628607582535078,,1.9143772950404752,0.060695039236638895,0.8235294117647058,0.03424289462404975,0.11619718309859155,0.5492957746478873,0.8767605633802816,2.4285714285714284,1.0,0.0
SCHB_G4_IMG_20261007_100214,school_b,4,sentence_02_copy_english,copy_english,latin,data/processed/school_b/SCHB_G4_IMG_20261007_100214/sentence_02_copy_english.json,0.015101157916403417,-0.003204801522579243,,9.731131498892974e-17,0.005763187280976726,6.412073290970388,23.42446337677426,21.826263423041922,0.4308509292508936,2.9872974156811214,1.0801757633785778,1.4065656565656566,0.7831338232354876,0.16666666666666666,0.3333333333333333,0.28666343667430966,0.36666666666666664,14.0,0.3919071866998564,2.070413636702713,,,,,0.1423290203327172,1.0979667282809613,1.8706099815157118,0.9285714285714286,1.0,0.0
SCHB_G4_IMG_20261007_100214,school_b,4,sentence_03_dictated_hindi,dictated_hindi,devanagari,data/processed/school_b/SCHB_G4_IMG_20261007_100214/sentence_03_dictated_hindi.json,0.431831131901821,-0.036262625184085205,,4.546363285840016e-15,0.21961387319572054,7.709332277459594,22.797136973210577,28.826973943246525,0.41725792428283537,1.9954648526077097,1.0822648502458372,0.3950617283950617,2.791295062332179,0.5555555555555556,0.1111111111111111,0.3270366200794702,0.5,19.464285714285715,0.49779960858513367,,1.5988317492719042,0.024880567620026283,0.7,0.002037260133958127,0.06122448979591837,1.7755102040816328,1.959183673469388,1.6666666666666667,1.0,0.0
SCHB_G4_IMG_20261007_100214,school_b,4,sentence_04_dictated_english,dictated_english,latin,data/processed/school_b/SCHB_G4_IMG_20261007_100214/sentence_04_dictated_english.json,0.1267840748982546,0.02229838785924656,,1.2611439670351388e-15,0.05693241537780617,14.930402543932335,23.43222469367355,22.26548354365814,0.3865228420865546,3.089960886571056,1.0802246547281733,2.228571428571428,0.05588331978898303,0.0,1.0,0.16230802390646465,0.3888888888888889,19.81578947368421,0.8163466280448783,1.3074233597634413,,,,,0.41297935103244837,2.202556538839725,2.0993117010816125,0.5714285714285714,1.0,0.0
SCHB_G4_IMG_20261007_100214,school_b,4,sentence_05_own_hindi,own_hindi,devanagari,data/processed/school_b/SCHB_G4_IMG_20261007_100214/sentence_05_own_hindi.json,1.2398663778797046,0.0024369392554058483,,7.408888317665211e-15,0.31721821479795365,14.853939712112092,22.03115401167177,26.679066099789026,0.37014040192000863,3.545770567786791,1.0959504984845825,-0.21861471861471868,-8.94465213110242,0.6428571428571429,0.14285714285714285,0.5022555649971139,0.36666666666666664,,0.8120808694288734,,1.8186549997558523,0.03368220454525933,1.4615384615384615,0.043874226743506134,1.3442838370565044,2.038107752956636,2.9921156373193165,,1.0,0.0
SCHB_G4_IMG_20261007_100214,school_b,4,sentence_06_own_english,own_english,latin,data/processed/school_b/SCHB_G4_IMG_20261007_100214/sentence_06_own_english.json,0.006344312393817542,-0.0016348652791043786,,0.0,0.003194400783031077,13.027284003502992,24.298067978027674,18.871790662219624,0.5058978787165036,2.9691876750700272,1.0792418702306736,3.756756756756757,0.3154001470040716,0.0,1.0,0.2361887464866651,0.4111111111111111,,0.5020182983402955,1.337677889647395,,,,,0.18569636135508155,1.1141781681304894,1.2070263488080302,,1.0,0.0
SCHB_G4_IMG_20261007_100229,school_b,4,sentence_01_copy_hindi,copy_hindi,devanagari,data/processed/school_b/SCHB_G4_IMG_20261007_100229/sentence_01_copy_hindi.json,0.8704512310483276,0.007251571180796531,,2.1803546622499602e-15,0.13435295993145496,1.6093244249682566,21.551486788616113,16.16049979307087,0.2613414864790029,2.8498153467377922,1.0820506890682922,-6.1,-5.344075512892355,0.125,0.875,0.4875081276304151,0.1724137931034483,68.5,0.822890944195983,,1.4094448396071968,0.043816235480339374,0.75,6.490305485721472e-05,0.30146163215590743,0.5572472594397077,1.1601705237515225,0.8571428571428571,1.0,1.0
SCHB_G4_IMG_20261007_100229,school_b,4,sentence_02_copy_english,copy_english,latin,data/processed/school_b/SCHB_G4_IMG_20261007_100229/sentence_02_copy_english.json,0.19063044719730643,-0.005152484894576697,,0.0,0.035136641423636664,-1.9001481022374853,21.779652615703956,10.807367302631173,0.28846179718479287,2.33953488372093,1.0611272293004055,4.257142857142857,0.6035640506189233,0.0,0.8571428571428571,0.7690046521999586,0.1724137931034483,8.391891891891891,0.6239683749502162,4.006394663629245,,,,,0.1862803075103489,0.22176227084565345,1.1709047900650502,0.35714285714285715,1.0,1.0
SCHB_G4_IMG_20261007_100229,school_b,4,sentence_03_dictated_hindi,dictated_hindi,devanagari,data/processed/school_b/SCHB_G4_IMG_20261007_100229/sentence_03_dictated_hindi.json,1.8432020252275585,0.0037281706039551886,0.0009817053417837671,-2.936426612069802e-15,0.3792506179457375,5.709824143935656,24.359984743581485,28.679393899970876,0.4094474491088148,4.896097313735428,1.0938693441892535,0.15957446808510634,15.059989012418908,0.46808510638297873,0.19148936170212766,0.3570961971063978,0.25287356321839083,96.75,0.6933414315229509,,2.7968225250865895,0.05151901535834442,0.7777777777777778,0.019775395565701848,0.30438124519600307,1.555726364335127,3.8385857033051503,1.1666666666666667,2.0,1.0
SCHB_G4_IMG_20261007_100229,school_b,4,sentence_04_dictated_english,dictated_english,latin,data/processed/school_b/SCHB_G4_IMG_20261007_100229/sentence_04_dictated_english.json,0.010659432767915191,0.003935081262407227,,5.227589194856109e-16,0.00821904009332734,0.33702417648597777,21.23502288853174,12.922034004594659,0.49021447115522154,2.659574468085107,1.061512027064175,1.5041666666666664,0.19600499409339822,0.0,0.0,0.1190951577474121,0.6896551724137931,23.18421052631579,0.3827459494373776,1.4302865375380707,,,,,0.6766917293233082,1.3082706766917294,1.849624060150376,0.5714285714285714,1.0,1.0
SCHB_G4_IMG_20261007_100229,school_b,4,sentence_05_own_hindi,own_hindi,devanagari,data/processed/school_b/SCHB_G4_IMG_20261007_100229/sentence_05_own_hindi.json,2.921839395242969,0.00166556438893015,0.0024172363403846034,2.567147274484134e-15,0.38971274018364793,3.4252682109357893,25.44533727167582,18.185522428210938,0.3217292095488,3.3467381590705987,1.0807932383184933,-0.27901234567901256,-21.09192314351757,0.5,0.25925925925925924,0.4414528179270676,0.1724137931034483,,0.7902847825445966,,2.396729094874832,0.09088626199440308,2.466666666666667,0.00396889633560328,0.2772963604852686,2.4436741767764296,4.116117850953206,,3.0,1.0
SCHB_G4_IMG_20261007_100229,school_b,4,sentence_06_own_english,own_english,latin,data/processed/school_b/SCHB_G4_IMG_20261007_100229/sentence_06_own_english.json,0.44299997953245734,-0.0008603942436753061,,-4.853260650504256e-15,0.20057325635864173,1.0218231639554018,22.36292587703244,13.264537604658424,0.4683581553578298,2.990897269180756,1.066389501118264,0.8875739644970413,1.4742081643832248,0.23076923076923078,0.23076923076923078,0.3244967029020541,0.4482758620689655,,0.6964888408758734,1.5294482804715075,,,,,0.4088709677419355,0.7548387096774193,1.3838709677419354,,1.0,1.0
SCHB_G4_IMG_20261007_100229,school_b,0,sentence_07_custom,own_hindi,devanagari,data/processed/school_b/SCHB_G4_IMG_20261007_100229/sentence_07_custom.json,4.659941204238724,-0.9814814814814814,,,,4.468063145255391,23.362703745298777,24.940981498806156,0.5069236155914523,2.2355289421157694,1.0859024683666285,-0.7955307262569831,-7.069243123103334,0.6,0.4,0.7587479900445827,,,0.7304176082178228,,1.8307690118418563,0.011943043634885502,0.6,0.0014740131030534392,3.5367727771679474,0.0,0.0,,1.0,1.0
SCHB_G4_IMG_20261007_100303,school_b,4,sentence_01_copy_hindi,copy_hindi,devanagari,data/processed/school_b/SCHB_G4_IMG_20261007_100303/sentence_01_copy_hindi.json,2.8577786072379054,0.036954200957562244,,-2.812564995717063e-15,0.3832821991337837,3.705870731151471,21.73171657003564,17.37878739290817,0.29497103405810016,3.273067331670823,1.0820506890682922,0.7666666666666666,9.809987699243008,0.35714285714285715,0.42857142857142855,0.4009989448385661,0.1744186046511628,37.26470588235294,0.6998865407196473,,2.199852653729221,0.08127945657175763,1.5,0.028831318322020072,0.059445178335535004,0.7232496697490092,0.8421400264200792,0.42857142857142855,1.0,0.0
SCHB_G4_IMG_20261007_100303,school_b,4,sentence_02_copy_english,copy_english,latin,data/processed/school_b/SCHB_G4_IMG_20261007_100303/sentence_02_copy_english.json,0.5155683423698707,0.007020444437259247,,1.3245577474347354e-15,0.17849848256243953,-14.108531162124068,22.655475855414938,13.80210054645382,0.40616069179336156,2.6963906581740975,1.0762551920460692,1.95,0.3932912976254813,0.0,0.5,0.45689755077131505,0.4069767441860465,16.33783783783784,0.5716232241081936,1.572161048634272,,,,,0.4069767441860465,0.9689922480620154,1.6860465116279069,0.2857142857142857,1.0,0.0
SCHB_G4_IMG_20261007_100303,school_b,4,sentence_03_dictated_hindi,dictated_hindi,devanagari,data/processed/school_b/SCHB_G4_IMG_20261007_100303/sentence_03_dictated_hindi.json,0.802873568684272,-0.00791775058004013,,1.1340135180099812e-15,0.3135857478160984,7.3565048256131425,23.127065989430783,27.075694667387758,0.3647974302596743,2.5868725868725866,1.0937413205691087,0.6463414634146342,2.8848310021559938,0.5,0.3333333333333333,0.4750544908311911,0.47674418604651164,17.428571428571427,0.15371886547533642,,2.1082993334512783,0.024455324466537087,1.5714285714285714,0.06122525282813054,0.05916305916305916,2.898989898989899,1.8340548340548342,1.1666666666666667,1.0,0.0
SCHB_G4_IMG_20261007_100303,school_b,4,sentence_04_dictated_english,dictated_english,latin,data/processed/school_b/SCHB_G4_IMG_20261007_100303/sentence_04_dictated_english.json,0.23350267729527818,0.0026695609381214647,,1.587618925213974e-15,0.0978381230523167,-14.512235315197175,22.763019641345373,19.034017386619208,0.4654620605048819,2.687411598302688,1.0781519224524274,2.243055555555556,0.28802000297607283,0.0,0.5,0.2329224957111938,0.4186046511627907,17.605263157894736,0.5791617999282611,1.7375625131027104,,,,,0.10567514677103718,1.4090019569471623,1.6908023483365948,0.7142857142857143,1.0,0.0
SCHB_G4_IMG_20261007_100303,school_b,4,sentence_05_own_hindi,own_hindi,devanagari,data/processed/school_b/SCHB_G4_IMG_20261007_100303/sentence_05_own_hindi.json,0.6224335666360097,0.0032686110368498633,0.0007215027774683917,-6.444497713253838e-15,0.16202118097162407,-6.087719310251717,21.06326531784392,28.720448817463726,0.43169220802182945,3.8554216867469866,1.081803536510781,1.0449735449735449,2.1419841477325616,0.5,0.35714285714285715,0.2803543843025994,0.313953488372093,,0.782707183216513,,1.7163502560249615,0.035089174223541734,0.5,0.029394948958696304,0.13432835820895522,2.865671641791045,2.6417910447761197,,2.0,0.0
SCHB_G4_IMG_20261007_100303,school_b,4,sentence_06_own_english,own_english,latin,data/processed/school_b/SCHB_G4_IMG_20261007_100303/sentence_06_own_english.json,0.023753357161494494,-0.033354894957392356,,-5.288015395935967e-15,0.01183968700773871,-2.9742597624314437,23.297471993808642,12.271727398838046,0.4354368057170523,2.044917257683215,1.0792731972298062,0.4857142857142857,0.0,0.0,0.0,0.32662998263731996,0.4069767441860465,,,,,,,,0.1964085297418631,0.27497194163860833,0.5892255892255892,,1.0,0.0
SCHB_G4_IMG_20261007_100314,school_b,4,sentence_01_copy_hindi,copy_hindi,devanagari,data/processed/school_b/SCHB_G4_IMG_20261007_100314/sentence_01_copy_hindi.json,2.165944661965663,0.0027121801168088827,,5.1592717026698455e-16,0.3084347056815678,6.225147522258676,22.791712580974266,20.91535965520213,0.22196431299432987,3.2898448519040904,1.089212536492615,1.804166666666667,3.5104436607446243,0.5,0.375,0.24765049746335488,0.17647058823529413,31.941176470588236,0.7632713159192112,,1.7584960011223478,0.0630068603999895,1.0,0.022107236498686334,0.03873466752743706,0.697224015493867,0.8715300193673338,2.4285714285714284,1.0,0.0
SCHB_G4_IMG_20261007_100314,school_b,4,sentence_02_copy_english,copy_english,latin,data/processed/school_b/SCHB_G4_IMG_20261007_100314/sentence_02_copy_english.json,0.7617785063997913,-0.03522535431367649,,-2.609024107869118e-16,0.32056308089514257,2.7961002884602673,24.66157557763075,18.767977141007737,0.4084329199517923,2.5911651348947546,1.0808082056992587,2.0460526315789473,0.2918556309818044,0.0,0.5,0.4525927816402134,0.4470588235294118,19.513513513513512,0.981472827153952,1.2554236208894654,,,,,1.085118066996156,2.483250961010434,2.211971444261395,0.35714285714285715,1.0,0.0
SCHB_G4_IMG_20261007_100314,school_b,4,sentence_03_dictated_hindi,dictated_hindi,devanagari,data/processed/school_b/SCHB_G4_IMG_20261007_100314/sentence_03_dictated_hindi.json,2.39760960259236,0.00012786695113561515,,6.024942449706877e-15,0.29757867141591576,8.289224499836205,21.611013066203885,21.687326618294698,0.2662318731234126,3.0463576158940397,1.0862088105991092,1.1076923076923078,4.059157861641345,0.5384615384615384,0.23076923076923078,0.3510204594882435,0.17647058823529413,25.642857142857142,0.7475996584739388,,2.649162234373044,0.05684798167776602,1.0,0.011827342608871524,0.3227459016393443,0.7069672131147542,1.168032786885246,0.3333333333333333,1.0,0.0
SCHB_G4_IMG_20261007_100314,school_b,4,sentence_04_dictated_english,dictated_english,latin,data/processed/school_b/SCHB_G4_IMG_20261007_100314/sentence_04_dictated_english.json,0.8913011751960808,0.0015218355874074207,,4.372764776534991e-15,0.17486200420215034,8.807246459328558,24.572463973110168,23.92712533229725,0.405024589904465,3.6017207882320292,1.074448118604049,2.957894736842105,1.5472994220551812,0.5,0.4,0.135288494760678,0.2235294117647059,22.0,0.7799821295136293,1.6276063565514682,,,,,0.11974789915966386,0.6386554621848739,0.838235294117647,1.5714285714285714,1.0,0.0
SCHB_G4_IMG_20261007_100314,school_b,4,sentence_05_own_hindi,own_hindi,devanagari,data/processed/school_b/SCHB_G4_IMG_20261007_100314/sentence_05_own_hindi.json,0.4705080607858333,0.009784611279455492,,1.6968749637736767e-15,0.20650842843377037,7.273251016103175,21.22991706112687,24.953374817527493,0.316399276371949,2.668977469670711,1.0823577827224702,0.7756756756756756,2.1115257284685005,0.6,0.2,0.4228357689027229,0.43529411764705883,,0.7040447105091978,,1.809480210042873,0.025171020996304336,0.5,0.004259570439514682,0.72265625,1.2044270833333333,1.6861979166666665,,1.0,0.0
SCHB_G4_IMG_20261007_100314,school_b,4,sentence_06_own_english,own_english,latin,data/processed/school_b/SCHB_G4_IMG_20261007_100314/sentence_06_own_english.json,0.6199911439704472,0.004508594185254729,,5.353356646864427e-15,0.19694371541360495,8.592394470925942,24.992011265076552,20.174865071910435,0.4222857118883148,2.818713450292396,1.0807984907456503,2.1403508771929824,0.16962460726700723,0.0,0.3333333333333333,0.47444559153752136,0.4470588235294118,,0.7846860438403742,1.3406011005513552,,,,,0.88298755186722,1.8605809128630706,1.9867219917012449,,1.0,0.0
SCHB_G4_IMG_20261007_100325,school_b,4,sentence_01_copy_hindi,copy_hindi,devanagari,data/processed/school_b/SCHB_G4_IMG_20261007_100325/sentence_01_copy_hindi.json,2.386643515095295,0.003522610849391808,,6.56881956236551e-16,0.31956012676808515,1.0114643414793991,24.88216253784223,18.999224419238004,0.34540912692366815,3.3498953974895396,1.0884240954351037,0.4823529411764703,17.341021504971337,0.4117647058823529,0.4117647058823529,0.22861659056915398,0.17045454545454544,42.14705882352941,1.1363125484268084,,1.8493860507841715,0.0681139510177162,0.8888888888888888,0.029587415819937193,0.10122699386503067,0.7453987730061349,0.8006134969325153,0.14285714285714285,1.0,0.0
SCHB_G4_IMG_20261007_100325,school_b,4,sentence_02_copy_english,copy_english,latin,data/processed/school_b/SCHB_G4_IMG_20261007_100325/sentence_02_copy_english.json,0.031973654439913464,0.004587952950537784,,-2.039395699099681e-15,0.01605161033273908,-2.348253283832206,22.480430718339974,15.382454716953516,0.4698656214521389,2.8187016481668357,1.0808228532432316,0.9095607235142119,1.0055458532217483,0.5,0.1111111111111111,0.18817009970333984,0.48863636363636365,14.135135135135135,0.37039647013663685,1.7822895383156088,,,,,0.4061111111111111,1.266111111111111,1.6244444444444444,0.35714285714285715,1.0,0.0
SCHB_G4_IMG_20261007_100325,school_b,4,sentence_03_dictated_hindi,dictated_hindi,devanagari,data/processed/school_b/SCHB_G4_IMG_20261007_100325/sentence_03_dictated_hindi.json,2.354034556563773,0.027352017339992696,,1.301736496372996e-15,0.367759747417638,1.2497523267287205,21.346361281313577,17.148556223612594,0.30232614874169544,3.078734858681023,1.090325523878399,-0.7407407407407407,-10.282814546611254,0.3333333333333333,0.3333333333333333,0.30219001299416726,0.17045454545454544,35.5,0.6475449165614895,,2.893421866275438,0.06346147228842872,1.4,0.03847145042774244,0.06493506493506493,0.7467532467532467,0.8116883116883117,1.6666666666666667,1.0,0.0
SCHB_G4_IMG_20261007_100325,school_b,4,sentence_04_dictated_english,dictated_english,latin,data/processed/school_b/SCHB_G4_IMG_20261007_100325/sentence_04_dictated_english.json,1.1683984051727236,0.023129595561320018,0.025296224105282317,-3.774758283725532e-15,0.31476897436210377,0.71293076097113,22.430675268568923,16.594821635219404,0.4106986265310162,2.3963133640552994,1.070817027047406,0.4869029275808936,6.570268985798518,0.45454545454545453,0.36363636363636365,0.3336263556173657,0.3352272727272727,32.8421052631579,0.2869323015780782,1.1286548753000294,,,,,0.5845442536327609,2.1433289299867897,2.6889035667107,0.2857142857142857,2.0,0.0
SCHB_G4_IMG_20261007_100325,school_b,0,sentence_05_own_hindi,own_hindi,devanagari,data/processed/school_b/SCHB_G4_IMG_20261007_100325/sentence_05_own_hindi.json,,,,,,4.617942746788246,19.80376412860879,33.77522552451272,0.43826095156798045,1.7994858611825193,1.091664142073925,,,,,,,,,,,,,,0.5145739910313901,0.0,0.0,,1.0,0.0
SCHB_G4_IMG_20261007_100335,school_b,4,sentence_01_copy_hindi,copy_hindi,devanagari,data/processed/school_b/SCHB_G4_IMG_20261007_100335/sentence_01_copy_hindi.json,0.7898425029690809,0.024028736707671156,,2.044116510045141e-15,0.3358660067580192,-4.786938052651881,21.665265439216977,28.36265980993113,0.41827638443194576,2.3999999999999995,1.1017040695666598,0.7776162790697674,2.765882926776105,0.5,0.3125,0.3756015447028391,0.5058823529411764,24.676470588235293,0.7467161998758594,,1.8429860591239295,0.024471212872977,0.9333333333333333,0.012776619253260431,0.245014245014245,2.0826210826210825,2.205128205128205,2.4285714285714284,1.0,1.0
SCHB_G4_IMG_20261007_100335,school_b,4,sentence_02_copy_english,copy_english,latin,data/processed/school_b/SCHB_G4_IMG_20261007_100335/sentence_02_copy_english.json,0.47210697430065446,-0.09171090850213218,0.09213861092744748,1.0408340855860843e-15,0.13557780755953702,-9.24305353337407,23.634531448899477,14.796400659857216,0.4158383765339086,2.3335167859108426,1.077636780209593,2.194616977225673,0.4896132498705438,0.0,0.7142857142857143,0.3319933652870108,0.40588235294117647,19.66216216216216,0.7907891531713828,1.3941985337027702,,,,,0.5507411630558723,0.8654503990877993,1.8095781071835804,0.6428571428571429,2.0,1.0
SCHB_G4_IMG_20261007_100335,school_b,4,sentence_03_dictated_hindi,dictated_hindi,devanagari,data/processed/school_b/SCHB_G4_IMG_20261007_100335/sentence_03_dictated_hindi.json,2.56535791676793,0.03805313390901955,,-1.3423605661376894e-15,0.33703731030013145,-5.58885780944408,21.058563950668844,21.691574844936756,0.3389370746544398,3.159682899207248,1.0820886187973435,0.78,7.743110702171106,0.3,0.3,0.2824538302182963,0.17647058823529413,20.5,0.3195075085361437,,3.235454044199655,0.06478378833257181,0.6363636363636364,0.035895648975220996,0.1248266296809986,0.6657420249653259,0.8737864077669902,1.8333333333333333,1.0,1.0
SCHB_G4_IMG_20261007_100335,school_b,4,sentence_04_dictated_english,dictated_english,latin,data/processed/school_b/SCHB_G4_IMG_20261007_100335/sentence_04_dictated_english.json,0.20685983603122526,0.0032395366622347357,,-5.349887199912473e-15,0.08454258905577584,-11.699897822723711,21.14447345333792,19.84995753535322,0.34770653680201696,2.509803921568628,1.0811258023015835,3.435185185185185,0.06877278071252325,0.0,1.0,0.12168735959236714,0.4235294117647059,24.605263157894736,0.5541870404139317,1.2856805850583202,,,,,0.2425149700598802,1.2125748502994012,1.2664670658682633,0.5714285714285714,1.0,1.0
SCHB_G4_IMG_20261007_100350,school_b,4,sentence_01_copy_hindi,copy_hindi,devanagari,data/processed/school_b/SCHB_G4_IMG_20261007_100350/sentence_01_copy_hindi.json,2.1122497444716988,-0.007929294594934551,,2.508410146262463e-15,0.3488803317477516,0.18527836583753915,19.778342048510634,17.225919763538197,0.2420653824436847,2.9177473138199335,1.1052013095734092,0.7200000000000003,15.84130651068624,0.4,0.4,0.3966228761662993,0.1744186046511628,44.6764705882353,0.9049417745171652,,1.5208817529444618,0.06249980970443534,1.1875,0.025192476597176508,0.08665511265164644,0.6672443674176776,0.9098786828422877,0.14285714285714285,1.0,0.0
SCHB_G4_IMG_20261007_100350,school_b,4,sentence_02_copy_english,copy_english,latin,data/processed/school_b/SCHB_G4_IMG_20261007_100350/sentence_02_copy_english.json,,,,,,-4.774614937286683,20.785889609089242,13.746437527694269,0.47091206084034465,2.743441529568698,1.0585579137553112,,,,,,0.45348837209302323,,,,,,,,0.41100702576112413,1.484192037470726,1.9408665105386416,0.2857142857142857,1.0,0.0
SCHB_G4_IMG_20261007_100350,school_b,4,sentence_03_dictated_hindi,dictated_hindi,devanagari,data/processed/school_b/SCHB_G4_IMG_20261007_100350/sentence_03_dictated_hindi.json,2.3058787183206686,-0.016250801286819837,,1.413683984689366e-15,0.36288029167640284,0.39294412520520494,22.111536948407053,17.471094774068778,0.2777901524667874,2.9063509149623252,1.0856877816779928,-1.6666666666666667,-9.100762436360863,0.42857142857142855,0.35714285714285715,0.26760545339159164,0.1744186046511628,54.82142857142857,1.1371696631155597,,2.1299855190277213,0.05182279545361419,0.6666666666666666,0.029236215339487275,0.052053209947946794,0.5378831694621168,0.7027183342972817,2.5,1.0,0.0
SCHB_G4_IMG_20261007_100350,school_b,4,sentence_04_dictated_english,dictated_english,latin,data/processed/school_b/SCHB_G4_IMG_20261007_100350/sentence_04_dictated_english.json,0.30205802895063644,-0.004976625085380966,,2.8320599833518504e-15,0.09711212826780936,0.8018600655717664,20.99336549887282,19.45651318948403,0.3791101646094052,2.996941896024465,1.0560556546978974,0.8410256410256411,2.1292768924616094,0.38461538461538464,0.3076923076923077,0.3971402533829803,0.3488372093023256,18.526315789473685,0.5000552025378883,2.3359184213253537,,,,,0.2824858757062147,1.440677966101695,1.271186440677966,2.0,1.0,0.0
SCHB_G4_IMG_20261007_100350,school_b,4,sentence_05_own_hindi,own_hindi,devanagari,data/processed/school_b/SCHB_G4_IMG_20261007_100350/sentence_05_own_hindi.json,2.660717669183575,-0.010416641925909931,,1.5419764230904951e-16,0.39855706298452404,0.21176265276667722,20.743088763366302,17.76101890564246,0.28202752354365485,3.387096774193548,1.0814453315044006,-1.7529411764705884,-7.484561882741075,0.5294117647058824,0.29411764705882354,0.36806206688692794,0.1744186046511628,,0.9596039338570975,,1.6897259963546891,0.059515794070282395,0.8235294117647058,0.034452758685302544,0.07038123167155425,0.501466275659824,0.7478005865102639,,1.0,0.0
SCHB_G4_IMG_20261007_100350,school_b,4,sentence_06_own_english,own_english,latin,data/processed/school_b/SCHB_G4_IMG_20261007_100350/sentence_06_own_english.json,0.2889869682474796,-0.01140823793079779,0.056783703757464346,7.047603241735108e-15,0.07945464000227455,-2.3239705343939208,21.147863516085252,16.00825910280098,0.5100689807040449,2.439024390243902,1.0677199350039583,1.9252873563218391,0.18300885304017925,0.0,0.25,0.2845300267251606,0.5058139534883721,,0.5566883856785291,1.2776916127418796,,,,,1.0875000000000001,3.3142857142857145,3.935714285714286,,2.0,0.0
SCHB_G4_IMG_20261007_100402,school_b,4,sentence_01_copy_hindi,copy_hindi,devanagari,data/processed/school_b/SCHB_G4_IMG_20261007_100402/sentence_01_copy_hindi.json,2.1356941181546145,-0.007660025896019761,,1.6156666647834515e-15,0.32312668457751986,11.813053230291759,25.218492096212056,21.232203277773994,0.3182640767222268,3.673835125448029,1.0983025994700717,-1.6555555555555557,-6.058846282394583,0.4444444444444444,0.4444444444444444,0.3863634306236007,0.1724137931034483,54.11764705882353,0.798507091279288,,1.7887859973427584,0.06896192626988883,0.631578947368421,0.008679405302526949,0.03088538091969801,0.7206588881262869,0.8956760466712422,0.2857142857142857,1.0,0.0
SCHB_G4_IMG_20261007_100402,school_b,4,sentence_02_copy_english,copy_english,latin,data/processed/school_b/SCHB_G4_IMG_20261007_100402/sentence_02_copy_english.json,0.4754714139872844,-0.004511107866547155,,-1.6794601423849745e-15,0.16848099817902154,8.860007763465187,21.388438053286443,20.29312435577975,0.3830124136136061,2.800485633346823,1.0808470246254918,1.5350877192982455,0.3064050940057183,0.0,0.16666666666666666,0.32626106263502475,0.4367816091954023,16.66216216216216,0.5064627004823896,1.2722027722988933,,,,,0.09036860879904875,1.2877526753864448,2.191438763376932,0.14285714285714285,1.0,0.0
SCHB_G4_IMG_20261007_100402,school_b,4,sentence_03_dictated_hindi,dictated_hindi,devanagari,data/processed/school_b/SCHB_G4_IMG_20261007_100402/sentence_03_dictated_hindi.json,0.6468265415527616,0.032614093110846704,,5.797831350820262e-16,0.30697073926805124,8.036944726598856,22.864510909823476,26.974682709574694,0.2623180911143174,2.3274161735700196,1.0819797491800303,0.08500000000000002,11.952616947895306,0.5,0.0,0.30237833565592975,0.5747126436781609,22.464285714285715,0.4424436764218747,,1.6437105717027352,0.01601009215023903,0.7777777777777778,0.03209830250526654,0.14430014430014432,2.5252525252525255,2.1645021645021645,1.5,1.0,0.0
SCHB_G4_IMG_20261007_100402,school_b,4,sentence_04_dictated_english,dictated_english,latin,data/processed/school_b/SCHB_G4_IMG_20261007_100402/sentence_04_dictated_english.json,0.936649335805366,-0.12318860207481244,,4.704570066849101e-15,0.16800318333980468,8.68876017215994,22.21226658818686,21.898630952428967,0.36816515823886425,3.008392511297612,1.083708485269447,0.8974358974358975,0.7652308352990729,0.25,0.0,0.3222552447506352,0.4482758620689655,20.86842105263158,0.9867113997064196,1.3085419159178509,,,,,0.12149532710280374,1.9439252336448598,2.4704049844236757,0.7142857142857143,1.0,0.0
SCHB_G4_IMG_20261007_100402,school_b,4,sentence_05_own_hindi,own_hindi,devanagari,data/processed/school_b/SCHB_G4_IMG_20261007_100402/sentence_05_own_hindi.json,2.209963539305051,0.04547165184167059,,8.261909674918874e-15,0.34934834617932065,6.492568905910787,19.17237180021797,17.07366325225235,0.34346529753787525,2.6948318293683347,1.080502171037188,2.24,1.739684531049723,0.2,0.8,0.34149074209235325,0.1724137931034483,,0.661167512697299,,1.6981889444894633,0.06581380074258283,1.5,0.034252735939966514,0.24375,0.8624999999999999,0.6749999999999999,,1.0,0.0
SCHB_G4_IMG_20261007_100402,school_b,4,sentence_06_own_english,own_english,latin,data/processed/school_b/SCHB_G4_IMG_20261007_100402/sentence_06_own_english.json,0.49709997054676175,-0.05474564364604278,,1.0436096431476472e-15,0.17805574993951448,9.926022877675063,23.532590273825182,20.723914772711044,0.3813888463001142,3.0408163265306123,1.074513405306984,0.9874999999999999,0.7041737754868659,0.25,0.0,0.19701483615747728,0.45977011494252873,,0.8611834002445191,1.47799481040115,,,,,0.7629427792915531,2.2343324250681196,2.6158038147138964,,1.0,0.0
SCHB_G4_IMG_20261007_100411,school_b,4,sentence_01_copy_hindi,copy_hindi,devanagari,data/processed/school_b/SCHB_G4_IMG_20261007_100411/sentence_01_copy_hindi.json,0.21481171817251823,0.004499445278670083,,1.6609977282477928e-16,0.09600587128077402,15.949655404909029,21.136161777909493,23.392954500292433,0.3906250003285024,2.849002849002849,1.0930125159805792,1.3904761904761906,0.212193701824765,0.0,0.0,0.265991610363298,0.5294117647058824,26.41176470588235,0.6818037467206137,,1.4898607900907948,0.01552946624030753,0.5,0.03800076862766567,0.06588579795021962,1.8448023426061495,2.1412884333821376,1.1428571428571428,1.0,0.0
SCHB_G4_IMG_20261007_100411,school_b,4,sentence_02_copy_english,copy_english,latin,data/processed/school_b/SCHB_G4_IMG_20261007_100411/sentence_02_copy_english.json,0.4480629936732002,0.001821856287860269,,-8.36136715420821e-16,0.16187521110495612,14.899791694119989,23.78088191580398,15.719670081090912,0.45961999189435737,2.7221730144670797,1.0779938229197485,1.5,0.08418630677151762,0.0,0.0,0.37761896757134183,0.4235294117647059,18.58108108108108,0.40380211958345524,1.5525134707107837,,,,,0.2422882781828379,0.9691531127313516,1.7767807066741446,0.5714285714285714,1.0,0.0
SCHB_G4_IMG_20261007_100411,school_b,4,sentence_03_dictated_hindi,dictated_hindi,devanagari,data/processed/school_b/SCHB_G4_IMG_20261007_100411/sentence_03_dictated_hindi.json,0.5221624444774443,0.08654299768861494,,4.012993641093014e-15,0.12589417186806384,17.912249435218094,23.944236359487324,26.76290317540275,0.3364514970126293,2.996158770806658,1.093877443664192,1.059090909090909,0.2573318405823393,0.0,0.0,0.20123078084749815,0.5176470588235295,21.607142857142858,1.0146432258503906,,1.1682293439140115,0.010066639160534747,0.0,8.878288083298147e-05,0.45622119815668205,2.1797235023041477,3.294930875576037,0.16666666666666666,1.0,0.0
SCHB_G4_IMG_20261007_100411,school_b,4,sentence_04_dictated_english,dictated_english,latin,data/processed/school_b/SCHB_G4_IMG_20261007_100411/sentence_04_dictated_english.json,0.3629234328575699,-0.027864901151764616,,-1.0672018824209318e-15,0.170756154865085,15.986828336165832,23.31069603424629,20.621416719437235,0.47624963503120077,3.130434782608695,1.0787311345997312,0.9121621621621622,0.3985341224169912,0.0,0.0,0.26164066475617564,0.43529411764705883,20.81578947368421,0.4937286368754897,1.6414566122740606,,,,,0.348326359832636,1.2771966527196652,2.1673640167364017,0.7142857142857143,1.0,0.0
SCHB_G4_IMG_20261007_100411,school_b,4,sentence_05_own_hindi,own_hindi,devanagari,data/processed/school_b/SCHB_G4_IMG_20261007_100411/sentence_05_own_hindi.json,0.680539792323746,-0.06145772449728279,,-4.015306605727649e-15,0.3753334356081559,12.11224735822667,22.34674740884435,26.402857027199452,0.3299530159547003,2.894168466522678,1.0841985272331245,0.05714285714285716,22.526062003549463,0.6,0.0,0.42048381731643375,0.5764705882352941,,0.6707048778908786,,1.6894000885402036,0.02304490502858307,1.5,0.07639442896800949,0.4803921568627451,3.074509803921569,2.4980392156862745,,1.0,0.0
SCHB_G4_IMG_20261007_100411,school_b,4,sentence_06_own_english,own_english,latin,data/processed/school_b/SCHB_G4_IMG_20261007_100411/sentence_06_own_english.json,0.6029411764705882,0.0,,-1.339206523454095e-15,0.16262889520336218,14.969303092076784,21.745723907347795,19.19890477686276,0.33381037335832886,3.3613445378151265,1.0762731795551153,1.6568627450980393,0.044673576540063646,0.0,0.0,0.2777390446311612,0.4,,0.6168614738082004,2.026027656382867,,,,,0.2836710369487485,0.8104886769964244,1.6615017878426699,,1.0,0.0
SCHB_G4_IMG_20261007_100422,school_b,4,sentence_01_copy_hindi,copy_hindi,devanagari,data/processed/school_b/SCHB_G4_IMG_20261007_100422/sentence_01_copy_hindi.json,1.0773712796355432,0.0010478768295561084,,-4.0592529337857286e-16,0.18889769654533392,8.891997984920371,23.717804364116482,20.72911669504265,0.2537631000435064,3.6540697674418605,1.0861805844909536,-4.613333333333333,-6.535792074739563,0.2,0.4,0.2501635396089382,0.1724137931034483,77.32352941176471,1.0558792945603366,,2.3023648838895325,0.06203596077183504,1.125,0.019470810858373967,0.08488964346349745,0.8743633276740238,0.8404074702886248,0.5714285714285714,1.0,0.0
SCHB_G4_IMG_20261007_100422,school_b,4,sentence_02_copy_english,copy_english,latin,data/processed/school_b/SCHB_G4_IMG_20261007_100422/sentence_02_copy_english.json,0.5029945527030826,0.25757575757575757,,2.3129646346357427e-18,0.08675529200926566,-9.862041123246113,25.078619585661713,18.60412821021882,0.464010422179669,3.146654010441384,1.0768332894364785,1.8148148148148149,0.14430750636460157,0.0,0.0,0.5566361019553079,0.3103448275862069,0.4864864864864865,,,,,,,0.3048128342245989,0.0,0.16042780748663102,0.2857142857142857,1.0,0.0
SCHB_G4_IMG_20261007_100422,school_b,4,sentence_03_dictated_hindi,dictated_hindi,devanagari,data/processed/school_b/SCHB_G4_IMG_20261007_100422/sentence_03_dictated_hindi.json,1.1592735728074914,-0.0016136782477555894,0.0019210747265032383,-1.2771123190319509e-15,0.19779662379901972,8.935059098702961,25.072059343592827,33.13379487977952,0.2784286167727164,4.1641641641641645,1.0821369643165313,0.34066624764299186,6.87170604139222,0.40540540540540543,0.1891891891891892,0.2899336060011632,0.2471264367816092,98.82142857142857,0.8552729315282116,,3.48810058911211,0.03717921996756192,0.88,0.011576725579879139,0.31024531024531027,1.6132756132756134,2.745670995670996,0.5,2.0,0.0
SCHB_G4_IMG_20261007_100422,school_b,4,sentence_04_dictated_english,dictated_english,latin,data/processed/school_b/SCHB_G4_IMG_20261007_100422/sentence_04_dictated_english.json,0.13640002131787884,-0.017470753586861548,,1.6341095143701523e-15,0.057475528507684004,-11.98167843717344,21.971661354911298,20.1398740483521,0.447516247380021,2.9686575990538135,1.0685948760106805,2.2252252252252256,0.07808624097969999,0.0,1.0,0.11690128660013947,0.42528735632183906,26.289473684210527,0.3461973615949053,1.6225944918172466,,,,,0.028996865203761758,1.1018808777429467,1.5658307210031348,0.5714285714285714,1.0,0.0
SCHB_G4_IMG_20261007_100422,school_b,4,sentence_05_own_hindi,own_hindi,devanagari,data/processed/school_b/SCHB_G4_IMG_20261007_100422/sentence_05_own_hindi.json,1.262238813376142,0.0010517795091514002,,3.0982161280945775e-15,0.20367810369603642,10.971372814886292,22.863037463930002,19.394552563936305,0.2648090126214904,3.519163763066202,1.0858891328997613,0.8488888888888889,4.914450991189171,0.26666666666666666,0.4,0.32515356127808137,0.1724137931034483,,0.8762434056571188,,1.6509519135518367,0.05459888408462567,0.375,0.027973028049279997,0.05037783375314861,0.41561712846347604,0.8564231738035264,,1.0,0.0
SCHB_G4_IMG_20261007_100422,school_b,4,sentence_06_own_english,own_english,latin,data/processed/school_b/SCHB_G4_IMG_20261007_100422/sentence_06_own_english.json,0.007584694644342033,-0.0008694957883356139,,5.2270470937698654e-15,0.00352335384625613,-8.375728293470411,22.202994478337317,20.632634641339326,0.3805593861576729,3.1875719217491367,1.079031119718919,1.857142857142857,0.24422319794442376,0.0,0.3333333333333333,0.11311637159899283,0.40229885057471265,,0.31040747955439485,1.1644290324169437,,,,,0.11272141706924316,1.0426731078904992,1.8035426731078905,,1.0,0.0
SCHB_G4_IMG_20261007_100433,school_b,4,sentence_01_copy_hindi,copy_hindi,devanagari,data/processed/school_b/SCHB_G4_IMG_20261007_100433/sentence_01_copy_hindi.json,1.9583169287845799,-0.019634744461688215,,1.627170620466245e-15,0.30531446976117493,-0.6550014634284979,21.457980570957126,20.861779498886367,0.28864115299296517,2.872536945812808,1.0817241289308532,-1.5600000000000003,-7.140403239401528,0.4666666666666667,0.4666666666666667,0.3473075773440406,0.18072289156626506,48.73529411764706,0.7430752275153224,,1.6172992054624173,0.06107248780922236,0.625,0.0023514128281995543,0.032005689900426744,0.7681365576102418,0.992176386913229,0.2857142857142857,1.0,0.0
SCHB_G4_IMG_20261007_100433,school_b,4,sentence_02_copy_english,copy_english,latin,data/processed/school_b/SCHB_G4_IMG_20261007_100433/sentence_02_copy_english.json,0.9029534649957648,-0.05334203366405544,,-3.597816489175898e-15,0.25777715762931735,-2.430710294842968,22.18577156939859,17.41543468656566,0.4257764468037073,2.896966384257994,1.0713502428397956,1.8277310924369747,0.18144907825904474,0.0,0.14285714285714285,0.4590214667478507,0.40963855421686746,16.986486486486488,0.570784954678566,1.5198410695022724,,,,,0.21469575200918484,1.7370838117106775,2.068886337543054,0.2857142857142857,1.0,0.0
SCHB_G4_IMG_20261007_100433,school_b,4,sentence_03_dictated_hindi,dictated_hindi,devanagari,data/processed/school_b/SCHB_G4_IMG_20261007_100433/sentence_03_dictated_hindi.json,0.8664724593448044,0.0006373995419041509,,-1.6401021954689813e-15,0.48126533101771873,-0.20020189475877995,19.577222064069943,28.8629171536546,0.44218984557933866,2.7652733118971056,1.0890262501419858,0.14259259259259266,12.937575455994828,0.5,0.1,0.4695795445005722,0.6506024096385542,26.571428571428573,0.45562552077049995,,1.800949986596084,0.017426011834693236,1.3636363636363635,0.0106499229065461,0.3807285546415981,3.807285546415981,2.538190364277321,0.16666666666666666,1.0,0.0
SCHB_G4_IMG_20261007_100433,school_b,4,sentence_04_dictated_english,dictated_english,latin,data/processed/school_b/SCHB_G4_IMG_20261007_100433/sentence_04_dictated_english.json,0.1584710263269165,-0.02378132389008915,,-2.0556473190325164e-15,0.0676729937091255,-2.265514709215376,19.336181235675983,17.58483673423639,0.3362910561562331,2.351160443995965,1.0647390347292138,1.306306306306306,0.9801599034776193,0.3333333333333333,0.3333333333333333,0.22027872736391713,0.4457831325301205,22.18421052631579,0.9227826857477269,0.9772337400999882,,,,,0.6178781925343811,1.8536345776031435,2.2897838899803538,0.5714285714285714,1.0,0.0
SCHB_G4_IMG_20261007_100433,school_b,4,sentence_05_own_hindi,own_hindi,devanagari,data/processed/school_b/SCHB_G4_IMG_20261007_100433/sentence_05_own_hindi.json,2.876327257333851,0.16602289800026773,,4.447830992404533e-15,0.37171461354081275,1.071515151708656,16.048009193894366,13.389847099605932,0.3073073480765346,2.25765306122449,1.081119284911443,1.1714285714285715,2.3782120713863053,0.42857142857142855,0.5714285714285714,0.4088049478472883,0.18072289156626506,,1.1863515187139517,,1.7415608208541742,0.058818073472245685,0.375,0.004053104800554712,0.24,0.63,0.9899999999999999,,1.0,0.0
SCHB_G4_IMG_20261007_100433,school_b,4,sentence_06_own_english,own_english,latin,data/processed/school_b/SCHB_G4_IMG_20261007_100433/sentence_06_own_english.json,0.6379765003198986,-0.4924844135387601,0.7643578506223995,-4.549434234065762e-16,0.1336890961408574,-6.422143459539823,18.812495413122093,16.284563518162834,0.3613692333485736,2.7959292983395825,1.0783778640099855,1.490740740740741,0.685934792162908,0.25,0.25,0.5605258149177335,0.3253012048192771,,0.5493378111319835,2.619540475708875,,,,,0.9409090909090909,0.9409090909090909,1.5954545454545455,,2.0,0.0
SCHB_G4_IMG_20261007_100446,school_b,4,sentence_01_copy_hindi,copy_hindi,devanagari,data/processed/school_b/SCHB_G4_IMG_20261007_100446/sentence_01_copy_hindi.json,2.1967540366472025,0.009174426840610093,,6.966649479522858e-16,0.3312638478834318,16.414645793756904,23.106465401981612,19.672605640399887,0.30435822308157234,3.8448566610455313,1.0905510882434726,0.8701754385964912,7.18644975788167,0.5789473684210527,0.42105263157894735,0.3745369465551547,0.1744186046511628,37.61764705882353,0.7076548205675816,,1.9871620012549969,0.06325108830074154,0.9,0.07389788970370474,0.028901734104046242,0.6840077071290944,0.7610789980732178,2.857142857142857,1.0,0.0
SCHB_G4_IMG_20261007_100446,school_b,4,sentence_02_copy_english,copy_english,latin,data/processed/school_b/SCHB_G4_IMG_20261007_100446/sentence_02_copy_english.json,1.369135676632365,0.002189836026078402,,1.528017478628834e-15,0.20770571260501716,21.501033908416876,24.1513542701114,14.003755796064379,0.31476105677770894,2.6064898698731676,1.0789896707552358,1.3055555555555556,4.079220767973821,0.5,0.4444444444444444,0.3628521287792354,0.18604651162790697,16.013513513513512,0.8696204998641301,1.7410561728454217,,,,,0.0502828409805154,0.5229415461973601,0.9352608422375864,0.14285714285714285,1.0,0.0
SCHB_G4_IMG_20261007_100446,school_b,4,sentence_03_dictated_hindi,dictated_hindi,devanagari,data/processed/school_b/SCHB_G4_IMG_20261007_100446/sentence_03_dictated_hindi.json,2.0089059900788118,0.008206365898150353,,6.069219201284189e-15,0.3153661269242471,16.657822607994166,22.54353851353737,17.71234290235035,0.27947319709252805,3.872727272727273,1.0802680398350197,0.6303030303030304,8.733152631304275,0.6363636363636364,0.2727272727272727,0.2965863636692117,0.1744186046511628,31.071428571428573,0.9875178501152114,,2.66228714986285,0.06725698043522343,0.7272727272727273,0.04986219277899394,0.1314508276533593,0.5988315481986368,0.6426484907497566,2.0,1.0,0.0
SCHB_G4_IMG_20261007_100446,school_b,4,sentence_04_dictated_english,dictated_english,latin,data/processed/school_b/SCHB_G4_IMG_20261007_100446/sentence_04_dictated_english.json,0.013460921782692184,0.002549379336368175,,-2.643718577388654e-15,0.0054249163983905386,21.14182319483831,21.659398367837632,14.994318113843564,0.4451176584434323,2.5816023738872396,1.0684183418806408,3.790322580645161,0.30309504500656204,0.0,1.0,0.26936542381294565,0.36046511627906974,19.94736842105263,0.415786370885472,1.7623554356749018,,,,,0.0739268680445151,0.6406995230524642,1.1089030206677266,0.7142857142857143,1.0,0.0
SCHB_G4_IMG_20261007_100446,school_b,4,sentence_05_own_hindi,own_hindi,devanagari,data/processed/school_b/SCHB_G4_IMG_20261007_100446/sentence_05_own_hindi.json,0.6691600192277238,-0.028729422339221225,,3.191891195797325e-16,0.3788918636926579,17.598680537596138,20.469229467292468,26.111854369950624,0.5028062709501454,2.590529247910863,1.0822128374303934,0.20054945054945053,11.359521070853047,0.5714285714285714,0.2857142857142857,0.3460919816798088,0.6046511627906976,,0.9652997763058382,,1.971686283766662,0.024527339537301796,2.875,0.029407826127906992,1.6924803591470259,4.843995510662178,3.151515151515152,,1.0,0.0
SCHB_G4_IMG_20261007_100446,school_b,4,sentence_06_own_english,own_english,latin,data/processed/school_b/SCHB_G4_IMG_20261007_100446/sentence_06_own_english.json,0.16662346563440347,-0.02344807832517445,,-2.643718577388654e-15,0.06934556849978478,20.44819575808786,24.22759276310218,17.602938919039456,0.4000218420512279,2.7773695811903014,1.0788355427297596,2.9904761904761905,0.17338417310593882,0.0,1.0,0.1406027890220535,0.4069767441860465,,0.37394635255242875,1.6846291824631614,,,,,0.10479041916167664,1.0129740518962076,1.2924151696606785,,1.0,0.0
SCHB_G4_IMG_20261007_100502,school_b,4,sentence_01_copy_hindi,copy_hindi,devanagari,data/processed/school_b/SCHB_G4_IMG_20261007_100502/sentence_01_copy_hindi.json,2.3398218260539436,0.01637610794555134,,6.106226635438361e-16,0.2943266492169292,0.9280365149168903,25.027458750099523,20.47881026857625,0.22925765205362317,2.9287833827893177,1.082088618797346,1.9476190476190471,3.7691134087787765,0.5714285714285714,0.35714285714285715,0.3502179811383527,0.1724137931034483,34.38235294117647,0.7346436406686918,,2.234146679042179,0.07291695125855299,1.1428571428571428,0.013094424581868994,0.035169988276670575,0.7473622508792497,0.6506447831184056,0.14285714285714285,1.0,0.0
SCHB_G4_IMG_20261007_100502,school_b,4,sentence_02_copy_english,copy_english,latin,data/processed/school_b/SCHB_G4_IMG_20261007_100502/sentence_02_copy_english.json,0.3228567252257652,-0.011405642067278527,,1.6811948658609513e-15,0.12223517782528763,-4.370730707252096,23.93640924032328,19.469357080689086,0.4310498529726919,2.6672653794342165,1.0624996136684473,1.9459459459459458,0.7179897347868279,0.16666666666666666,0.5,0.283528436820007,0.42528735632183906,16.14864864864865,0.457650513754824,1.407558919126768,,,,,0.35727217863608934,0.8931804465902233,1.92033796016898,0.5,1.0,0.0
SCHB_G4_IMG_20261007_100502,school_b,4,sentence_03_dictated_hindi,dictated_hindi,devanagari,data/processed/school_b/SCHB_G4_IMG_20261007_100502/sentence_03_dictated_hindi.json,0.09453426686583412,0.03662861448608436,,4.3599383362883753e-16,0.019962130778395544,0.6808562046402775,22.860047208136912,18.520029315808728,0.2915472922241381,3.035230352303523,1.0679473940302684,11.7,0.15713484026367722,0.0,1.0,0.22067232967917566,0.1724137931034483,21.035714285714285,,,0.8031722044405852,0.033779892928629165,0.0,1.1044205402308883e-05,0.13917525773195874,0.5257731958762886,0.7577319587628866,0.5,1.0,0.0
SCHB_G4_IMG_20261007_100502,school_b,4,sentence_04_dictated_english,dictated_english,latin,data/processed/school_b/SCHB_G4_IMG_20261007_100502/sentence_04_dictated_english.json,0.4716990566028302,0.0,,2.636779683484747e-16,0.19033862017321734,-4.706093609593734,22.040865452469845,14.344353767724469,0.5126281653650212,2.514038876889849,1.0650136239992474,2.525,0.2940444040577722,0.0,0.75,0.3297126691323584,0.45977011494252873,23.894736842105264,0.7968980220195205,2.062376789432632,,,,,0.26825633383010433,1.4307004470938898,1.6989567809239943,0.7142857142857143,1.0,0.0
SCHB_G4_IMG_20261007_100502,school_b,4,sentence_05_own_hindi,own_hindi,devanagari,data/processed/school_b/SCHB_G4_IMG_20261007_100502/sentence_05_own_hindi.json,2.3815577578420926,-0.1015839288013169,,-4.354541418807558e-15,0.32904335140361485,-0.245281660183766,19.61656666113464,19.872988701422848,0.2982998850623052,3.06970509383378,1.0805021710371872,-0.18333333333333324,-33.849587428317314,0.375,0.5,0.3850484768669061,0.1724137931034483,,0.7693941978777226,,1.6454444576688163,0.06994185744471894,1.6666666666666667,0.0029044255217804105,0.1602136181575434,0.8811748998664887,1.081441922563418,,1.0,0.0
SCHB_G4_IMG_20261007_100502,school_b,4,sentence_06_own_english,own_english,latin,data/processed/school_b/SCHB_G4_IMG_20261007_100502/sentence_06_own_english.json,0.4648283519380798,-0.036809815950920234,,6.591949208711867e-16,0.15298974386792866,2.223001189696615,22.16356729583581,21.784687422102216,0.42411824677684856,2.761795166858458,1.065874218554071,1.0540540540540542,0.8500299720128602,0.3333333333333333,0.0,0.19479384065463953,0.42528735632183906,,0.7667399555769107,1.7537501826971624,,,,,0.39064856711915535,1.339366515837104,2.009049773755656,,1.0,0.0
SCHB_G4_IMG_20261007_100514,school_b,4,sentence_01_copy_hindi,copy_hindi,devanagari,data/processed/school_b/SCHB_G4_IMG_20261007_100514/sentence_01_copy_hindi.json,1.953110547072552,0.0016634166346052104,,-1.7708057242771246e-15,0.3098702290072503,2.9772293852601917,20.744863440969432,19.69839738763315,0.3214041966009683,3.133047210300429,1.078697026361331,2.0350877192982453,2.4168810297591223,0.3157894736842105,0.47368421052631576,0.3272728996861406,0.17647058823529413,25.264705882352942,0.6263275732491993,,1.5199836318641384,0.06679971721653169,0.7,0.06178574764699032,0.04084411164057181,0.5922396187882913,0.8985704560925799,2.857142857142857,1.0,0.0
SCHB_G4_IMG_20261007_100514,school_b,4,sentence_02_copy_english,copy_english,latin,data/processed/school_b/SCHB_G4_IMG_20261007_100514/sentence_02_copy_english.json,0.2544708496507059,-0.016142581755798,,2.508410146262463e-15,0.09002191394320813,-0.8902032872965939,21.902155587061255,22.2605557604904,0.4219076611415497,2.6103833090732653,1.074154922856141,1.975,0.3304904675682003,0.0,0.42857142857142855,0.2530588605429984,0.47058823529411764,14.202702702702704,0.6543389267802381,1.4310717277154534,,,,,0.6609547123623011,2.7172582619339045,2.4724602203182373,0.5714285714285714,1.0,0.0
SCHB_G4_IMG_20261007_100514,school_b,4,sentence_03_dictated_hindi,dictated_hindi,devanagari,data/processed/school_b/SCHB_G4_IMG_20261007_100514/sentence_03_dictated_hindi.json,0.6244051343199278,0.03011253284414301,,1.3322676295501878e-15,0.30909010778501583,3.0691216430840016,19.995506469271334,27.52371175296476,0.2914875278788083,1.713221601489758,1.0861367394111734,0.725531914893617,2.428788739891128,0.3,0.1,0.29315702803088356,0.5529411764705883,19.285714285714285,0.7397183945340506,,1.6899154602832416,0.01878762710479456,0.7,0.03482483157800086,0.3611416026344676,2.9407244785949502,2.424807903402854,1.8333333333333333,1.0,0.0
SCHB_G4_IMG_20261007_100514,school_b,4,sentence_04_dictated_english,dictated_english,latin,data/processed/school_b/SCHB_G4_IMG_20261007_100514/sentence_04_dictated_english.json,0.006746234408139851,0.0033510634257632064,,3.209932319947484e-15,0.0031944787896178227,-1.0820834664154813,21.4900505910915,21.482151498283525,0.4664547488238542,2.8351309707241903,1.0698029415123618,3.3472222222222223,0.23082874798117176,0.0,1.0,0.13288822287318522,0.4235294117647059,13.789473684210526,0.27952400705678504,1.45423247021577,,,,,0.277992277992278,1.0772200772200773,1.3899613899613898,0.7142857142857143,1.0,0.0
SCHB_G4_IMG_20261007_100514,school_b,4,sentence_05_own_hindi,own_hindi,devanagari,data/processed/school_b/SCHB_G4_IMG_20261007_100514/sentence_05_own_hindi.json,0.224629793385401,0.03915998544413012,,1.339206523454095e-15,0.08071334862980126,2.9908805521980892,20.723973408092192,26.751078760808387,0.3406684777565622,2.9052631578947374,1.078300085875811,2.90625,0.4675874173152451,0.0,0.6666666666666666,0.41310287260336376,0.3764705882352941,,0.06573682103577262,,0.8126212028194344,0.018367525316450164,0.5,4.0341556157391407e-05,0.3218390804597701,1.3333333333333333,1.9310344827586208,,1.0,0.0
SCHB_G4_IMG_20261007_100514,school_b,4,sentence_06_own_english,own_english,latin,data/processed/school_b/SCHB_G4_IMG_20261007_100514/sentence_06_own_english.json,0.17624476515914822,-0.01584458810368334,,-4.678549214709449e-15,0.08140397008631728,-1.509523185995026,21.639332835190963,20.762407775876316,0.40176464582850446,2.882527147087858,1.0770140133367603,2.4313725490196076,0.17291759389025452,0.0,0.6666666666666666,0.20543241037926435,0.4,,0.5220142693867419,1.5190392435470215,,,,,0.34048640915593703,1.1187410586552218,1.6051502145922747,,1.0,0.0
SCHB_G4_IMG_20261007_100526,school_b,4,sentence_01_copy_hindi,copy_hindi,devanagari,data/processed/school_b/SCHB_G4_IMG_20261007_100526/sentence_01_copy_hindi.json,0.1325866545613883,0.0016140099878304186,,-5.4354668913939954e-17,0.058092139731820876,4.439806747136906,21.12354104231412,26.669775340553894,0.357744304741663,2.3172103487064115,1.1100358017401157,1.5052854122621566,0.9177302040542223,0.36363636363636365,0.36363636363636365,0.10165197632029216,0.5,23.88235294117647,0.5625971265093412,,1.7792761721072623,0.021384326154370272,1.0909090909090908,0.01250133684368038,0.1936936936936937,2.047619047619048,1.9922779922779925,1.7142857142857142,1.0,0.0
SCHB_G4_IMG_20261007_100526,school_b,4,sentence_02_copy_english,copy_english,latin,data/processed/school_b/SCHB_G4_IMG_20261007_100526/sentence_02_copy_english.json,0.2319480097853202,-0.014384906641612459,,-3.737090002532893e-16,0.14813271766637992,3.849900078051121,22.46283678064633,13.645360564989307,0.509872483340189,2.281654826577517,1.0664643706635168,1.6446540880503144,0.19407030299318379,0.0,0.16666666666666666,0.2087021468013697,0.6162790697674418,16.594594594594593,0.70696879410014,1.319294040624801,,,,,0.47613700168444695,1.5772038180797305,2.4104435710275127,0.5,1.0,0.0
SCHB_G4_IMG_20261007_100526,school_b,4,sentence_03_dictated_hindi,dictated_hindi,devanagari,data/processed/school_b/SCHB_G4_IMG_20261007_100526/sentence_03_dictated_hindi.json,2.3726312369454132,-0.0132567102534804,,-8.881784197001252e-16,0.37913406342758355,7.678586232788611,21.397149977855403,19.015034878000545,0.3012467432723321,3.1507327285415214,1.098550172018248,1.2476190476190478,5.931591302187669,0.35714285714285715,0.42857142857142855,0.4102953666886232,0.1744186046511628,33.714285714285715,0.5592593599413397,,1.7778895572582483,0.05564749999437935,0.7692307692307693,0.0663672781068732,0.0849514563106796,0.5946601941747572,0.8616504854368932,2.5,1.0,0.0
SCHB_G4_IMG_20261007_100526,school_b,4,sentence_04_dictated_english,dictated_english,latin,data/processed/school_b/SCHB_G4_IMG_20261007_100526/sentence_04_dictated_english.json,0.2897434896472677,0.0030470020743786565,,-5.5525029019065645e-15,0.14766512636870494,2.4699896441203943,21.965654198120063,14.64454935172167,0.5458849339622251,2.4693140794223827,1.0778500955686745,1.5330188679245285,0.12844695142115506,0.0,0.0,0.2628783989111204,0.6162790697674418,18.05263157894737,0.47063463260143834,1.5112769068342513,,,,,0.3054755043227666,1.272814601344861,2.138328530259366,0.7142857142857143,1.0,0.0
SCHB_G4_IMG_20261007_100526,school_b,4,sentence_05_own_hindi,own_hindi,devanagari,data/processed/school_b/SCHB_G4_IMG_20261007_100526/sentence_05_own_hindi.json,1.132812048430349,0.033710211927194075,0.010620346497284027,5.181040781584064e-16,0.3446867933370374,3.6382385616249557,21.26790057927787,27.16854822400488,0.3666759509770165,3.7230948225712637,1.0830231154017982,0.1935483870967742,11.929116708782312,0.45161290322580644,0.1935483870967742,0.4658383410583547,0.3953488372093023,,0.8309194797019864,,2.0357018132917446,0.0222063985298203,0.6451612903225806,0.053247887563554294,0.8189368770764119,2.287375415282392,3.2757475083056478,,2.0,0.0
SCHB_G4_IMG_20261007_100526,school_b,4,sentence_06_own_english,own_english,latin,data/processed/school_b/SCHB_G4_IMG_20261007_100526/sentence_06_own_english.json,0.22296062220586857,0.005502683234670443,0.004102178323053193,3.6377151291233645e-15,0.06974998213054807,4.602786735660332,23.43091392444575,14.989033248355696,0.46419802496710927,2.143064002316826,1.070318958021655,1.5075757575757576,0.5365365955794629,0.16666666666666666,0.3333333333333333,0.1647508942095828,0.5116279069767442,,0.4512212188739986,1.7254407652485713,,,,,0.9440613026819923,2.933333333333333,3.6413793103448273,,2.0,0.0
SCHB_G4_IMG_20261007_100552,school_b,4,sentence_01_copy_hindi,copy_hindi,devanagari,data/processed/school_b/SCHB_G4_IMG_20261007_100552/sentence_01_copy_hindi.json,2.393061118015097,0.0019404856736090891,,1.1787956232049456e-15,0.3481238478741226,7.226620983169336,21.628708397042402,19.284779287273665,0.2994860590944133,3.1086840703249865,1.0925120962422947,0.5500000000000002,10.93872518171853,0.5625,0.375,0.32838850324309254,0.17647058823529413,37.38235294117647,0.7004549979130785,,1.7992875036230673,0.06421275271576508,0.7058823529411765,0.0026244636961098577,0.0314026517794836,0.7117934403349616,0.8688066992323796,2.4285714285714284,1.0,0.0
SCHB_G4_IMG_20261007_100552,school_b,4,sentence_02_copy_english,copy_english,latin,data/processed/school_b/SCHB_G4_IMG_20261007_100552/sentence_02_copy_english.json,0.43530377192168246,-0.005968395645483026,,6.152485928131076e-16,0.16917804810783904,2.9667063242021596,23.545811089584888,17.184327324488645,0.42235514514242384,2.9997302400863206,1.0726236061702892,0.3671497584541063,3.217742119036813,0.5217391304347826,0.043478260869565216,0.3426092652711868,0.4235294117647059,19.60810810810811,0.5373447281580106,1.9081277832982426,,,,,0.2218487394957983,1.472268907563025,1.8554621848739494,1.7142857142857142,1.0,0.0
SCHB_G4_IMG_20261007_100552,school_b,4,sentence_03_dictated_hindi,dictated_hindi,devanagari,data/processed/school_b/SCHB_G4_IMG_20261007_100552/sentence_03_dictated_hindi.json,2.5340410057082163,0.014204596094654624,,-3.6334571715005125e-16,0.35206983532787234,8.831317029015674,21.990582250622364,21.22079536217566,0.2618038826917844,3.005226480836237,1.0820886187973473,0.5466666666666667,8.333392821520764,0.6,0.4,0.4547960772545093,0.17647058823529413,24.535714285714285,0.9226863027702309,,1.8236939391370262,0.05232303965702409,1.1818181818181819,0.015796463172865944,0.13141426783479349,1.1264080100125156,1.1264080100125156,1.8333333333333333,1.0,0.0
SCHB_G4_IMG_20261007_100552,school_b,4,sentence_04_dictated_english,dictated_english,latin,data/processed/school_b/SCHB_G4_IMG_20261007_100552/sentence_04_dictated_english.json,0.2663371777511666,-0.0625,,-8.928043489693967e-16,0.06360250518012371,4.838696824826335,22.232579547355893,18.796976973731685,0.4272352289891938,2.540578687367679,1.0801438874884541,2.4642857142857144,0.18446263857040368,0.0,1.0,0.1256881854401288,0.49411764705882355,19.105263157894736,0.5378907110045316,1.3550192480306975,,,,,0.6105919003115265,1.9626168224299068,2.2242990654205608,0.42857142857142855,1.0,0.0
SCHB_G4_IMG_20261007_100552,school_b,4,sentence_05_own_hindi,own_hindi,devanagari,data/processed/school_b/SCHB_G4_IMG_20261007_100552/sentence_05_own_hindi.json,1.8303601107434535,0.02002486534602275,,0.0,0.2933372534070538,10.754611180507856,22.54686923805913,21.865239968136358,0.3188677592252423,3.5534591194968552,1.1013791515284608,0.04848484848484847,79.46522431227388,0.6363636363636364,0.2727272727272727,0.35531542787331427,0.17647058823529413,,1.0635318536961447,,1.3851170590902877,0.05442234195314134,0.5,0.03602481393695294,0.12413793103448276,0.8689655172413793,0.993103448275862,,1.0,0.0
SCHB_G4_IMG_20261007_100552,school_b,4,sentence_06_own_english,own_english,latin,data/processed/school_b/SCHB_G4_IMG_20261007_100552/sentence_06_own_english.json,0.4628153937075713,-0.07037687791988452,,1.0713652187632761e-15,0.1297203100229381,4.2854402574272275,21.414194533263714,22.991864833129817,0.345342978067237,2.828947368421052,1.0917987845234551,0.8712121212121212,0.7462065374930411,0.25,0.0,0.2555742063179702,0.38823529411764707,,0.742286482432052,1.618157170303349,,,,,0.25306748466257667,1.7714723926380367,2.3282208588957056,,1.0,0.0
SCHB_G4_IMG_20261007_100602,school_b,4,sentence_01_copy_hindi,copy_hindi,devanagari,data/processed/school_b/SCHB_G4_IMG_20261007_100602/sentence_01_copy_hindi.json,0.9486199047708321,0.02344518280073472,,1.7089504414765802e-15,0.3129085327150791,-3.752464188672946,20.893079657709464,26.35365258540452,0.4287283439006155,2.84325637910085,1.0821889934612683,0.3825363825363826,4.138517668113543,0.46153846153846156,0.07692307692307693,0.3640775038744437,0.43023255813953487,18.235294117647058,0.5517545666428539,,1.7036118947520433,0.029132450151704053,0.9166666666666666,0.038538342623992666,0.1774580335731415,3.2829736211031175,2.484412470023981,2.0,1.0,0.0
SCHB_G4_IMG_20261007_100602,school_b,4,sentence_02_copy_english,copy_english,latin,data/processed/school_b/SCHB_G4_IMG_20261007_100602/sentence_02_copy_english.json,0.1586876179560222,0.0005372266657229863,,3.3040699805771587e-15,0.07163215152632754,-6.336693836221414,22.289505871562717,16.60540124083916,0.45877490941404764,2.4637141793822095,1.0772397240003009,1.3333333333333333,0.13392681035753962,0.0,0.0,0.37105136910746983,0.45348837209302323,14.35135135135135,0.3516583402693934,1.5753352277681307,,,,,0.23076923076923078,1.7884615384615385,2.3365384615384617,0.42857142857142855,1.0,0.0
SCHB_G4_IMG_20261007_100602,school_b,4,sentence_03_dictated_hindi,dictated_hindi,devanagari,data/processed/school_b/SCHB_G4_IMG_20261007_100602/sentence_03_dictated_hindi.json,2.974597689545676,0.0014479609901543618,,-6.582036503134857e-16,0.3617977228155585,1.395260571669576,22.09576638726745,20.79963658540086,0.20648349121751788,3.178633975481611,1.0886193284791947,0.4461538461538461,8.22368342291847,0.6153846153846154,0.38461538461538464,0.40322182395484546,0.1744186046511628,21.214285714285715,0.8707423937671489,,1.6410603503173888,0.059677561289700067,0.9090909090909091,0.035836268527843676,0.04132231404958678,1.012396694214876,1.0537190082644627,2.3333333333333335,1.0,0.0
SCHB_G4_IMG_20261007_100602,school_b,4,sentence_04_dictated_english,dictated_english,latin,data/processed/school_b/SCHB_G4_IMG_20261007_100602/sentence_04_dictated_english.json,0.27063837516023925,-0.0031841046965537362,0.008901863843910203,-1.5097050593786728e-15,0.09097897787487873,-9.574235879325531,22.565679898631426,23.297817601676737,0.43298887465912,2.576112412177986,1.0735656781169491,1.0222222222222221,0.24943498776240275,0.0,0.0,0.42858268799301397,0.5755813953488372,29.342105263157894,0.10919073065300973,1.2896112414910357,,,,,0.06884561891515995,6.3337969401947145,5.714186369958275,0.14285714285714285,2.0,0.0
SCHB_G4_IMG_20261007_100602,school_b,4,sentence_05_own_hindi,own_hindi,devanagari,data/processed/school_b/SCHB_G4_IMG_20261007_100602/sentence_05_own_hindi.json,2.3677103189098188,-0.004693251983632285,,-1.3230157710116448e-15,0.3683878287975902,-3.105298290795578,20.0352210552901,17.630163899916838,0.2359051430685761,2.9030327214684757,1.0889855992588529,-0.10666666666666691,-35.74158554820973,0.6,0.4,0.428925876868953,0.1744186046511628,,0.5791668500006805,,1.714608486807886,0.06433677582458976,1.4,0.011553050614738061,0.14150943396226415,0.6469002695417789,0.7277628032345013,,1.0,0.0
SCHB_G4_IMG_20261007_100602,school_b,4,sentence_06_own_english,own_english,latin,data/processed/school_b/SCHB_G4_IMG_20261007_100602/sentence_06_own_english.json,0.19482866342012098,0.003059476404210332,0.04085578890425816,5.617034615212901e-15,0.06305059986184848,-3.88338721422478,24.244710317905906,16.552568898121166,0.40025527425239676,2.4444444444444438,1.0713900971658317,0.75,0.2780270989944294,0.0,0.0,0.2976874150822819,0.4883720930232558,,0.42992820880910604,1.3169871960107795,,,,,0.8741721854304635,4.331125827814569,4.172185430463576,,2.0,0.0
SCHB_G4_IMG_20261007_100613,school_b,4,sentence_01_copy_hindi,copy_hindi,devanagari,data/processed/school_b/SCHB_G4_IMG_20261007_100613/sentence_01_copy_hindi.json,3.459181384462748,-0.00025270896022716615,,-8.665907497768583e-16,0.40697365152780224,5.550386995321057,20.98925700464937,20.22989244015546,0.27993948814734027,3.018575851393189,1.0914188100603484,0.3411764705882354,16.71416290190532,0.4117647058823529,0.4117647058823529,0.43999335782789933,0.1724137931034483,38.911764705882355,0.8555555664978598,,1.8129937610425049,0.06598462492059108,0.9411764705882353,0.028468173170940383,0.020833333333333332,0.6666666666666666,0.8020833333333334,2.5714285714285716,1.0,0.0
SCHB_G4_IMG_20261007_100613,school_b,4,sentence_02_copy_english,copy_english,latin,data/processed/school_b/SCHB_G4_IMG_20261007_100613/sentence_02_copy_english.json,0.55534336314069,-0.0013050102483783122,,-9.123137028441504e-16,0.2267294263346403,1.0883478876171317,20.879051982993225,13.965312603824685,0.43778045578775426,2.8124999999999996,1.0620407053634366,0.2604422604422606,5.035964671767157,0.6363636363636364,0.045454545454545456,0.3967139183147017,0.42528735632183906,18.945945945945947,0.6896586346035631,1.935299791634779,,,,,0.20728291316526612,1.0778711484593837,1.865546218487395,1.6428571428571428,1.0,0.0
SCHB_G4_IMG_20261007_100613,school_b,4,sentence_03_dictated_hindi,dictated_hindi,devanagari,data/processed/school_b/SCHB_G4_IMG_20261007_100613/sentence_03_dictated_hindi.json,0.7013581293693025,-0.04524501357477574,,1.0574874309554616e-15,0.3959117911968652,3.170552640759909,22.810186769305723,25.40330265701725,0.4703853439250794,2.194690265486725,1.1015405544605088,0.03968253968253969,42.24597613974613,0.5555555555555556,0.1111111111111111,0.4472656779317862,0.6436781609195402,23.75,0.9389359586660453,,1.5265908434294364,0.012832215088421984,1.0,0.05557848873580033,0.15555555555555556,2.9555555555555553,2.333333333333333,1.6666666666666667,1.0,0.0
SCHB_G4_IMG_20261007_100613,school_b,4,sentence_04_dictated_english,dictated_english,latin,data/processed/school_b/SCHB_G4_IMG_20261007_100613/sentence_04_dictated_english.json,0.29571049774790237,0.0020018510035314917,0.02588435389713874,-3.098012042979757e-16,0.16557537392243815,-1.3973595650757997,22.376675042437174,12.146085219382261,0.5057705432027939,2.17750257997936,1.0700227568591898,0.6305295950155764,1.0338200298196187,0.4666666666666667,0.0,0.26779117917823303,0.6149425287356322,45.63157894736842,0.9407351431699174,1.2680120388069167,,,,,0.3039772727272727,2.4318181818181817,3.799715909090909,0.2857142857142857,2.0,0.0
SCHB_G4_IMG_20261007_100613,school_b,0,sentence_05_own_hindi,own_hindi,devanagari,data/processed/school_b/SCHB_G4_IMG_20261007_100613/sentence_05_own_hindi.json,,,,,,0.19893636461978634,18.77813323690821,22.99983875786251,0.5179599858025762,2.5,1.0512874495247544,,,,,,,,,,,,,,0.22002141327623126,0.0,0.0,,1.0,0.0
SCHB_G4_IMG_20261007_100621,school_b,4,sentence_01_copy_hindi,copy_hindi,devanagari,data/processed/school_b/SCHB_G4_IMG_20261007_100621/sentence_01_copy_hindi.json,0.8743411484023941,0.10699588477366254,,1.0986582014519779e-15,0.08017570365817875,-3.8017152150915368,20.55699500147858,19.949186134013193,0.27183967009610555,3.543814432989691,1.1022171307985846,3.9,0.9548963369869616,0.0,0.5,0.24120746922420883,0.1744186046511628,6.294117647058823,,,,,,,0.03273322422258593,0.06546644844517185,0.14729950900163666,0.2857142857142857,1.0,0.0
SCHB_G4_IMG_20261007_100621,school_b,4,sentence_02_copy_english,copy_english,latin,data/processed/school_b/SCHB_G4_IMG_20261007_100621/sentence_02_copy_english.json,0.14755100311574526,-0.005797101449275362,,-4.40619762898109e-16,0.04055403685227516,-9.97282904617744,21.291090214709577,13.12169823615851,0.437949364682507,2.8229777256740904,1.0690924888889854,1.2765957446808511,0.14142135623730945,0.0,0.0,0.17228680492172407,0.5465116279069767,4.243243243243243,0.7648529270389177,127.4,,,,,0.4266263237518911,0.2844175491679274,0.47402924861321233,0.2857142857142857,1.0,0.0
SCHB_G4_IMG_20261007_100621,school_b,4,sentence_03_dictated_hindi,dictated_hindi,devanagari,data/processed/school_b/SCHB_G4_IMG_20261007_100621/sentence_03_dictated_hindi.json,2.0448056441775604,0.006232186459733609,,-1.4420283149392658e-15,0.3244028844899857,-5.890743664087267,22.868611208130996,20.161134810985157,0.27942085646577697,3.6952714535901925,1.1234331926662406,0.692063492063492,11.414445649293857,0.42857142857142855,0.3333333333333333,0.28069277651575136,0.1744186046511628,53.892857142857146,1.0814574300500137,,3.4217758985200843,0.05135077242829803,0.0,0.07052151554407386,0.05804953560371517,0.731424148606811,1.056501547987616,0.16666666666666666,1.0,0.0
SCHB_G4_IMG_20261007_100621,school_b,4,sentence_04_dictated_english,dictated_english,latin,data/processed/school_b/SCHB_G4_IMG_20261007_100621/sentence_04_dictated_english.json,0.5372259313375559,-0.06817366343738787,,-2.914335439641036e-15,0.179046884263306,-9.420144361823805,22.689105289999986,16.17646872497628,0.4407029142548424,2.8123980424143555,1.07769492016093,2.5187500000000003,0.21554312204707232,0.0,0.75,0.31671539586087166,0.46511627906976744,35.526315789473685,1.0414060597239667,0.9954174573017132,,,,,0.5941931127616475,1.4584740040513167,3.0790006752194463,0.42857142857142855,1.0,0.0
SCHB_G4_IMG_20261007_100621,school_b,4,sentence_05_own_hindi,own_hindi,devanagari,data/processed/school_b/SCHB_G4_IMG_20261007_100621/sentence_05_own_hindi.json,1.4222817026480918,0.008552807945468317,0.007972663926906341,1.1722525307358424e-15,0.3177799606190477,-5.918162197698546,22.4886725364072,35.18679520373535,0.4517859223739223,5.155131264916468,1.0815880637764963,0.31837307152875177,11.98905294823519,0.4838709677419355,0.25806451612903225,0.35167721367091787,0.26744186046511625,,0.5308486941684468,,10.449361662746686,0.03128929308400049,0.2,0.032213463619026994,1.0594353640416048,5.331352154531946,4.61367013372957,,2.0,0.0
SCHB_G4_IMG_20261007_100621,school_b,4,sentence_06_own_english,own_english,latin,data/processed/school_b/SCHB_G4_IMG_20261007_100621/sentence_06_own_english.json,0.3914510505868893,-0.028140040477184842,0.10631504780125106,1.1749860343949574e-15,0.1983998205548652,-13.299716371935851,22.064453494991536,16.36552869349546,0.48717407438145766,3.0769230769230766,1.0757541100312522,1.344692005242464,0.23432658728577382,0.0,0.0,0.5949710257969827,0.6337209302325582,,0.676448043195791,2.7957230494847374,,,,,0.7142137096774193,3.680947580645161,4.175403225806451,,2.0,0.0
SCHB_G4_IMG_20261007_100632,school_b,4,sentence_01_copy_hindi,copy_hindi,devanagari,data/processed/school_b/SCHB_G4_IMG_20261007_100632/sentence_01_copy_hindi.json,3.3283090257807455,0.10469529360739778,0.16826104894242427,8.193445921733655e-16,0.3354447085864101,11.536626776415437,21.51018067709581,19.330524278103603,0.3255294914837451,3.3408323959505064,1.0888165648241572,-4.03768115942029,-4.4397709407523855,0.43478260869565216,0.2608695652173913,0.43909317993873215,0.17647058823529413,109.70588235294117,0.9309375894641267,,1.6785765980694765,0.06797359372746546,0.7272727272727273,0.014214881609502314,0.10714285714285714,0.6607142857142857,0.8214285714285714,3.5714285714285716,2.0,1.0
SCHB_G4_IMG_20261007_100632,school_b,4,sentence_02_copy_english,copy_english,latin,data/processed/school_b/SCHB_G4_IMG_20261007_100632/sentence_02_copy_english.json,0.5076843195162652,-0.03150703393435602,,-2.3349377986647823e-15,0.14957154436783926,8.406280055170493,26.727665478214625,18.418507425674992,0.4123029971898354,2.828802351212344,1.0717505039709807,1.8666666666666665,0.22564637130097945,0.0,0.3333333333333333,0.25412644339044566,0.4117647058823529,20.54054054054054,0.5827486880998941,1.2894771502572915,,,,,0.297281993204983,1.3080407701019252,1.4071347678369197,0.21428571428571427,1.0,1.0
SCHB_G4_IMG_20261007_100632,school_b,4,sentence_03_dictated_hindi,dictated_hindi,devanagari,data/processed/school_b/SCHB_G4_IMG_20261007_100632/sentence_03_dictated_hindi.json,2.3949190576060104,-0.011467905382792729,,3.290297327525464e-15,0.34793780321140827,10.695897212410774,23.296667966222614,20.166215488287076,0.24278904713616814,3.8939670932358315,1.0943807636808864,0.5000000000000002,16.58656305791148,0.5,0.3,0.21453803171730207,0.17647058823529413,27.071428571428573,1.2232110168032182,,1.7418942686479326,0.054575227727723004,0.45454545454545453,0.06196906050378077,0.0982532751091703,0.7532751091703056,0.8679039301310043,0.16666666666666666,1.0,1.0
SCHB_G4_IMG_20261007_100632,school_b,4,sentence_04_dictated_english,dictated_english,latin,data/processed/school_b/SCHB_G4_IMG_20261007_100632/sentence_04_dictated_english.json,0.016735445272698168,-0.010054114823937865,,1.3374717999781183e-15,0.01273138763904059,14.486478561900066,24.549276210630364,14.594618883299757,0.528469440326714,2.6941176470588233,1.080075582707476,1.5833333333333333,0.24563001840480653,0.0,0.3333333333333333,0.24126821504701407,0.6588235294117647,27.05263157894737,0.6429201483663113,1.1288769804079832,,,,,1.0151057401812689,2.2416918429003023,2.664652567975831,0.5714285714285714,1.0,1.0
SCHB_G4_IMG_20261007_100632,school_b,4,sentence_05_own_hindi,own_hindi,devanagari,data/processed/school_b/SCHB_G4_IMG_20261007_100632/sentence_05_own_hindi.json,2.0790809145533355,0.08644859460409825,,-1.4096910773201001e-15,0.2803653650275593,11.51537779651771,19.520968184308494,18.056521708947418,0.34091280183261713,3.331688055281343,1.0806477046778404,1.211111111111111,4.2422205550484495,0.4444444444444444,0.3888888888888889,0.48839896214657735,0.17647058823529413,,0.926459829465204,,1.9193696994219653,0.08051159751307355,0.5333333333333333,0.01749803817772817,0.4170073589533933,0.42927228127555195,0.919869174161897,,1.0,1.0
SCHB_G4_IMG_20261007_100632,school_b,4,sentence_06_own_english,own_english,latin,data/processed/school_b/SCHB_G4_IMG_20261007_100632/sentence_06_own_english.json,0.16769182907251617,-0.0316315804275107,,-2.0062076999671774e-15,0.0706987425122627,14.3561820057203,25.73996876195817,16.893939007453767,0.43977431316529625,2.6749509483322433,1.0817572071649053,1.138888888888889,0.4073973924021967,0.0,0.0,0.1902679670283353,0.4235294117647059,,0.7912772078248805,1.6394987252559168,,,,,1.4339622641509433,2.238993710691824,2.238993710691824,,1.0,1.0
SCHB_G4_IMG_20261007_100650,school_b,4,sentence_01_copy_hindi,copy_hindi,devanagari,data/processed/school_b/SCHB_G4_IMG_20261007_100650/sentence_01_copy_hindi.json,3.187872340189644,-0.00399259410958069,,1.3375544058579267e-15,0.41622564795173406,-0.1854093139807063,19.50834412392256,17.310982499445515,0.32462855968564674,2.5402504472271916,1.0935392458278685,-0.6300000000000001,-6.487446604045916,0.6,0.3,0.412706127746201,0.17647058823529413,36.73529411764706,0.6841794507242348,,2.33227258518072,0.05757358371324914,0.75,0.025140137460590392,0.2889908256880734,1.073394495412844,1.4449541284403669,3.0,1.0,0.0
SCHB_G4_IMG_20261007_100650,school_b,4,sentence_02_copy_english,copy_english,latin,data/processed/school_b/SCHB_G4_IMG_20261007_100650/sentence_02_copy_english.json,0.3129060510700497,0.022226309738324544,0.035332698477217345,4.471731626962436e-16,0.0693601065779972,-1.9954553257570258,21.05956880083855,20.11510327979746,0.47459257761891915,2.73371104815864,1.0633805684640187,4.431746031746032,1.5501187706277608,0.0,0.42857142857142855,0.37008280912511227,0.2647058823529412,13.14864864864865,0.4606562013906433,1.4240172714689405,,,,,0.072,1.0979999999999999,2.304,0.14285714285714285,2.0,0.0
SCHB_G4_IMG_20261007_100650,school_b,4,sentence_03_dictated_hindi,dictated_hindi,devanagari,data/processed/school_b/SCHB_G4_IMG_20261007_100650/sentence_03_dictated_hindi.json,0.8297748266095376,0.041380587636094264,,-1.9032394707859826e-15,0.3567306104825007,-2.883614119096755,22.167990910870735,30.32836201336601,0.4057278941158184,2.818532818532819,1.130330605190807,0.29787234042553196,6.040847352374819,0.5,0.16666666666666666,0.38944450685885057,0.5529411764705883,18.678571428571427,1.1646550669187952,,1.452299347616183,0.01896848970563506,1.1428571428571428,0.024058479623310213,0.28484848484848485,4.557575757575758,2.706060606060606,1.1666666666666667,1.0,0.0
SCHB_G4_IMG_20261007_100650,school_b,4,sentence_04_dictated_english,dictated_english,latin,data/processed/school_b/SCHB_G4_IMG_20261007_100650/sentence_04_dictated_english.json,0.28239992931531627,-0.004280691730293382,,-4.679416576447437e-15,0.09384246492439584,-2.6954647337416726,21.871200974727557,23.421801449442672,0.31460972848597546,2.825140012445551,1.0712071575186768,1.1379310344827587,0.9050414862465502,0.3333333333333333,0.0,0.28492637484539957,0.3411764705882353,15.868421052631579,0.9890112696449878,1.8681836869891388,,,,,0.23770491803278687,1.7431693989071038,2.2581967213114753,0.5714285714285714,1.0,0.0
SCHB_G4_IMG_20261007_100650,school_b,4,sentence_05_own_hindi,own_hindi,devanagari,data/processed/school_b/SCHB_G4_IMG_20261007_100650/sentence_05_own_hindi.json,0.872796874060632,-0.01611103304043051,,3.2085445411667022e-15,0.28550948876895244,-5.580999733932485,17.925434280291412,25.891095839356037,0.4228818650295563,2.634730538922155,1.087412387178879,-0.35897435897435903,-8.794130695746881,0.25,0.25,0.45938431690392295,0.4588235294117647,,0.9431804292828962,,1.727313872563237,0.03360894117697807,2.0,6.215759320882876e-05,0.21666666666666665,2.672222222222222,2.238888888888889,,1.0,0.0
SCHB_G4_IMG_20261007_100650,school_b,4,sentence_06_own_english,own_english,latin,data/processed/school_b/SCHB_G4_IMG_20261007_100650/sentence_06_own_english.json,0.013032724821667358,-0.00030398787970905455,,-8.916478666520788e-16,0.006760276045663747,-4.039072572843721,18.960438880682748,22.608822100846112,0.43267477040309743,3.167028199566161,1.0766350502069102,1.1111111111111112,0.07071067811865478,0.0,0.0,0.23200681130912335,0.4235294117647059,,0.2952167682805442,1.2209964871729577,,,,,0.4161849710982659,1.5953757225433527,2.5664739884393066,,1.0,0.0
SCHB_G5_IMG_20261007_100918,school_b,5,sentence_01_copy_hindi,copy_hindi,devanagari,data/processed/school_b/SCHB_G5_IMG_20261007_100918/sentence_01_copy_hindi.json,2.2601638815862826,-0.004863453637548803,,-3.597626753795713e-15,0.33959063446332266,2.1575434943473235,23.202344235986054,19.955347471000913,0.28998099653836096,3.2516243354991143,1.0820886187973455,-1.1215686274509804,-7.483411672111268,0.5294117647058824,0.29411764705882354,0.34623136560107376,0.1724137931034483,48.3235294117647,1.1599201029924056,,1.7072613143277742,0.06415072221987851,0.3888888888888889,0.02259001967711511,0.03361344537815126,0.5462184873949579,0.7226890756302521,2.5714285714285716,1.0,0.0
SCHB_G5_IMG_20261007_100918,school_b,5,sentence_02_copy_english,copy_english,latin,data/processed/school_b/SCHB_G5_IMG_20261007_100918/sentence_02_copy_english.json,0.6075385674289836,-0.01399112548538756,,-1.883414059631962e-16,0.12129301697426027,1.7477311811108889,26.9960897074111,19.569391740128967,0.4279701743445563,3.0435647503481187,1.080618591316535,1.3578431372549022,0.752022907575445,0.16666666666666666,0.16666666666666666,0.6265780249636116,0.39080459770114945,19.972972972972972,0.5450411268556097,1.55458074188671,,,,,0.15069252077562328,1.450415512465374,1.6199445983379501,0.14285714285714285,1.0,0.0
SCHB_G5_IMG_20261007_100918,school_b,5,sentence_03_dictated_hindi,dictated_hindi,devanagari,data/processed/school_b/SCHB_G5_IMG_20261007_100918/sentence_03_dictated_hindi.json,1.499952440337931,0.0066356162397912906,0.009709017438472023,-4.179663151530001e-16,0.22698922001008,6.250858615315174,23.25577985042814,19.970323152371765,0.2660554512619563,3.7268152408339326,1.0836821696636296,0.771484375,5.956198435848679,0.4375,0.375,0.2595654446184246,0.1839080459770115,85.82142857142857,0.6631388186343631,,1.758326801277456,0.06482323522808581,0.7222222222222222,0.04268809056432391,0.09859943977591036,1.2100840336134453,1.7210084033613446,0.16666666666666666,2.0,0.0
SCHB_G5_IMG_20261007_100918,school_b,5,sentence_04_dictated_english,dictated_english,latin,data/processed/school_b/SCHB_G5_IMG_20261007_100918/sentence_04_dictated_english.json,0.2526293129462845,0.001389147349502101,,8.727586554692202e-16,0.08202884356844153,3.8486653095699968,27.990280714046943,19.61046492799844,0.3900307243421789,2.5930372148859533,1.0744481186040524,1.7683823529411764,0.3731165451487957,0.0,0.375,0.16057813812166524,0.39080459770114945,33.3421052631579,0.4177454792191609,1.3150089474343833,,,,,0.24859392575928008,1.0134983127109112,1.6827896512935883,1.2857142857142858,1.0,0.0
SCHB_G5_IMG_20261007_100918,school_b,5,sentence_05_own_hindi,own_hindi,devanagari,data/processed/school_b/SCHB_G5_IMG_20261007_100918/sentence_05_own_hindi.json,2.721497332269094,0.002214984044899116,,2.089994843856857e-15,0.31531822737707593,7.346324859911776,24.921239921101733,19.448508402239188,0.19691136983684884,3.5083762886597936,1.1040174046971274,0.15087719298245603,46.281082370894836,0.5263157894736842,0.42105263157894735,0.38015061114688453,0.1724137931034483,,0.9566396377548669,,2.1823333403074066,0.06768853391790695,0.55,0.03935487696507143,0.0388098318240621,0.7082794307891332,0.7858990944372575,,1.0,0.0
SCHB_G5_IMG_20261007_100918,school_b,5,sentence_06_own_english,own_english,latin,data/processed/school_b/SCHB_G5_IMG_20261007_100918/sentence_06_own_english.json,0.41968016187303986,0.0008221443592166221,,-3.9256792261355145e-15,0.11776153512784851,6.920747081129577,24.85269609438506,15.038653118493782,0.4238026525977376,2.37300435413643,1.0789896707552538,1.5204081632653061,1.4930962850309206,0.42857142857142855,0.42857142857142855,0.3085093685392166,0.3218390804597701,,0.6877107233360457,2.4016719188188613,,,,,0.2064516129032258,1.3161290322580645,1.1096774193548387,,1.0,0.0
SCHB_G5_IMG_20261007_100926,school_b,5,sentence_01_copy_hindi,copy_hindi,devanagari,data/processed/school_b/SCHB_G5_IMG_20261007_100926/sentence_01_copy_hindi.json,2.1726025601751475,-0.011165938812463918,,1.132135321163811e-15,0.31439632292134073,-1.249298011435572,21.996846245074384,18.31720496303854,0.3112317071149311,3.1441301820999614,1.078697026361338,-8.162962962962961,-2.7281146357779265,0.5,0.2777777777777778,0.5164466662966262,0.17751479289940827,99.05882352941177,0.9543739192500935,,2.1124461612048133,0.0680835832245665,0.8947368421052632,0.062382398885109464,0.058823529411764705,0.9915966386554622,0.9327731092436975,2.7142857142857144,1.0,1.0
SCHB_G5_IMG_20261007_100926,school_b,5,sentence_02_copy_english,copy_english,latin,data/processed/school_b/SCHB_G5_IMG_20261007_100926/sentence_02_copy_english.json,2.1181664829230056,0.032349018669925574,,-8.702189295958947e-16,0.32784030691959815,-16.112128542318576,21.411719111872912,13.079757495225547,0.2784909287708113,2.9244099874586706,1.074513405306984,-2.8083333333333336,-6.923555851261509,0.375,0.5625,0.6774866974819983,0.17751479289940827,32.445945945945944,0.819944394999695,1.6967306172127299,,,,,0.13445378151260504,1.0084033613445378,1.1428571428571428,0.21428571428571427,1.0,1.0
SCHB_G5_IMG_20261007_100926,school_b,5,sentence_03_dictated_hindi,dictated_hindi,devanagari,data/processed/school_b/SCHB_G5_IMG_20261007_100926/sentence_03_dictated_hindi.json,0.8225422657284496,-0.007842283312797923,,1.1965737043182244e-15,0.375455029137295,-3.0157472466977158,21.175363662711558,25.732181516701097,0.34210316798472235,3.167235494880546,1.0952063272334485,-0.3485294117647059,-7.121590591692293,0.47058823529411764,0.11764705882352941,0.5549254678946677,0.47337278106508873,62.642857142857146,0.8412192127791633,,4.175892436653603,0.02186866342843363,0.42857142857142855,0.011756760296322407,0.17991004497751123,6.506746626686656,5.067466266866567,0.3333333333333333,1.0,1.0
SCHB_G5_IMG_20261007_100926,school_b,5,sentence_04_dictated_english,dictated_english,latin,data/processed/school_b/SCHB_G5_IMG_20261007_100926/sentence_04_dictated_english.json,0.562596331973159,-0.07923497267759559,,-2.3522850334245504e-15,0.24198938876981071,-9.874235699599415,21.4606604959926,18.80544988156935,0.400926961127059,3.1277092364121364,1.079390690200408,0.7318840579710145,1.2934725615654907,0.3333333333333333,0.0,0.46245490428210356,0.5443786982248521,13.157894736842104,0.6775598214992928,3.1202488705841036,,,,,0.3094170403587444,1.8307174887892377,1.3150224215246638,0.42857142857142855,1.0,1.0
SCHB_G5_IMG_20261007_100926,school_b,5,sentence_06_own_english,own_english,latin,data/processed/school_b/SCHB_G5_IMG_20261007_100926/sentence_06_own_english.json,0.8092863681877666,0.002235551796272894,0.009111100470622482,-4.270088556250602e-18,0.3171565402097626,-10.694695011231262,21.54207325943502,20.43914863923477,0.4509098623026343,3.702632340179345,1.0789132945661273,0.9738805970149255,2.504028231906657,0.375,0.2916666666666667,0.4617591611882193,0.39644970414201186,,0.8165753357514369,1.3921487230632852,,,,,0.19552529182879377,6.083009079118028,3.714980544747082,,2.0,1.0
SCHB_G5_IMG_20261007_100934,school_b,5,sentence_01_copy_hindi,copy_hindi,devanagari,data/processed/school_b/SCHB_G5_IMG_20261007_100934/sentence_01_copy_hindi.json,2.9079142762668813,-0.004805450560963364,0.007588373889552309,-5.853903220750825e-16,0.39253204569578426,2.4503108546322117,22.952375084220357,19.512489578949463,0.2776026622421707,3.0307112068965516,1.0957435261840522,0.5701960784313725,5.147512726809236,0.4235294117647059,0.2,0.34338471529940917,0.17647058823529413,115.05882352941177,0.6762877414250918,,1.8542522564595167,0.07745514116998055,0.5882352941176471,0.0023546288691907937,0.18169582772543744,1.695827725437416,2.9676985195154777,1.0,3.0,0.0
SCHB_G5_IMG_20261007_100934,school_b,5,sentence_02_copy_english,copy_english,latin,data/processed/school_b/SCHB_G5_IMG_20261007_100934/sentence_02_copy_english.json,,,,,,-7.538446968793672,22.962791214972956,16.65185010355761,0.4082053095536482,2.1530864197530866,1.0722202330097825,,,,,,0.47058823529411764,,,,,,,,0.3203661327231121,0.13729977116704806,0.22883295194508008,0.21428571428571427,1.0,0.0
SCHB_G5_IMG_20261007_100934,school_b,5,sentence_03_dictated_hindi,dictated_hindi,devanagari,data/processed/school_b/SCHB_G5_IMG_20261007_100934/sentence_03_dictated_hindi.json,2.490305106211366,0.005641342682269713,0.003838412244611474,2.259537560913818e-15,0.3294361192099709,0.5573803574409151,20.07133711507351,21.060981426841536,0.33455219359827676,3.621363636363636,1.1108501658707446,0.6511627906976745,6.029833503316411,0.5116279069767442,0.3023255813953488,0.3036247044087756,0.18235294117647058,86.35714285714286,0.6201581900115196,,1.8446394949463296,0.08618029462428033,1.0,0.005602180373722957,0.11778115501519756,1.7196048632218845,2.072948328267477,0.3333333333333333,2.0,0.0
SCHB_G5_IMG_20261007_100934,school_b,5,sentence_04_dictated_english,dictated_english,latin,data/processed/school_b/SCHB_G5_IMG_20261007_100934/sentence_04_dictated_english.json,,,,,,-5.126311570740401,25.595358131269354,12.87933040272477,0.4499747453207418,2.081680280046675,1.060731800076007,,,,,,0.43529411764705883,,,,,,,,0.22506082725060825,0.3375912408759124,0.3375912408759124,0.2857142857142857,1.0,0.0
SCHB_G5_IMG_20261007_100934,school_b,5,sentence_05_own_hindi,own_hindi,devanagari,data/processed/school_b/SCHB_G5_IMG_20261007_100934/sentence_05_own_hindi.json,2.4131242507384396,0.013729281054364205,,-2.6645352591003756e-16,0.33436053146530526,-0.34921660842688257,21.333328358297305,19.129949625100313,0.2705074281865914,3.3256029684601116,1.0849487570422567,1.2370370370370374,5.146784963506426,0.4444444444444444,0.4444444444444444,0.26443341096590545,0.17647058823529413,,0.76640127151784,,2.0204852138916687,0.08231057812618663,1.4444444444444444,0.051566638401627236,0.21978021978021978,0.5311355311355311,0.7692307692307692,,1.0,0.0
SCHB_G5_IMG_20261007_100934,school_b,5,sentence_06_own_english,own_english,latin,data/processed/school_b/SCHB_G5_IMG_20261007_100934/sentence_06_own_english.json,0.3931847040499124,-0.0014396308300169778,,8.965629165006799e-16,0.16297821032353974,-6.3527040593675475,24.23356160802803,15.374200922922336,0.5032081227525435,1.6326530612244903,1.0661680963443017,2.0952380952380953,0.4094852896983465,0.0,0.8,0.4537428984569286,0.49411764705882355,,0.40188352661713284,1.4923225505033795,,,,,0.32214765100671144,1.651006711409396,1.087248322147651,,1.0,0.0
SCHB_G5_IMG_20261007_100940,school_b,5,sentence_01_copy_hindi,copy_hindi,devanagari,data/processed/school_b/SCHB_G5_IMG_20261007_100940/sentence_01_copy_hindi.json,0.2536142470395988,0.03385095612019004,0.017298925638644314,5.867220289859334e-16,0.11706800516860506,4.825583505059558,18.485181941194003,30.079468086658228,0.4673554449580643,2.1482602118003022,1.1071662510253903,1.198232323232323,1.377546848503388,0.1875,0.375,0.43494147909307523,0.5755813953488372,46.44117647058823,0.6096200394910546,,1.4601745590027568,0.012486549786664317,0.125,0.0007361643186282045,0.2638994668697639,5.541888804265041,3.996191926884996,0.14285714285714285,2.0,0.0
SCHB_G5_IMG_20261007_100940,school_b,5,sentence_02_copy_english,copy_english,latin,data/processed/school_b/SCHB_G5_IMG_20261007_100940/sentence_02_copy_english.json,0.36027604112082495,0.001279780172763037,,1.987993103469421e-15,0.14499354464778422,0.9134825267453893,21.54784773419345,19.29546634538011,0.4533810547875511,2.958878934068459,1.0789473036363844,2.258687258687259,0.1770585935157617,0.0,0.7142857142857143,0.2874002081818213,0.43023255813953487,15.81081081081081,0.4519392302950851,1.701299816004623,,,,,0.16732617297908423,1.8405879027699263,1.3804409270774447,0.21428571428571427,1.0,0.0
SCHB_G5_IMG_20261007_100940,school_b,5,sentence_03_dictated_hindi,dictated_hindi,devanagari,data/processed/school_b/SCHB_G5_IMG_20261007_100940/sentence_03_dictated_hindi.json,0.21486537953578017,0.012733744307674365,,-1.8512968935624486e-15,0.09272440945910433,5.8407368992250035,20.20172143535618,27.70514569401232,0.5216858977331508,2.878980891719745,1.0763728132646975,3.7894736842105265,0.1362008396607005,0.0,1.0,0.17730848117130243,0.4418604651162791,20.392857142857142,0.7544379882342174,,1.1396909069968584,0.013025832671078834,0.0,0.0002350896724646453,0.12914188615123195,1.4205607476635513,2.227697536108751,0.8333333333333334,1.0,0.0
SCHB_G5_IMG_20261007_100940,school_b,5,sentence_04_dictated_english,dictated_english,latin,data/processed/school_b/SCHB_G5_IMG_20261007_100940/sentence_04_dictated_english.json,0.43310139687105975,0.001910588808210651,,1.1564823173178713e-18,0.10732308498960452,3.6110237280395996,21.692941748957278,18.30827555862874,0.4603904447637175,2.808878412885483,1.0726236061702805,3.8030303030303028,0.7653198759133701,0.2727272727272727,0.7272727272727273,0.19764599213742148,0.27906976744186046,19.473684210526315,0.5949884096946196,1.4362245803726197,,,,,0.10696378830083565,0.6685236768802229,0.7754874651810585,0.7142857142857143,1.0,0.0
SCHB_G5_IMG_20261007_100940,school_b,5,sentence_05_own_hindi,own_hindi,devanagari,data/processed/school_b/SCHB_G5_IMG_20261007_100940/sentence_05_own_hindi.json,2.0485003116809097,0.01648835274319852,,7.138734048339756e-15,0.336418053850739,5.681316316284605,19.19772980224594,19.19230364550018,0.26959301701229293,3.299161230195713,1.0844848854659244,0.5555555555555556,12.777041911178031,0.4444444444444444,0.3333333333333333,0.34514348559192254,0.1744186046511628,,0.45638305909780447,,2.2241155874756444,0.07142380104483852,0.9,0.02275491328660069,0.1959619952494062,0.6947743467933492,0.9263657957244655,,1.0,0.0
SCHB_G5_IMG_20261007_100940,school_b,5,sentence_06_own_english,own_english,latin,data/processed/school_b/SCHB_G5_IMG_20261007_100940/sentence_06_own_english.json,0.3154918635269416,-0.017460373452729914,,7.405187574249794e-15,0.10845184104974455,3.7393192824400017,22.56847050792281,21.17144695537828,0.44702843200757564,2.6053639846743293,1.1012458635712792,3.23125,0.16789643660058326,0.0,1.0,0.2792495263896097,0.46511627906976744,,0.6921634554067521,1.8466672668156847,,,,,0.2376237623762376,1.2673267326732673,1.188118811881188,,1.0,0.0
SCHB_G5_IMG_20261007_100947,school_b,5,sentence_01_copy_hindi,copy_hindi,devanagari,data/processed/school_b/SCHB_G5_IMG_20261007_100947/sentence_01_copy_hindi.json,1.6512066816491262,-0.00038394938747444936,,-6.938893903907228e-16,0.2498918232684781,8.669005011332779,24.208588287816585,19.793881027118694,0.2518479704779198,3.039953676896352,1.09375750385803,-0.76,-14.747758219818458,0.4666666666666667,0.3333333333333333,0.4235224805173841,0.1744186046511628,42.411764705882355,0.7115700952284265,,1.8571118591633604,0.06054305634130063,0.8666666666666667,0.03710071442532369,0.08640552995391705,0.6307603686635944,0.6998847926267281,2.2857142857142856,1.0,0.0
SCHB_G5_IMG_20261007_100947,school_b,5,sentence_02_copy_english,copy_english,latin,data/processed/school_b/SCHB_G5_IMG_20261007_100947/sentence_02_copy_english.json,1.3126372700642932,-0.036768922968796844,0.04846495104910585,4.076738946423575e-15,0.2781173315745584,3.5507614415573086,22.118608253466526,24.989128887615827,0.39516129961852386,3.854309165526676,1.0731259587504558,0.19999999999999982,24.713338319803984,0.2608695652173913,0.43478260869565216,0.4937260427085642,0.29069767441860467,38.067567567567565,0.6800874748810698,1.7379487847387707,,,,,0.15406162464985992,1.330532212885154,2.478991596638655,1.7857142857142858,2.0,0.0
SCHB_G5_IMG_20261007_100947,school_b,5,sentence_03_dictated_hindi,dictated_hindi,devanagari,data/processed/school_b/SCHB_G5_IMG_20261007_100947/sentence_03_dictated_hindi.json,2.0936105584189493,0.00554242927032699,,4.92981723819132e-15,0.3087000752538992,7.2608251932193815,19.723265994680613,19.944016046624913,0.28696404091921585,3.450996677740864,1.0906179848760362,0.6106666666666668,8.309065208225391,0.48,0.28,0.2508774951586305,0.1744186046511628,54.5,0.4866734500467626,,2.0383550548944296,0.07236479941847684,0.8,0.013053870164898333,0.03361344537815126,0.6722689075630253,0.8907563025210085,4.333333333333333,1.0,0.0
SCHB_G5_IMG_20261007_100947,school_b,5,sentence_04_dictated_english,dictated_english,latin,data/processed/school_b/SCHB_G5_IMG_20261007_100947/sentence_04_dictated_english.json,0.6650858573444824,-0.0005590358276196584,,-2.6506574712925612e-15,0.1609744342233523,5.387841853888314,22.598644107179343,19.10443463593138,0.4511956685472298,2.8057259713701423,1.068830439736184,2.922222222222222,0.12382980280974952,0.0,1.0,0.47487423358334063,0.4186046511627907,32.3421052631579,0.44051626714366954,1.6303281116123085,,,,,0.3025210084033613,0.7663865546218487,1.653781512605042,0.8571428571428571,1.0,0.0
SCHB_G5_IMG_20261007_100947,school_b,5,sentence_05_own_hindi,own_hindi,devanagari,data/processed/school_b/SCHB_G5_IMG_20261007_100947/sentence_05_own_hindi.json,1.230603202952967,-0.004616534989853906,0.0014687581205873837,5.189778647981577e-15,0.2886790075085497,9.311205738133994,21.292736233178093,33.09755753231484,0.4451099811809732,4.020313161235715,1.0903952201918605,2.9161904761904767,3.8825684821657784,0.36,0.36,0.25504707344468736,0.2441860465116279,,0.4065417186404979,,1.913387362642857,0.05062767831753664,1.3043478260869565,0.027420084436664202,0.27058823529411763,1.3176470588235294,1.4705882352941178,,2.0,0.0
SCHB_G5_IMG_20261007_100947,school_b,5,sentence_06_own_english,own_english,latin,data/processed/school_b/SCHB_G5_IMG_20261007_100947/sentence_06_own_english.json,1.1978183329226726,0.0003883270558687198,,4.187044229849353e-15,0.2006494009452101,4.8012889455227175,23.673641813592493,13.832279643486304,0.27029940149460296,2.4649899971420406,1.0667785337241367,3.769696969696969,1.0249414914757338,0.09090909090909091,0.5454545454545454,0.3684673773802023,0.1744186046511628,,0.4994269024078305,1.8514666464237814,,,,,0.09221311475409837,0.4098360655737705,0.9016393442622951,,1.0,0.0
SCHB_G5_IMG_20261007_100954,school_b,5,sentence_01_copy_hindi,copy_hindi,devanagari,data/processed/school_b/SCHB_G5_IMG_20261007_100954/sentence_01_copy_hindi.json,0.05820640274375851,0.0014811853664207424,,-1.0761067962642794e-15,0.028982690703624664,17.397918035995176,21.50250527924832,31.16145492282223,0.35740969863157107,2.536231884057971,1.1166358054573169,1.9950000000000003,0.23534221599813554,0.0,0.2,0.1993373104107691,0.45454545454545453,39.8235294117647,0.6870620746761766,,1.1675048922033093,0.017275177953477983,0.16666666666666666,0.0003729016640930594,0.089736399326977,1.3684800897363993,1.2787436904094223,0.8571428571428571,1.0,0.0
SCHB_G5_IMG_20261007_100954,school_b,5,sentence_02_copy_english,copy_english,latin,data/processed/school_b/SCHB_G5_IMG_20261007_100954/sentence_02_copy_english.json,0.372632471430624,0.007514259104987266,0.010626767137458505,3.8245550517418076e-16,0.1349959915129109,-3.286551998315326,22.019973966206315,17.25890961932741,0.4603261991186159,2.3591989987484343,1.076434372919039,1.0585365853658537,0.7474819160962699,0.13333333333333333,0.06666666666666667,0.43905457839206924,0.4659090909090909,32.33783783783784,0.8229613510415854,1.9080360517399284,,,,,0.45938375350140054,4.708683473389356,2.9400560224089634,1.2142857142857142,2.0,0.0
SCHB_G5_IMG_20261007_100954,school_b,5,sentence_03_dictated_hindi,dictated_hindi,devanagari,data/processed/school_b/SCHB_G5_IMG_20261007_100954/sentence_03_dictated_hindi.json,1.9266579040773923,0.0041139102735530605,,5.9396931817445875e-15,0.25798458094027815,12.43454212376382,21.109796058957794,19.919195293966244,0.2545737927941202,3.5241561879549965,1.1023841181786547,0.2526315789473684,16.356281644846483,0.5263157894736842,0.3684210526315789,0.17133543538408888,0.17045454545454544,37.75,0.591791581144495,,2.4986309707332754,0.06653983968752805,0.5555555555555556,0.02869313426354958,0.025884383088869714,0.7506471095772218,1.009490940465919,3.3333333333333335,1.0,0.0
SCHB_G5_IMG_20261007_100954,school_b,5,sentence_04_dictated_english,dictated_english,latin,data/processed/school_b/SCHB_G5_IMG_20261007_100954/sentence_04_dictated_english.json,0.6892973078146616,-0.0020821719623659216,,4.0756871561897194e-16,0.15668797840391144,11.705793303911365,23.030404166158124,24.564743244260818,0.40053804362565043,3.6072965771674523,1.0814257955324886,1.4126984126984128,1.6258483376635733,0.3333333333333333,0.4444444444444444,0.30062300986248425,0.23863636363636365,32.13157894736842,0.31052940418139985,1.7397431475950946,,,,,0.21176470588235294,0.8941176470588236,0.7529411764705882,2.7142857142857144,1.0,0.0
SCHB_G5_IMG_20261007_100954,school_b,5,sentence_05_own_hindi,own_hindi,devanagari,data/processed/school_b/SCHB_G5_IMG_20261007_100954/sentence_05_own_hindi.json,1.9006467036333703,0.014628108033934547,,-2.3541774590347068e-15,0.2563336780780386,13.241149401853212,23.614249280315608,20.462905673835813,0.3322684592849489,3.595995893223819,1.0818431829575423,1.006349206349206,4.669802192085914,0.5714285714285714,0.3333333333333333,0.24418982067657824,0.17045454545454544,,0.6904573875747396,,1.7386719285724284,0.07251605413162672,0.7,0.04686668179162882,0.06237006237006237,1.0914760914760915,1.0914760914760915,,1.0,0.0
SCHB_G5_IMG_20261007_100954,school_b,5,sentence_06_own_english,own_english,latin,data/processed/school_b/SCHB_G5_IMG_20261007_100954/sentence_06_own_english.json,0.4649009704530905,-0.004009068979754609,,4.649058915617843e-15,0.20837536570269558,12.170538716760518,23.097079467348582,13.58219066552612,0.5695871078569656,1.72686230248307,1.0896921709481007,1.4049999999999998,0.5029264292364274,0.0,0.25,0.18119268070800856,0.5681818181818182,,0.6236708905263708,1.5935555298895174,,,,,0.735970561177553,2.5758969641214353,2.0239190432382705,,1.0,0.0
SCHB_G5_IMG_20261007_101001,school_b,5,sentence_01_copy_hindi,copy_hindi,devanagari,data/processed/school_b/SCHB_G5_IMG_20261007_101001/sentence_01_copy_hindi.json,1.2425408681110948,-0.005487291775985264,0.003690919512238478,6.803534200165983e-16,0.3176241132823188,-5.750475410881974,22.88461447842565,28.086945813852118,0.38650216120192793,4.098765432098766,1.0919006085630458,1.47165991902834,8.061915709224886,0.5263157894736842,0.2631578947368421,0.2914744726318259,0.2988505747126437,56.05882352941177,0.672735946652437,,1.8480883901625769,0.042640072192297346,0.9444444444444444,0.00656895748675355,0.1247429746401645,1.746401644962303,1.960246744345442,0.14285714285714285,2.0,1.0
SCHB_G5_IMG_20261007_101001,school_b,5,sentence_02_copy_english,copy_english,latin,data/processed/school_b/SCHB_G5_IMG_20261007_101001/sentence_02_copy_english.json,0.0,0.0,,2.3956996454746674e-15,2.2507398991225622e-15,-11.418628696714475,21.695830439610823,17.35134197658616,0.4517773397835191,3.1810408013681895,1.074890940679183,0.08,7.98374814075444,0.6,0.0,0.1319959047410099,0.45977011494252873,23.08108108108108,1.0990689859206997,1.0944145062929829,,,,,0.6923506420993858,3.0150753768844223,4.042434394193188,0.21428571428571427,1.0,1.0
SCHB_G5_IMG_20261007_101001,school_b,5,sentence_03_dictated_hindi,dictated_hindi,devanagari,data/processed/school_b/SCHB_G5_IMG_20261007_101001/sentence_03_dictated_hindi.json,1.0024081755463905,-0.0015552145345999122,,7.385396642071694e-16,0.29481820184621554,-7.138505370036842,21.396934245283802,26.24395225688376,0.36630027853216146,4.527027027027027,1.1014536714464604,-0.718475073313783,-2.9119358000695383,0.6818181818181818,0.045454545454545456,0.400222058836963,0.3563218390804598,74.60714285714286,0.3061809076243507,,17.52277777777778,0.03054918090546477,0.5,0.04500801936526649,0.1225296442687747,4.631620553359684,5.856916996047431,0.5,1.0,1.0
SCHB_G5_IMG_20261007_101001,school_b,5,sentence_04_dictated_english,dictated_english,latin,data/processed/school_b/SCHB_G5_IMG_20261007_101001/sentence_04_dictated_english.json,,,,,,-10.047159140602934,21.368169686759337,17.917556069005908,0.40867751848641853,3.29946014607812,1.0627201344719168,,,,,,0.28735632183908044,,,,,,,,0.20672546857772878,0.2342888643880926,0.3169790518191841,0.14285714285714285,1.0,1.0
SCHB_G5_IMG_20261007_101001,school_b,5,sentence_05_own_hindi,own_hindi,devanagari,data/processed/school_b/SCHB_G5_IMG_20261007_101001/sentence_05_own_hindi.json,2.60754041581594,0.006714703324891296,0.006379166453218781,-6.788863765444369e-16,0.3561035991046346,-5.809689770276032,22.432705761034647,20.537089699203403,0.33951641933809323,3.7957124842370744,1.082391921872805,-0.47323943661971846,-8.095416240925884,0.5774647887323944,0.23943661971830985,0.38331478701007654,0.1724137931034483,,0.798045907131568,,4.183012811630183,0.06234609019826745,0.6842105263157895,0.04365644105948181,0.08766233766233766,1.7629870129870129,3.224025974025974,,3.0,1.0
SCHB_G5_IMG_20261007_101001,school_b,5,sentence_06_own_english,own_english,latin,data/processed/school_b/SCHB_G5_IMG_20261007_101001/sentence_06_own_english.json,0.6737965007863903,-0.0006814403980875058,,2.4528989950312052e-15,0.19697539744696219,-8.35935839859214,21.952048725598964,17.57576614915255,0.39854123208258324,3.226758484997541,1.0692268086516468,0.6617283950617285,1.5558244167920916,0.3333333333333333,0.13333333333333333,0.3379533918925165,0.3103448275862069,,0.39050858942419053,1.8016288909100728,,,,,0.1281645569620253,1.0039556962025316,1.2389240506329113,,1.0,1.0
SCHB_G5_IMG_20261007_101010,school_b,5,sentence_01_copy_hindi,copy_hindi,devanagari,data/processed/school_b/SCHB_G5_IMG_20261007_101010/sentence_01_copy_hindi.json,1.7288033612901612,0.011670659952841932,,4.390427415563119e-16,0.2860158823400981,2.4122870285409954,22.434430376233923,20.411297757300915,0.270825658351851,2.8282828282828283,1.1158073680570437,-2.8866666666666667,-5.7995626837843295,0.4,0.5,0.5737819814007568,0.17647058823529413,61.85294117647059,0.5616482504511412,,1.7739890707690962,0.07649668082407074,1.0909090909090908,0.016064275030906367,0.09705882352941177,0.6352941176470589,0.6176470588235294,1.5714285714285714,1.0,0.0
SCHB_G5_IMG_20261007_101010,school_b,5,sentence_02_copy_english,copy_english,latin,data/processed/school_b/SCHB_G5_IMG_20261007_101010/sentence_02_copy_english.json,1.6968184734569556e-15,-0.07148445868534539,0.18355572318005836,3.0093574691016007e-15,1.6829741220935182e-15,-16.00451492116233,20.629145214183822,16.9287167593875,0.4146881503078797,3.6975945017182115,1.0799485031255274,-6.029850746268657,-0.23803594614200604,1.0,0.0,1.2810213061097717,0.3941176470588235,32.472972972972975,1.0287812445756288,1.5026736777461527,,,,,0.45193929173693087,1.8265879707700956,1.2993254637436762,0.35714285714285715,2.0,0.0
SCHB_G5_IMG_20261007_101010,school_b,5,sentence_03_dictated_hindi,dictated_hindi,devanagari,data/processed/school_b/SCHB_G5_IMG_20261007_101010/sentence_03_dictated_hindi.json,1.1648276927010586,-0.0007413164343131993,0.0009067827884706312,2.885934385522718e-15,0.2687437493517135,4.6259344027559095,19.61675243922436,31.695149635888523,0.3523823583473441,4.561824729891956,1.0870052811231812,0.3054347826086957,9.77869702131737,0.525,0.225,0.5101393614948989,0.27058823529411763,106.32142857142857,0.39034922036737413,,3.690196385841698,0.04899067754052358,0.96,0.019909022730252055,0.06609195402298851,2.726293103448276,3.2054597701149428,0.5,3.0,0.0
SCHB_G5_IMG_20261007_101010,school_b,5,sentence_04_dictated_english,dictated_english,latin,data/processed/school_b/SCHB_G5_IMG_20261007_101010/sentence_04_dictated_english.json,0.017389598201763664,-0.1973642434437469,0.28017830943794486,-2.4311361005144054e-15,0.00826090625547259,-5.974621903068857,20.38706817191247,13.63159768729822,0.4782442591199685,2.346985734008283,1.0669466667954248,2.060606060606061,0.5423831085869788,0.1111111111111111,0.6666666666666666,0.4425219658373433,0.45294117647058824,33.94736842105263,0.7025322950186913,1.7358963911960537,,,,,0.38163265306122446,1.346938775510204,2.357142857142857,0.2857142857142857,2.0,0.0
SCHB_G5_IMG_20261007_101010,school_b,5,sentence_05_own_hindi,own_hindi,devanagari,data/processed/school_b/SCHB_G5_IMG_20261007_101010/sentence_05_own_hindi.json,2.1856993753511436,0.017243906495322224,,6.411537967210279e-15,0.33779290083714053,-0.14677750839376083,21.647438971229736,19.577639990194545,0.2388433447570122,3.1706379707916987,1.0943847488903788,3.4888888888888885,1.7210981939048682,0.3333333333333333,0.5555555555555556,0.2590731043545781,0.17647058823529413,,0.2584938742836196,,1.7839599370194423,0.07699177434419927,1.8,0.003448011899365357,0.14679715302491103,0.3069395017793594,0.8407473309608541,,1.0,0.0
SCHB_G5_IMG_20261007_101010,school_b,5,sentence_06_own_english,own_english,latin,data/processed/school_b/SCHB_G5_IMG_20261007_101010/sentence_06_own_english.json,1.0383890783838,0.005237534020489447,,6.952771691715043e-15,0.132942494669344,-14.066620002698762,20.074681620472816,16.09911533952117,0.4137698208335927,2.938496583143509,1.0800328372775103,3.1985294117647056,0.24586598274806867,0.0,1.0,0.28476082583668455,0.4,,1.126198968892244,1.8199179073739962,,,,,0.19055244195356286,1.4155324259407527,1.4699759807846278,,1.0,0.0
SCHB_G5_IMG_20261007_101020,school_b,5,sentence_01_copy_hindi,copy_hindi,devanagari,data/processed/school_b/SCHB_G5_IMG_20261007_101020/sentence_01_copy_hindi.json,2.45206557734287,-0.04329298857490906,,1.3489209749195652e-15,0.37443286807441073,8.32457278268056,21.4584216494849,18.84162971942484,0.3157955845941082,3.3169416243654823,1.0820608681281771,-2.2070175438596484,-5.915025634419063,0.631578947368421,0.21052631578947367,0.7113546420682711,0.17045454545454544,59.205882352941174,0.7111542580584641,,2.3074277557692513,0.06930729250707944,0.7,0.04841944700502882,0.08465011286681715,0.7957110609480812,0.8295711060948081,0.2857142857142857,1.0,1.0
SCHB_G5_IMG_20261007_101020,school_b,5,sentence_03_dictated_hindi,dictated_hindi,devanagari,data/processed/school_b/SCHB_G5_IMG_20261007_101020/sentence_03_dictated_hindi.json,1.1629345164607334,-0.007793441385870665,,5.8890090871421344e-15,0.20059496618437783,1.3709871764281318,21.755480732406287,18.127980321163843,0.29337297515174476,2.886715195632393,1.0802680398350164,-0.31515151515151507,-16.22235168772022,0.3181818181818182,0.18181818181818182,0.42557300875727005,0.17045454545454544,59.214285714285715,0.6739311325042934,,1.7719544722249747,0.061252750686790446,0.0,0.09964221196029616,0.10460251046025106,0.6276150627615064,0.8786610878661089,0.3333333333333333,1.0,1.0
SCHB_G5_IMG_20261007_101020,school_b,5,sentence_04_dictated_english,copy_english,latin,data/processed/school_b/SCHB_G5_IMG_20261007_101020/sentence_04_dictated_english.json,3.3566789731923987,-0.003506687477915839,,-5.302702721365904e-15,0.5418691747310582,4.566933968473279,24.817496288895413,10.458948530557343,0.2697920976372418,2.2305576394098527,1.074513405306984,1.2,2.2346105309350235,0.3157894736842105,0.2631578947368421,0.49418085007242785,0.17045454545454544,12.662162162162161,0.6537090091093078,2.4813013782892646,,,,,0.35060012634238785,0.30322173089071386,0.7012002526847757,0.21428571428571427,1.0,1.0
SCHB_G5_IMG_20261007_101020,school_b,5,sentence_06_own_english,dictated_english,latin,data/processed/school_b/SCHB_G5_IMG_20261007_101020/sentence_06_own_english.json,0.31461388063668355,-0.000458257867429428,,-4.304757608576351e-15,0.1475604160559957,3.235690724471737,24.23656671251357,13.13569972589875,0.5264129863169803,1.9438877755511024,1.0789896707552502,0.7976190476190477,0.6566092892697453,0.25,0.0,0.15236541594541322,0.4772727272727273,27.18421052631579,0.8348204622479356,1.8301987032921208,,,,,0.5089440276976342,1.187536064627813,1.4783612233121755,0.2857142857142857,1.0,1.0
SCHB_G5_IMG_20261007_101031,school_b,5,sentence_01_copy_hindi,copy_hindi,devanagari,data/processed/school_b/SCHB_G5_IMG_20261007_101031/sentence_01_copy_hindi.json,1.9455575876212376,-0.0035303489458432856,,2.7333690866271355e-15,0.3061734355254928,5.841199922468667,23.566995060550408,20.9838756612002,0.3020968025106521,3.4963377854373117,1.0820886187973473,1.0222222222222224,4.2174887444164195,0.5416666666666666,0.3333333333333333,0.2451009518101162,0.16853932584269662,38.6764705882353,0.6768237262035055,,2.0359713518754132,0.07541324849880886,0.6956521739130435,0.00763183517008586,0.06129597197898424,0.5341506129597198,0.9019264448336252,3.5714285714285716,1.0,0.0
SCHB_G5_IMG_20261007_101031,school_b,5,sentence_02_copy_english,copy_english,latin,data/processed/school_b/SCHB_G5_IMG_20261007_101031/sentence_02_copy_english.json,1.346810284487179,-0.0007978131323868847,,3.7143490897385753e-16,0.36111888660561775,-13.650406784648697,23.29555690415986,19.57960843829698,0.44765098100938644,3.1664348632359745,1.0811174003862947,-0.14393939393939395,-10.20870112531618,0.6363636363636364,0.06060606060606061,0.4837318451740482,0.3595505617977528,25.405405405405407,0.9468803918517557,2.3334722665674956,,,,,0.9501400560224089,2.76078431372549,2.9938375350140056,2.4285714285714284,1.0,0.0
SCHB_G5_IMG_20261007_101031,school_b,5,sentence_03_dictated_hindi,dictated_hindi,devanagari,data/processed/school_b/SCHB_G5_IMG_20261007_101031/sentence_03_dictated_hindi.json,2.257921692787603,0.007376590474636846,0.006172073049475878,-2.3030959855279635e-15,0.3173972657961924,6.514820116451434,19.236175441179874,21.610348485625188,0.24011735674367798,3.4311883513386565,1.1013791515284608,0.3984496124031007,9.911721301596524,0.5348837209302325,0.3488372093023256,0.401944697762625,0.16853932584269662,97.07142857142857,0.4740707123514152,,2.2693527983812145,0.06947652543845574,0.8888888888888888,0.022054390107481996,0.05664652567975831,2.5377643504531724,3.840634441087613,0.5,2.0,0.0
SCHB_G5_IMG_20261007_101031,school_b,5,sentence_04_dictated_english,dictated_english,latin,data/processed/school_b/SCHB_G5_IMG_20261007_101031/sentence_04_dictated_english.json,0.42233011680043164,0.04452129654669229,,2.2343238370581275e-15,0.14978609352719213,-3.281025762227576,22.021193717195068,19.506745611580463,0.46753530173366037,3.0209035738368164,1.072678797029785,1.9756097560975612,0.40074360592197145,0.0,0.42857142857142855,0.32769276820761617,0.4606741573033708,30.394736842105264,0.7319755036628148,1.2947545073229638,,,,,0.11700913242009131,2.106164383561644,1.7317351598173516,1.1428571428571428,1.0,0.0
SCHB_G5_IMG_20261007_101031,school_b,5,sentence_05_own_hindi,own_hindi,devanagari,data/processed/school_b/SCHB_G5_IMG_20261007_101031/sentence_05_own_hindi.json,2.0812552893758274,0.016651169476997105,,-1.0432831069639338e-15,0.30383390325834503,6.91884062772935,20.351199291772158,19.023613237735148,0.3348425704901828,3.1826086956521737,1.0847722732646639,1.2791666666666668,2.7297520831580924,0.375,0.3125,0.3060356519756862,0.16853932584269662,,0.49821468351394915,,1.7684320559737203,0.07474965254095092,1.0588235294117647,0.02848803967439003,0.15319148936170213,0.49787234042553197,1.0468085106382978,,1.0,0.0
SCHB_G5_IMG_20261007_101031,school_b,5,sentence_06_own_english,own_english,latin,data/processed/school_b/SCHB_G5_IMG_20261007_101031/sentence_06_own_english.json,0.41161566795694593,0.006377792512885908,,3.469446951953614e-18,0.14395604656085215,2.2046457963484225,22.09386552790392,18.98908351048246,0.5185374404923014,2.891136228435456,1.0724194062936352,2.567375886524823,0.11251608759346025,0.0,1.0,0.17539146822409432,0.5280898876404494,,0.6526487964159099,2.336197854161912,,,,,0.744641192917055,2.365330848089469,1.8397017707362535,,1.0,0.0
SCHB_G5_IMG_20261007_101047,school_b,5,sentence_01_copy_hindi,copy_hindi,devanagari,data/processed/school_b/SCHB_G5_IMG_20261007_101047/sentence_01_copy_hindi.json,2.03923818657897,-0.001142153695731009,,2.0317081350640365e-15,0.31325941464493984,4.760895265093035,21.36162671570741,20.03840776107705,0.3085367065837832,3.0827263267429763,1.0997878762853222,0.20000000000000023,68.77526471804399,0.3157894736842105,0.3684210526315789,0.42142986826324474,0.17543859649122806,45.205882352941174,1.2784062314955242,,1.7277793386353306,0.06310842603284428,0.4117647058823529,0.04478219643722617,0.043834015195791935,0.6575102279368791,0.7276446522501462,2.857142857142857,1.0,0.0
SCHB_G5_IMG_20261007_101047,school_b,5,sentence_02_copy_english,copy_english,latin,data/processed/school_b/SCHB_G5_IMG_20261007_101047/sentence_02_copy_english.json,0.1613875751517687,-0.005873660285872029,,2.877328005486864e-15,0.08338183292474426,-8.575353395648868,23.396635059484677,18.570991607980574,0.33686420077501633,2.9096671949286845,1.0794888045682856,-0.036363636363636334,-89.23003978481694,0.2,0.0,0.3107406199831843,0.6432748538011696,22.81081081081081,0.5872667467132501,3.738669922806706,,,,,0.3730921424533635,1.9276427360090447,2.2385528547201807,0.35714285714285715,1.0,0.0
SCHB_G5_IMG_20261007_101047,school_b,5,sentence_03_dictated_hindi,dictated_hindi,devanagari,data/processed/school_b/SCHB_G5_IMG_20261007_101047/sentence_03_dictated_hindi.json,4.475859758078053,-0.01024034925517913,0.005912299614441989,8.55904494565673e-16,0.5806740661926694,3.7032871658249245,21.868162232819948,24.86884480746415,0.3136383020406088,3.9037037037037035,1.0820886187973422,-1.154500354358611,-3.171872344531818,0.6987951807228916,0.0963855421686747,0.4012432854897708,0.19883040935672514,200.0,0.7273928838217234,,3.718307060061071,0.058529891340371225,0.4418604651162791,0.05514405603166174,0.039058012636415854,2.177484204480184,2.9098219414129813,0.5,3.0,0.0
SCHB_G5_IMG_20261007_101047,school_b,5,sentence_04_dictated_english,dictated_english,latin,data/processed/school_b/SCHB_G5_IMG_20261007_101047/sentence_04_dictated_english.json,0.01424816796117079,-0.185608709955449,0.25732868422897287,1.7728885196240446e-15,0.008130682535124547,-1.7698701282151938,24.712627346389386,15.6697368404139,0.5254315441835007,2.657189721159103,1.0706092009088362,1.3571428571428572,0.44225779214747946,0.14285714285714285,0.14285714285714285,0.5304112443701302,0.5380116959064327,38.3421052631579,0.5216695197996699,1.9387814552104499,,,,,0.2926208651399491,3.306615776081425,2.8969465648854964,0.2857142857142857,2.0,0.0
SCHB_G5_IMG_20261007_101047,school_b,5,sentence_05_own_hindi,own_hindi,devanagari,data/processed/school_b/SCHB_G5_IMG_20261007_101047/sentence_05_own_hindi.json,1.8368341591230675,0.01079998466589369,,3.0642155479654322e-15,0.29530077053092774,5.712473497522628,21.0677355250992,20.171916305884608,0.2813012950437891,3.6834573554665138,1.0999091710380648,0.9438596491228066,2.9650721163453757,0.5263157894736842,0.21052631578947367,0.2068738880641155,0.17543859649122806,,1.146315019205277,,1.7167817241626366,0.06889199710492512,0.5555555555555556,0.03123687422736718,0.08101851851851852,0.3819444444444444,0.8680555555555555,,1.0,0.0
SCHB_G5_IMG_20261007_101047,school_b,5,sentence_06_own_english,own_english,latin,data/processed/school_b/SCHB_G5_IMG_20261007_101047/sentence_06_own_english.json,0.7468509565509223,-0.0024034167492164534,,7.971401316808624e-15,0.3330648897917234,-3.015216060356015,21.96032967953222,15.635891316714822,0.49936281582915515,2.575532441802873,1.0769379776466872,1.7784090909090908,0.10454007405161257,0.0,0.0,0.26234372382019033,0.5146198830409356,,0.6258332373784351,1.9702625747541247,,,,,0.19113814074717636,1.9113814074717637,1.9113814074717637,,1.0,0.0
SCHB_G5_IMG_20261007_101126,school_b,5,sentence_01_copy_hindi,copy_hindi,devanagari,data/processed/school_b/SCHB_G5_IMG_20261007_101126/sentence_01_copy_hindi.json,1.5948842384749162,-0.0023506540983510645,0.0033243269063359744,2.0185873175002847e-17,0.3401082912354117,5.345142338848297,20.730005058786297,29.292510510496275,0.3142507069114155,3.8128422100547534,1.0847220630867898,-0.18476190476190463,-39.7564559559193,0.4523809523809524,0.19047619047619047,0.5577235288743989,0.28735632183908044,104.29411764705883,0.959665692435377,,1.9391487427938732,0.03891803038271127,2.1538461538461537,0.01856533001298214,0.08828722778104768,2.560329605650383,3.045909358446145,0.2857142857142857,2.0,0.0
SCHB_G5_IMG_20261007_101126,school_b,5,sentence_02_copy_english,copy_english,latin,data/processed/school_b/SCHB_G5_IMG_20261007_101126/sentence_02_copy_english.json,0.45173191667795765,-0.032788267259274,0.05924560826031553,4.137893731363344e-15,0.10616738110168981,-6.88280227448989,23.882117407358333,16.32412803949318,0.45881072489326025,2.5006353240152484,1.079445348277893,-0.20312500000000006,-6.847706216649627,0.5,0.0,0.16681413302587095,0.5517241379310345,38.24324324324324,1.2247338750395584,1.0298941214778872,,,,,0.3443708609271523,4.105960264900662,4.370860927152318,0.2857142857142857,2.0,0.0
SCHB_G5_IMG_20261007_101126,school_b,5,sentence_03_dictated_hindi,dictated_hindi,devanagari,data/processed/school_b/SCHB_G5_IMG_20261007_101126/sentence_03_dictated_hindi.json,2.2622950410028646,0.021165085059976194,,-2.0844437287337312e-15,0.32649359126916433,1.4359553736615869,21.58034053417071,18.142821393583212,0.28655109039271176,2.8899082568807337,1.090325523878399,-0.32631578947368417,-12.601859494031572,0.5789473684210527,0.21052631578947367,0.41579562299539624,0.1724137931034483,47.357142857142854,0.644944387663625,,1.9312738761994943,0.07090750256938666,0.7,0.011349118183867192,0.09501187648456057,0.8907363420427553,0.9738717339667458,0.3333333333333333,1.0,0.0
SCHB_G5_IMG_20261007_101126,school_b,5,sentence_04_dictated_english,dictated_english,latin,data/processed/school_b/SCHB_G5_IMG_20261007_101126/sentence_04_dictated_english.json,0.3571654793184328,0.0013840369346407317,,-7.494005416219807e-16,0.12973375190932537,1.1416465601201295,22.543603315244656,13.973232613567633,0.4863327133225172,2.0898716119828817,1.0601458610178793,1.1851851851851853,0.1355544171172596,0.0,0.0,0.41368364287049203,0.5172413793103449,34.05263157894737,0.6618294569379153,1.2061033414161901,,,,,0.5748175182481752,1.2043795620437956,2.0255474452554747,1.0,1.0,0.0
SCHB_G5_IMG_20261007_101126,school_b,5,sentence_05_own_hindi,own_hindi,devanagari,data/processed/school_b/SCHB_G5_IMG_20261007_101126/sentence_05_own_hindi.json,0.886855449971921,0.00724258320910232,,-4.4381165409390634e-15,0.30997584170671594,2.9326780867595104,22.057680831269607,26.360497379693733,0.3564540901558013,2.5241276911655532,1.0806281188443028,0.4045112781954887,4.635790911498931,0.5263157894736842,0.3157894736842105,0.37762529127547123,0.40229885057471265,,0.6972994628604321,,1.8650260927287623,0.028896824840264262,0.85,0.021939455319084623,0.24193548387096772,1.6129032258064515,1.9556451612903225,,1.0,0.0
SCHB_G5_IMG_20261007_101126,school_b,5,sentence_06_own_english,own_english,latin,data/processed/school_b/SCHB_G5_IMG_20261007_101126/sentence_06_own_english.json,0.357957375606769,0.001548464436203284,,7.838174553853605e-15,0.14122530521818188,0.5255847420674585,22.92043360156147,14.831579824711273,0.4458314548843845,1.9910083493898525,1.0705197656695873,1.5096153846153846,0.5284705353551985,0.0,0.25,0.2936507554699057,0.5977011494252874,,0.6028106022963549,1.9254053105535216,,,,,0.728171334431631,2.056013179571664,1.970345963756178,,1.0,0.0
SCHB_G5_IMG_20261007_101145,school_b,5,sentence_01_copy_hindi,copy_hindi,devanagari,data/processed/school_b/SCHB_G5_IMG_20261007_101145/sentence_01_copy_hindi.json,2.1509473652118163,-0.025593510591972915,,-1.791730826206095e-15,0.3172923226407891,-5.1148836210144175,24.33964140722769,19.946769118792478,0.27207304307779046,3.5631443298969074,1.1037482807593793,-3.4877192982456133,-4.441121138733932,0.47368421052631576,0.21052631578947367,0.28902173655574975,0.1744186046511628,71.47058823529412,0.7864603728917379,,1.8076307648425494,0.06903086097610675,0.9411764705882353,0.04616255760444011,0.025210084033613446,0.6386554621848739,0.7142857142857143,2.857142857142857,1.0,0.0
SCHB_G5_IMG_20261007_101145,school_b,5,sentence_02_copy_english,copy_english,latin,data/processed/school_b/SCHB_G5_IMG_20261007_101145/sentence_02_copy_english.json,0.3529443484786733,-0.0258759232289508,0.010131930273865958,-6.623416285717959e-16,0.13612860136621596,-11.476572477259028,23.244046581981593,14.192211855494707,0.5185400456830331,2.8676470588235294,1.0789896707552502,2.6666666666666665,1.063422801878705,0.0,0.4444444444444444,0.5809549675905361,0.5232558139534884,49.891891891891895,1.1114549098760305,1.7888071164817836,,,,,0.3277310924369748,5.5210084033613445,4.991596638655462,0.8571428571428571,3.0,0.0
SCHB_G5_IMG_20261007_101145,school_b,5,sentence_03_dictated_hindi,dictated_hindi,devanagari,data/processed/school_b/SCHB_G5_IMG_20261007_101145/sentence_03_dictated_hindi.json,2.210848878653363,-0.007061330572330575,,1.4597376805256689e-15,0.3298210904931711,-9.278124627698825,21.096389043345123,21.630921812522068,0.30569319877773393,3.9564831261101245,1.0820886187973475,-0.012820512820512912,-385.1484368396137,0.5384615384615384,0.2692307692307692,0.23207320820945077,0.1744186046511628,57.107142857142854,0.9617621040727404,,2.414740867239143,0.07368812941916666,0.45,0.0328836987038675,0.03361344537815126,0.5966386554621849,0.8151260504201681,4.5,1.0,0.0
SCHB_G5_IMG_20261007_101145,school_b,5,sentence_04_dictated_english,dictated_english,latin,data/processed/school_b/SCHB_G5_IMG_20261007_101145/sentence_04_dictated_english.json,0.2590043663441796,0.03507415124828437,0.05069649382680883,5.8734240554685115e-15,0.11918272525151367,-8.427498844246054,23.901705920171633,15.524799550984575,0.44580791064913305,2.221024258760108,1.0798220897071713,2.130952380952381,0.2058275751424309,0.0,0.42857142857142855,0.19873371553388106,0.5581395348837209,38.78947368421053,0.5742860117101918,1.2369001431214448,,,,,0.47174447174447176,2.8009828009828013,2.506142506142506,1.2857142857142858,2.0,0.0
SCHB_G5_IMG_20261007_101145,school_b,5,sentence_05_own_hindi,own_hindi,devanagari,data/processed/school_b/SCHB_G5_IMG_20261007_101145/sentence_05_own_hindi.json,2.3241530361525147,0.042562617294957895,,5.7269004353580994e-15,0.3372619876274442,-9.273661857995236,20.504160555344342,19.946294529058274,0.3028966773305633,3.6772486772486777,1.0911951694986968,1.6060606060606062,2.5930910202913897,0.5454545454545454,0.36363636363636365,0.3509617950041855,0.1744186046511628,,0.8827676693613771,,1.7610042031615862,0.06996049936195861,0.8888888888888888,0.07890032137530527,0.05016722408026756,0.7023411371237459,0.9030100334448161,,1.0,0.0
SCHB_G5_IMG_20261007_101145,school_b,5,sentence_06_own_english,own_english,latin,data/processed/school_b/SCHB_G5_IMG_20261007_101145/sentence_06_own_english.json,0.18662857818762982,-0.06630023829639876,,9.91567938868343e-15,0.09284935543414177,-10.536646881477797,23.182612167396165,16.971934716628265,0.4757564623667895,2.608695652173914,1.083297454778907,1.8939393939393938,0.3304542328371662,0.0,0.3333333333333333,0.15488215488215487,0.5116279069767442,,0.5208102386047175,1.7394352899168433,,,,,0.14224137931034483,2.3706896551724137,1.517241379310345,,1.0,0.0
SCHB_G5_IMG_20261007_101152,school_b,5,sentence_01_copy_hindi,copy_hindi,devanagari,data/processed/school_b/SCHB_G5_IMG_20261007_101152/sentence_01_copy_hindi.json,2.507737929011193,-0.002318812099395668,,1.5908991296049119e-15,0.37151032033400005,-2.5228614432536887,21.92121688782894,17.951977374138593,0.23303848172719624,3.2190760059612518,1.0828664849091836,-0.2634920634920638,-27.26050438700426,0.5714285714285714,0.23809523809523808,0.3876227965667207,0.17045454545454544,48.294117647058826,1.1313652941030234,,1.9163955995182753,0.07650453893576863,0.6,0.012139940913481315,0.04337767495662233,0.7200694042799306,0.8155002891844997,3.142857142857143,1.0,0.0
SCHB_G5_IMG_20261007_101152,school_b,5,sentence_02_copy_english,copy_english,latin,data/processed/school_b/SCHB_G5_IMG_20261007_101152/sentence_02_copy_english.json,1.0683682800424548,0.014440068110845304,0.03068752858177244,1.5067312477055697e-16,0.3108223373233492,-3.158876118064189,24.40498673232395,17.48692388948137,0.4299072851072492,3.2928942807625665,1.0775149835110556,1.1072261072261074,5.497225331978971,0.5769230769230769,0.21153846153846154,0.6388086976341792,0.375,60.33783783783784,0.7952037560779865,2.0104342094227023,,,,,0.4596633778293674,2.853743470690656,5.132907719094603,4.0,4.0,0.0
SCHB_G5_IMG_20261007_101152,school_b,5,sentence_03_dictated_hindi,dictated_hindi,devanagari,data/processed/school_b/SCHB_G5_IMG_20261007_101152/sentence_03_dictated_hindi.json,2.787786824476624,0.0006435265533042275,,-5.389408726060814e-15,0.37242281156764667,-2.14342059847426,19.828453454643714,18.383493345077756,0.24170683924228256,3.414071510957324,1.0974748733308544,-0.4484848484848483,-8.6678960536734,0.5909090909090909,0.18181818181818182,0.3417939245529762,0.17045454545454544,51.57142857142857,0.5862129430888173,,1.9979028835891983,0.07797528332468348,0.7142857142857143,0.03308864698937636,0.10180995475113122,0.7239819004524887,0.9615384615384615,3.8333333333333335,1.0,0.0
SCHB_G5_IMG_20261007_101152,school_b,5,sentence_04_dictated_english,dictated_english,latin,data/processed/school_b/SCHB_G5_IMG_20261007_101152/sentence_04_dictated_english.json,1.273537297767489,0.045867383682187804,0.010871846380040389,3.1002977962657497e-15,0.20671211331812875,-5.279493691371878,22.743791149924302,14.456592007670187,0.47899718791718277,2.44882486732373,1.07431594562423,5.921428571428572,0.9515788302909358,0.0,1.0,0.4041197813973325,0.3977272727272727,41.31578947368421,0.787516199671469,1.5610331194348874,,,,,0.43032786885245905,1.4344262295081969,1.7827868852459017,1.4285714285714286,2.0,0.0
SCHB_G5_IMG_20261007_101152,school_b,5,sentence_05_own_hindi,own_hindi,devanagari,data/processed/school_b/SCHB_G5_IMG_20261007_101152/sentence_05_own_hindi.json,2.4537960043693534,-0.006911901334395139,,1.0720591081536668e-15,0.3667302218029755,-1.6768861462881643,24.187307727957762,19.427209574431323,0.31435483954712334,2.9932546374367623,1.0814453315044006,0.5818181818181821,10.669805446393518,0.36363636363636365,0.5454545454545454,0.3806818549130137,0.17045454545454544,,0.6645348458046825,,1.8810798895549734,0.06532966429514493,1.3333333333333333,0.015699103699161467,0.08793969849246232,1.8090452261306533,0.9547738693467337,,1.0,0.0
SCHB_G5_IMG_20261007_101152,school_b,5,sentence_06_own_english,own_english,latin,data/processed/school_b/SCHB_G5_IMG_20261007_101152/sentence_06_own_english.json,0.389295132426968,0.00337626436094324,,4.5276282722994665e-15,0.15283076254150593,-0.6578247664512277,20.432110976296876,14.28630914488028,0.4954626553684337,1.9846261355695318,1.060933779701045,2.7547169811320753,0.14833156046375146,0.0,1.0,0.29368989860100964,0.6022727272727273,,0.36133914835677805,1.4838037882880053,,,,,0.1920289855072464,1.296195652173913,1.4882246376811594,,1.0,0.0
SCHB_G5_IMG_20261007_101207,school_b,5,sentence_01_copy_hindi,copy_hindi,devanagari,data/processed/school_b/SCHB_G5_IMG_20261007_101207/sentence_01_copy_hindi.json,1.4779815843807669,0.0010737529917942926,,-3.96508223080413e-18,0.2338298029351802,-5.49576565112837,23.24309936578335,18.232419112768167,0.23516849585861693,2.5273224043715845,1.0768934346389956,0.6307692307692311,20.400364282193323,0.38461538461538464,0.38461538461538464,0.4611271672753684,0.17857142857142858,40.26470588235294,0.4238458812152607,,1.5913202405916962,0.06631380929708161,1.0,0.015106855019080474,0.01680672268907563,0.7226890756302521,0.6890756302521008,0.14285714285714285,1.0,0.0
SCHB_G5_IMG_20261007_101207,school_b,5,sentence_02_copy_english,copy_english,latin,data/processed/school_b/SCHB_G5_IMG_20261007_101207/sentence_02_copy_english.json,0.021976107524521327,-0.0023066200512941583,,6.766867159206195e-16,0.008597721298099726,-16.988020803468437,23.30288833347045,17.033986974808542,0.3044352305925425,2.9808108498052226,1.0798220897071678,5.58,0.09610072904272497,0.0,1.0,0.3506783340359285,0.35714285714285715,12.405405405405405,0.33712182317223605,2.512244288336606,,,,,0.18161805173362686,0.7925151348376445,0.89157952669235,0.2857142857142857,1.0,0.0
SCHB_G5_IMG_20261007_101207,school_b,5,sentence_03_dictated_hindi,dictated_hindi,devanagari,data/processed/school_b/SCHB_G5_IMG_20261007_101207/sentence_03_dictated_hindi.json,1.5129144365989442,0.0001842600481330596,0.0022659307385485116,-1.5539652897800237e-15,0.2933576168600364,-4.519649688390666,23.151297595674123,30.640540591949218,0.29154613753075054,4.284090909090909,1.1010257520009534,1.5058479532163742,3.802829914884569,0.5555555555555556,0.3888888888888889,0.44867672831664496,0.2261904761904762,67.57142857142857,0.7647393088067678,,5.5359469819759575,0.03538773789138992,0.0,0.06496318434523767,0.03388822829964328,1.4233055885850179,2.214030915576694,0.3333333333333333,2.0,0.0
SCHB_G5_IMG_20261007_101207,school_b,5,sentence_04_dictated_english,dictated_english,latin,data/processed/school_b/SCHB_G5_IMG_20261007_101207/sentence_04_dictated_english.json,1.1717744691799008,-0.07487684729064038,,1.6930901125533637e-15,0.25760856740943494,-13.025926716821898,19.400124281857096,16.736748173365175,0.4631489250014132,2.848273185875047,1.0734402231751012,3.4871794871794872,0.8956489040592639,0.0,0.6666666666666666,0.8868871637915215,0.30952380952380953,12.210526315789474,0.982320842124115,22.16119658119658,,,,,0.1400862068965517,0.728448275862069,1.0086206896551724,0.14285714285714285,1.0,0.0
SCHB_G5_IMG_20261007_101207,school_b,5,sentence_05_own_hindi,own_hindi,devanagari,data/processed/school_b/SCHB_G5_IMG_20261007_101207/sentence_05_own_hindi.json,1.237161739733887,-0.09878539075472188,0.17589775941244373,2.7742358674859565e-15,0.23823971335051827,-0.5844162452455164,18.105763771180857,27.926292779731867,0.48844278492388354,3.254782608695652,1.0820506890682875,1.4763832658569502,2.656771676723533,0.46153846153846156,0.41025641025641024,0.26924701478992774,0.2261904761904762,,0.8202438661763951,,12.523809523809524,,,,0.17833935018050542,1.8794223826714802,2.716245487364621,,3.0,0.0
SCHB_G5_IMG_20261007_101207,school_b,5,sentence_06_own_english,own_english,latin,data/processed/school_b/SCHB_G5_IMG_20261007_101207/sentence_06_own_english.json,0.24733992669147062,-0.013119176425803996,0.04008047305914763,3.309081403952203e-15,0.08147367857952799,-15.90931457912059,20.7360817039293,16.204910312579354,0.4771554857462514,2.9571759259259256,1.0750289535343371,4.373271889400921,0.05758735941529808,0.0,1.0,0.2795354844375838,0.36904761904761907,,0.8781975916380441,18.873296918741406,,,,,0.3659722222222222,2.3895833333333334,2.6479166666666667,,2.0,0.0
SCHB_G5_IMG_20261007_101218,school_b,5,sentence_01_copy_hindi,copy_hindi,devanagari,data/processed/school_b/SCHB_G5_IMG_20261007_101218/sentence_01_copy_hindi.json,1.7204738959987804,0.026252443340680363,0.032840288984959824,-2.1165864759789277e-15,0.3014651002358905,0.7696994778927112,21.403715889984884,36.86773097878237,0.36411486348264643,3.752783964365256,1.1238191358876917,0.5103448275862069,6.503346725591125,0.4827586206896552,0.3793103448275862,0.47891765044346196,0.23809523809523808,76.94117647058823,0.7738226290459495,,1.5138949791487595,0.05566895926773181,0.5,0.005599694638415235,0.11544011544011544,2.2510822510822512,3.29004329004329,0.2857142857142857,2.0,0.0
SCHB_G5_IMG_20261007_101218,school_b,5,sentence_02_copy_english,copy_english,latin,data/processed/school_b/SCHB_G5_IMG_20261007_101218/sentence_02_copy_english.json,1.5486615677330888,0.003349353092672963,,-1.513789094076401e-15,0.3816662399298943,-19.291263135557823,20.749293954155124,17.90420701939853,0.45411204366107466,3.625580195977309,1.075062833220183,-0.16203703703703706,-10.251939024939313,0.6666666666666666,0.08333333333333333,0.4319376299881133,0.32142857142857145,24.972972972972972,0.736676109607183,2.6047235939809696,,,,,0.1791044776119403,1.537313432835821,2.1044776119402986,0.21428571428571427,1.0,0.0
SCHB_G5_IMG_20261007_101218,school_b,5,sentence_03_dictated_hindi,dictated_hindi,devanagari,data/processed/school_b/SCHB_G5_IMG_20261007_101218/sentence_03_dictated_hindi.json,2.037067923129819,-0.061469731723658314,0.09753131029137038,4.257910896293888e-15,0.2750947436909243,-2.2181511452697444,21.92927069948676,19.616067697045217,0.3186015725772926,2.9021372328458943,1.0768292972940103,0.7440000000000001,9.187708185739178,0.44,0.4,0.41615380305278876,0.17857142857142858,63.357142857142854,0.5886782787576895,,2.456492711945074,0.06932509891334315,0.68,0.022278996089516678,0.1112759643916914,1.435459940652819,2.859792284866469,0.5,2.0,0.0
SCHB_G5_IMG_20261007_101218,school_b,5,sentence_04_dictated_english,dictated_english,latin,data/processed/school_b/SCHB_G5_IMG_20261007_101218/sentence_04_dictated_english.json,0.8737946075724291,0.0034591261009338974,,5.925815393936773e-15,0.24747939802056293,-20.674976428001795,19.025533917456432,19.47557402536483,0.38467323685974925,3.612014539889039,1.0736073462852227,0.7012345679012344,4.880655128691353,0.4,0.4,0.39373222830487165,0.32142857142857145,34.55263157894737,0.5782847401226028,2.5041487965841576,,,,,0.04978488014751076,1.2446220036877689,1.9416103257529196,2.2857142857142856,1.0,0.0
SCHB_G5_IMG_20261007_101218,school_b,5,sentence_05_own_hindi,own_hindi,devanagari,data/processed/school_b/SCHB_G5_IMG_20261007_101218/sentence_05_own_hindi.json,0.718583844963113,0.03904334095962363,,-1.255406035537677e-15,0.3492516804474141,-0.16009272186258208,21.443603170812793,32.49628897656208,0.2942187068823156,1.6556291390728477,1.2067618753386984,0.4907407407407407,2.418566329340664,0.5,0.08333333333333333,0.40896250723994565,0.5357142857142857,,0.5263431358975978,,1.7464919811143313,0.027880060984630965,0.9230769230769231,0.002196590077572689,0.38367844092570036,2.2472594397076735,2.192448233861145,,1.0,0.0
SCHB_G5_IMG_20261007_101218,school_b,5,sentence_06_own_english,own_english,latin,data/processed/school_b/SCHB_G5_IMG_20261007_101218/sentence_06_own_english.json,1.4139015602245293,0.003346934213831798,,-4.062028491347291e-15,0.24772571427841636,-19.143751498807887,18.29358306074711,19.440625610208933,0.37491271096108253,3.5176814676947616,1.072220233009776,0.8580246913580247,2.982480806352466,0.5555555555555556,0.4444444444444444,0.21864239143017625,0.21428571428571427,,0.66809733861384,2.828737827045513,,,,,0.14093959731543626,0.7449664429530202,1.429530201342282,,1.0,0.0
SCHB_G5_IMG_20261007_101229,school_b,5,sentence_01_copy_hindi,copy_hindi,devanagari,data/processed/school_b/SCHB_G5_IMG_20261007_101229/sentence_01_copy_hindi.json,1.6309266017696076,-0.0031414856700428175,,-1.598136827552528e-15,0.2627149326351474,-1.7964932043771469,20.325354765460236,18.155845273566243,0.31767021874224505,2.8450520833333335,1.0808332121443587,-2.307407407407408,-5.892137340884447,0.5,0.3333333333333333,0.32085632914752327,0.17857142857142858,64.70588235294117,0.8151578171477891,,2.5170452433685164,0.06813904594775115,0.8947368421052632,0.012877600596700123,0.06825938566552901,0.7508532423208191,0.9300341296928327,0.42857142857142855,1.0,0.0
SCHB_G5_IMG_20261007_101229,school_b,5,sentence_02_copy_english,copy_english,latin,data/processed/school_b/SCHB_G5_IMG_20261007_101229/sentence_02_copy_english.json,0.42795549732926985,0.03972446519419933,,-2.5118795932144167e-15,0.1864080744444521,-9.28855587508859,22.898958902648822,16.574827797604517,0.44734886390196166,2.858979854264895,1.076827511132246,1.5888888888888888,0.34788364852511366,0.0,0.16666666666666666,0.3967098015762488,0.5357142857142857,17.905405405405407,0.4400419344769171,1.444025144185417,,,,,0.5487804878048781,1.5465631929046564,2.1951219512195124,0.2857142857142857,1.0,0.0
SCHB_G5_IMG_20261007_101229,school_b,5,sentence_03_dictated_hindi,dictated_hindi,devanagari,data/processed/school_b/SCHB_G5_IMG_20261007_101229/sentence_03_dictated_hindi.json,1.0964277281469168,-0.0032443030011591054,0.00428215688097084,1.3779101316736665e-15,0.2644182615758721,-4.601576176346815,22.186475671432206,33.373356035344244,0.418256739783376,4.861111111111111,1.0822167144887591,0.4823053589484328,4.358091130543657,0.5348837209302325,0.20930232558139536,0.29397777866700825,0.27380952380952384,90.67857142857143,0.8453417365766037,,2.2644477423314373,0.047360612613923526,0.5925925925925926,0.04872151462242644,0.18880597014925374,2.3686567164179104,3.467164179104478,0.3333333333333333,2.0,0.0
SCHB_G5_IMG_20261007_101229,school_b,5,sentence_04_dictated_english,dictated_english,latin,data/processed/school_b/SCHB_G5_IMG_20261007_101229/sentence_04_dictated_english.json,1.1972233078100034,0.002901214136607993,,-1.3600232051658168e-15,0.2672258512417993,-6.750834167488281,22.08401106410682,18.465696317809975,0.41683384568932114,2.873033098209442,1.070152406035886,1.5492063492063493,1.8033319132021752,0.4,0.4666666666666667,0.374335106754411,0.25,27.657894736842106,0.3871211779495462,1.738002187566516,,,,,0.11954459203036052,0.9165085388994306,1.0759013282732446,0.14285714285714285,1.0,0.0
SCHB_G5_IMG_20261007_101229,school_b,5,sentence_05_own_hindi,own_hindi,devanagari,data/processed/school_b/SCHB_G5_IMG_20261007_101229/sentence_05_own_hindi.json,2.1471503165454124,0.06239254113458399,,1.2717604747081168e-14,0.3023957777184241,0.8846128872692166,21.607211279522776,20.25757821646115,0.25595293513595496,3.10081466395112,1.090325523878399,0.8370370370370368,4.880408618561117,0.3333333333333333,0.4444444444444444,0.40342530160112855,0.17857142857142858,,0.6042266446673027,,1.8879779173093039,0.07103169118894695,1.1111111111111112,0.00039610688933547334,0.10668563300142248,0.6827880512091038,1.4082503556187767,,1.0,0.0
SCHB_G5_IMG_20261007_101229,school_b,5,sentence_06_own_english,own_english,latin,data/processed/school_b/SCHB_G5_IMG_20261007_101229/sentence_06_own_english.json,,,,,,-10.138261521872645,20.59357003573399,18.657089260867462,0.516980287731463,3.4398034398034385,1.0692386525476925,,,,,,0.5119047619047619,,,,,,,,0.826923076923077,2.2051282051282053,2.7564102564102564,,1.0,0.0
SCHB_G6_IMG_20261007_102027,school_b,6,sentence_01_copy_hindi,copy_hindi,devanagari,data/processed/school_b/SCHB_G6_IMG_20261007_102027/sentence_01_copy_hindi.json,0.5442779696997561,0.010660870352107171,,7.839463205578616e-15,0.16882719088432757,12.094243978329063,21.727498752032922,27.259769976316555,0.36189101787812117,3.3777777777777787,1.085528360706655,1.5897435897435899,1.266287454755953,0.38461538461538464,0.46153846153846156,0.29903035343639467,0.3103448275862069,24.852941176470587,0.4595650117230423,,3.0,0.00420814177399226,0.0,5.369295955475193e-05,0.05447209145931405,0.6899798251513113,1.1620712844653664,0.2857142857142857,1.0,0.0
SCHB_G6_IMG_20261007_102027,school_b,6,sentence_02_copy_english,copy_english,latin,data/processed/school_b/SCHB_G6_IMG_20261007_102027/sentence_02_copy_english.json,1.1435514806863634,0.003159391585702893,,-1.0703078635017282e-14,0.18499476766774345,10.07710819894239,21.104528084412838,11.601784799138422,0.36167192155933037,1.982304900181488,1.070904518407519,0.9470588235294116,3.1784777835865623,0.4,0.35,0.24337101258386318,0.19540229885057472,13.243243243243244,,0.8065934065934066,,,,,0.112707182320442,0.450828729281768,0.8828729281767956,0.14285714285714285,1.0,0.0
SCHB_G6_IMG_20261007_102027,school_b,0,sentence_03_dictated_hindi,dictated_hindi,devanagari,data/processed/school_b/SCHB_G6_IMG_20261007_102027/sentence_03_dictated_hindi.json,,,,,,7.364036175868989,21.590382905233582,43.323035646877784,0.551323435966262,1.4919354838709675,1.1150901474131985,,,,,,,,,,,,,,0.520497803806735,0.0,0.0,0.3333333333333333,1.0,0.0
SCHB_G6_IMG_20261007_102027,school_b,0,sentence_04_dictated_english,dictated_english,latin,data/processed/school_b/SCHB_G6_IMG_20261007_102027/sentence_04_dictated_english.json,0.38786492538308487,0.004993757802746566,,,,6.993344950781858,20.002107730718176,13.470022846614064,0.6439381660611313,1.846153846153847,1.0672001379499536,-0.8176100628930816,-8.942181140543726,0.5,0.5,0.6606105130861906,,42.421052631578945,0.6322262070642628,2.35534849650489,,,,,0.47604790419161674,0.0,0.0,0.42857142857142855,1.0,0.0
SCHB_G6_IMG_20261007_102039,school_b,6,sentence_01_copy_hindi,copy_hindi,devanagari,data/processed/school_b/SCHB_G6_IMG_20261007_102039/sentence_01_copy_hindi.json,0.5313241608279385,0.005720916897649566,,1.5027661654747655e-15,0.3249022822719234,8.534476758763942,21.563761626555515,26.33407732054556,0.45311744570967094,2.084690553745928,1.0997219520704542,0.5302197802197802,2.0615408755774083,0.3076923076923077,0.0,0.4135228363950101,0.6511627906976745,36.88235294117647,0.6972967159978087,,1.5032993574174782,0.014191039994311802,0.5384615384615384,0.002003357725465215,0.33532934131736525,3.6215568862275447,1.8107784431137723,2.0,1.0,1.0
SCHB_G6_IMG_20261007_102039,school_b,6,sentence_02_copy_english,copy_english,latin,data/processed/school_b/SCHB_G6_IMG_20261007_102039/sentence_02_copy_english.json,0.3674957417084091,0.004474879871450129,,1.1587952819525071e-15,0.15093378468956625,5.081055449503036,23.38007471094665,13.935344014099478,0.5232919517642997,2.3544411389715245,1.0807871019555664,0.6453089244851258,1.1217315464290232,0.5652173913043478,0.043478260869565216,0.3022257701182145,0.4418604651162791,15.527027027027026,0.24757765797819462,1.5904620988409608,,,,,0.7694038245219348,1.0899887514060742,1.688413948256468,0.42857142857142855,1.0,1.0
SCHB_G6_IMG_20261007_102039,school_b,6,sentence_03_dictated_hindi,dictated_hindi,devanagari,data/processed/school_b/SCHB_G6_IMG_20261007_102039/sentence_03_dictated_hindi.json,0.008804092645821882,0.008408674211291652,,1.4456028966473392e-19,0.005391383657613684,8.43747392223606,22.830257470700744,24.44064306233743,0.33412425802748247,2.3248882265275705,1.0943339673730583,0.9534883720930233,0.6898602743283391,0.0,0.0,0.0,0.5,10.035714285714286,1.080302026812781,,28.17156862745098,,,,0.2494199535962877,0.29930394431554525,0.37412993039443154,0.6666666666666666,1.0,1.0
SCHB_G6_IMG_20261007_102039,school_b,6,sentence_04_dictated_english,dictated_english,latin,data/processed/school_b/SCHB_G6_IMG_20261007_102039/sentence_04_dictated_english.json,1.7810786633462685,0.003037791487869942,,6.938893903907228e-18,0.3005901439558508,1.8573779668427723,22.814750422283264,10.315990430133352,0.28827866964743165,2.0804741110417964,1.0745134053069847,2.035555555555556,1.8939432209533318,0.4,0.5333333333333333,0.2567605382799591,0.1744186046511628,30.842105263157894,0.4519476449028751,0.5772659931335091,,,,,0.28700056274620145,0.5486775464265616,0.8525604952166572,0.2857142857142857,1.0,1.0
SCHB_G6_IMG_20261007_102049,school_b,6,sentence_01_copy_hindi,copy_hindi,devanagari,data/processed/school_b/SCHB_G6_IMG_20261007_102049/sentence_01_copy_hindi.json,1.942879194518288,-0.004024914317349419,,1.5516688463213497e-15,0.28663274452754955,0.3840432073915432,19.98206493109581,20.00466489922298,0.2767467523066083,3.0,1.090325523878399,1.7966666666666669,1.842529122253783,0.4,0.45,0.2884442187571098,0.1724137931034483,30.529411764705884,0.4621773569427905,,1.7159324201938542,0.07198131235853794,0.7,0.004420599762051255,0.04667081518357187,0.6253889234598631,0.9427504667081518,3.0,1.0,0.0
SCHB_G6_IMG_20261007_102049,school_b,6,sentence_02_copy_english,copy_english,latin,data/processed/school_b/SCHB_G6_IMG_20261007_102049/sentence_02_copy_english.json,0.1413903022699458,-0.02864315229808058,,3.2504381131115423e-16,0.06755729302870828,-19.146429921689396,25.929971300154165,18.497528717384267,0.4501040512026129,2.7484472049689432,1.0812476654948249,2.240740740740741,0.16368018446560623,0.0,0.6666666666666666,0.47718657326188124,0.41379310344827586,20.35135135135135,0.8450946486362996,1.5335541013015777,,,,,0.16017797552836485,1.8820912124582871,1.3414905450500556,0.2857142857142857,1.0,0.0
SCHB_G6_IMG_20261007_102049,school_b,6,sentence_03_dictated_hindi,dictated_hindi,devanagari,data/processed/school_b/SCHB_G6_IMG_20261007_102049/sentence_03_dictated_hindi.json,0.4206336178711323,-0.08547008547008547,,-8.719876672576751e-16,0.045685649743147524,2.448131441163,22.877661183861527,28.1413448989125,0.36638721943465924,2.6114649681528657,1.0847064716503423,2.344827586206897,0.6863095229163549,0.0,0.5,0.04492804315394531,0.3333333333333333,10.25,1.1785113019775793,,2.7974683544303796,,,,0.1025943396226415,0.410377358490566,0.27358490566037735,0.5,1.0,0.0
SCHB_G6_IMG_20261007_102049,school_b,6,sentence_04_dictated_english,dictated_english,latin,data/processed/school_b/SCHB_G6_IMG_20261007_102049/sentence_04_dictated_english.json,0.7079773127163749,-0.0017704684901413957,,-3.469446951953614e-18,0.2885584625851749,-20.947990251694563,24.744031721322028,17.675354675835663,0.41523877219640937,2.941863180014008,1.0738256901664147,0.9555555555555555,1.6321210880092318,0.4,0.4,0.3520484202474563,0.41379310344827586,29.210526315789473,0.0642824346533225,14.368143459915611,,,,,0.2001111728738188,1.3807670928293496,1.6809338521400778,0.42857142857142855,1.0,0.0
SCHB_G6_IMG_20261007_102112,school_b,6,sentence_01_copy_hindi,copy_hindi,devanagari,data/processed/school_b/SCHB_G6_IMG_20261007_102112/sentence_01_copy_hindi.json,2.299394367272337,0.011366145245116725,,9.823060239618233e-16,0.3615559280778082,7.297271408170427,22.435382555812858,20.00271834710069,0.2790052821106539,3.1466778102799835,1.0820886187973446,0.34242424242424246,10.805922846050496,0.5,0.36363636363636365,0.3411272824793497,0.17647058823529413,44.05882352941177,0.7386895459850634,,1.9710393756243947,0.06960911261683872,0.8695652173913043,0.013643686409541788,0.10968921389396709,0.7586837294332723,0.923217550274223,0.5714285714285714,1.0,0.0
SCHB_G6_IMG_20261007_102112,school_b,6,sentence_02_copy_english,copy_english,latin,data/processed/school_b/SCHB_G6_IMG_20261007_102112/sentence_02_copy_english.json,0.22949633916805734,-0.0015952824797718322,0.0008870147217295242,-9.396418828207704e-19,0.09320548126040688,5.81278453648941,23.53792234878506,20.272023051471958,0.41978260635787323,2.8673835125448024,1.0726236061702914,1.661904761904762,0.3771051355715652,0.1,0.2,0.22956864446868847,0.49411764705882355,22.68918918918919,0.4738979502713081,1.9307027020487337,,,,,0.17182933956750437,1.7919345412039742,2.798363530099357,0.8571428571428571,2.0,0.0
SCHB_G6_IMG_20261007_102112,school_b,6,sentence_03_dictated_hindi,dictated_hindi,devanagari,data/processed/school_b/SCHB_G6_IMG_20261007_102112/sentence_03_dictated_hindi.json,1.844968085337478,-0.000706246388923049,,4.008870530222576e-15,0.3023898319923811,8.464524878114782,21.083177406530595,18.876365091044544,0.2369245816778468,2.8334888059701493,1.0952367906949088,0.6515151515151515,4.759428968284848,0.4090909090909091,0.36363636363636365,0.3470506837644651,0.17647058823529413,42.392857142857146,1.0302493849251313,,1.8308560510698773,0.07076753444151997,0.7142857142857143,0.028736195282192435,0.08379888268156424,0.7437150837988826,0.869413407821229,3.8333333333333335,1.0,0.0
SCHB_G6_IMG_20261007_102112,school_b,6,sentence_04_dictated_english,dictated_english,latin,data/processed/school_b/SCHB_G6_IMG_20261007_102112/sentence_04_dictated_english.json,0.8303035928157109,-0.04778114841583396,,3.4436739174533873e-15,0.18551226292079848,6.5409074326105765,24.33403328430979,19.531532442647535,0.34558732911504814,2.296606229660623,1.0732238838054566,2.316239316239316,0.09199965781400692,0.0,1.0,0.11207364917334368,0.4588235294117647,26.657894736842106,0.6130296346393552,1.411830162459064,,,,,0.1968454258675079,1.2302839116719242,1.62397476340694,1.0,1.0,0.0
SCHB_G6_IMG_20261007_102126,school_b,6,sentence_01_copy_hindi,copy_hindi,devanagari,data/processed/school_b/SCHB_G6_IMG_20261007_102126/sentence_01_copy_hindi.json,1.9028506248896995,-0.00394297885199071,,-5.828670879282072e-17,0.30728467986453745,10.048820130700001,20.327220374075754,22.305822432722128,0.3279792716124461,3.2612966601178783,1.100754743512919,1.5824561403508772,2.5525531035345708,0.47368421052631576,0.47368421052631576,0.34540685364095214,0.17647058823529413,29.676470588235293,0.12901678401675684,,1.7675700327451278,0.07577496225058984,1.0,0.0016587975998655202,0.05033557046979866,0.5738255033557047,0.9161073825503356,2.857142857142857,1.0,0.0
SCHB_G6_IMG_20261007_102126,school_b,6,sentence_02_copy_english,copy_english,latin,data/processed/school_b/SCHB_G6_IMG_20261007_102126/sentence_02_copy_english.json,,,,,,-17.54115356544915,20.77531842090794,19.54828628045526,0.47807310334532516,2.9033471229785626,1.0823227211110127,,,,,,0.5529411764705883,,,,,,,,0.16216216216216217,3.7027027027027026,1.5675675675675675,0.14285714285714285,1.0,0.0
SCHB_G6_IMG_20261007_102126,school_b,6,sentence_03_dictated_hindi,dictated_hindi,devanagari,data/processed/school_b/SCHB_G6_IMG_20261007_102126/sentence_03_dictated_hindi.json,1.137451428217259,-0.002934478718984922,,7.195632978351796e-16,0.1971823065016313,10.6534828359232,23.276401719164856,21.54142590927765,0.34168308655340623,3.100505689001264,1.0822436635599773,3.5095238095238095,1.2447905750239856,0.35714285714285715,0.5,0.290044573495922,0.17647058823529413,32.035714285714285,0.4047574558483972,,1.4587931715228903,0.07391351369734361,1.2857142857142858,0.0053736810282949375,0.036057692307692304,0.6760817307692307,0.8112980769230769,2.5,1.0,0.0
SCHB_G6_IMG_20261007_102126,school_b,6,sentence_04_dictated_english,dictated_english,latin,data/processed/school_b/SCHB_G6_IMG_20261007_102126/sentence_04_dictated_english.json,,,,,,-9.715402505077083,21.503440343044037,20.74396992888201,0.4685099752842921,2.2976501305482997,1.1038400663317913,,,,,,0.611764705882353,,,,,,,,0.4426787741203178,0.7082860385925085,0.7377979568671963,0.5714285714285714,1.0,0.0
SCHB_G6_IMG_20261007_102134,school_b,6,sentence_01_copy_hindi,copy_hindi,devanagari,data/processed/school_b/SCHB_G6_IMG_20261007_102134/sentence_01_copy_hindi.json,2.2563891051061336,-0.013877505157064233,,-8.218734335072339e-16,0.34354784547123396,9.174482724928025,21.459226817589066,20.363880616261202,0.3072875574901673,3.521373510861948,1.0827766621475219,1.0313725490196077,4.28028325221195,0.5294117647058824,0.29411764705882354,0.31253626350454905,0.17647058823529413,28.823529411764707,0.6661939015702989,,2.0516083395849334,0.055996940043527316,0.4444444444444444,0.01896078108098105,0.05827505827505828,0.5477855477855478,0.7692307692307693,2.5714285714285716,1.0,0.0
SCHB_G6_IMG_20261007_102134,school_b,6,sentence_02_copy_english,copy_english,latin,data/processed/school_b/SCHB_G6_IMG_20261007_102134/sentence_02_copy_english.json,2.025116488707979,0.0017056743805516598,,-2.232781860635037e-15,0.316838415934698,5.642175436740068,18.73894805855462,13.386083656780421,0.2621656386691566,2.7584415584415583,1.0662663938397836,0.7416666666666666,6.332443690504048,0.5,0.375,0.38076320831005467,0.17647058823529413,6.648648648648648,0.4081339752306695,1.8263902488357695,,,,,0.07364975450081833,0.6873977086743044,0.7855973813420621,0.6428571428571429,1.0,0.0
SCHB_G6_IMG_20261007_102134,school_b,6,sentence_03_dictated_hindi,dictated_hindi,devanagari,data/processed/school_b/SCHB_G6_IMG_20261007_102134/sentence_03_dictated_hindi.json,0.1169620313561131,0.013553143820746752,,6.689093723366568e-15,0.05072473907241659,-1.6566258587517388,22.702012495923338,26.463977889342107,0.26975963840391126,3.0439024390243907,1.0817581241584406,2.551351351351351,0.23929894826716142,0.0,0.8,0.05587260669577023,0.43529411764705883,31.357142857142858,0.4480138106796271,,2.266413345909827,0.03382262438697044,3.3333333333333335,0.00014766526555860321,0.18768115942028984,0.8847826086956522,1.4746376811594202,1.0,1.0,0.0
SCHB_G6_IMG_20261007_102134,school_b,6,sentence_04_dictated_english,dictated_english,latin,data/processed/school_b/SCHB_G6_IMG_20261007_102134/sentence_04_dictated_english.json,0.15232714025091407,0.014502451085073772,,-6.938893903907229e-19,0.0706857849352826,-6.743791460611851,19.694196970676806,14.787019249014248,0.5405720411640369,2.606232294617563,1.0762993026759409,2.9078947368421053,0.0995475113122172,0.0,1.0,0.1382265129350577,0.4470588235294118,19.105263157894736,0.6791860482648375,1.9517232597857734,,,,,0.3806343906510851,1.1419031719532553,1.5225375626043405,0.7142857142857143,1.0,0.0
SCHB_G6_IMG_20261007_102134,school_b,6,sentence_05_own_hindi,own_hindi,devanagari,data/processed/school_b/SCHB_G6_IMG_20261007_102134/sentence_05_own_hindi.json,0.7183197568169563,0.006414802161324571,,-5.18865995920404e-15,0.3260929191505817,6.828025950477887,23.323281549981747,25.002400286099192,0.35623197298946,2.126984126984128,1.1237091181083845,0.2354651162790698,11.010514896997666,0.5,0.25,0.32933791506135907,0.5058823529411764,,0.8772477696379413,,1.5341237426135153,0.023275831070608002,1.0588235294117647,0.02472332161311353,0.24618320610687022,2.7627226463104324,1.8600508905852418,,1.0,0.0
SCHB_G6_IMG_20261007_102134,school_b,6,sentence_06_own_english,own_english,latin,data/processed/school_b/SCHB_G6_IMG_20261007_102134/sentence_06_own_english.json,0.17346680530514824,0.0008309877380681263,,1.0995448378952548e-14,0.05765142568098614,-2.6436321729415515,21.32207939667527,17.085769958937522,0.43421895138989347,2.435297017500617,1.071239243379201,2.0,0.3710178287165041,0.0,0.625,0.18156447802728198,0.36470588235294116,,0.6331337344318342,2.3034192837992795,,,,,0.18496420047732698,1.4612171837708832,1.4982100238663485,,1.0,0.0
SCHB_G6_IMG_20261007_102141,school_b,6,sentence_01_copy_hindi,copy_hindi,devanagari,data/processed/school_b/SCHB_G6_IMG_20261007_102141/sentence_01_copy_hindi.json,0.6805519197129514,0.0011882713228921384,,-2.2687166155383636e-16,0.3146074203527263,4.204900805000237,20.31233358858912,28.277249683025243,0.35158727350831614,2.8063610851262863,1.0819711544976673,0.600206611570248,1.9732676258636135,0.5454545454545454,0.22727272727272727,0.3363633820112251,0.5057471264367817,27.88235294117647,0.7297495455189065,,1.6914224825360715,0.020667307717290737,0.4090909090909091,0.016255120959318657,0.14111610006414368,2.2296343810134704,2.0038486209108406,3.2857142857142856,1.0,0.0
SCHB_G6_IMG_20261007_102141,school_b,6,sentence_02_copy_english,copy_english,latin,data/processed/school_b/SCHB_G6_IMG_20261007_102141/sentence_02_copy_english.json,0.4188388478691828,-0.006341486031288987,0.016162312115647292,2.0539125955565396e-15,0.26777193313465175,-5.920743987008394,21.066060750325118,19.51510416415921,0.4511727355160587,2.425778421433744,1.0892285560828894,2.6952380952380954,0.7697563535879072,0.0,0.4,0.42990443955685964,0.7241379310344828,25.66216216216216,0.6098554586550613,1.2002040160395073,,,,,0.31764705882352945,4.870588235294118,2.2588235294117647,0.5,2.0,0.0
SCHB_G6_IMG_20261007_102141,school_b,6,sentence_03_dictated_hindi,dictated_hindi,devanagari,data/processed/school_b/SCHB_G6_IMG_20261007_102141/sentence_03_dictated_hindi.json,2.0588459259107768,-0.00887919367641002,,-1.6653345369377348e-16,0.32936724766080516,1.5278864564752688,20.597993712947716,17.838090866915486,0.27249017954356625,2.8318431911966986,1.0903255238783975,0.9515151515151515,4.4211923642524145,0.36363636363636365,0.36363636363636365,0.3349497854989138,0.1724137931034483,49.82142857142857,0.7217761632684737,,1.7517615210260025,0.07244127806596003,1.0476190476190477,0.00837667576833262,0.06900517538815411,0.8280621046578494,1.242093156986774,3.8333333333333335,1.0,0.0
SCHB_G6_IMG_20261007_102141,school_b,6,sentence_04_dictated_english,dictated_english,latin,data/processed/school_b/SCHB_G6_IMG_20261007_102141/sentence_04_dictated_english.json,0.21207790099025145,-0.016831875326941186,,3.716025503181746e-16,0.13617570073840918,-1.189823327131778,21.903880829276847,18.189765320311313,0.5370693471586927,1.8543543543543557,1.1035344703437078,1.1728395061728396,0.12338710115446401,0.0,0.0,0.1303729273226374,0.6206896551724138,32.76315789473684,0.8318914309568894,1.2164106007883588,,,,,0.2936555891238671,3.3933534743202416,1.6314199395770392,1.0,1.0,0.0
SCHB_G6_IMG_20261007_102151,school_b,6,sentence_01_copy_hindi,copy_hindi,devanagari,data/processed/school_b/SCHB_G6_IMG_20261007_102151/sentence_01_copy_hindi.json,1.898652281807544,0.02324674862677487,,3.347322419244847e-15,0.2559618569128926,2.674728547465021,18.507044047077834,18.81371579010429,0.2815801097811733,2.7906976744186047,1.095082371708694,0.8285714285714285,6.551627963989239,0.42857142857142855,0.42857142857142855,0.45157366956109213,0.1744186046511628,39.14705882352941,0.37652099120161914,,1.7615166245068936,0.0672492223258818,1.1333333333333333,0.011114789945844607,0.03759398496240601,0.5921052631578947,0.8176691729323308,0.2857142857142857,1.0,0.0
SCHB_G6_IMG_20261007_102151,school_b,6,sentence_02_copy_english,copy_english,latin,data/processed/school_b/SCHB_G6_IMG_20261007_102151/sentence_02_copy_english.json,1.1667424393960872,0.006692902755027154,,3.6236445942626637e-16,0.3253305641444011,-22.22925392596691,18.944182007197984,19.949462523907243,0.42460959690146993,3.296747967479676,1.081992899817335,0.5922920892494928,3.905419713786622,0.47058823529411764,0.29411764705882354,0.3979963765528285,0.3372093023255814,16.81081081081081,0.7451536326696238,2.4037629283351905,,,,,0.1760777170613236,2.0248937462052217,1.9368548876745597,0.21428571428571427,1.0,0.0
SCHB_G6_IMG_20261007_102151,school_b,6,sentence_03_dictated_hindi,dictated_hindi,devanagari,data/processed/school_b/SCHB_G6_IMG_20261007_102151/sentence_03_dictated_hindi.json,,,,,,4.627512930960293,21.558580375451438,28.473032036923396,0.43301206596523517,2.8116343490304714,1.1232109453205101,,,,,,0.313953488372093,,,,,,,,0.09920391916717698,0.31414574402939377,0.3472137170851194,0.16666666666666666,1.0,0.0
SCHB_G6_IMG_20261007_102151,school_b,6,sentence_06_own_english,own_english,latin,data/processed/school_b/SCHB_G6_IMG_20261007_102151/sentence_06_own_english.json,,,,,,-13.351540524034435,22.90375588259692,21.974525577962307,0.4225529859514376,3.691683569979716,1.0798315570074204,,,,,,0.29069767441860467,,,,,,,,0.11534025374855825,1.773356401384083,1.9607843137254901,,1.0,0.0
SCHB_G6_IMG_20261007_102203,school_b,6,sentence_01_copy_hindi,copy_hindi,devanagari,data/processed/school_b/SCHB_G6_IMG_20261007_102203/sentence_01_copy_hindi.json,2.5901029140166623,0.0018095263997963144,,-4.625929269271486e-16,0.3140280290045797,12.982730662326668,19.399767556697924,18.289181816416807,0.2671514312541111,3.480062143966857,1.0817125403422139,1.2862745098039219,3.0152857111333606,0.4117647058823529,0.47058823529411764,0.3041771212428821,0.1744186046511628,29.470588235294116,0.4171807829931653,,1.6509346133794496,0.07073337248486133,1.2222222222222223,0.033691574391396334,0.08823529411764705,0.6838235294117647,0.9705882352941176,2.5714285714285716,1.0,0.0
SCHB_G6_IMG_20261007_102203,school_b,6,sentence_02_copy_english,copy_english,latin,data/processed/school_b/SCHB_G6_IMG_20261007_102203/sentence_02_copy_english.json,0.013344179944115468,0.0010336572993936031,,2.511792857040618e-15,0.005560977024955626,11.956375426130691,20.167052863234865,14.33950113758407,0.42644787531488626,2.4296728485101076,1.076372813264697,1.4934640522875815,0.23791405174293379,0.0,0.1111111111111111,0.13563685860601804,0.3953488372093023,15.31081081081081,0.46790380212702565,2.094880908716043,,,,,0.23086419753086418,1.7209876543209877,1.6580246913580245,0.35714285714285715,1.0,0.0
SCHB_G6_IMG_20261007_102203,school_b,6,sentence_03_dictated_hindi,dictated_hindi,devanagari,data/processed/school_b/SCHB_G6_IMG_20261007_102203/sentence_03_dictated_hindi.json,0.9258863933908164,0.016334940681831334,,-4.3946328058079115e-16,0.30891249298882495,13.394964469969588,21.72702194517468,27.352994998564906,0.29306570718607544,2.6956521739130435,1.1221760576216795,1.0883116883116886,2.0867226186642265,0.36363636363636365,0.45454545454545453,0.32488854564454656,0.4069767441860465,33.5,0.30983255037837293,,1.480645211215685,0.03598282918341216,1.8333333333333333,0.014112947957225359,0.10093727469358328,2.1953857245854365,1.539293439077145,2.0,1.0,0.0
SCHB_G6_IMG_20261007_102203,school_b,6,sentence_04_dictated_english,dictated_english,latin,data/processed/school_b/SCHB_G6_IMG_20261007_102203/sentence_04_dictated_english.json,0.5662898307220674,0.002390889940021049,,1.4304796663439517e-15,0.20562791818533319,12.827041106959928,22.71852760504485,18.172416088014533,0.4334471772266915,3.0916666666666686,1.0805731962571024,0.6559139784946235,3.8183318935872896,0.3333333333333333,0.16666666666666666,0.37217483351966213,0.36046511627906974,37.44736842105263,0.6836871205757369,2.274516560179079,,,,,0.1748448956570784,2.0282007896221095,1.6785109983079525,1.8571428571428572,1.0,0.0
SCHB_G6_IMG_20261007_102218,school_b,6,sentence_01_copy_hindi,copy_hindi,devanagari,data/processed/school_b/SCHB_G6_IMG_20261007_102218/sentence_01_copy_hindi.json,1.6632620794139779,0.0042644772408430565,,1.6315451405360996e-15,0.24327138266647058,1.1693340893105555,21.548010488663984,20.184577036531323,0.20773808512637346,2.922230950510605,1.1048263453024676,1.7636363636363641,2.2110664080337252,0.45454545454545453,0.3181818181818182,0.2786031779387936,0.17045454545454544,26.441176470588236,0.9733652074077437,,1.7062818937626663,0.07062721624338465,0.35,0.012300075364938632,0.02948885976408912,0.4325032765399738,0.7077326343381389,3.2857142857142856,1.0,0.0
SCHB_G6_IMG_20261007_102218,school_b,6,sentence_02_copy_english,copy_english,latin,data/processed/school_b/SCHB_G6_IMG_20261007_102218/sentence_02_copy_english.json,0.1582456196327031,0.009254304477957415,0.0062294038199115385,-3.4044736726715737e-15,0.048431508630535657,-2.7695151607589374,21.637456217108234,18.745395991474382,0.43485584309811665,2.682926829268293,1.0763071915120181,3.5962962962962965,0.23427530166245214,0.0,1.0,0.11564713189303213,0.3409090909090909,21.62162162162162,0.42536657050251786,2.8734013115377675,,,,,0.14501510574018128,1.6132930513595167,2.2296072507552873,0.7857142857142857,2.0,0.0
SCHB_G6_IMG_20261007_102218,school_b,6,sentence_03_dictated_hindi,dictated_hindi,devanagari,data/processed/school_b/SCHB_G6_IMG_20261007_102218/sentence_03_dictated_hindi.json,1.5002091453661497,-0.004153822964088934,,1.5730170789118386e-15,0.24904444909883547,-0.9313845888134121,20.464125504297588,21.65078427540951,0.23206530453860955,3.1973482916879146,1.0962604142426757,1.7575757575757571,1.8430752999673858,0.2727272727272727,0.45454545454545453,0.3197199722241276,0.17045454545454544,39.285714285714285,0.4241261734144416,,1.5819182718681062,0.0803814601865724,1.0476190476190477,0.003290107808028884,0.05263157894736842,0.6140350877192983,0.9298245614035088,3.8333333333333335,1.0,0.0
SCHB_G6_IMG_20261007_102218,school_b,6,sentence_04_dictated_english,dictated_english,latin,data/processed/school_b/SCHB_G6_IMG_20261007_102218/sentence_04_dictated_english.json,0.5402711285970402,0.0019970840310105788,,3.157196726277789e-16,0.14426271582312813,-9.486157206355385,23.259520201382205,23.71916703644422,0.4280076247020392,3.1629701060752162,1.0740422514375656,2.984126984126984,0.20303805593287388,0.0,1.0,0.24050596789161938,0.3068181818181818,28.394736842105264,0.570817376097463,2.9054106648425657,,,,,0.08069336521219367,1.4363419007770473,1.3556485355648535,1.1428571428571428,1.0,0.0
SCHB_G6_IMG_20261007_102228,school_b,6,sentence_01_copy_hindi,copy_hindi,devanagari,data/processed/school_b/SCHB_G6_IMG_20261007_102228/sentence_01_copy_hindi.json,0.43915272550304496,0.008615252016754026,,-2.321060010856968e-15,0.12184249425305572,17.7938240351222,20.45029335461925,28.895570587489562,0.22155299732541278,3.2525252525252535,1.083416843462178,2.7407407407407405,0.1422820522987512,0.0,1.0,0.2717836837265724,0.3103448275862069,23.08823529411765,0.48971937666294224,,1.1635408777216896,0.02143731248474039,0.2222222222222222,0.0002736685039252168,0.13432835820895522,1.0170575692963753,1.4008528784648187,1.2857142857142858,1.0,0.0
SCHB_G6_IMG_20261007_102228,school_b,6,sentence_02_copy_english,copy_english,latin,data/processed/school_b/SCHB_G6_IMG_20261007_102228/sentence_02_copy_english.json,0.5048800195074161,0.0015454642096524342,,-1.0429157537572565e-15,0.13380508218857434,18.509708800321395,20.272644788158235,18.204663772815266,0.4405115137010565,2.8410757946210268,1.0733466602118575,2.2817460317460316,0.11271859669809549,0.0,0.8888888888888888,0.3011025310504725,0.3218390804597701,14.743243243243244,0.46915612688217395,2.583445960785041,,,,,0.08254716981132076,1.0400943396226416,1.2712264150943398,0.21428571428571427,1.0,0.0
SCHB_G6_IMG_20261007_102228,school_b,6,sentence_03_dictated_hindi,dictated_hindi,devanagari,data/processed/school_b/SCHB_G6_IMG_20261007_102228/sentence_03_dictated_hindi.json,1.3603505112282726,0.0072660892669521365,,-2.8836582244869197e-15,0.22565126386886838,13.008448067405288,21.214752852451987,21.135488366068113,0.2395329876297524,3.1724627395315825,1.1008416472288773,2.025925925925926,1.881742267777265,0.3333333333333333,0.5,0.26561791973480453,0.1724137931034483,34.17857142857143,0.4571991395736221,,1.5197833285969597,0.06747281170782056,0.7894736842105263,0.004245207790541225,0.11734028683181226,0.6160365058670143,0.772490221642764,3.1666666666666665,1.0,0.0
SCHB_G6_IMG_20261007_102228,school_b,6,sentence_04_dictated_english,dictated_english,latin,data/processed/school_b/SCHB_G6_IMG_20261007_102228/sentence_04_dictated_english.json,0.7038103350941144,0.005450797952458635,,-1.304512053934559e-15,0.21569185741216412,17.42242155218233,21.10728449356106,23.51963790857093,0.359172189575994,3.13953488372093,1.0792876576919779,2.1866666666666665,0.10316417265663796,0.0,0.8,0.33662049638195085,0.3448275862068966,30.736842105263158,0.666464267512016,1.195286331986395,,,,,0.07863695937090433,1.199213630406291,1.8872870249017037,0.8571428571428571,1.0,0.0
SCHB_G6_IMG_20261007_102238,school_b,6,sentence_01_copy_hindi,copy_hindi,devanagari,data/processed/school_b/SCHB_G6_IMG_20261007_102238/sentence_01_copy_hindi.json,1.4237011333788732,0.16927905209093913,0.24078695763762856,8.881784197001253e-17,0.3471520371050582,9.756203947510139,21.04419451505864,24.829896980122708,0.3695804211073378,3.7705688763516676,1.1013240062720722,0.008403361344537731,363.9343087288714,0.5,0.2857142857142857,0.40150349047397144,0.29651162790697677,57.470588235294116,0.8173463221298801,,2.0749493732392925,0.04051819010081264,0.5714285714285714,0.023904992085677215,0.15818858560794044,0.9649503722084367,1.6451612903225805,4.285714285714286,2.0,0.0
SCHB_G6_IMG_20261007_102238,school_b,6,sentence_02_copy_english,copy_english,latin,data/processed/school_b/SCHB_G6_IMG_20261007_102238/sentence_02_copy_english.json,0.01386913175967924,-0.0016919573557807584,,-1.3221071063337522e-15,0.010103043227711078,7.846088455337149,21.103599829730125,13.77690717450226,0.5484091475137881,2.0951156812339335,1.0683077452177925,1.485632183908046,0.2710222848349752,0.0,0.0,0.09969388959741349,0.6744186046511628,15.472972972972974,0.5020254301493051,2.0882322723952975,,,,,0.9398148148148149,1.2083333333333333,1.8125,0.2857142857142857,1.0,0.0
SCHB_G6_IMG_20261007_102238,school_b,6,sentence_03_dictated_hindi,dictated_hindi,devanagari,data/processed/school_b/SCHB_G6_IMG_20261007_102238/sentence_03_dictated_hindi.json,0.04549734262536019,0.008600156307577676,,3.305515583473806e-15,0.025046140081365707,10.096805318816903,21.204419947636424,22.756741050853,0.2992104221825365,2.2826086956521734,1.0981480920450506,2.1788617886178865,0.19560212570270383,0.0,0.6666666666666666,0.2156417802988751,0.47674418604651164,22.571428571428573,0.5001486988880458,,1.4896276595744682,0.01355113606530038,0.0,0.0006377551020407821,0.42239010989010983,0.5350274725274725,1.4079670329670328,1.3333333333333333,1.0,0.0
SCHB_G6_IMG_20261007_102238,school_b,6,sentence_04_dictated_english,dictated_english,latin,data/processed/school_b/SCHB_G6_IMG_20261007_102238/sentence_04_dictated_english.json,1.5963021358953258,-0.05580867809771417,,5.273559366969494e-16,0.1802467150790401,4.893634401578654,22.164823382162044,11.478396797852042,0.32285933505705733,2.2286794566587314,1.0768116258847173,5.9,0.23674945581646284,0.0,1.0,0.4103029664839819,0.1744186046511628,26.394736842105264,1.054285223066065,1.1742835473534676,,,,,0.16778523489932887,0.5369127516778524,0.7718120805369127,1.0,1.0,0.0
SCHB_G6_IMG_20261007_102238,school_b,6,sentence_05_own_hindi,own_hindi,devanagari,data/processed/school_b/SCHB_G6_IMG_20261007_102238/sentence_05_own_hindi.json,0.1455954335845809,0.06782645147767763,,-4.40619762898109e-15,0.031101847775712243,,,,,,,3.533333333333333,0.18678292333229554,0.0,1.0,0.14834128862991947,0.1744186046511628,,,,0.08123791102514506,2.6084796104414084e-16,0.0,6.525909052322806e-32,0.031446540880503145,0.5345911949685535,0.660377358490566,,1.0,0.0
SCHB_G6_IMG_20261007_102238,school_b,6,sentence_06_own_english,own_english,latin,data/processed/school_b/SCHB_G6_IMG_20261007_102238/sentence_06_own_english.json,0.7811835298914377,0.004863118308966703,,6.286637876939949e-15,0.2474728236605103,,,4.947877108595922,0.5155689229809232,1.311329170383586,1.0067190820162129,1.9677419354838708,0.5075793888407922,0.14285714285714285,0.5714285714285714,0.2130921728160946,0.36046511627906974,,0.0,0.6977777777777777,,,,,0.07167630057803469,0.7346820809248555,1.5947976878612717,,1.0,0.0
SCHB_G7_IMG_20261007_105302,school_b,7,sentence_01_copy_hindi,copy_hindi,devanagari,data/processed/school_b/SCHB_G7_IMG_20261007_105302/sentence_01_copy_hindi.json,2.8712250280826557,0.0008321862135320345,,1.4731805519064578e-15,0.5003197193747769,12.390588428395702,21.02995734107459,21.26784288099829,0.29943561452298945,3.830159347065682,1.0903255238783975,-3.266666666666667,-2.979318084526261,0.72,0.24,0.43158058408514244,0.1744186046511628,81.67647058823529,0.6842918095627772,,2.961585604418706,0.06040659463550033,1.68,0.023564649569852658,0.11129431162407255,1.7188788128606762,1.978565539983512,0.7142857142857143,1.0,0.0
SCHB_G7_IMG_20261007_105302,school_b,7,sentence_02_copy_english,copy_english,latin,data/processed/school_b/SCHB_G7_IMG_20261007_105302/sentence_02_copy_english.json,0.5027997307723044,-0.005156912680011337,0.018781827866616033,3.146788385421928e-15,0.18987115144388492,2.298570106414631,21.901603878330732,17.51015989430784,0.4753199127977776,3.284327323162274,1.0764013852930474,-0.6028806584362142,-8.40080602779406,0.25,0.4166666666666667,0.5475398251934046,0.47093023255813954,48.608108108108105,0.6883979641680377,7.190484614687,,,,,0.17810026385224276,9.225593667546175,6.269129287598945,0.21428571428571427,4.0,0.0
SCHB_G7_IMG_20261007_105302,school_b,7,sentence_03_dictated_hindi,dictated_hindi,devanagari,data/processed/school_b/SCHB_G7_IMG_20261007_105302/sentence_03_dictated_hindi.json,1.3406090808489182,0.006739803801497675,,9.91567938868343e-15,0.22506836669239122,9.363934387552082,21.225208948194798,20.964695328131082,0.28844424047864375,3.6660447761194033,1.0972172931471826,-0.13913043478260864,-45.41867524054464,0.34782608695652173,0.2608695652173913,0.21986137763554028,0.1744186046511628,61.57142857142857,0.5618363422192864,,1.9154745838426852,0.07947955081815213,1.1363636363636365,0.0009709947053721253,0.05918827508455468,0.7779030439684329,1.0231116121758737,0.3333333333333333,1.0,0.0
SCHB_G7_IMG_20261007_105302,school_b,7,sentence_04_dictated_english,dictated_english,latin,data/processed/school_b/SCHB_G7_IMG_20261007_105302/sentence_04_dictated_english.json,1.7702073159348402,-0.0027075989371621208,,1.9805585742866633e-15,0.45257588426430095,-1.7558528447783714,21.78119432465893,18.32824810659947,0.4498953025928519,3.129528985507246,1.0698029415123624,-0.5259259259259261,-5.35439557573443,0.5925925925925926,0.14814814814814814,0.4654973063782145,0.3488372093023256,51.078947368421055,0.7437779670800362,2.0972743639614753,,,,,0.4368932038834952,3.0400485436893208,2.220873786407767,0.5714285714285714,1.0,0.0
SCHB_G7_IMG_20261007_105302,school_b,7,sentence_05_own_hindi,own_hindi,devanagari,data/processed/school_b/SCHB_G7_IMG_20261007_105302/sentence_05_own_hindi.json,1.7611972326272216,0.0071172679931698945,0.0050720603175348706,-2.0889722700183865e-15,0.26208458892166314,10.123116286413833,18.93701587831885,17.031785269893916,0.32314432031655066,3.41710182767624,1.0820886187973422,1.2196078431372548,4.334719997724165,0.5294117647058824,0.29411764705882354,0.31968929078664265,0.1744186046511628,,0.7091601468672342,,9.912676329330438,0.07854609452690837,1.0,0.0027086226692724785,0.236096537250787,2.801678908709339,3.0220356768100736,,2.0,0.0
SCHB_G7_IMG_20261007_105302,school_b,7,sentence_06_own_english,own_english,latin,data/processed/school_b/SCHB_G7_IMG_20261007_105302/sentence_06_own_english.json,,,,,,0.18841812032727945,17.199458568709005,13.207031299134542,0.5662052547879795,2.7298850574712645,1.062895079622769,,,,,,0.813953488372093,,,,,,,,0.434108527131783,1.6279069767441863,1.5193798449612403,,1.0,0.0
SCHB_G7_IMG_20261007_105315,school_b,7,sentence_01_copy_hindi,copy_hindi,devanagari,data/processed/school_b/SCHB_G7_IMG_20261007_105315/sentence_01_copy_hindi.json,1.4222726864054065,-0.014903848689315614,0.02414408819324556,1.8520538638065113e-15,0.37592119925311396,-4.506972857497953,18.8770400263685,31.36902031946007,0.3869423065327273,3.393148450244698,1.1009230290894054,-0.41625615763546797,-6.184744443663065,0.6190476190476191,0.16666666666666666,0.47818272556083186,0.3493975903614458,81.52941176470588,0.5315798129226564,,1.9840528341304018,0.030788204819532906,1.1081081081081081,0.025562097246497183,0.15675675675675677,2.306563706563707,3.2247104247104246,0.5714285714285714,2.0,0.0
SCHB_G7_IMG_20261007_105315,school_b,7,sentence_02_copy_english,copy_english,latin,data/processed/school_b/SCHB_G7_IMG_20261007_105315/sentence_02_copy_english.json,0.7368793107147987,0.0019902081499121207,,4.564250212347866e-15,0.23191480968209452,-6.008783205919221,20.79227344556163,17.91304032871315,0.44744382442367553,3.043603811723939,1.0706692742412642,1.8035714285714284,0.20294856198525088,0.0,0.25,0.33370047975300915,0.42168674698795183,13.608108108108109,0.5760487455931459,1.5742717358842144,,,,,0.24459974587039393,1.2674714104193139,1.4675984752223634,0.2857142857142857,1.0,0.0
SCHB_G7_IMG_20261007_105315,school_b,7,sentence_03_dictated_hindi,dictated_hindi,devanagari,data/processed/school_b/SCHB_G7_IMG_20261007_105315/sentence_03_dictated_hindi.json,3.124528099478071,0.036872030257455585,0.053638086841706005,1.927162133578501e-15,0.374152772425415,-5.241551148500109,17.67793258125692,19.13306051122662,0.29073207168524257,3.132166566083283,1.0806268980172078,0.7047619047619049,4.552744693149149,0.39285714285714285,0.35714285714285715,0.3586839220162771,0.18072289156626506,59.285714285714285,0.42782871051316285,,1.5954341664089813,0.06955110387546679,1.206896551724138,0.0116143266648602,0.0430045871559633,0.7912844036697247,1.2729357798165137,0.3333333333333333,2.0,0.0
SCHB_G7_IMG_20261007_105315,school_b,7,sentence_04_dictated_english,dictated_english,latin,data/processed/school_b/SCHB_G7_IMG_20261007_105315/sentence_04_dictated_english.json,0.6805503530777474,-0.002160194955078223,,-6.075387106976551e-16,0.21061729685895572,-4.236993050450665,20.076404167135642,15.727710991250367,0.5200292793237711,2.383816293056315,1.0711914769107955,1.891025641025641,0.22218263875490085,0.0,0.125,0.2873526661187039,0.46987951807228917,30.36842105263158,0.6216494798084078,1.474160902266321,,,,,0.5592939878654164,1.2046332046332047,1.8714837286265857,1.1428571428571428,1.0,0.0
SCHB_G7_IMG_20261007_105315,school_b,7,sentence_05_own_hindi,own_hindi,devanagari,data/processed/school_b/SCHB_G7_IMG_20261007_105315/sentence_05_own_hindi.json,0.3895603119168757,0.05733625547549986,,-3.469446951953614e-18,0.1405808709508159,6.862820764877824,21.56009374734487,31.69026653014448,0.4608773444802762,2.6872246696035242,1.0970348169285178,1.237037037037037,0.3139004172953571,0.0,0.0,0.1420995832729291,0.5421686746987951,,0.8060899159030203,,1.0241525351184693,0.009458696213648988,0.0,0.00023115320886567917,0.3,2.025,2.85,,1.0,0.0
SCHB_G7_IMG_20261007_105315,school_b,7,sentence_06_own_english,own_english,latin,data/processed/school_b/SCHB_G7_IMG_20261007_105315/sentence_06_own_english.json,0.2980440999226608,8.159537804317049e-05,,2.6922908347160044e-16,0.15638945376078736,-6.8789180188774255,18.3640024743253,14.083116817760652,0.4944358364912955,2.7251578597540718,1.0634860382105686,1.5821256038647342,0.17131240497036682,0.0,0.1111111111111111,0.2880355680933955,0.5542168674698795,,0.5108548749964766,1.9197537211502973,,,,,0.46663107314468766,1.0560597971169248,1.8419647624132407,,1.0,0.0
SCHB_G7_IMG_20261007_105327,school_b,7,sentence_01_copy_hindi,copy_hindi,devanagari,data/processed/school_b/SCHB_G7_IMG_20261007_105327/sentence_01_copy_hindi.json,2.345621664148113,-0.03768382459696805,0.006149782949635835,1.816255479347717e-15,0.35256679728297824,3.2615608974424175,19.298541622085995,17.578160392207273,0.27949724306895857,3.1155840948382316,1.0817000217759574,0.36666666666666653,24.655564011103348,0.36666666666666664,0.4,0.38140001760725406,0.18072289156626506,74.44117647058823,0.5712193402298715,,1.86101483247081,0.06896134539148915,1.1428571428571428,0.014412912334202933,0.0650759219088937,0.8053145336225597,1.1876355748373102,0.5714285714285714,2.0,0.0
SCHB_G7_IMG_20261007_105327,school_b,7,sentence_02_copy_english,copy_english,latin,data/processed/school_b/SCHB_G7_IMG_20261007_105327/sentence_02_copy_english.json,0.8729619744099205,0.06144927536231883,,-1.3819963691948563e-15,0.37287997402347206,-0.4710358484535613,21.793169001205246,13.700311431406808,0.47255310469707607,2.76056338028169,1.0628950796227683,-0.1750000000000007,-71.72083066320667,0.5,0.5,0.5461497783880269,0.4819277108433735,22.33783783783784,0.7677377785794293,1.0965040526328094,,,,,0.20408163265306123,1.5192743764172336,1.564625850340136,0.2857142857142857,1.0,0.0
SCHB_G7_IMG_20261007_105327,school_b,7,sentence_03_dictated_hindi,dictated_hindi,devanagari,data/processed/school_b/SCHB_G7_IMG_20261007_105327/sentence_03_dictated_hindi.json,0.4571418482612667,-0.015567983475116055,,-2.936143391910459e-15,0.32914358131608706,-1.0797388660427836,21.113381157198663,28.543927437454734,0.31359498320251683,2.5504439063761106,1.1122054215363875,-0.15729047072330654,-19.564351463552025,0.5384615384615384,0.15384615384615385,0.46661107299599797,0.8072289156626506,67.57142857142857,0.9993016424567532,,1.857110418011566,0.01884278504919721,1.2857142857142858,0.003235430463829481,0.10668789808917198,3.8052016985138004,2.418259023354565,0.3333333333333333,1.0,0.0
SCHB_G7_IMG_20261007_105327,school_b,7,sentence_04_dictated_english,dictated_english,latin,data/processed/school_b/SCHB_G7_IMG_20261007_105327/sentence_04_dictated_english.json,0.4621569189288734,-0.06912858386496182,0.11153138822122378,3.4871095909817418e-15,0.22845432565152482,-0.723260691237323,21.678509557277206,16.345788647649986,0.4795726112944919,3.0784442979564934,1.0702170579077834,0.5666666666666667,3.981006148226372,0.25,0.125,0.3544927997580348,0.5421686746987951,61.31578947368421,0.9809706409633685,1.3077754046205354,,,,,0.2001111728738188,4.4774874930516955,4.877709838799333,0.5714285714285714,3.0,0.0
SCHB_G7_IMG_20261007_105327,school_b,7,sentence_05_own_hindi,own_hindi,devanagari,data/processed/school_b/SCHB_G7_IMG_20261007_105327/sentence_05_own_hindi.json,2.739700184053345,-0.002704321307309705,,2.733924198139448e-15,0.43272158559461227,1.2013573095167467,22.378754769604313,18.831669579368135,0.29905544881519375,3.3602324080051647,1.0857488832046407,-1.7757575757575763,-7.06848218922643,0.45454545454545453,0.36363636363636365,0.3409933332049359,0.18072289156626506,,1.0732357661475016,,2.2539192914196016,0.07280379831943938,0.8333333333333334,0.030336972441109958,0.0878048780487805,0.5853658536585367,0.6146341463414634,,1.0,0.0
SCHB_G7_IMG_20261007_105344,school_b,7,sentence_01_copy_hindi,copy_hindi,devanagari,data/processed/school_b/SCHB_G7_IMG_20261007_105344/sentence_01_copy_hindi.json,2.137174218659435,-0.0035754576594362875,0.01015352768401413,2.747393815717621e-15,0.3724948291706497,9.736679973220225,23.039559071419728,34.29924201090414,0.40236615146404936,3.8839779005524857,1.0829083991479078,-0.7483552631578947,-5.825494142263846,0.53125,0.25,0.2825946089487409,0.2235294117647059,70.5,0.42771434998716384,,1.7775185698799747,0.05673905122274337,1.40625,0.006728435813901716,0.13796680497925312,2.7002074688796682,2.54253112033195,0.5714285714285714,2.0,0.0
SCHB_G7_IMG_20261007_105344,school_b,7,sentence_02_copy_english,copy_english,latin,data/processed/school_b/SCHB_G7_IMG_20261007_105344/sentence_02_copy_english.json,0.5131437281153066,0.00621710310442591,,-3.822339270495182e-15,0.10322915344602283,9.217908237141964,23.85445255432703,20.5349097397602,0.39015704669004575,2.6373626373626373,1.079961602712272,1.8833333333333335,0.24594765667473228,0.0,0.16666666666666666,0.420296687538167,0.35294117647058826,19.135135135135137,0.3772655203325115,1.3671893981169412,,,,,0.21092482422931313,1.005949161709032,1.005949161709032,0.21428571428571427,1.0,0.0
SCHB_G7_IMG_20261007_105344,school_b,7,sentence_03_dictated_hindi,dictated_hindi,devanagari,data/processed/school_b/SCHB_G7_IMG_20261007_105344/sentence_03_dictated_hindi.json,1.594184537003759,0.0005350053204744724,,-1.9359513991901167e-15,0.22878940624329305,12.966854506266086,20.850357402811117,19.875562006684213,0.2612918855078469,3.1733393994540493,1.0910238536038617,0.7022222222222222,5.544297604594129,0.4,0.5333333333333333,0.24878652277756322,0.17647058823529413,39.0,0.5382728639017159,,2.0152585575956516,0.07329266196092339,1.4666666666666666,0.005352708173067266,0.0573394495412844,0.7912844036697247,1.1238532110091743,0.3333333333333333,1.0,0.0
SCHB_G7_IMG_20261007_105344,school_b,7,sentence_04_dictated_english,dictated_english,latin,data/processed/school_b/SCHB_G7_IMG_20261007_105344/sentence_04_dictated_english.json,0.05612213168789323,0.003997953719972701,0.007509167607677965,4.458273347446198e-15,0.024953125500596328,13.010134371999495,25.81955601729679,13.951681452931117,0.4490269962506277,2.082119205298013,1.0822759224243659,1.5579710144927539,0.1353373819708229,0.0,0.0,0.36916767456548477,0.40588235294117647,54.18421052631579,0.4446691148885327,1.072274761543184,,,,,0.38764044943820225,2.6318746303962155,2.1218214074512125,0.5714285714285714,2.0,0.0
SCHB_G7_IMG_20261007_105344,school_b,7,sentence_05_own_hindi,own_hindi,devanagari,data/processed/school_b/SCHB_G7_IMG_20261007_105344/sentence_05_own_hindi.json,0.1939536060558899,-0.00568181818181818,,8.02483079986871e-15,0.04158327325958993,11.353889609939925,23.372252167752865,31.86407464179333,0.4900705312379334,2.991202346041056,1.0864708413655562,2.203125,0.01002988342108578,0.0,1.0,0.12371791482634839,0.3764705882352941,,0.1057110874210535,,1.3682472137791288,0.04104534595625466,2.0,4.236187987660771e-05,0.19238476953907815,1.346693386773547,1.8597194388777556,,1.0,0.0
SCHB_G7_IMG_20261007_105344,school_b,7,sentence_06_own_english,own_english,latin,data/processed/school_b/SCHB_G7_IMG_20261007_105344/sentence_06_own_english.json,0.6698723302154188,0.0020954313727887335,,0.0,0.17134688203884588,12.855887888507551,25.571097153708827,22.348645968763634,0.29844352062551793,3.390334572490706,1.0820886187973433,0.288,7.65175683853384,0.4,0.0,0.35395933553263675,0.29411764705882354,,0.2966529618470924,1.9118882753236386,,,,,0.16891891891891891,0.8868243243243243,0.8868243243243243,,1.0,0.0
SCHB_G7_IMG_20261007_105355,school_b,7,sentence_01_copy_hindi,copy_hindi,devanagari,data/processed/school_b/SCHB_G7_IMG_20261007_105355/sentence_01_copy_hindi.json,1.6856808736221824,0.003544442271683084,0.006959725750949697,-2.445134042329214e-16,0.3028514334500932,4.054856080996822,21.24025164702017,24.057420139139527,0.307429539709766,3.05064308681672,1.0820886187973475,-0.3742424242424242,-22.56857898066429,0.375,0.375,0.4598950604780122,0.19411764705882353,106.97058823529412,0.3291915823519434,,2.447696004129732,0.05959651949269987,0.88,0.022524691162353866,0.05484764542936288,1.6911357340720221,1.6545706371191136,0.5714285714285714,2.0,0.0
SCHB_G7_IMG_20261007_105355,school_b,7,sentence_02_copy_english,copy_english,latin,data/processed/school_b/SCHB_G7_IMG_20261007_105355/sentence_02_copy_english.json,,,,,,1.6798362436341239,23.76376957193849,12.836533144222045,0.48314235415700524,2.315098468271333,1.0835712886694981,,,,,,0.4235294117647059,,,,,,,,0.36755530346001136,0.36755530346001136,0.36755530346001136,0.5714285714285714,1.0,0.0
SCHB_G7_IMG_20261007_105355,school_b,7,sentence_03_dictated_hindi,dictated_hindi,devanagari,data/processed/school_b/SCHB_G7_IMG_20261007_105355/sentence_03_dictated_hindi.json,0.7065817391739664,0.013053090507411916,,-2.9625424920260758e-15,0.2944896920320351,5.011122708477603,20.277728353113325,28.843123645506772,0.36898950728670643,3.1237113402061856,1.1045786156098036,0.4031746031746033,5.345298623999304,0.5555555555555556,0.2777777777777778,0.1995905127491377,0.4117647058823529,41.964285714285715,0.7647619679902419,,1.9313237819116793,0.03435827672028412,0.8333333333333334,0.004149781687486502,0.29875246224556795,1.953381483913329,2.1831910702560737,0.5,1.0,0.0
SCHB_G7_IMG_20261007_105355,school_b,7,sentence_04_dictated_english,dictated_english,latin,data/processed/school_b/SCHB_G7_IMG_20261007_105355/sentence_04_dictated_english.json,0.7796669473708009,0.016439799753914422,0.02582634968836189,7.197367701827773e-15,0.17953612794477178,3.7165285815841362,22.613154045148065,18.06954717352473,0.4746036517385823,2.5497485239448947,1.0798106427989282,2.1538461538461537,0.44240185469962334,0.07692307692307693,0.5384615384615384,0.44410379759086016,0.3764705882352941,48.10526315789474,0.7006100980248738,7.008748014855206,,,,,0.21227197346600332,2.2465450525152018,2.812603648424544,0.42857142857142855,3.0,0.0
SCHB_G7_IMG_20261007_105355,school_b,7,sentence_05_own_hindi,own_hindi,devanagari,data/processed/school_b/SCHB_G7_IMG_20261007_105355/sentence_05_own_hindi.json,1.1454967063034704,0.02856119591380875,0.04222110882108526,7.450389511680962e-15,0.2688493372727555,6.8146819681341055,22.104725593281973,31.327097260356965,0.34979727098426555,4.198473282442748,1.1045786156098036,1.350769230769231,1.7817000570000212,0.38461538461538464,0.38461538461538464,0.4189715337593522,0.29411764705882354,,0.12281328304818984,,1.430398045360537,0.05146976087060686,0.8333333333333334,0.02984342738763007,0.08460236886632826,1.9035532994923858,2.8130287648054146,,2.0,0.0
SCHB_G7_IMG_20261007_105355,school_b,7,sentence_06_own_english,own_english,latin,data/processed/school_b/SCHB_G7_IMG_20261007_105355/sentence_06_own_english.json,0.005048146986572747,-0.004444344388851056,,-1.3374717999781183e-15,0.0023316392172851187,3.1991272473580015,23.75748629075979,13.699554800752484,0.44076225288372006,2.142601218201363,1.0748265349105441,1.852941176470588,0.6786526452835541,0.0,0.6666666666666666,0.19155326172442863,0.4,,0.6449041488569898,2.791468642272795,,,,,0.21690590111642744,0.5422647527910686,0.5784157363104732,,1.0,0.0
SCHB_G7_IMG_20261007_105407,school_b,7,sentence_01_copy_hindi,copy_hindi,devanagari,data/processed/school_b/SCHB_G7_IMG_20261007_105407/sentence_01_copy_hindi.json,0.9557965752365242,-0.004012901801908111,0.004322344590040698,-1.9949319973733282e-16,0.17128765554893924,7.051343857044283,23.323392107169685,27.397154023637125,0.28475576882177545,3.365606936416185,1.0820886187973442,0.9040920716112533,4.49887120522576,0.34782608695652173,0.3695652173913043,0.31957571634040377,0.20359281437125748,81.6470588235294,0.5791501869731837,,1.9424289614344203,0.06200232013684543,1.1666666666666667,0.0043453382428873,0.05714285714285714,1.1714285714285715,2.0952380952380953,0.42857142857142855,2.0,0.0
SCHB_G7_IMG_20261007_105407,school_b,7,sentence_02_copy_english,copy_english,latin,data/processed/school_b/SCHB_G7_IMG_20261007_105407/sentence_02_copy_english.json,0.4752872976317627,-0.010005793070837382,,5.276161452183459e-15,0.15620463259322356,0.8756974383827448,24.459639369698394,14.846687872047328,0.521809519074291,2.429284525790348,1.0735280316598164,2.359073359073359,0.22747628326534156,0.0,0.7142857142857143,0.5031508996613392,0.4431137724550898,14.445945945945946,,,,,,,0.18489727928928373,1.4997223764575236,2.3214880621876732,0.2857142857142857,1.0,0.0
SCHB_G7_IMG_20261007_105407,school_b,7,sentence_03_dictated_hindi,dictated_hindi,devanagari,data/processed/school_b/SCHB_G7_IMG_20261007_105407/sentence_03_dictated_hindi.json,0.2621128289341824,0.01054693015206776,,-2.2435756955966707e-16,0.07758186950111762,0.2774414784530831,20.879756541731428,31.565595082767732,0.33348622435814534,3.5376183358246136,1.1157443433124008,0.8496503496503496,1.1171911078599366,0.2727272727272727,0.18181818181818182,0.18835335439957823,0.31137724550898205,20.142857142857142,0.6961924893258684,,1.7134038378581415,0.03427220711613224,0.8888888888888888,0.0022507945634180648,0.15526601520086863,0.4375678610206298,0.8045602605863192,0.6666666666666666,1.0,0.0
SCHB_G7_IMG_20261007_105407,school_b,7,sentence_04_dictated_english,dictated_english,latin,data/processed/school_b/SCHB_G7_IMG_20261007_105407/sentence_04_dictated_english.json,0.6438379328221108,-0.0012545193925282102,,-5.467848396278896e-16,0.17851894772659652,3.6035134012182968,22.35737208435559,22.396756446622692,0.413022067421095,2.857142857142856,1.0635803573999163,2.534188034188034,0.21253913866037108,0.0,0.8888888888888888,0.5041577850527332,0.31137724550898205,28.68421052631579,0.3347354223273117,1.829574174302071,,,,,0.10270880361173813,0.9243792325056432,1.2178329571106095,0.5714285714285714,1.0,0.0
SCHB_G7_IMG_20261007_105407,school_b,7,sentence_05_own_hindi,own_hindi,devanagari,data/processed/school_b/SCHB_G7_IMG_20261007_105407/sentence_05_own_hindi.json,1.6746990483895723,0.008049852405382555,,-2.2305389858378144e-15,0.252706946751966,6.058613711630161,21.895942649826736,20.755748944633343,0.3151596302860678,3.3783783783783785,1.0807932383184948,1.5066666666666666,3.227642828928364,0.5,0.4,0.21407273597982165,0.17964071856287425,,0.5800174829404633,,1.8218520231710655,0.07412116975831437,0.6666666666666666,0.009706480659968415,0.03645200486026731,0.528554070473876,0.7108140947752126,,1.0,0.0
SCHB_G7_IMG_20261007_105407,school_b,7,sentence_06_own_english,own_english,latin,data/processed/school_b/SCHB_G7_IMG_20261007_105407/sentence_06_own_english.json,0.6131911889334088,-0.001877727464470634,,8.167078124898808e-15,0.1477548454553419,-1.9662704933437656,26.139955466997506,21.448436737835934,0.4249958698579597,2.830188679245283,1.0799650917111556,4.211111111111111,0.052704444209599466,0.0,1.0,0.3734471982989769,0.3592814371257485,,0.34020041674286944,1.473388645413877,,,,,0.12539184952978058,0.5956112852664577,1.0344827586206897,,1.0,0.0
SCHB_G7_IMG_20261007_105422,school_b,7,sentence_01_copy_hindi,copy_hindi,devanagari,data/processed/school_b/SCHB_G7_IMG_20261007_105422/sentence_01_copy_hindi.json,1.8561513780928822,0.008885523147358963,0.03483380828361144,7.170190367370802e-16,0.24403524367670737,12.322268139419934,23.256955939245966,19.818643427759465,0.2445124711748131,2.8954802259887007,1.090325523878399,0.6679738562091503,8.853929906276242,0.5098039215686274,0.29411764705882354,0.3422063066565822,0.1744186046511628,105.08823529411765,0.8395099275467366,,2.16059950987638,0.06478223010523486,0.7714285714285715,0.019610943446230062,0.1092436974789916,1.403361344537815,1.7647058823529411,0.42857142857142855,3.0,1.0
SCHB_G7_IMG_20261007_105422,school_b,7,sentence_02_copy_english,copy_english,latin,data/processed/school_b/SCHB_G7_IMG_20261007_105422/sentence_02_copy_english.json,,,,,,12.745057225714875,25.70902924469794,13.326820512840936,0.48582276926299905,2.4466423737636656,1.082371864324533,,,,,,0.5,,,,,,,,0.8918161434977578,0.1446188340807175,0.04820627802690583,0.14285714285714285,1.0,1.0
SCHB_G7_IMG_20261007_105422,school_b,7,sentence_03_dictated_hindi,dictated_hindi,devanagari,data/processed/school_b/SCHB_G7_IMG_20261007_105422/sentence_03_dictated_hindi.json,2.3183094481734714,-0.005282280141653732,,3.615571894165307e-15,0.2949370874616067,15.333800746370672,21.407477063452053,19.880918710607137,0.3139172058462442,3.5187353629976577,1.0885828508536108,0.19797979797979795,18.877892647212157,0.5454545454545454,0.18181818181818182,0.28361341215905145,0.1744186046511628,57.32142857142857,0.6355217008928027,,2.1780172318217947,0.0712103424816122,0.6060606060606061,0.028286972533107593,0.15789473684210528,0.6731301939058172,1.07202216066482,1.1666666666666667,1.0,1.0
SCHB_G7_IMG_20261007_105422,school_b,7,sentence_04_dictated_english,dictated_english,latin,data/processed/school_b/SCHB_G7_IMG_20261007_105422/sentence_04_dictated_english.json,0.4463461165449683,0.06962876669943917,0.11153364956232219,3.3058047040531355e-15,0.1388189413093932,9.01164890025918,21.84545329644144,13.525046651894048,0.4926964396540751,2.388640342345847,1.0805021710371905,1.723809523809524,1.002077296648431,0.1111111111111111,0.5555555555555556,0.4042355340422744,0.4069767441860465,39.89473684210526,0.5416372717192268,1.3422908702716514,,,,,0.7061068702290076,1.1068702290076335,2.0229007633587788,1.0,3.0,1.0
SCHB_G7_IMG_20261007_105422,school_b,7,sentence_05_own_hindi,own_hindi,devanagari,data/processed/school_b/SCHB_G7_IMG_20261007_105422/sentence_05_own_hindi.json,1.9384157540818168,0.011300311642741874,,3.3306690738754696e-15,0.29056896420928824,14.210929508827503,23.493450778881222,20.401676131164145,0.31608805635215625,3.6023916292974585,1.0820886187973473,-0.06363636363636366,-93.33388287125919,0.45454545454545453,0.22727272727272727,0.307180168671845,0.1744186046511628,,0.9709976639292605,,2.6643802855341128,0.06680819360609963,0.6956521739130435,0.05562313515778732,0.07862550960978451,0.7251019219569016,0.8386721025043681,,1.0,1.0
SCHB_G7_IMG_20261007_105422,school_b,7,sentence_06_own_english,own_english,latin,data/processed/school_b/SCHB_G7_IMG_20261007_105422/sentence_06_own_english.json,0.17845620866967554,0.011434545534147297,,8.460246392338888e-15,0.12885712411886652,8.25389179491405,24.212313370999585,15.460423318468159,0.5767300400501328,2.3174603174603168,1.075157739454876,2.5655737704918034,0.22564145154005844,0.0,0.75,0.19556235015560774,0.7093023255813954,,0.7185241709681256,1.4926871776122197,,,,,0.6695551704217215,2.1848642403235123,1.6915077989601386,,1.0,1.0
SCHB_G7_IMG_20261007_105436,school_b,7,sentence_01_copy_hindi,copy_hindi,devanagari,data/processed/school_b/SCHB_G7_IMG_20261007_105436/sentence_01_copy_hindi.json,0.9306405502065438,-0.008099458881062074,0.00431029422868246,-6.449867095441385e-16,0.40881168982312627,-0.24381221298988184,20.9946330815182,27.44155997421768,0.3066221459201767,2.737955346650998,1.0930009283363578,-0.8195652173913045,-5.663271175034356,0.65,0.125,0.5782280584821219,0.5476190476190477,136.2058823529412,0.7672844990438878,,2.024270791930841,0.019642871839977368,1.0731707317073171,0.02479226831375062,0.4189435336976321,4.1615057680631455,3.547055251973285,0.5714285714285714,2.0,1.0
SCHB_G7_IMG_20261007_105436,school_b,7,sentence_02_copy_english,copy_english,latin,data/processed/school_b/SCHB_G7_IMG_20261007_105436/sentence_02_copy_english.json,0.7151737400955233,-0.05658808967845734,0.01699862718462333,1.0880185641326535e-15,0.23378812490513234,-5.23053473808397,24.681454195772574,14.57141094382724,0.44102953618142055,2.7450980392156867,1.078576224719187,1.602112676056338,0.7745641526120582,0.125,0.375,0.3619445649899102,0.4226190476190476,21.527027027027028,0.7636402798401378,1.482315829912591,,,,,0.15946097697922515,2.0131948343627175,1.6743402582818643,0.7142857142857143,2.0,1.0
SCHB_G7_IMG_20261007_105436,school_b,7,sentence_03_dictated_hindi,dictated_hindi,devanagari,data/processed/school_b/SCHB_G7_IMG_20261007_105436/sentence_03_dictated_hindi.json,0.518068155028407,-0.004541813025831679,,-1.925790875973681e-15,0.216416407676507,0.8460870916498445,19.81417574167733,26.36113994682799,0.30515682525242716,3.8495092693565973,1.082389504419769,1.2738095238095237,1.2585650153785122,0.4166666666666667,0.4166666666666667,0.2297044960839304,0.4166666666666667,50.464285714285715,1.300293683806603,,1.9560772596832443,0.035400509686979914,1.75,0.0006372485696570332,0.1437793427230047,2.9988262910798125,1.807511737089202,0.3333333333333333,2.0,1.0
SCHB_G7_IMG_20261007_105436,school_b,7,sentence_04_dictated_english,dictated_english,latin,data/processed/school_b/SCHB_G7_IMG_20261007_105436/sentence_04_dictated_english.json,0.3789422109216415,-0.02291352764647618,,2.257453483404485e-15,0.11921196489920845,0.9308016262597892,22.105418859320867,12.922547092836522,0.4841022187038475,2.3873610298420136,1.061092239972297,2.488372093023256,0.04019778162169453,0.0,1.0,0.31512820426608423,0.5119047619047619,31.5,0.6120450143935977,1.7505350414264818,,,,,0.43736616702355463,1.0588865096359743,1.5192719486081372,0.42857142857142855,1.0,1.0
SCHB_G7_IMG_20261007_105436,school_b,7,sentence_06_own_english,own_english,latin,data/processed/school_b/SCHB_G7_IMG_20261007_105436/sentence_06_own_english.json,0.8273873565438971,-0.002572292310794765,,7.253457094217689e-16,0.26091268651999155,-0.02733044788014567,21.836134721846676,16.71337435565497,0.4674836600541947,2.8536782538399357,1.0614878171159436,0.8148148148148149,3.707820638096929,0.35714285714285715,0.35714285714285715,0.47743976773565666,0.32142857142857145,,0.726388483660966,1.8744207404678022,,,,,0.2776898734177215,0.9825949367088607,1.2816455696202531,,1.0,1.0
SCHB_G7_IMG_20261007_105451,school_b,7,sentence_01_copy_hindi,copy_hindi,devanagari,data/processed/school_b/SCHB_G7_IMG_20261007_105451/sentence_01_copy_hindi.json,3.29785716258959,-0.016629835850719064,0.014169247541598547,3.827084368902537e-15,0.520753967135713,6.03223259858407,22.529770641345195,20.885717153993987,0.26376677082500677,3.6385061638868743,1.1001892308434154,-1.5118644067796607,-3.0052555476795098,0.6779661016949152,0.2033898305084746,0.3968979898652754,0.17647058823529413,121.47058823529412,0.5988389945666922,,2.621340464294374,0.05715262672180403,1.18,0.015515942017487643,0.12664165103189495,1.9840525328330207,2.9127579737335836,0.7142857142857143,2.0,0.0
SCHB_G7_IMG_20261007_105451,school_b,7,sentence_02_copy_english,copy_english,latin,data/processed/school_b/SCHB_G7_IMG_20261007_105451/sentence_02_copy_english.json,0.573649305925588,-0.3333333333333332,,-5.349887199912473e-15,0.09374019949839028,-10.365895341124133,22.095613047113968,20.730848079860046,0.4515492857301364,3.2823813354786804,1.0783653382247522,0.5384615384615384,0.10101525445522101,0.0,0.0,0.12371791482634839,0.3058823529411765,0.43243243243243246,,,,,,,0.19100091827364554,0.0,0.09550045913682277,0.21428571428571427,1.0,0.0
SCHB_G7_IMG_20261007_105451,school_b,7,sentence_03_dictated_hindi,dictated_hindi,devanagari,data/processed/school_b/SCHB_G7_IMG_20261007_105451/sentence_03_dictated_hindi.json,1.2068941940033473,0.1213790633594796,0.18460801837554394,2.78392225558404e-15,0.3651427533981111,4.025675281114818,19.7590536413313,27.306249966168398,0.4184084490352712,3.765084473049075,1.0823826295123486,-0.1052389705882353,-23.484106124304102,0.5441176470588235,0.16176470588235295,0.4606678394925306,0.3764705882352941,205.35714285714286,0.7346131281087513,,2.834001811821945,0.028820654880786705,0.7297297297297297,0.020013998577085673,0.24073078989790436,6.362170875873186,6.654486835034928,1.0,5.0,0.0
SCHB_G7_IMG_20261007_105451,school_b,7,sentence_04_dictated_english,dictated_english,latin,data/processed/school_b/SCHB_G7_IMG_20261007_105451/sentence_04_dictated_english.json,,,,,,-6.825948693631207,21.036362391523113,18.05238637182544,0.5275723801998428,2.9761388286334034,1.080833212144357,,,,,,0.611764705882353,,,,,,,,0.3324453915823122,0.8034096963239211,0.6648907831646244,0.7142857142857143,1.0,0.0
SCHB_G7_IMG_20261007_105451,school_b,7,sentence_05_own_hindi,own_hindi,devanagari,data/processed/school_b/SCHB_G7_IMG_20261007_105451/sentence_05_own_hindi.json,1.5489467765816423,0.008543735768194376,,-5.5307610343409885e-15,0.2600510893201615,4.970003393251272,22.070821801281802,17.628445141120164,0.2520182203797034,3.0870165745856353,1.0892435414082309,1.0952380952380953,3.0085081233726143,0.35714285714285715,0.2857142857142857,0.20222721096366242,0.17647058823529413,,0.7463208266209924,,1.6912576635584569,0.0822230498344633,0.7142857142857143,0.00367098721574959,0.07867132867132867,0.7604895104895105,0.9833916083916084,,1.0,0.0
SCHB_G7_IMG_20261007_105451,school_b,7,sentence_06_own_english,own_english,latin,data/processed/school_b/SCHB_G7_IMG_20261007_105451/sentence_06_own_english.json,0.1318310051649956,-0.018411308970150905,,6.2426915488818695e-15,0.05776545224595837,-6.064201200843034,22.646857924599864,16.839435469174443,0.4426197962285643,2.698619432143788,1.0728551446295649,1.6058823529411765,0.8871542299408645,0.2,0.6,0.08782423928929091,0.4,,1.0386512944678097,0.8890937217771485,,,,,0.3048523206751055,2.2953586497890295,1.3987341772151898,,1.0,0.0
SCHB_G7_IMG_20261007_105502,school_b,7,sentence_01_copy_hindi,copy_hindi,devanagari,data/processed/school_b/SCHB_G7_IMG_20261007_105502/sentence_01_copy_hindi.json,6.621567871729549,0.1446453407510431,,1.1472304587793285e-15,0.4877730775677942,12.682933018324388,20.326121943501917,21.38158727677195,0.3376104598918082,4.018795794839121,1.090439783287069,-2.0,-17.253405460951758,0.5,0.5,0.9437210489771585,0.17647058823529413,53.0,0.8435418278245583,,1.3471807366904318,0.07275958608312587,15.0,0.0007992431269450962,0.14285714285714285,0.8319327731092437,1.0672268907563025,0.42857142857142855,1.0,0.0
SCHB_G7_IMG_20261007_105502,school_b,7,sentence_02_copy_english,copy_english,latin,data/processed/school_b/SCHB_G7_IMG_20261007_105502/sentence_02_copy_english.json,0.40017110373043324,-0.008152489592813646,,3.8461297638800067e-16,0.1168763095773596,10.789088555195669,24.737226329995284,17.835861732947603,0.41522739690632726,2.9741212823483973,1.0797876982328956,1.1744186046511629,0.17342284392721835,0.0,0.0,0.3198815404115126,0.5058823529411764,19.62162162162162,0.44344009892905395,1.9940197766985348,,,,,0.3831391363947909,2.2988348183687455,2.004112405757368,0.2857142857142857,1.0,0.0
SCHB_G7_IMG_20261007_105502,school_b,7,sentence_03_dictated_hindi,dictated_hindi,devanagari,data/processed/school_b/SCHB_G7_IMG_20261007_105502/sentence_03_dictated_hindi.json,1.0097273681268537,-0.02764261734077643,0.016205388287746304,1.1253624295064087e-15,0.3073050261013689,13.755490105356186,23.7163851757598,25.37898682622215,0.3143264939230004,3.845278725824801,1.0942966332169142,-1.1593495934959352,-4.748173853862701,0.7560975609756098,0.04878048780487805,0.29474724962919885,0.35294117647058826,128.03571428571428,0.6706130588160548,,1.9155032266909844,0.03658399998530134,0.8333333333333334,0.0609297040601402,0.25229357798165136,2.5,3.188073394495413,1.5,3.0,0.0
SCHB_G7_IMG_20261007_105502,school_b,7,sentence_04_dictated_english,dictated_english,latin,data/processed/school_b/SCHB_G7_IMG_20261007_105502/sentence_04_dictated_english.json,0.9435215656597677,-0.0041753653444676405,,-3.566591466608315e-15,0.20286873799903365,9.625958392267036,22.45386069268443,17.211868668244676,0.46521940204979034,2.7989657401422128,1.0809172210893727,1.282051282051282,0.33941125496954283,0.0,0.0,0.47630168322642824,0.4588235294117647,43.55263157894737,0.5101699391317328,1.2022279864009233,,,,,0.31104294478527605,2.1773006134969326,2.249079754601227,0.8571428571428571,1.0,0.0
SCHB_G7_IMG_20261007_105502,school_b,7,sentence_05_own_hindi,own_hindi,devanagari,data/processed/school_b/SCHB_G7_IMG_20261007_105502/sentence_05_own_hindi.json,2.9120661237742183,0.002437110061393975,,-2.3641219700841568e-15,0.44178404821969747,14.827356652064726,25.10835867887842,18.91995617578934,0.28706612978669876,3.7128712871287126,1.0832821526942884,-3.4041666666666663,-4.07636005360517,0.625,0.1875,0.25841412169018246,0.17647058823529413,,0.44247898719319656,,2.0623695959440242,0.07912666030891802,1.3333333333333333,0.03580991191412256,0.13774104683195593,0.6060606060606061,1.0606060606060608,,1.0,0.0
SCHB_G7_IMG_20261007_105502,school_b,7,sentence_06_own_english,own_english,latin,data/processed/school_b/SCHB_G7_IMG_20261007_105502/sentence_06_own_english.json,,,,,,5.437995322814839,24.757662027598496,16.426445210859463,0.44992164067895607,2.839506172839505,1.073458758485625,,,,,,0.43529411764705883,,,,,,,,0.2948207171314741,1.49867197875166,1.8671978751660028,,1.0,0.0
SCHB_G7_IMG_20261007_105512,school_b,7,sentence_01_copy_hindi,copy_hindi,devanagari,data/processed/school_b/SCHB_G7_IMG_20261007_105512/sentence_01_copy_hindi.json,0.5615172235581388,-0.006877336347595537,0.024582480569180665,7.47635909120556e-16,0.270462992163945,0.8241374718869577,21.954949560775802,29.162185586597893,0.31789183845105595,1.7603249830737981,1.1172411477309439,0.17663817663817666,4.44108531371642,0.5925925925925926,0.0,0.45204577528159884,0.6190476190476191,55.529411764705884,0.4956750927156584,,1.957674529259204,0.016468476218285212,1.2413793103448276,0.013564127946549109,0.47301394784718015,4.698605215281989,3.721043056397817,1.1428571428571428,2.0,1.0
SCHB_G7_IMG_20261007_105512,school_b,7,sentence_02_copy_english,copy_english,latin,data/processed/school_b/SCHB_G7_IMG_20261007_105512/sentence_02_copy_english.json,2.9112772784374785,0.00214650211504661,,7.477487831818114e-15,0.3552990176615407,-0.12522201780367653,24.279857623764446,11.765133099184288,0.3035909908161814,2.346014492753623,1.068912375638037,0.5909090909090909,5.799989744012506,0.45454545454545453,0.3181818181818182,0.49007636390425613,0.17857142857142858,18.91891891891892,0.3913019673660342,1.691192275543415,,,,,0.12000000000000001,0.6738461538461539,1.153846153846154,0.21428571428571427,1.0,1.0
SCHB_G7_IMG_20261007_105512,school_b,7,sentence_03_dictated_hindi,dictated_hindi,devanagari,data/processed/school_b/SCHB_G7_IMG_20261007_105512/sentence_03_dictated_hindi.json,0.8068643261831815,0.0028508410660029377,,1.7367060170922091e-15,0.38602257860530337,2.1653493714316183,23.878855172193102,28.472787196937688,0.29805405567025905,2.0948970456580125,1.1083411974894637,0.3249607535321821,6.442095854820804,0.3076923076923077,0.15384615384615385,0.5628021317282019,0.5833333333333334,45.285714285714285,1.0031118042970115,,1.5230073305665548,0.019296369208711958,1.3571428571428572,0.008166573595982102,0.45581395348837206,3.581395348837209,2.53953488372093,0.5,1.0,1.0
SCHB_G7_IMG_20261007_105512,school_b,7,sentence_04_dictated_english,dictated_english,latin,data/processed/school_b/SCHB_G7_IMG_20261007_105512/sentence_04_dictated_english.json,0.18313483190042387,0.0016548469865876336,,1.3556863964758747e-15,0.07326863409798529,0.4280771714483201,21.616533991144088,14.7647472900072,0.49833899408031673,2.6550680786686844,1.0652108305623667,1.5156794425087108,0.2682145589491219,0.0,0.0,0.3078814187806803,0.4880952380952381,27.973684210526315,0.5312575179857495,1.7634780758134876,,,,,0.2683246073298429,1.5026178010471205,2.092931937172775,0.5714285714285714,1.0,1.0
SCHB_G7_IMG_20261007_105512,school_b,7,sentence_05_own_hindi,own_hindi,devanagari,data/processed/school_b/SCHB_G7_IMG_20261007_105512/sentence_05_own_hindi.json,2.679349676951525,-0.00978244804752795,,-3.284079357663521e-15,0.3709081829746174,6.651291192139084,22.906142548080716,19.128230189761318,0.2787976772562909,2.9814550641940087,1.0885645014533036,1.5282051282051283,3.132367746602154,0.38461538461538464,0.46153846153846156,0.3574483579509001,0.17857142857142858,,1.3700193885489358,,1.8366642714822394,0.0547503285990743,0.35714285714285715,0.06152410547915717,0.06632975363234365,1.0138976626658245,0.8243840808591283,,1.0,1.0
SCHB_G7_IMG_20261007_105512,school_b,7,sentence_06_own_english,own_english,latin,data/processed/school_b/SCHB_G7_IMG_20261007_105512/sentence_06_own_english.json,0.27301650830924085,-0.03267594179325569,,-5.406786129924513e-15,0.11331711948521411,3.558374608483832,24.793057742285555,16.36430320335768,0.4590410462338277,2.2995031937544366,1.072476652250198,0.8351063829787235,0.4844673804050294,0.0,0.0,0.17826736196976598,0.5595238095238095,,0.6274575819745208,1.5759442394565755,,,,,0.6520231213872831,3.0427745664739883,1.7387283236994218,,1.0,1.0
SCHB_G7_IMG_20261007_105529,school_b,7,sentence_01_copy_hindi,copy_hindi,devanagari,data/processed/school_b/SCHB_G7_IMG_20261007_105529/sentence_01_copy_hindi.json,1.0244616213050908,0.0038226808205763328,0.019092266776273674,1.7938692859196353e-15,0.40186158909418257,-2.2145178739590072,23.44365660815399,23.230166747994012,0.3369824187906239,2.8248031496063,1.0944734719546805,-0.2774390243902439,-5.523922379941513,0.675,0.075,0.2781569942152608,0.4880952380952381,78.32352941176471,0.7330980838495794,,2.0013410061874413,0.025685583290618257,0.7368421052631579,0.01725043718390872,0.35022779043280183,3.12870159453303,2.8952164009111616,6.0,2.0,0.0
SCHB_G7_IMG_20261007_105529,school_b,7,sentence_02_copy_english,copy_english,latin,data/processed/school_b/SCHB_G7_IMG_20261007_105529/sentence_02_copy_english.json,0.8052378072843343,-0.004714367478525491,0.053034780208865824,1.759703494030873e-15,0.27723606622674846,-4.633189503727117,22.250431523586617,16.730876488615234,0.4746755079579364,3.4297713485767622,1.076732464209451,3.950617283950617,1.2304679350904333,0.125,0.375,0.360880397465288,0.48214285714285715,29.95945945945946,0.7635617270761038,2.72488956791056,,,,,0.2042016806722689,1.9285714285714284,2.1100840336134454,0.7142857142857143,2.0,0.0
SCHB_G7_IMG_20261007_105529,school_b,7,sentence_03_dictated_hindi,dictated_hindi,devanagari,data/processed/school_b/SCHB_G7_IMG_20261007_105529/sentence_03_dictated_hindi.json,0.7626557502666863,0.006995670636521327,0.021968087359197655,-5.165394256114469e-16,0.2691062292905865,-3.845609435420958,23.661986445819245,22.61719313924662,0.26783314657092594,3.087806908031627,1.0900087332056678,0.14552845528455285,17.26161501680727,0.6,0.13333333333333333,0.34029961618104493,0.4880952380952381,112.71428571428571,0.6904755000280329,,4.8900752072119005,0.027296592661261308,1.0333333333333334,0.016654252431094613,0.29859943977591036,3.8358543417366944,4.111484593837535,0.8333333333333334,4.0,0.0
SCHB_G7_IMG_20261007_105529,school_b,7,sentence_04_dictated_english,dictated_english,latin,data/processed/school_b/SCHB_G7_IMG_20261007_105529/sentence_04_dictated_english.json,0.02467198967251628,0.00020444481970121212,,-1.6243950629046821e-15,0.015433973596739294,-10.605727717326019,22.494740270549098,15.785456177948817,0.49546402639265097,2.8092577813248205,1.0753575210046884,1.5053191489361701,0.0785904702832145,0.0,0.0,0.46380629477160773,0.5595238095238095,38.73684210526316,0.42735957361720756,1.809094734499908,,,,,0.342296918767507,2.738375350140056,2.369747899159664,0.7142857142857143,1.0,0.0
SCHB_G7_IMG_20261007_105529,school_b,7,sentence_05_own_hindi,own_hindi,devanagari,data/processed/school_b/SCHB_G7_IMG_20261007_105529/sentence_05_own_hindi.json,5.757989312213448,0.008943516226522773,,-1.1134883864622893e-15,0.7102900211581148,-5.671225457497845,23.102981261947143,19.311287588092345,0.3224842213307581,3.7828371278458843,1.1081940401011363,-1.4646464646464643,-2.669424312344167,0.6060606060606061,0.09090909090909091,0.3150616500857802,0.17857142857142858,,0.5460126384057098,,1.8679276177436097,0.06947464507749702,0.84,0.04221230700317536,0.13358778625954199,1.25,1.6030534351145038,,1.0,0.0
SCHB_G7_IMG_20261007_105529,school_b,7,sentence_06_own_english,own_english,latin,data/processed/school_b/SCHB_G7_IMG_20261007_105529/sentence_06_own_english.json,0.23563789250660055,-0.08096280087527351,,9.924931247221972e-15,0.0665346602395608,-8.111214631785987,20.50559333017831,17.31902997638388,0.47936389632943205,2.921794362842398,1.075320357750744,1.4814814814814814,0.972271824131503,0.0,0.5,0.3100508248785005,0.6428571428571429,,0.8674665397456058,1.1657456893614275,,,,,0.48972188633615477,2.709794437726723,2.0241837968561063,,1.0,0.0
SCHB_G7_IMG_20261007_105547,school_b,7,sentence_01_copy_hindi,copy_hindi,devanagari,data/processed/school_b/SCHB_G7_IMG_20261007_105547/sentence_01_copy_hindi.json,1.1115592449467715,0.008787956488280154,0.02686126149635595,1.853675942900931e-16,0.17940065718925455,10.655525677586473,23.50541358888953,17.455228054268467,0.3058199298484701,3.2796610169491522,1.0807932383184948,-0.3435897435897435,-32.795737542860266,0.4230769230769231,0.34615384615384615,0.35671986130383915,0.17857142857142858,59.38235294117647,0.5709205843826614,,1.7167993141969362,0.06841486798432408,0.6538461538461539,0.022267775853044288,0.22838499184339317,0.5301794453507341,1.133768352365416,2.0,2.0,0.0
SCHB_G7_IMG_20261007_105547,school_b,7,sentence_02_copy_english,copy_english,latin,data/processed/school_b/SCHB_G7_IMG_20261007_105547/sentence_02_copy_english.json,0.35904108716134625,0.03517720160343403,,1.806425379650515e-15,0.1347290745308422,3.489693752906904,24.553065035696847,14.102831068335927,0.5108007229923953,2.179176755447942,1.078758238797605,1.9300000000000002,0.191560998091185,0.0,0.6,0.4405833321006387,0.47619047619047616,18.5,0.562105223788833,1.2185640732487537,,,,,0.3864734299516908,1.460010735373054,1.3955984970477724,0.35714285714285715,1.0,0.0
SCHB_G7_IMG_20261007_105547,school_b,7,sentence_03_dictated_hindi,dictated_hindi,devanagari,data/processed/school_b/SCHB_G7_IMG_20261007_105547/sentence_03_dictated_hindi.json,1.0548143444127847,-0.007398829627670786,0.002597973209882504,7.970733127025284e-16,0.23071143968763916,12.728184830832442,24.59880210139674,28.74012229929584,0.4510592169270221,4.253846153846155,1.0821817071276134,-0.5066666666666666,-8.43004947311298,0.52,0.28,0.17112958260663033,0.25,80.10714285714286,0.560439451231699,,2.6017170693570777,0.05490531824292001,1.32,0.023148517648461726,0.35820895522388063,1.1082089552238807,1.6455223880597016,3.1666666666666665,2.0,0.0
SCHB_G7_IMG_20261007_105547,school_b,7,sentence_04_dictated_english,dictated_english,latin,data/processed/school_b/SCHB_G7_IMG_20261007_105547/sentence_04_dictated_english.json,0.6448159362239257,-0.004702368816593157,,-1.1564823173178713e-18,0.22512267172448513,2.996813092857829,25.072389978513172,13.962192466369507,0.49831264136298814,2.377164248947121,1.0777996320602976,2.2421052631578946,0.045759597862952896,0.0,1.0,0.4104052423314393,0.4523809523809524,32.10526315789474,0.5995610483432854,1.2641558398732964,,,,,0.26459560792715586,1.2212104981253349,1.384038564542046,0.5714285714285714,1.0,0.0
SCHB_G7_IMG_20261007_105547,school_b,7,sentence_05_own_hindi,own_hindi,devanagari,data/processed/school_b/SCHB_G7_IMG_20261007_105547/sentence_05_own_hindi.json,1.9682477866479322,0.004581144834747316,,7.605027718682322e-15,0.27605192718457694,12.670356628704157,24.99707464057377,18.63592790908324,0.27275329382860697,3.5157501334757075,1.1012346035087086,-0.21333333333333337,-16.969477588978897,0.4666666666666667,0.26666666666666666,0.24326554133013775,0.17857142857142858,,0.7435717660967471,,2.2975168218378648,0.08523722473541535,0.6666666666666666,0.0021359400796623815,0.1978565539983512,0.7666941467436109,0.8903544929925804,,1.0,0.0
SCHB_G7_IMG_20261007_105547,school_b,7,sentence_06_own_english,own_english,latin,data/processed/school_b/SCHB_G7_IMG_20261007_105547/sentence_06_own_english.json,0.0187039227195202,-0.0008455360489624366,,2.0300601477618585e-15,0.011312939332112488,8.0825369764466,24.02800788511912,15.409175226344413,0.5669835926093482,2.090090090090091,1.0814639970409425,2.2803030303030307,0.12381824022315095,0.0,0.6666666666666666,0.10454591703020547,0.5238095238095238,,0.38281101791791816,1.7651856727277822,,,,,0.6552494415487714,1.4087862993298585,1.5398361876396127,,1.0,0.0
SCHB_G7_IMG_20261007_105613,school_b,7,sentence_01_copy_hindi,copy_hindi,devanagari,data/processed/school_b/SCHB_G7_IMG_20261007_105613/sentence_01_copy_hindi.json,0.5466842117089561,-0.008244154667110096,,2.3240509134017554e-15,0.29894073189493553,10.677816416924967,23.173913195188373,30.626585153027946,0.3047744181936575,1.858037578288101,1.1164441817091029,0.1171875,6.207973102482989,0.6785714285714286,0.0,0.45573395419703766,0.7441860465116279,45.44117647058823,0.7638125751054958,,2.189622437009532,0.015032281256420756,0.8518518518518519,0.03199923368263292,0.7398843930635838,6.1304706853839805,6.923203963666391,1.1428571428571428,1.0,0.0
SCHB_G7_IMG_20261007_105613,school_b,7,sentence_02_copy_english,copy_english,latin,data/processed/school_b/SCHB_G7_IMG_20261007_105613/sentence_02_copy_english.json,0.2544334455726105,0.03366593390289422,0.013979720089429206,3.3219954564955856e-16,0.10802536586317973,-5.453400643011937,23.196343881432576,16.619366627528,0.5029646713579939,2.838709677419353,1.0796502863370274,2.1016260162601625,0.2807855159533597,0.0,0.8333333333333334,0.229846512967485,0.47674418604651164,26.824324324324323,0.6109907021646335,1.6132024365743156,,,,,0.11257550796265788,3.2646897309170786,3.8050521691378365,0.2857142857142857,2.0,0.0
SCHB_G7_IMG_20261007_105613,school_b,7,sentence_03_dictated_hindi,dictated_hindi,devanagari,data/processed/school_b/SCHB_G7_IMG_20261007_105613/sentence_03_dictated_hindi.json,1.1515190483038378,-0.0880904351293894,0.11236481198913321,1.393825531183422e-15,0.33920555140682135,9.410579280730843,22.74693049699257,27.270002527066804,0.3590587215307125,3.6487098234495248,1.0817020027180777,-0.0958677685950413,-23.18215812667635,0.6666666666666666,0.21212121212121213,0.3565757960920889,0.31976744186046513,78.5,0.5793651767348773,,2.0086161259872877,0.04330341784946932,1.03125,0.027654330667394884,0.29141104294478526,1.7177914110429446,2.1319018404907975,1.3333333333333333,2.0,0.0
SCHB_G7_IMG_20261007_105613,school_b,7,sentence_04_dictated_english,dictated_english,latin,data/processed/school_b/SCHB_G7_IMG_20261007_105613/sentence_04_dictated_english.json,0.3529227914296545,-0.014005192260296444,0.019806332838153935,3.5265359395247782e-15,0.15358536516398294,-5.287770043127922,22.992272964493864,16.459611302892764,0.5419659474295079,2.5906414626588163,1.076733233673193,1.1368421052631579,1.2667262277527918,0.2857142857142857,0.2857142857142857,0.2587390387277886,0.5523255813953488,37.55263157894737,1.0182303800590295,1.4962688131444333,,,,,0.3054662379421222,2.7237406216505895,1.3491425509110397,0.8571428571428571,2.0,0.0
SCHB_G7_IMG_20261007_105613,school_b,7,sentence_05_own_hindi,own_hindi,devanagari,data/processed/school_b/SCHB_G7_IMG_20261007_105613/sentence_05_own_hindi.json,3.549344980676831,-0.12665474060822896,,2.581268532253489e-16,0.36036391945989055,6.18289306074241,22.849880311990123,18.51715244925708,0.37247419403433935,3.477979274611399,1.0820506890682884,1.2962962962962963,5.464095795018866,0.5555555555555556,0.3333333333333333,0.2513961017995307,0.1744186046511628,,0.6399233956360495,,2.03034061443914,0.06503345354652902,1.1,0.03195291089989511,0.057416267942583726,0.6459330143540669,0.7894736842105262,,1.0,0.0
SCHB_G7_IMG_20261007_105613,school_b,7,sentence_06_own_english,own_english,latin,data/processed/school_b/SCHB_G7_IMG_20261007_105613/sentence_06_own_english.json,0.3848276525889844,-0.0007868703869671684,,-6.869504964868156e-15,0.12551658965657503,-11.137109524426222,22.5038471827637,13.22463269839306,0.41878680406040447,2.500000000000001,1.0776633775841573,2.9294871794871797,0.2575124519257231,0.0,0.75,0.49897377252270586,0.45348837209302323,,0.49922223463681203,2.083401470247998,,,,,0.3371757925072046,1.685878962536023,1.2363112391930835,,1.0,0.0
SCHB_G7_IMG_20261007_105625,school_b,7,sentence_01_copy_hindi,copy_hindi,devanagari,data/processed/school_b/SCHB_G7_IMG_20261007_105625/sentence_01_copy_hindi.json,2.230781620932369,0.000398693125853003,0.005881433460480664,3.431598439750484e-16,0.32249929025415625,6.14137796505918,19.85266611785754,23.07831555940665,0.3017165215892211,3.3592814371257487,1.0930529532515165,0.6787878787878787,14.642988950442895,0.3,0.45,0.5034624234572752,0.19760479041916168,68.44117647058823,0.49286053624658815,,1.88413864919251,0.06964533215841306,1.8,0.01174242493538994,0.11585722644821533,0.7820362785254534,1.2840842598010531,3.142857142857143,2.0,0.0
SCHB_G7_IMG_20261007_105625,school_b,7,sentence_02_copy_english,copy_english,latin,data/processed/school_b/SCHB_G7_IMG_20261007_105625/sentence_02_copy_english.json,1.8539848623275483,-0.35489466276564163,0.4303780170495128,-4.904410211281629e-15,0.29562261120989985,-7.307061355049968,22.263812987342114,13.176273672479889,0.487903394369471,2.519046847138921,1.0805021710371903,3.8214285714285716,0.3027981625752957,0.0,0.875,0.5054805612872747,0.3772455089820359,14.41891891891892,1.1371935996857065,1.1273166365535456,,,,,0.1547911547911548,1.6253071253071252,1.4318181818181819,0.7142857142857143,2.0,0.0
SCHB_G7_IMG_20261007_105625,school_b,7,sentence_03_dictated_hindi,dictated_hindi,devanagari,data/processed/school_b/SCHB_G7_IMG_20261007_105625/sentence_03_dictated_hindi.json,1.7911137441702474,-0.004586493220547638,,2.0174079798012017e-15,0.30020551099864445,6.747632684616006,20.808027386749973,19.90367132292513,0.2606001865813433,3.5501269035532994,1.0955336634614796,1.284848484848485,4.295147895580949,0.36363636363636365,0.2727272727272727,0.3113327027592335,0.17964071856287425,43.964285714285715,0.5858563930345273,,2.1986092203274383,0.0802309672140583,0.8571428571428571,0.013044306284856417,0.14010507880910683,0.5253940455341506,1.0332749562171628,0.8333333333333334,1.0,0.0
SCHB_G7_IMG_20261007_105625,school_b,7,sentence_04_dictated_english,dictated_english,latin,data/processed/school_b/SCHB_G7_IMG_20261007_105625/sentence_04_dictated_english.json,0.6343205753353877,0.04127821189727857,0.08513363003013985,8.58731488695419e-15,0.20725408761089117,-8.091433684660903,19.995772346776334,14.623389158727477,0.523273952673466,2.636340139570949,1.07879863536516,2.629166666666667,0.264548006806199,0.0,0.8,0.42876667071589963,0.5748502994011976,54.0,0.8301781670962907,2.2324524027965045,,,,,0.24026696329254726,3.4171301446051165,3.2035595105672967,0.2857142857142857,3.0,0.0
SCHB_G7_IMG_20261007_105625,school_b,7,sentence_05_own_hindi,own_hindi,devanagari,data/processed/school_b/SCHB_G7_IMG_20261007_105625/sentence_05_own_hindi.json,1.2552459240940785,-0.0109400598926151,,-9.53205768285313e-15,0.22824597908736302,1.7197151701790483,22.427727751571116,19.37760694107215,0.2733306821160501,3.1958128078817736,1.088257569265248,4.266666666666667,1.5465198455928393,0.3076923076923077,0.38461538461538464,0.20723662275168944,0.17964071856287425,,0.594818447181131,,1.47697095512607,0.07733079308899803,1.5714285714285714,0.0021335445172636826,0.06291192330736968,0.36848412222887955,0.7819053325344518,,1.0,0.0
SCHB_G7_IMG_20261007_105625,school_b,7,sentence_06_own_english,own_english,latin,data/processed/school_b/SCHB_G7_IMG_20261007_105625/sentence_06_own_english.json,1.045406637463543,-0.028713606422261555,,2.3473286806360452e-15,0.48530606390176523,-4.682822764460567,21.279217667569803,14.492378693688273,0.5197104883095314,2.3389830508474567,1.0780945611834105,3.0384615384615383,0.6969003024192516,0.16666666666666666,0.8333333333333334,0.6209570664091392,0.46706586826347307,,0.8150651099577136,1.801841517207542,,,,,0.14990390775144138,2.2485586162716205,1.09929532351057,,1.0,0.0
SCHB_G7_IMG_20261007_105637,school_b,7,sentence_01_copy_hindi,copy_hindi,devanagari,data/processed/school_b/SCHB_G7_IMG_20261007_105637/sentence_01_copy_hindi.json,1.8871431297453178,-0.010130192072122447,,-4.996003610813204e-16,0.26973155132327936,7.509304251955487,24.210914423221297,19.677345430089847,0.277440679325045,3.22648671446647,1.080337746600207,-0.49777777777777765,-10.38712891791733,0.5333333333333333,0.4,0.5233591180689592,0.17647058823529413,50.38235294117647,0.535783586275316,,1.7073563409294965,0.06989672480289234,1.625,0.015105279632767659,0.24369747899159663,0.8151260504201681,0.9831932773109243,2.2857142857142856,1.0,0.0
SCHB_G7_IMG_20261007_105637,school_b,7,sentence_02_copy_english,copy_english,latin,data/processed/school_b/SCHB_G7_IMG_20261007_105637/sentence_02_copy_english.json,0.8189634121936993,0.0408902193271226,,2.299747693866396e-15,0.316135303299643,0.5056684856894914,23.016995994973154,17.011008270897605,0.46706096787137846,2.611731843575419,1.0748934195831037,1.4074074074074072,0.823094626724617,0.16666666666666666,0.3333333333333333,0.4255216048613411,0.5294117647058824,18.5,0.6333908248051794,1.260059326626926,,,,,0.4285714285714286,1.8907563025210086,1.9411764705882355,0.5,1.0,0.0
SCHB_G7_IMG_20261007_105637,school_b,7,sentence_03_dictated_hindi,dictated_hindi,devanagari,data/processed/school_b/SCHB_G7_IMG_20261007_105637/sentence_03_dictated_hindi.json,0.8271144090436133,0.09548472903706491,0.15190608341689063,2.723377079405509e-15,0.24540018516313974,6.45940967877317,22.442638222135006,29.185321919598945,0.3330932620680858,3.9963167587477013,1.1155764806215271,0.4662668665667166,5.083998415875503,0.43478260869565216,0.2608695652173913,0.1973372938252472,0.3411764705882353,58.75,0.5417018693974746,,1.8852744855746346,0.0419968366035188,1.0833333333333333,0.016525147037921812,0.24667729930887827,1.2950558213716108,2.0813397129186604,1.1666666666666667,2.0,0.0
SCHB_G7_IMG_20261007_105637,school_b,7,sentence_04_dictated_english,dictated_english,latin,data/processed/school_b/SCHB_G7_IMG_20261007_105637/sentence_04_dictated_english.json,0.19872605841911262,-0.005929133228101904,0.02160200980535564,-3.0080105073437835e-15,0.09392186445867354,-5.674403672702912,20.906790857406087,15.96881639889073,0.4979473857630852,2.6679221594475826,1.0775238694396696,1.4746376811594202,0.3291686456749583,0.0,0.0,0.4963005291023868,0.5411764705882353,40.36842105263158,0.5693266515359462,1.5603766663975247,,,,,0.48988285410010646,1.9350372736954204,2.449414270500532,1.2857142857142858,2.0,0.0
SCHB_G7_IMG_20261007_105637,school_b,7,sentence_05_own_hindi,own_hindi,devanagari,data/processed/school_b/SCHB_G7_IMG_20261007_105637/sentence_05_own_hindi.json,2.0458892275495386,0.002504760258573468,0.030661969068762934,-4.2771342023684154e-15,0.29518388383057403,7.619196786135843,23.943542597082484,19.717748607754295,0.25755477456237064,3.730690010298661,1.0879076514215913,2.888888888888889,3.1717722533764228,0.3888888888888889,0.3888888888888889,0.2581290339164026,0.17647058823529413,,0.5442504878762031,,2.64077247401911,0.07784314386131068,1.1111111111111112,0.029058477421364644,0.20371694067190851,0.4503216583273767,1.5225160829163689,,2.0,0.0
SCHB_G7_IMG_20261007_105637,school_b,7,sentence_06_own_english,own_english,latin,data/processed/school_b/SCHB_G7_IMG_20261007_105637/sentence_06_own_english.json,0.40367410701006434,0.019142287406230845,,-4.274358644806853e-15,0.1517467576089456,-4.545563161999131,22.305314236480744,12.139386148255197,0.521538253543859,2.4177949709864603,1.0700775720361537,1.6250000000000002,0.6200564267642693,0.0,0.5,0.17444852160929344,0.5411764705882353,,0.623303687304547,2.439214164223652,,,,,0.5667351129363449,1.3853524982888432,1.6372347707049966,,1.0,0.0
SCHB_G7_IMG_20261007_105649,school_b,7,sentence_01_copy_hindi,copy_hindi,devanagari,data/processed/school_b/SCHB_G7_IMG_20261007_105649/sentence_01_copy_hindi.json,0.5224412193521804,-0.005860913000634223,0.00927650796448804,2.7582992869813784e-15,0.22244606503912817,9.31791918165079,21.74146653673631,25.736560610730514,0.2856799870838135,2.7238198589256646,1.0885933447883396,-0.5420014609203798,-8.908245943396285,0.6756756756756757,0.16216216216216217,0.36040980734994765,0.44047619047619047,88.41176470588235,0.5070766070120356,,1.8347633917163448,0.026202302923066835,0.6052631578947368,0.029978367284081486,0.5090809025866814,1.669785360484315,2.504678040726472,2.142857142857143,2.0,0.0
SCHB_G7_IMG_20261007_105649,school_b,7,sentence_02_copy_english,copy_english,latin,data/processed/school_b/SCHB_G7_IMG_20261007_105649/sentence_02_copy_english.json,0.2221091796142145,-0.015085591551531939,0.011650324714740038,6.029127814283836e-16,0.08573276279092164,4.822514866143111,22.386297142084953,14.95184206553762,0.4732099839340874,3.044315992292871,1.07215065432111,2.361344537815126,0.37302238055999276,0.0,0.5714285714285714,0.30641506184342787,0.40476190476190477,19.85135135135135,0.6094696864437984,1.8570426479936077,,,,,0.3695652173913043,1.016304347826087,1.5336956521739131,0.42857142857142855,2.0,0.0
SCHB_G7_IMG_20261007_105649,school_b,7,sentence_03_dictated_hindi,dictated_hindi,devanagari,data/processed/school_b/SCHB_G7_IMG_20261007_105649/sentence_03_dictated_hindi.json,2.3863090179242312,-0.015149096765312708,,3.2299559852130446e-15,0.35743171364732995,5.609472726073372,21.907901098590607,18.984535534439253,0.2990284767022128,3.3787575150300597,1.0813464984996108,0.3,9.766637363351084,0.4117647058823529,0.17647058823529413,0.3195991512592998,0.17857142857142858,57.214285714285715,0.7208670714897888,,2.5602509763035695,0.06972352028910346,0.6176470588235294,0.009206628004953591,0.20172135556750942,0.6132329209252286,1.1538461538461537,2.1666666666666665,1.0,0.0
SCHB_G7_IMG_20261007_105649,school_b,7,sentence_04_dictated_english,dictated_english,latin,data/processed/school_b/SCHB_G7_IMG_20261007_105649/sentence_04_dictated_english.json,0.5195274866425678,-0.02952465365035997,0.05165978277822291,4.014425476343026e-15,0.1772054808953177,-0.6254837590278675,21.375368318435097,16.17380472338486,0.47446206392832535,2.9462439696760856,1.0737623391617916,0.9902777777777777,1.629476043385528,0.375,0.25,0.43455050029798686,0.35714285714285715,42.89473684210526,0.4296270142567882,1.9724382485552985,,,,,0.3394396551724138,1.228448275862069,1.8588362068965516,0.5714285714285714,3.0,0.0
SCHB_G7_IMG_20261007_105649,school_b,7,sentence_05_own_hindi,own_hindi,devanagari,data/processed/school_b/SCHB_G7_IMG_20261007_105649/sentence_05_own_hindi.json,2.0402971401077967,-0.01147344602404124,,1.6861512186494565e-15,0.37009281573941777,10.117550770811496,25.51025667330925,19.051617099134496,0.29531027247696723,3.235451147891084,1.0848499030311574,-1.191111111111111,-5.384028579041508,0.6,0.2,0.4781049935038757,0.17857142857142858,,0.7342024397522393,,1.8001786877823014,0.06701483397648413,1.2666666666666666,0.023054636443874316,0.22388059701492538,1.3668499607227025,1.4021995286724274,,1.0,0.0
SCHB_G7_IMG_20261007_105649,school_b,7,sentence_06_own_english,own_english,latin,data/processed/school_b/SCHB_G7_IMG_20261007_105649/sentence_06_own_english.json,0.22150458625805025,-0.004035827089289907,,2.706168622523819e-15,0.06476581965210002,2.4023579116517255,21.02335324073269,17.004318396663077,0.4680397331188068,2.5897035881435246,1.0818608072079374,2.1597222222222223,0.4069101871938883,0.0,0.5,0.11745780033899325,0.42857142857142855,,0.461341047959918,2.258193760033252,,,,,0.46339501206757844,1.0426387771520516,1.6798069187449718,,1.0,0.0
SCHB_G8_IMG_20261007_104642,school_b,8,sentence_01_copy_hindi,copy_hindi,devanagari,data/processed/school_b/SCHB_G8_IMG_20261007_104642/sentence_01_copy_hindi.json,1.4939852159017335,-0.004018086913507596,,1.0762995433171657e-15,0.24982389120297369,4.713860951281768,22.36980683506883,19.875905082827778,0.29677958860102527,3.428571428571429,1.094425644142754,1.9333333333333333,2.6052745364406262,0.23529411764705882,0.4117647058823529,0.18135825607783035,0.17647058823529413,32.73529411764706,0.6136559877999406,,2.0692128245658994,0.078781141804906,0.9444444444444444,0.00800707986298625,0.34692635423006696,0.5112598904443092,0.8216676810712112,2.5714285714285716,1.0,0.0
SCHB_G8_IMG_20261007_104642,school_b,8,sentence_02_copy_english,copy_english,latin,data/processed/school_b/SCHB_G8_IMG_20261007_104642/sentence_02_copy_english.json,1.1170750917269534,0.0010990020078467005,,0.0,0.3355784158206845,-2.1809242635325643,23.815864673119275,14.88157817966379,0.4103004092973963,2.7970334493718787,1.0787548333404742,1.0576923076923075,2.347863456404004,0.3125,0.375,0.3219780268119045,0.3058823529411765,17.027027027027028,0.40306331040221094,1.9625400879141282,,,,,0.13502596653202537,0.6151182919792267,0.9601846508944026,0.2857142857142857,1.0,0.0
SCHB_G8_IMG_20261007_104642,school_b,8,sentence_03_dictated_hindi,dictated_hindi,devanagari,data/processed/school_b/SCHB_G8_IMG_20261007_104642/sentence_03_dictated_hindi.json,1.9951316377539012,0.009080105540958843,,-1.1584935909132068e-16,0.29639549528724995,11.195084519080021,24.19668674541602,18.73344544318222,0.3663402239985684,4.016464471403813,1.0875031730204208,0.5393939393939395,7.202443761199691,0.5454545454545454,0.22727272727272727,0.2711940978107806,0.17647058823529413,46.714285714285715,0.9115028832261509,,1.9671935206982294,0.08184336634096148,1.0,0.03932068196648467,0.05936675461741425,0.3562005277044855,1.0092348284960422,3.8333333333333335,1.0,0.0
SCHB_G8_IMG_20261007_104642,school_b,8,sentence_04_dictated_english,dictated_english,latin,data/processed/school_b/SCHB_G8_IMG_20261007_104642/sentence_04_dictated_english.json,0.333475876090478,-0.017709736653478973,,2.6756374893466274e-15,0.11099677717420524,7.299230053575804,25.54086836245573,15.127772609848012,0.40430876721973286,2.8755690440060695,1.0807388385624048,2.4749999999999996,0.25752623806024166,0.0,0.75,0.15936301660777433,0.47058823529411764,25.18421052631579,0.5225118604140717,2.6017119616195865,,,,,0.2892263195950831,1.6775126536514822,1.6775126536514822,0.7142857142857143,1.0,0.0
SCHB_G8_IMG_20261007_104901,school_b,8,sentence_01_copy_hindi,copy_hindi,devanagari,data/processed/school_b/SCHB_G8_IMG_20261007_104901/sentence_01_copy_hindi.json,1.7038904969145923,0.014914561947406788,,-1.1032841307212493e-15,0.28442773698281737,7.402730218110685,20.66733430918246,20.441495417680912,0.2597688973544668,3.087520259319287,1.0814453315044006,2.1688888888888886,2.4567337912804748,0.3333333333333333,0.5333333333333333,0.382135170514709,0.1724137931034483,34.61764705882353,0.5829337041225202,,1.820328390352723,0.046414478438109044,0.625,0.0034688809933954828,0.017699115044247787,0.6194690265486725,1.1327433628318584,2.2857142857142856,1.0,1.0
SCHB_G8_IMG_20261007_104901,school_b,8,sentence_02_copy_english,copy_english,latin,data/processed/school_b/SCHB_G8_IMG_20261007_104901/sentence_02_copy_english.json,0.40969019220807007,0.0009418579298727098,,-2.2608177956003187e-15,0.20923014164056591,-4.148468836363757,22.66282151774743,16.004644908357122,0.4414376101020832,2.7682973075464554,1.0809777025098581,1.0477272727272726,2.045278239176518,0.3,0.6,0.5203416879581886,0.5057471264367817,12.986486486486486,0.6716268609165533,1.885120145129754,,,,,0.08759124087591241,2.072992700729927,1.897810218978102,0.14285714285714285,1.0,1.0
SCHB_G8_IMG_20261007_104901,school_b,8,sentence_03_dictated_hindi,own_hindi,devanagari,data/processed/school_b/SCHB_G8_IMG_20261007_104901/sentence_03_dictated_hindi.json,0.25558665290748145,-0.001543946038439158,,-1.3071141391485241e-15,0.05088380098531374,12.330862959080747,24.460358165947245,21.99785925039267,0.31880543368525516,3.708454810495627,1.1013791515284608,25.311111111111114,0.9700773454891439,0.3333333333333333,0.6666666666666666,0.08078317309833517,0.1724137931034483,,,,,,,,0.01829268292682927,0.15548780487804878,0.6859756097560976,,1.0,1.0
SCHB_G8_IMG_20261007_104901,school_b,8,sentence_06_own_english,own_english,latin,data/processed/school_b/SCHB_G8_IMG_20261007_104901/sentence_06_own_english.json,,,,,,-6.725939806202249,18.519899656929443,12.314576701703812,0.3064104790875685,2.4941500344115624,1.071364094665226,,,,,,0.1724137931034483,,,,,,,,0.08187772925764192,0.06550218340611354,0.5813318777292577,,1.0,1.0
SCHB_G8_IMG_20261007_104911,school_b,8,sentence_01_copy_hindi,copy_hindi,devanagari,data/processed/school_b/SCHB_G8_IMG_20261007_104911/sentence_01_copy_hindi.json,0.7466815257048696,-0.007053686845726543,,1.9521421516325668e-15,0.26866327402297174,1.5722096126056722,21.45841948802271,30.307964608446262,0.3176523189423281,3.104838709677418,1.1349564439425064,0.05034324942791763,49.75976094361829,0.5217391304347826,0.13043478260869565,0.35743930012007946,0.4470588235294118,48.411764705882355,0.41056542346614266,,2.257241811831062,0.022603197367995726,1.25,0.0128535816062595,0.5301339285714286,2.396205357142857,2.396205357142857,1.4285714285714286,1.0,0.0
SCHB_G8_IMG_20261007_104911,school_b,8,sentence_02_copy_english,copy_english,latin,data/processed/school_b/SCHB_G8_IMG_20261007_104911/sentence_02_copy_english.json,0.5777671030349999,0.009174114436841805,,1.771730910130979e-15,0.31027543767117943,-4.4310312964567045,21.457478616258886,17.793361857004843,0.4757344505459765,2.73231622746186,1.0775717462648458,0.21818181818181817,4.028032199818886,0.6,0.0,0.43395131689453587,0.5176470588235295,15.5,0.9477314317888389,0.22444817349980495,,,,,0.41904761904761906,2.8023809523809526,2.9857142857142858,0.35714285714285715,1.0,0.0
SCHB_G8_IMG_20261007_104911,school_b,8,sentence_03_dictated_hindi,dictated_hindi,devanagari,data/processed/school_b/SCHB_G8_IMG_20261007_104911/sentence_03_dictated_hindi.json,1.4900005711946243,-0.07285039982396034,0.3017768932607624,-2.9255877000257503e-15,0.22438825241516433,-0.5505075704733111,19.668994442801235,25.365455541185494,0.364531202217061,3.548507462686567,1.0819792207811219,0.16835016835016844,34.044270993810386,0.30303030303030304,0.45454545454545453,0.3623788456192083,0.21176470588235294,109.21428571428571,0.4862966915852215,,2.028940270794392,0.06372799616837388,0.9285714285714286,0.012643488302080053,0.13597733711048157,3.790368271954674,4.28328611898017,0.5,4.0,0.0
SCHB_G8_IMG_20261007_104911,school_b,8,sentence_04_dictated_english,dictated_english,latin,data/processed/school_b/SCHB_G8_IMG_20261007_104911/sentence_04_dictated_english.json,0.43698755073466194,0.012395888427680649,,6.545689916019152e-15,0.16593784114203694,-6.989502428616668,22.38904504312483,16.589536210896142,0.47074125444522186,2.5415676959619953,1.0696190005239041,1.6928571428571428,0.17878691062906105,0.0,0.125,0.3927512357261697,0.4117647058823529,27.105263157894736,0.3528563331019822,1.9152334359307663,,,,,0.25097783572359844,1.4830508474576272,1.6883963494132985,0.7142857142857143,1.0,0.0
SCHB_G8_IMG_20261007_104911,school_b,8,sentence_05_own_hindi,own_hindi,devanagari,data/processed/school_b/SCHB_G8_IMG_20261007_104911/sentence_05_own_hindi.json,2.153308835645043,0.015248249935182784,,8.439830031429315e-15,0.35456280927832473,8.016696079901735,20.766036003264936,21.926767762249856,0.3479839622851888,3.3707865168539324,1.103911481487269,0.6944444444444445,5.7162642600661036,0.4166666666666667,0.3333333333333333,0.3783664814886792,0.17647058823529413,,0.7648998642497109,,2.072460320016355,0.06301575162463377,0.9090909090909091,0.030782396906803212,0.16071428571428573,0.6607142857142857,1.25,,1.0,0.0
SCHB_G8_IMG_20261007_104911,school_b,8,sentence_06_own_english,own_english,latin,data/processed/school_b/SCHB_G8_IMG_20261007_104911/sentence_06_own_english.json,0.6387573290418892,0.007665678980847401,,3.1225022567582528e-15,0.18364998859048376,1.1531095797776114,23.981840753166694,24.07077564616184,0.3905655518042425,3.887895050685749,1.0614621419588917,1.1520000000000001,1.6520262647188715,0.4,0.4,0.46091122388232536,0.29411764705882354,,0.391807530079826,1.4851693670021735,,,,,0.2631578947368421,1.118421052631579,0.9539473684210527,,1.0,0.0
SCHB_G8_IMG_20261007_104920,school_b,8,sentence_01_copy_hindi,copy_hindi,devanagari,data/processed/school_b/SCHB_G8_IMG_20261007_104920/sentence_01_copy_hindi.json,1.8924071109240237,0.0008453771039067035,,-8.881784197001252e-16,0.2927752435696319,11.350740916573551,22.18845525786724,17.592234628940073,0.2762378695592451,2.7223926380368098,1.0815607594565315,0.5565217391304349,7.439860252508938,0.43478260869565216,0.4782608695652174,0.19806549726462166,0.17543859649122806,43.94117647058823,0.5135949569598663,,2.1630314504918946,0.05462053901814713,1.125,0.01758397650237702,0.060553633217993084,0.8477508650519031,1.2802768166089966,0.7142857142857143,1.0,0.0
SCHB_G8_IMG_20261007_104920,school_b,8,sentence_02_copy_english,copy_english,latin,data/processed/school_b/SCHB_G8_IMG_20261007_104920/sentence_02_copy_english.json,,,,,,6.76451386527041,24.353650126958428,12.678941333898287,0.4731458023676875,2.0511708586296606,1.0820282929023493,,,,,,0.36257309941520466,,,,,,,,0.2553865652724968,1.159062103929024,0.982256020278834,0.35714285714285715,1.0,0.0
SCHB_G8_IMG_20261007_104920,school_b,8,sentence_03_dictated_hindi,dictated_hindi,devanagari,data/processed/school_b/SCHB_G8_IMG_20261007_104920/sentence_03_dictated_hindi.json,1.0412016332302918,0.003221376674522743,0.005168989988934296,4.27946644170834e-15,0.18797997665507374,12.124810724251127,22.112222788529795,26.373280114347597,0.2843376890807286,3.796443899448191,1.104266706027619,2.316498316498316,1.3774645490633426,0.2727272727272727,0.6666666666666666,0.37859023743579207,0.21052631578947367,118.0,0.42700912730142443,,2.0934173519639265,0.06685410375276152,2.1538461538461537,0.03545727542527922,0.03515625,3.5859375,3.17578125,0.3333333333333333,3.0,0.0
SCHB_G8_IMG_20261007_104920,school_b,8,sentence_04_dictated_english,dictated_english,latin,data/processed/school_b/SCHB_G8_IMG_20261007_104920/sentence_04_dictated_english.json,,,,,,12.875636353578479,22.000774810916326,16.425908330559107,0.4326575948056574,2.553577915001815,1.0763071915120184,,,,,,0.3157894736842105,,,,,,,,0.11739130434782608,0.20543478260869563,0.1467391304347826,0.5714285714285714,1.0,0.0
SCHB_G8_IMG_20261007_104920,school_b,8,sentence_05_own_hindi,own_hindi,devanagari,data/processed/school_b/SCHB_G8_IMG_20261007_104920/sentence_05_own_hindi.json,1.658726153235578,0.0015736794513006279,,-4.9855952699573436e-15,0.26520559869314125,16.21936591725041,22.565484141998958,20.21511082630894,0.26060433668421445,3.1286210892236386,1.0820886187973369,1.8285714285714285,2.621018392380039,0.5714285714285714,0.42857142857142855,0.2814493103308557,0.17543859649122806,,0.5924405900833959,,1.8899328787053882,0.08165334630790312,1.375,0.032510160554580794,0.020718232044198894,0.7044198895027625,1.0773480662983426,,1.0,0.0
SCHB_G8_IMG_20261007_104920,school_b,8,sentence_06_own_english,own_english,latin,data/processed/school_b/SCHB_G8_IMG_20261007_104920/sentence_06_own_english.json,0.39655785888907946,-0.0038224382714243843,,3.800531318225759e-15,0.09949104264398308,16.000092079797156,23.954917704717126,22.09548354703583,0.3316862605464903,3.4419551934826864,1.0808217112660392,2.3541666666666665,1.7486779405886388,0.3333333333333333,0.6666666666666666,0.48522676858879493,0.2807017543859649,,0.5789224036384527,1.5645060262316872,,,,,0.10333692142088266,1.1883745963401506,0.930032292787944,,1.0,0.0
SCHB_G8_IMG_20261007_104933,school_b,8,sentence_01_copy_hindi,copy_hindi,devanagari,data/processed/school_b/SCHB_G8_IMG_20261007_104933/sentence_01_copy_hindi.json,0.17936325487055363,-0.025793711818347217,,2.3612064684438597e-15,0.07975650641357208,2.7360278590115685,20.069519579555028,29.106176290070266,0.34621989519073,2.636746143057503,1.1163391666538995,1.1535087719298245,0.23594986493845554,0.0,0.0,0.30439090300152244,0.4418604651162791,16.764705882352942,0.359336410974548,,1.223626777603959,0.015098446383155375,0.7142857142857143,9.192828354551647e-05,0.17612977983777522,2.685979142526072,2.5098493626882967,1.0,1.0,0.0
SCHB_G8_IMG_20261007_104933,school_b,8,sentence_02_copy_english,copy_english,latin,data/processed/school_b/SCHB_G8_IMG_20261007_104933/sentence_02_copy_english.json,,,,,,-1.6002565702942506,22.79862495664108,17.918437533323974,0.5338286302477355,2.7544910179640723,1.0792315884127708,,,,,,0.5116279069767442,,,,,,,,0.15042735042735045,2.732763532763533,2.030769230769231,0.21428571428571427,1.0,0.0
SCHB_G8_IMG_20261007_104933,school_b,8,sentence_03_dictated_hindi,own_hindi,devanagari,data/processed/school_b/SCHB_G8_IMG_20261007_104933/sentence_03_dictated_hindi.json,2.2652327437624895,0.007423364229241271,,1.7796222012373835e-15,0.31866975036765405,2.5837378727756617,21.59134222993905,21.374117350945447,0.26353939397500437,3.1845597104945718,1.0985501720182456,0.35416666666666674,12.453481422423165,0.4375,0.4375,0.27337982635199887,0.1744186046511628,,0.2890058724079905,,1.5897570990366354,0.059297949576189134,1.25,0.021439132476939553,0.0625,1.171875,1.21875,,1.0,0.0
SCHB_G8_IMG_20261007_104933,school_b,8,sentence_04_dictated_english,own_english,latin,data/processed/school_b/SCHB_G8_IMG_20261007_104933/sentence_04_dictated_english.json,0.38017251783282885,-0.007444439174481629,,4.4908521346087585e-15,0.14407851863695986,3.4370667701786637,21.981944731170366,19.052366972097943,0.5051329145347274,3.400725764644894,1.0679621420705305,0.9361702127659575,0.3641095406272095,0.0,0.0,0.07588095884832276,0.5465116279069767,,0.9769030756152182,1.9338766668911866,,,,,0.22045028142589118,2.9099437148217633,1.7636022514071295,,1.0,0.0
SCHB_G8_IMG_20261007_104955,school_b,8,sentence_01_copy_hindi,copy_hindi,devanagari,data/processed/school_b/SCHB_G8_IMG_20261007_104955/sentence_01_copy_hindi.json,1.6945764504291017,-0.0013418900140394381,0.004537864205126138,-1.5388017657488382e-16,0.2852831992095636,10.322953762491112,23.172243364839066,25.317172027657353,0.27001277307242333,3.654879773691655,1.0820886187973475,1.5703125,2.763597843830952,0.34375,0.4375,0.26315803505557944,0.19047619047619047,63.5,0.5628782017929437,,1.6180350809240556,0.05765644074616702,1.1176470588235294,0.035191912635108645,0.044137931034482755,1.390344827586207,2.107586206896552,0.5714285714285714,2.0,0.0
SCHB_G8_IMG_20261007_104955,school_b,8,sentence_02_copy_english,copy_english,latin,data/processed/school_b/SCHB_G8_IMG_20261007_104955/sentence_02_copy_english.json,0.5613023533186666,-0.00888721904835476,,-4.73232564246473e-15,0.1407381867225061,3.828451941110444,24.197379591172147,17.076426190988318,0.4005703457560951,2.5150532654006486,1.0781938482059905,2.080808080808081,0.6470893815655934,0.0,0.6666666666666666,0.43204937989385733,0.39285714285714285,5.6891891891891895,0.0878920851356802,1.9447138476126407,,,,,0.1952662721893491,0.3124260355029586,0.5076923076923077,0.35714285714285715,1.0,0.0
SCHB_G8_IMG_20261007_104955,school_b,8,sentence_03_dictated_hindi,own_hindi,devanagari,data/processed/school_b/SCHB_G8_IMG_20261007_104955/sentence_03_dictated_hindi.json,2.296781041219312,-0.003692465438719989,,5.858276826605409e-15,0.344290906447636,5.5886888337102,20.536042145569827,19.06701853503844,0.2919724548108479,3.0949482653682288,1.0872784428663715,0.8285714285714286,7.806844271808736,0.42857142857142855,0.35714285714285715,0.32415192486358374,0.17857142857142858,,0.8643987278611213,,1.864072119598355,0.07211074664191947,0.9285714285714286,0.004827661431772484,0.05703422053231939,0.8098859315589353,0.7300380228136881,,1.0,0.0
SCHB_G8_IMG_20261007_104955,school_b,8,sentence_04_dictated_english,own_english,latin,data/processed/school_b/SCHB_G8_IMG_20261007_104955/sentence_04_dictated_english.json,0.8801455428292011,-0.004372825089315611,,2.2911693909632136e-15,0.1476116577571388,8.635988030336428,24.693765740480423,11.03841737844168,0.23502906625915215,2.2725124084140864,1.0775717462648438,2.316666666666667,1.4162848139237618,0.25,0.4166666666666667,0.16780292944180594,0.17857142857142858,,0.3423649331415021,1.6952138598377824,,,,,0.169045830202855,0.270473328324568,0.6987227648384673,,1.0,0.0
SCHB_G8_IMG_20261007_105009,school_b,8,sentence_01_copy_hindi,copy_hindi,devanagari,data/processed/school_b/SCHB_G8_IMG_20261007_105009/sentence_01_copy_hindi.json,2.4205056006350754,0.04174381771534015,,-1.170780644150165e-15,0.375156199725126,5.451526314178593,21.814970864116837,21.383675291504176,0.29544675690686584,3.0084447572132302,1.0820886187973422,-9.313333333333333,-2.858753383690492,0.5,0.5,0.5954371961386479,0.17857142857142858,72.61764705882354,0.564754789957652,,2.2115248141174315,0.062432150503770524,1.7272727272727273,0.01505972882019623,0.15463917525773196,1.0272459499263624,0.938880706921944,0.42857142857142855,1.0,0.0
SCHB_G8_IMG_20261007_105009,school_b,8,sentence_02_copy_english,copy_english,latin,data/processed/school_b/SCHB_G8_IMG_20261007_105009/sentence_02_copy_english.json,0.7343808571364647,0.0691997334174053,,5.065392549852277e-16,0.08819868258749913,1.4034195680584645,26.715397075195078,9.376582199869508,0.29972242048865305,2.009659090909091,1.0820886187973437,-14.755555555555555,-2.4168111434714987,0.3333333333333333,0.6666666666666666,0.45542003404264886,0.17857142857142858,13.432432432432432,0.40996596193719537,10.124003347870138,,,,,0.2591973244147157,0.10033444816053512,0.1505016722408027,0.14285714285714285,1.0,0.0
SCHB_G8_IMG_20261007_105009,school_b,8,sentence_05_own_hindi,own_hindi,devanagari,data/processed/school_b/SCHB_G8_IMG_20261007_105009/sentence_05_own_hindi.json,2.2539126419466853,-0.0004817266355233114,,-4.551914400963141e-16,0.3397335911036276,11.709023054364426,22.58685259974457,19.850860078746344,0.27186451531809686,3.0848861283643894,1.0807932383184948,0.8857142857142856,5.633254606250602,0.5,0.2857142857142857,0.2720036681884881,0.17857142857142858,,0.4592303432911746,,1.517832673041297,0.07013418182434922,1.2666666666666666,0.008814996939721592,0.07122507122507123,0.8974358974358974,1.0968660968660968,,1.0,0.0
SCHB_G8_IMG_20261007_105009,school_b,8,sentence_06_own_english,own_english,latin,data/processed/school_b/SCHB_G8_IMG_20261007_105009/sentence_06_own_english.json,0.3766680365907399,-0.002925820675057579,,0.0,0.17623761199418414,9.304630300543929,24.7745783122255,14.032474594633152,0.48688292766857405,2.052586938083121,1.0820886187973435,1.2218749999999998,1.041409398565316,0.5,0.5,0.26275857908890954,0.47619047619047616,,0.289831560452098,1.504527558487457,,,,,0.5128205128205129,1.4423076923076923,1.4423076923076923,,1.0,0.0
SCHB_G8_IMG_20261007_105028,school_b,8,sentence_01_copy_hindi,copy_hindi,devanagari,data/processed/school_b/SCHB_G8_IMG_20261007_105028/sentence_01_copy_hindi.json,1.7176020628344384,-0.014514897811257067,,6.314393452555578e-16,0.29184595586641543,9.524983340145397,20.583939749507834,21.39963824628534,0.283738036303381,3.408203125,1.0996112622458547,1.4622222222222223,1.9278350194225455,0.4,0.5333333333333333,0.31881587085328367,0.17647058823529413,27.029411764705884,0.19307797103292337,,1.6342058780491433,0.0645857759597565,1.4,0.011166142189308765,0.046948356807511735,0.8098591549295774,1.068075117370892,2.2857142857142856,1.0,0.0
SCHB_G8_IMG_20261007_105028,school_b,8,sentence_02_copy_english,copy_english,latin,data/processed/school_b/SCHB_G8_IMG_20261007_105028/sentence_02_copy_english.json,0.5665686554317964,-0.03581664465490748,,4.1772141301521515e-15,0.23451898484972677,3.3948281744738367,22.3859976551445,16.357523769642697,0.45095727276556014,2.6204008375710415,1.0726236061702894,1.3639455782312926,0.30680749797148155,0.0,0.0,0.32706486905723847,0.49411764705882355,17.14864864864865,0.5041415902393456,1.325979956292265,,,,,0.09882352941176471,2.791764705882353,2.0752941176470587,0.5714285714285714,1.0,0.0
SCHB_G8_IMG_20261007_105028,school_b,8,sentence_03_dictated_hindi,own_hindi,devanagari,data/processed/school_b/SCHB_G8_IMG_20261007_105028/sentence_03_dictated_hindi.json,0.8009566900572891,0.03191447896839956,,-7.533656238527848e-16,0.3619164981512284,12.68338840840182,20.8234646591783,24.447975971716783,0.31025280537118527,2.496194824961948,1.1410662188096568,0.1553254437869822,11.552768938380666,0.6153846153846154,0.07692307692307693,0.36057695903507414,0.611764705882353,,0.7746348468769736,,1.8430688641556183,0.02075421677402211,0.8461538461538461,0.005787329099456003,0.30618253189401373,2.0922473012757603,3.1638861629048085,,1.0,0.0
SCHB_G8_IMG_20261007_105028,school_b,8,sentence_04_dictated_english,own_english,latin,data/processed/school_b/SCHB_G8_IMG_20261007_105028/sentence_04_dictated_english.json,0.019077237563546044,-0.0001351028138877937,,5.015573460026568e-15,0.008877573154314766,3.1436039752872307,22.471891796075955,15.602065595939896,0.5627802264506195,2.6440375167485493,1.071108442255127,1.11969111969112,1.0479733380771907,0.42857142857142855,0.14285714285714285,0.39726298065029114,0.43529411764705883,,0.4886449088847284,2.020472301657973,,,,,0.21553398058252426,2.586407766990291,1.9757281553398058,,1.0,0.0
SCHB_G8_IMG_20261007_105048,school_b,8,sentence_01_copy_hindi,copy_hindi,devanagari,data/processed/school_b/SCHB_G8_IMG_20261007_105048/sentence_01_copy_hindi.json,1.5365709889873087,0.0009397625445063595,,-7.401486830834377e-17,0.25343372725180774,9.455218929213983,20.504988539496576,20.73510257094031,0.2787018788025181,3.1827411167512687,1.082088618797342,-1.309803921568628,-9.436932921523114,0.4117647058823529,0.47058823529411764,0.2915828593165117,0.17857142857142858,50.529411764705884,0.5731555744455756,,1.8965833199156243,0.0564814863574739,1.0,0.00939873702956943,0.051089918256130795,0.6130790190735695,0.899182561307902,0.42857142857142855,1.0,0.0
SCHB_G8_IMG_20261007_105048,school_b,8,sentence_02_copy_english,copy_english,latin,data/processed/school_b/SCHB_G8_IMG_20261007_105048/sentence_02_copy_english.json,0.5355942437264603,-0.001921252594211667,,2.127266616826416e-15,0.1573098427336765,0.5297697684274466,21.10835507768046,17.93396538379776,0.4614008066760689,2.7588018917498687,1.0796825920163053,2.5666666666666664,0.11931100340629457,0.0,1.0,0.35692475274334173,0.35714285714285715,17.472972972972972,0.8247903753140063,1.4103223748072546,,,,,0.08112493239588967,1.4115738236884803,1.1519740400216334,0.14285714285714285,1.0,0.0
SCHB_G8_IMG_20261007_105048,school_b,8,sentence_03_dictated_hindi,own_hindi,devanagari,data/processed/school_b/SCHB_G8_IMG_20261007_105048/sentence_03_dictated_hindi.json,2.030488359674156,-0.004913429900258101,,-1.9743466121250702e-15,0.2708285511265112,9.481473928827137,21.28573117956199,21.24307110994885,0.3611828052599351,2.922279792746114,1.0847285391999144,1.1857142857142855,5.117496085602151,0.42857142857142855,0.5714285714285714,0.27302178314525144,0.17857142857142858,,0.5752034568659734,,1.6277798900637181,0.05804729869310727,1.0714285714285714,0.05042211583150495,0.04237288135593221,0.5649717514124294,1.0169491525423728,,1.0,0.0
SCHB_G8_IMG_20261007_105048,school_b,8,sentence_04_dictated_english,own_english,latin,data/processed/school_b/SCHB_G8_IMG_20261007_105048/sentence_04_dictated_english.json,0.8207932547422324,0.018198651762846015,,-4.871103520542874e-15,0.15721368229476865,3.1210188881918435,21.518052992951883,20.338119823666258,0.3833020789667354,2.8914057295136577,1.073037677423331,2.8285714285714287,0.3138365036425871,0.0,0.75,0.318006398608706,0.4166666666666667,,0.7860990902160665,1.9220108887867149,,,,,0.15047291487532244,1.2037833190025795,1.5047291487532244,,1.0,0.0
SCHB_G8_IMG_20261007_105106,school_b,8,sentence_01_copy_hindi,copy_hindi,devanagari,data/processed/school_b/SCHB_G8_IMG_20261007_105106/sentence_01_copy_hindi.json,0.5828710033622867,0.011140517724702564,0.019484314951675963,-9.173217740965355e-16,0.31098714764982394,9.883975098677105,22.812355203271117,25.670117216732486,0.3012695197584897,2.2983870967741935,1.1090297514499883,-1.077546296296296,-5.677265698764946,0.6111111111111112,0.2777777777777778,0.45919027264881773,0.5714285714285714,75.26470588235294,0.6383970919776615,,1.647398312464483,0.018494531011945488,0.8,0.020664509419860318,0.4948453608247423,2.1168384879725086,1.8144329896907216,2.857142857142857,2.0,0.0
SCHB_G8_IMG_20261007_105106,school_b,8,sentence_02_copy_english,copy_english,latin,data/processed/school_b/SCHB_G8_IMG_20261007_105106/sentence_02_copy_english.json,0.10120373486992808,0.009259362163161236,,-2.3696322681843185e-15,0.0528652413253726,9.285588691556914,21.03279690572063,14.291785103109284,0.5008135263596724,3.1492439184746903,1.0790235191051614,3.9298245614035086,0.07615500941621427,0.0,1.0,0.5303521861595768,0.4523809523809524,17.66216216216216,0.7052640527519396,2.1286497260874944,,,,,0.12520593080724876,1.3772652388797364,1.6068094453596926,0.21428571428571427,1.0,0.0
SCHB_G8_IMG_20261007_105106,school_b,8,sentence_05_own_hindi,own_hindi,devanagari,data/processed/school_b/SCHB_G8_IMG_20261007_105106/sentence_05_own_hindi.json,0.4416146402995375,-0.009489784526068997,,-3.382710778154774e-15,0.07367551850800913,13.463111543070399,22.24309106687229,20.250418541070562,0.301474246718027,3.846637335009428,1.0933016298896086,0.7333333333333343,28.367278320960594,0.3333333333333333,0.6666666666666666,0.33463288342102104,0.17857142857142858,,,,1.1911827835673712,0.04478844183459209,0.25,0.0006958516257940126,0.03361344537815126,0.48739495798319327,0.5714285714285714,,1.0,0.0
SCHB_G8_IMG_20261007_105106,school_b,8,sentence_06_own_english,own_english,latin,data/processed/school_b/SCHB_G8_IMG_20261007_105106/sentence_06_own_english.json,0.37856045319172743,-0.032750506886191626,,-4.963622105928304e-15,0.16562578290183677,9.316135634832603,21.38461098451302,15.807938787783295,0.4541320257716236,3.2226187208344768,1.0709720435764711,2.765714285714286,1.4018484655192478,0.2,0.6,0.3579856800636402,0.4166666666666667,,0.7916996272074954,2.3721373503965903,,,,,0.15444015444015444,0.8494208494208495,1.1583011583011584,,1.0,0.0
SCHB_G8_IMG_20261007_105120,school_b,8,sentence_01_copy_hindi,copy_hindi,devanagari,data/processed/school_b/SCHB_G8_IMG_20261007_105120/sentence_01_copy_hindi.json,1.4740760917964717,0.004699581437640212,,1.8193779816044752e-15,0.23348349035955315,6.998606693077555,24.78330008744021,18.767113078217886,0.25197534775830405,3.0709736123748863,1.0789896707552538,1.1824561403508775,4.191567590654191,0.42105263157894735,0.3684210526315789,0.2206398305857778,0.17857142857142858,40.44117647058823,0.45458855556364713,,1.847960900369566,0.06355470747082163,0.55,0.010237824939711622,0.025832376578645233,0.6630309988518943,0.6974741676234213,2.857142857142857,1.0,0.0
SCHB_G8_IMG_20261007_105120,school_b,8,sentence_02_copy_english,copy_english,latin,data/processed/school_b/SCHB_G8_IMG_20261007_105120/sentence_02_copy_english.json,0.4890198292214638,-0.0019475639296373762,,-1.5130643651575485e-16,0.16137871451728808,4.642916838423543,22.27001056706985,11.948166724734866,0.505989851627322,2.240480328645915,1.0695661597411052,2.23046875,0.4274558163521205,0.125,0.75,0.39158641556877116,0.38095238095238093,16.0,0.630963754147817,1.8446932729650405,,,,,0.2440087145969499,1.2026143790849673,1.1328976034858387,0.2857142857142857,1.0,0.0
SCHB_G8_IMG_20261007_105120,school_b,8,sentence_03_dictated_hindi,own_hindi,devanagari,data/processed/school_b/SCHB_G8_IMG_20261007_105120/sentence_03_dictated_hindi.json,2.0090247540903245,0.5172880173047547,0.7058416615389848,4.246603069191224e-15,0.2763950972307957,8.913690493893501,21.12480489264739,18.598274728421703,0.3194324838806319,3.136128661688685,1.0805306390767555,0.7933333333333334,5.581815189231684,0.45,0.4,0.262819707463272,0.17857142857142858,,0.35937434537121166,,2.035035610493396,0.06288334146586379,1.05,0.024161949381951035,0.06264916467780429,0.6712410501193318,0.9755369928400954,,2.0,0.0
SCHB_G8_IMG_20261007_105120,school_b,8,sentence_04_dictated_english,own_english,latin,data/processed/school_b/SCHB_G8_IMG_20261007_105120/sentence_04_dictated_english.json,0.538797603826639,-0.02197653263021278,,3.380976054678797e-15,0.17883363946988115,4.024436948068292,22.31909490217382,16.575789481262557,0.4586366100444452,2.8883374689826304,1.0756936535592772,2.185714285714286,0.504257296560319,0.14285714285714285,0.7142857142857143,0.4228656448960693,0.35714285714285715,,0.7057729760411089,1.9485248182322996,,,,,0.1079136690647482,1.2589928057553956,1.5467625899280575,,1.0,0.0
